UKREIS,UJAHR,UMONAT,UTAG,USTUNDE,UWOCHENTAG,UKATEGORIE,UART,UTYP,LICHT,USTRZUSTAND,IstRad,IstPKW,IstFuss,IstKrad,IstGkfz,IstSonstige,@lon,@lat
11,19,7,4,19,5,3,5,3,0,0,1,0,0,0,0,1,12.921826,50.840922
11,19,7,5,5,6,2,5,2,0,0,1,1,0,0,0,0,12.883319,50.816961
11,19,7,5,17,6,3,5,3,0,0,1,1,0,0,0,0,12.899997,50.824734
11,19,7,6,14,7,2,6,7,0,0,1,0,1,0,0,0,12.891323,50.795102
11,19,7,7,17,1,2,8,1,0,0,1,0,0,0,0,0,12.915773,50.873892
11,19,8,1,5,5,3,5,3,0,0,1,1,0,0,0,0,12.923741,50.835226
11,19,8,1,10,5,3,8,7,0,0,1,0,0,0,0,0,12.970388,50.806536
11,19,8,1,11,5,3,5,3,0,0,1,1,0,0,0,0,12.874805,50.841311
11,19,8,1,12,5,3,5,2,0,0,1,1,0,0,0,0,12.889745,50.795032
11,19,8,1,14,5,3,6,4,0,0,1,0,1,0,0,0,12.921586,50.83118
11,19,8,1,15,5,3,2,2,0,0,1,1,0,0,0,0,12.865328,50.83545
11,19,8,1,16,5,3,1,6,0,0,1,1,0,0,0,0,12.950968,50.839692
11,19,8,1,19,5,3,5,3,0,0,1,1,0,0,0,0,12.957064,50.831619
11,19,8,2,7,6,3,0,2,0,0,1,0,0,0,0,1,12.926642,50.845713
11,19,8,2,10,6,3,5,3,0,0,1,1,0,0,0,0,12.873768,50.856976
11,19,8,2,11,6,3,3,6,0,0,1,1,0,0,0,0,12.912779,50.802984
11,19,8,2,16,6,2,1,5,0,0,1,1,0,0,0,0,12.897833,50.791157
11,19,8,2,16,6,3,5,3,0,0,1,1,0,0,0,0,12.90311,50.825377
11,19,8,3,10,7,2,3,6,0,0,1,1,0,0,0,0,12.816341,50.840638
11,19,8,3,14,7,2,0,1,0,0,1,0,0,0,0,0,12.892842,50.766536
11,19,8,3,19,7,3,0,1,1,0,1,0,0,0,0,0,12.924228,50.835063
11,19,8,4,7,1,3,0,1,0,1,1,0,0,0,0,0,12.943196,50.79448
11,19,8,4,22,1,2,8,1,2,1,1,0,0,0,0,0,12.915148,50.829072
11,19,8,5,5,2,3,0,3,0,0,1,1,0,0,0,0,12.943055,50.830907
11,19,8,5,7,2,3,2,6,0,0,1,1,0,0,0,0,12.939254,50.8516
11,19,8,5,10,2,3,5,2,0,0,1,1,0,0,0,0,12.901054,50.816478
11,19,8,5,12,2,3,1,5,0,0,1,1,0,0,0,0,12.939035,50.827429
11,19,8,5,13,2,2,4,2,0,0,1,1,0,0,0,0,12.909051,50.839999
11,19,8,6,10,3,2,5,3,0,0,1,1,0,0,0,0,12.927452,50.833357
11,19,8,6,10,3,3,5,2,0,0,1,1,0,0,0,0,12.93619,50.845314
11,19,8,6,18,3,3,0,7,0,0,1,0,0,0,0,0,12.887593,50.81861
11,19,8,6,18,3,3,5,3,0,0,1,1,0,0,0,0,12.903094,50.825349
11,19,8,7,15,4,3,8,7,0,0,1,0,0,0,0,0,12.835828,50.83161
11,19,8,7,15,4,3,5,3,0,0,1,1,0,0,0,0,12.891335,50.83588
11,19,8,7,15,4,3,0,1,0,0,1,0,0,0,0,0,12.928612,50.837478
11,19,8,7,17,4,3,0,3,0,0,1,1,0,0,0,0,12.824053,50.862666
11,19,9,2,7,2,2,3,2,0,0,1,1,0,0,0,0,12.901054,50.816479
11,19,9,2,9,2,3,5,3,0,0,1,0,0,0,0,0,12.914997,50.840072
11,19,9,2,19,2,2,0,7,2,0,1,0,0,0,0,0,12.978712,50.804635
11,19,9,3,7,3,3,6,7,0,1,1,0,1,0,0,0,12.901127,50.834534
11,19,9,3,8,3,3,5,2,0,0,1,1,0,0,0,0,12.909352,50.830824
11,19,9,3,11,3,2,5,3,0,0,1,1,0,0,0,0,12.915903,50.835021
11,19,9,3,14,3,3,0,3,0,0,1,1,0,0,0,0,12.885377,50.794771
11,19,9,3,16,3,3,0,7,0,0,1,0,0,0,0,0,12.958118,50.830588
11,19,9,4,15,4,3,5,3,0,0,1,1,0,0,0,0,12.900799,50.847336
11,19,9,4,16,4,2,5,3,0,0,1,1,0,0,0,0,12.915867,50.796123
11,19,9,4,16,4,3,5,3,0,0,1,1,0,0,0,0,12.932737,50.845943
11,19,9,4,21,4,3,8,1,2,0,1,0,0,0,0,0,12.909654,50.819833
11,19,9,5,3,5,3,0,7,2,0,1,0,0,0,0,0,12.903126,50.829381
11,19,9,5,7,5,3,5,3,0,0,1,1,0,0,0,0,12.919525,50.823303
11,19,9,5,15,5,3,5,3,0,0,1,0,0,0,0,0,12.932563,50.840167
11,19,9,6,7,6,2,0,7,0,1,1,0,0,0,0,0,12.956287,50.805316
11,19,9,6,8,6,2,5,3,0,0,1,1,0,0,0,0,12.922509,50.84541
11,19,9,6,13,6,3,3,6,0,1,1,0,0,0,0,0,12.877033,50.829404
11,19,9,6,13,6,3,5,3,0,0,1,1,0,0,0,0,12.92313,50.859883
11,19,9,6,18,6,2,0,7,0,0,1,0,0,0,0,0,12.867311,50.881093
11,19,9,7,15,7,3,0,7,0,1,1,0,0,0,0,0,12.877636,50.887231
11,19,10,1,13,3,3,5,3,0,0,1,1,0,0,0,0,12.858963,50.803861
11,19,10,1,13,3,3,5,3,0,0,1,0,0,0,0,1,12.893353,50.846676
11,19,10,1,14,3,3,6,7,0,0,1,0,1,0,0,0,12.922241,50.835982
11,19,10,1,15,3,3,5,3,0,0,1,1,0,0,0,0,12.927381,50.828606
11,19,10,1,17,3,3,6,2,1,0,1,0,1,0,0,0,12.923615,50.828967
11,19,10,2,7,4,3,0,1,0,0,1,0,0,0,0,0,12.930487,50.834333
11,19,10,2,16,4,3,5,2,0,0,1,1,0,0,0,0,12.923734,50.83523
11,19,10,2,17,4,3,5,2,0,0,1,1,0,0,0,0,12.889817,50.79503
11,19,10,2,17,4,3,1,5,1,0,1,1,0,0,0,0,12.940438,50.775584
11,19,10,3,8,5,3,5,3,0,1,1,1,0,0,0,0,12.92339,50.847873
11,19,10,3,12,5,3,5,3,0,0,1,1,0,0,0,0,12.944192,50.848567
11,19,10,3,15,5,3,5,2,0,1,1,1,0,0,0,0,12.926426,50.83391
11,19,10,4,11,6,2,5,3,0,0,1,1,0,0,0,0,12.950203,50.831518
11,19,10,4,16,6,3,0,7,1,1,1,0,0,0,0,0,12.923021,50.834427
11,19,10,4,17,6,2,4,2,0,0,1,1,0,0,0,0,12.943207,50.831384
11,19,10,5,14,7,3,3,2,0,1,1,1,0,0,0,0,12.901052,50.816477
11,19,10,5,19,7,3,0,7,2,0,1,1,0,0,0,0,12.939318,50.820867
11,19,10,6,16,1,3,7,1,0,0,1,0,0,0,0,0,12.915366,50.831723
11,19,10,7,11,2,3,3,2,0,0,1,1,0,0,0,0,12.901044,50.816472
11,19,10,7,11,2,3,5,2,0,0,1,1,0,0,0,0,12.92654,50.833817
11,19,10,7,18,2,3,5,2,1,0,1,1,0,0,0,0,12.899478,50.83975
11,19,11,1,7,6,3,5,2,0,0,1,1,0,0,0,0,12.932075,50.847974
11,19,11,1,11,6,1,4,1,0,1,1,1,0,0,0,0,12.903626,50.822939
11,19,11,1,13,6,3,5,2,0,0,1,1,0,0,0,0,12.933124,50.82422
11,19,11,1,16,6,2,3,6,1,0,1,0,0,0,1,0,12.925762,50.786231
11,19,11,1,17,6,3,0,7,2,1,1,0,0,0,0,0,12.916571,50.803644
11,19,11,1,20,6,3,5,2,2,1,1,1,0,0,0,0,12.920597,50.836823
11,19,11,2,13,7,3,0,7,0,0,1,0,1,0,0,0,12.919404,50.830101
11,19,11,2,15,7,2,5,3,0,1,1,1,0,0,0,0,12.92819,50.848978
11,19,11,3,12,1,3,2,6,0,0,1,1,0,0,0,0,12.904841,50.826168
11,19,11,4,8,2,3,5,2,0,0,1,0,0,0,0,1,12.891333,50.835883
11,19,11,4,12,2,3,5,2,0,0,1,1,0,0,0,0,12.913437,50.858873
11,19,11,4,16,2,2,5,3,2,1,1,1,0,0,0,0,12.923924,50.835075
11,19,11,4,19,2,2,0,7,2,0,1,0,0,0,0,0,12.914757,50.827724
11,19,11,7,6,5,2,5,3,2,0,1,1,0,0,0,0,12.853027,50.7996
11,19,11,7,8,5,3,2,6,0,0,1,0,0,0,0,1,12.928748,50.837461
11,19,11,7,16,5,3,3,2,1,0,1,1,0,0,0,0,12.927798,50.834965
11,19,12,1,15,1,3,8,7,0,0,1,0,0,0,0,0,12.852827,50.881451
11,19,12,1,15,1,3,8,7,0,1,1,0,0,0,0,0,13.032541,50.801904
11,19,12,2,11,2,3,5,3,0,0,1,1,0,0,0,0,12.911865,50.824217
11,19,12,2,15,2,3,5,3,0,0,1,1,0,0,0,0,12.957702,50.813198
11,19,12,3,15,3,3,6,7,0,0,1,0,1,0,0,0,12.923948,50.835035
11,19,12,3,16,3,3,4,2,2,0,1,1,0,0,0,0,12.890848,50.807578
11,19,12,4,7,4,2,4,2,1,0,1,1,0,0,0,0,12.943053,50.830907
11,19,12,4,9,4,3,5,3,0,0,1,0,0,0,0,1,12.896399,50.823158
11,19,12,4,17,4,2,5,3,2,0,1,1,0,0,0,0,12.902861,50.78811
11,19,12,5,9,5,2,0,1,0,2,1,0,0,0,0,0,12.816946,50.818213
11,19,12,5,10,5,2,0,7,0,1,1,0,0,0,0,0,12.886526,50.813551
11,19,12,6,11,6,3,2,6,0,0,1,1,0,0,0,0,12.807323,50.805457
11,19,12,6,18,6,3,5,2,2,0,1,1,0,0,0,0,12.939917,50.829511
11,19,12,6,19,6,3,4,2,2,1,1,1,0,0,0,0,12.875385,50.832788
11,20,1,2,12,5,3,5,2,0,0,1,1,0,0,0,0,12.942787,50.841531
11,20,1,3,2,6,3,0,1,2,1,1,0,0,0,0,0,12.929213,50.818161
11,20,1,3,22,6,3,4,6,2,1,1,0,0,0,0,0,12.892277,50.819455
11,20,1,4,17,7,2,5,3,2,1,1,1,0,0,0,0,12.924782,50.832521
11,20,1,6,6,2,3,1,7,2,1,1,1,0,0,0,0,12.911901,50.798689
11,20,1,7,6,3,3,5,3,2,0,1,1,0,0,0,0,12.877104,50.836172
11,20,1,9,15,5,3,8,1,0,0,1,0,0,0,0,0,12.898929,50.840456
11,20,1,11,6,7,3,2,2,2,1,1,1,0,0,0,0,12.875973,50.788584
11,20,1,11,19,7,3,0,1,2,0,1,0,0,0,0,0,12.881048,50.833648
11,20,1,14,7,3,3,5,2,1,0,1,1,0,0,0,0,12.901067,50.816725
11,20,1,14,19,3,3,5,3,2,0,1,1,0,0,0,0,12.941788,50.844979
11,20,1,15,14,4,3,4,5,0,0,1,1,0,0,0,0,12.891507,50.800987
11,20,1,24,15,6,2,5,3,0,0,1,1,0,0,0,0,12.926615,50.850088
11,20,1,27,16,2,3,5,3,0,0,1,0,0,0,0,0,12.929427,50.840462
11,20,1,28,13,3,3,5,3,0,1,1,1,0,0,0,0,12.901078,50.816493
11,20,2,6,17,5,2,5,3,2,0,1,1,0,0,0,0,12.928437,50.836184
11,20,2,7,12,6,3,0,1,0,1,1,0,0,0,0,0,12.922026,50.833679
11,20,2,10,15,2,3,5,3,0,0,1,1,0,0,0,0,12.929182,50.85151
11,20,2,16,15,1,3,0,7,0,0,1,0,0,0,0,0,12.942584,50.813565
11,20,2,24,3,2,3,0,7,2,1,1,1,0,0,0,0,12.919261,50.847339
11,20,2,29,13,7,3,5,3,0,0,1,1,0,0,0,0,12.754859,50.821566
11,20,3,3,12,3,3,5,3,0,1,1,1,0,0,0,0,12.958767,50.821927
11,20,3,4,8,4,3,4,2,0,0,1,1,0,0,0,0,12.91654,50.845038
11,20,3,4,18,4,3,5,3,2,0,1,1,0,0,0,0,12.908435,50.841161
11,20,3,5,11,5,3,3,6,0,0,1,0,0,0,1,0,12.833495,50.825057
11,20,3,6,13,6,3,5,2,0,1,1,0,0,0,0,0,12.830936,50.819265
11,20,3,16,15,2,3,0,7,0,0,1,0,0,0,0,0,12.919133,50.829898
11,20,3,17,10,3,3,3,2,0,0,1,0,0,0,1,0,12.926593,50.833859
11,20,3,18,6,4,3,5,3,0,0,1,1,0,0,0,0,12.922571,50.825329
11,20,3,19,15,5,3,0,1,0,0,1,0,0,0,0,0,12.922889,50.847184
11,20,3,19,18,5,3,4,2,1,0,1,1,0,0,0,0,12.934768,50.838516
11,20,3,26,6,5,3,5,3,0,0,1,0,0,0,1,0,12.854467,50.86602
11,20,3,26,18,5,2,8,7,0,0,1,0,0,0,0,0,12.936456,50.807699
11,20,3,28,7,7,2,8,1,0,0,1,0,0,0,0,0,12.905142,50.768636
11,20,3,30,12,2,2,5,3,0,0,1,1,0,0,0,0,12.902316,50.788687
11,20,3,31,5,3,2,5,3,1,1,1,1,0,0,0,0,12.95581,50.835964
11,20,4,5,14,1,3,4,2,0,0,1,1,0,0,0,0,12.879046,50.833561
11,20,4,6,20,2,2,5,3,2,0,1,1,0,0,0,0,12.896129,50.797331
11,20,4,7,9,3,2,0,7,0,0,1,1,0,0,0,0,12.867298,50.881088
11,20,4,15,15,4,3,5,3,0,0,1,0,0,0,0,1,12.915556,50.819836
11,20,4,16,15,5,2,8,1,0,0,1,0,0,0,0,0,12.991256,50.833889
11,20,4,17,11,6,2,5,3,0,0,1,1,0,0,0,0,12.956798,50.821932
11,20,4,19,18,1,3,1,5,0,0,1,1,0,0,0,0,12.866618,50.833039
11,20,4,20,13,2,3,5,3,0,0,1,1,0,0,0,0,12.952036,50.839463
11,20,4,20,17,2,2,3,7,0,0,1,0,0,0,0,0,12.880225,50.805383
11,20,4,22,10,4,3,0,7,0,0,1,0,1,0,0,0,12.909907,50.838466
11,20,4,22,18,4,2,1,5,0,0,1,1,0,0,0,0,12.874341,50.888564
11,20,4,23,9,5,3,0,2,0,0,1,1,0,0,0,0,12.926493,50.838647
11,20,4,26,13,1,2,0,1,0,0,1,0,0,0,0,0,12.801926,50.801199
11,20,4,27,15,2,2,0,7,0,0,1,0,0,0,0,0,12.942627,50.882492
11,20,4,28,13,3,3,5,3,0,0,1,1,0,0,0,0,12.873606,50.832666
11,20,4,28,18,3,3,5,3,0,0,1,0,0,0,0,0,12.93675,50.816194
11,20,4,29,7,4,2,4,2,0,0,1,1,0,0,0,0,12.933783,50.836707
11,20,5,1,1,6,3,0,1,2,0,1,0,0,0,0,0,12.9236,50.860166
11,20,5,5,8,3,3,0,1,0,0,1,0,0,0,0,0,12.926443,50.791806
11,20,5,9,8,7,3,0,7,0,0,1,0,0,0,0,1,12.837542,50.826859
11,20,5,10,9,1,3,0,1,0,0,1,0,0,0,0,0,12.904471,50.866256
11,20,5,12,9,3,3,5,2,0,0,1,1,0,0,0,0,12.904121,50.825653
11,20,5,12,15,3,3,3,2,0,0,1,1,0,0,0,0,12.882571,50.816705
11,20,5,13,10,4,3,5,2,0,0,1,1,0,0,0,0,12.8916,50.794071
11,20,5,13,21,4,3,0,1,2,0,1,0,0,0,0,0,12.927074,50.824797
11,20,5,15,11,6,3,5,3,0,0,1,1,0,0,0,0,12.919573,50.823352
11,20,5,18,16,2,3,5,3,0,0,1,1,0,0,0,0,12.899389,50.770801
11,20,5,19,10,3,2,1,5,0,0,1,0,0,0,0,1,12.926533,50.878866
11,20,5,19,14,3,3,4,5,0,0,1,1,0,0,0,0,12.865764,50.878363
11,20,5,19,18,3,2,0,1,0,0,1,0,0,0,0,0,12.949966,50.810234
11,20,5,21,11,5,2,0,1,0,0,1,0,0,0,0,0,12.909769,50.837747
11,20,5,21,16,5,3,0,1,0,0,1,0,0,0,0,0,12.956564,50.864342
11,20,5,21,21,5,2,1,5,1,0,1,1,0,0,0,0,12.970169,50.806707
11,20,5,21,22,5,2,8,1,2,0,1,0,0,0,0,0,12.902217,50.825346
11,20,5,21,23,5,3,0,1,2,0,1,0,0,0,0,0,12.922814,50.830189
11,20,5,25,17,2,2,0,2,0,0,1,1,0,0,0,0,12.895243,50.791529
11,20,5,27,5,4,3,8,1,1,1,1,0,0,0,0,0,12.983538,50.832389
11,20,5,27,11,4,3,0,7,0,0,1,0,0,0,0,0,12.923628,50.829013
11,20,5,27,13,4,3,5,2,0,0,1,1,0,0,0,0,12.87688,50.8198
11,20,5,28,13,5,3,0,3,0,0,1,0,0,0,0,1,12.912498,50.827932
11,20,6,1,14,2,3,3,6,0,0,1,1,0,0,0,0,12.817121,50.816889
11,20,6,2,16,3,2,0,1,0,0,1,0,0,0,0,0,12.885555,50.839281
11,20,6,3,7,4,3,5,3,0,0,1,1,0,0,0,0,12.932719,50.845947
11,20,6,3,13,4,3,6,7,0,0,1,0,1,0,0,0,12.915923,50.829468
11,20,6,3,13,4,2,0,1,0,0,1,0,0,0,0,0,12.965124,50.87292
11,20,6,3,17,4,3,5,3,0,0,1,1,0,0,0,0,12.912364,50.828066
11,20,6,4,7,5,3,5,3,0,0,1,1,0,0,0,0,12.954932,50.830953
11,20,6,8,9,2,3,5,3,0,0,1,0,0,0,0,1,12.914972,50.828032
11,20,6,9,8,3,3,0,7,0,0,1,0,0,0,0,1,12.900729,50.82548
11,20,6,10,14,4,3,2,6,0,1,1,1,0,0,0,0,12.885794,50.843411
11,20,6,10,15,4,3,3,5,0,1,1,1,0,0,0,0,12.789765,50.812513
11,20,6,12,10,6,3,4,2,0,0,1,1,0,0,0,0,12.907263,50.863554
11,20,6,16,18,3,2,0,7,0,0,1,0,0,0,0,0,13.010021,50.833336
11,20,6,17,8,4,3,5,2,0,0,1,0,0,0,0,1,12.926471,50.829849
11,20,6,17,20,4,3,5,3,0,0,1,1,0,0,0,0,12.914948,50.836452
11,20,6,19,17,6,3,0,1,0,0,1,0,0,0,0,0,12.909771,50.837672
11,20,6,21,11,1,2,0,1,0,0,1,0,0,0,0,0,12.915003,50.836919
11,20,6,24,6,4,3,5,3,0,0,1,1,0,0,0,0,12.9133,50.843636
11,20,6,24,13,4,3,6,7,0,0,1,0,1,0,0,0,12.930702,50.836086
11,20,6,24,14,4,3,2,2,0,0,1,1,0,0,0,0,12.799383,50.799556
11,20,6,25,9,5,3,5,2,0,0,1,1,0,0,0,0,12.947757,50.813528
11,20,6,25,14,5,2,5,3,0,0,1,1,0,0,0,0,12.928523,50.830304
11,20,6,27,16,7,3,0,6,0,1,1,1,0,0,0,0,12.814276,50.841247
11,20,6,29,12,2,3,5,3,0,0,1,1,0,0,0,0,12.915586,50.829132
11,20,6,29,20,2,3,2,6,0,0,1,0,0,0,0,0,12.873476,50.783611
11,20,6,30,17,3,3,0,7,0,0,1,0,0,0,0,0,12.911622,50.868636
11,20,7,1,18,4,2,5,2,0,0,1,1,0,0,0,0,12.89842,50.802719
11,20,7,4,14,7,3,0,1,0,0,1,0,0,0,0,0,12.93916,50.832451
11,20,7,4,14,7,3,6,6,0,0,1,0,1,0,0,0,12.942002,50.840012
11,20,7,5,16,1,2,0,1,0,0,1,0,0,0,0,0,12.885155,50.80105
11,20,7,6,14,2,3,0,7,0,0,1,0,0,0,0,0,12.956384,50.87081
11,20,7,6,18,2,3,0,6,0,0,1,1,0,0,0,0,12.885673,50.821211
11,20,7,7,16,3,2,3,2,0,0,1,1,0,0,0,0,12.847825,50.825002
11,20,7,10,19,6,2,0,1,0,0,1,1,0,0,0,0,12.97557,50.79632
11,20,7,12,18,1,3,5,3,0,0,1,0,0,0,0,1,12.924556,50.832533
11,20,7,13,11,2,1,0,1,0,0,1,0,0,0,0,0,12.941902,50.824519
11,20,7,14,10,3,3,5,3,0,0,1,1,0,0,0,0,12.914268,50.837924
11,20,7,14,18,3,3,3,2,0,0,1,1,0,0,0,0,12.942962,50.794124
11,20,7,15,13,4,3,4,2,0,1,1,1,0,0,0,0,12.906766,50.786713
11,20,7,19,5,1,2,6,7,1,0,1,0,1,0,0,0,12.94103,50.83815
11,20,7,20,5,2,3,5,3,0,0,1,0,0,0,0,1,12.931396,50.832002
11,20,7,20,11,2,2,0,7,0,0,1,0,0,0,0,0,12.918981,50.85157
11,20,7,20,15,2,3,0,7,0,0,1,0,0,0,0,0,12.870347,50.8327
11,20,7,21,13,3,3,3,6,0,0,1,1,0,0,0,0,12.935729,50.815414
11,20,7,23,14,5,3,2,6,0,0,1,1,0,0,0,0,12.90593,50.835903
11,20,7,25,14,7,2,5,2,0,0,1,1,0,0,0,0,12.942785,50.841527
11,20,7,27,8,2,2,5,3,0,0,1,1,0,0,0,0,12.826655,50.819144
11,20,7,27,10,2,3,3,2,0,0,1,1,0,0,0,0,12.928167,50.835549
11,20,7,29,6,4,3,4,2,0,0,1,1,0,0,0,0,12.905132,50.825919
11,20,7,29,11,4,3,4,2,0,0,1,1,0,0,0,0,12.924427,50.821761
11,20,7,31,15,6,3,5,3,0,0,1,1,0,0,0,0,12.923895,50.835265
11,20,7,31,19,6,3,4,2,0,0,1,1,0,0,0,0,12.99582,50.779874
11,20,8,2,15,1,2,0,1,0,1,1,0,0,0,0,0,12.90327,50.839839
11,20,8,5,6,4,3,5,3,0,0,1,1,0,0,0,0,12.920406,50.85311
11,20,8,5,7,4,3,0,7,0,0,1,0,0,0,0,0,12.92283,50.810981
11,20,8,5,13,4,3,0,7,0,0,1,0,0,0,0,0,12.909897,50.82957
11,20,8,6,13,5,3,8,1,0,0,1,0,0,0,0,0,12.906271,50.840513
11,20,8,8,15,7,3,8,1,0,0,1,0,0,0,0,0,13.012153,50.846863
11,20,8,8,21,7,2,0,1,2,0,1,0,0,0,0,0,12.923256,50.829538
11,20,8,10,6,2,2,3,6,0,0,1,1,0,0,0,0,12.89369,50.828992
11,20,8,11,8,3,3,0,1,0,0,1,0,0,0,0,0,12.81393,50.816778
11,20,8,13,16,5,3,0,7,0,0,1,0,0,0,0,0,12.916834,50.810244
11,20,8,14,15,6,2,0,3,0,0,1,0,0,0,0,0,12.958943,50.836539
11,20,8,16,18,1,3,5,3,0,0,1,1,0,0,0,0,12.896379,50.835161
11,20,8,17,5,2,3,5,2,0,0,1,1,0,0,0,0,12.91687,50.84163
11,20,8,17,10,2,3,0,7,0,0,1,0,0,0,0,0,12.924059,50.835147
11,20,8,17,21,2,3,5,2,2,1,1,1,0,0,0,0,12.90025,50.838622
11,20,8,18,8,3,3,0,7,0,0,1,0,0,0,0,0,12.862189,50.819404
11,20,8,20,15,5,3,0,7,0,0,1,0,0,0,0,0,12.908718,50.840687
11,20,8,20,16,5,3,0,1,0,0,1,0,0,0,0,0,12.899508,50.824402
11,20,8,24,13,2,3,0,6,0,0,1,1,0,0,0,0,12.908456,50.795794
11,20,8,24,18,2,3,5,3,0,0,1,1,0,0,0,0,12.964016,50.828036
11,20,8,25,11,3,3,5,3,0,0,1,0,0,0,0,1,12.932473,50.834308
11,20,8,28,11,6,3,5,3,0,1,1,1,0,0,0,0,12.988409,50.840095
11,20,8,31,21,2,3,0,1,2,0,1,0,0,0,0,0,12.890268,50.835668
11,20,9,2,13,4,2,5,3,0,0,1,0,0,0,0,1,12.93528,50.831053
11,20,9,4,11,6,3,1,5,0,0,1,1,0,0,0,0,12.918639,50.841452
11,20,9,4,12,6,3,0,2,0,0,1,0,0,0,0,1,12.888456,50.80499
11,20,9,4,17,6,2,5,2,0,0,1,1,0,0,0,0,12.901687,50.832163
11,20,9,7,7,2,3,0,1,0,0,1,0,0,0,0,0,12.833468,50.820737
11,20,9,7,15,2,3,1,5,0,0,1,1,0,0,0,0,12.905155,50.838834
11,20,9,13,17,1,3,5,2,0,0,1,0,0,0,0,1,12.928144,50.8355
11,20,9,15,9,3,3,6,6,0,0,1,0,1,0,0,0,12.927374,50.828615
11,20,9,16,20,4,2,5,3,2,0,1,1,0,0,0,0,12.927151,50.858469
11,20,9,17,8,5,3,0,7,0,0,1,0,0,0,0,0,12.911961,50.828389
11,20,9,18,19,6,3,2,2,0,0,1,1,0,0,0,0,12.952067,50.86208
11,20,9,19,20,7,3,1,5,2,0,1,1,0,0,0,0,12.917321,50.842189
11,20,9,20,12,1,3,0,3,0,0,1,1,0,0,0,0,12.930979,50.807165
11,20,9,21,0,2,2,0,7,2,0,1,0,0,0,0,0,12.902611,50.830367
11,20,9,21,19,2,3,5,3,0,0,1,1,0,0,0,0,12.940553,50.820368
11,20,9,24,19,5,2,0,5,2,0,1,1,0,0,0,0,12.925169,50.824994
11,20,9,29,17,3,3,4,2,0,0,1,1,0,0,0,0,12.932787,50.807363
11,20,9,30,6,4,3,5,3,0,0,1,1,0,0,0,0,12.925828,50.833265
11,20,10,2,15,6,3,5,2,0,0,1,1,0,0,0,0,12.904891,50.835817
11,20,10,2,20,6,2,0,1,2,0,1,0,0,0,0,0,12.939329,50.833316
11,20,10,3,3,7,3,0,1,2,0,1,0,0,0,0,0,12.87331,50.819455
11,20,10,5,13,2,3,0,1,0,1,1,0,0,0,0,0,12.88339,50.833129
11,20,10,5,14,2,3,5,3,0,0,1,1,0,0,0,0,12.90546,50.843967
11,20,10,5,17,2,3,5,3,0,0,1,1,0,0,0,0,12.950656,50.830178
11,20,10,10,10,7,2,5,3,0,0,1,1,0,0,0,0,12.912401,50.816955
11,20,10,10,20,7,3,5,3,2,0,1,1,0,0,0,0,12.923246,50.832958
11,20,10,15,11,5,3,6,7,0,1,1,0,1,0,0,0,12.919464,50.834771
11,20,10,16,15,6,3,5,3,0,1,1,1,0,0,0,0,12.917717,50.842987
11,20,10,16,21,6,3,5,3,2,1,1,1,0,0,0,0,12.905905,50.832756
11,20,10,21,18,4,2,5,3,1,0,1,1,0,0,0,0,12.912091,50.83834
11,20,10,23,12,6,3,2,6,0,0,1,0,0,0,1,0,12.89679,50.870172
11,20,10,25,10,1,3,6,4,0,0,1,0,1,0,0,0,12.919199,50.773877
11,20,10,30,21,6,3,5,2,2,1,1,1,0,0,0,0,12.924392,50.832275
11,20,11,5,11,5,2,6,4,0,0,1,0,1,0,0,0,12.908038,50.794424
11,20,11,5,15,5,3,5,3,0,0,1,1,0,0,0,0,12.924556,50.832533
11,20,11,8,14,1,3,6,4,0,0,1,0,1,0,0,0,12.882213,50.807112
11,20,11,9,17,2,3,5,2,2,0,1,0,0,0,0,1,12.941638,50.819929
11,20,11,10,7,3,3,1,5,1,0,1,1,0,0,0,0,12.936025,50.819546
11,20,11,10,13,3,3,5,3,0,0,1,1,0,0,0,0,12.906292,50.84146
11,20,11,14,14,7,2,3,2,0,0,1,1,0,0,0,0,12.898376,50.802733
11,20,11,16,16,2,3,2,6,2,0,1,1,0,0,0,0,12.885496,50.843341
11,20,11,18,23,4,3,0,7,2,0,1,0,0,0,0,0,12.92849,50.827025
11,20,11,19,16,5,2,5,3,0,0,1,1,0,0,0,0,12.786909,50.810987
11,20,11,24,6,3,3,5,3,2,0,1,1,0,0,0,0,12.8203,50.864575
11,20,11,30,6,2,3,5,3,2,1,1,1,0,0,0,0,12.857267,50.880473
11,20,12,2,7,4,3,5,3,0,0,1,1,0,0,0,0,12.904933,50.835776
11,20,12,4,18,6,3,0,1,2,1,1,0,0,0,0,0,12.893699,50.846695
11,20,12,8,14,3,3,0,3,0,0,1,1,0,0,0,0,12.90259,50.772179
11,20,12,8,21,3,3,0,1,2,1,1,0,0,0,0,0,12.913754,50.834243
11,20,12,14,14,2,2,0,7,0,0,1,0,0,0,0,0,12.852411,50.824074
11,20,12,16,13,4,3,1,5,0,0,1,1,0,0,0,0,12.916818,50.841569
11,20,12,19,13,7,3,4,2,0,0,1,1,0,0,0,0,12.90238,50.771866
11,20,12,21,11,2,3,4,2,0,1,1,1,0,0,0,0,12.919433,50.845242
11,20,12,22,13,3,2,3,6,0,0,1,0,0,0,1,0,12.861247,50.83237
11,21,1,2,15,7,3,0,7,0,1,1,0,0,0,0,0,12.899539,50.839576
11,21,1,5,15,3,3,5,3,0,1,1,1,0,0,0,0,12.894434,50.821967
11,21,1,17,15,1,3,0,1,0,1,1,0,0,0,0,0,12.975623,50.82189