UKREIS,UJAHR,UMONAT,UTAG,USTUNDE,UWOCHENTAG,UKATEGORIE,UART,UTYP,LICHT,USTRZUSTAND,IstRad,IstPKW,IstFuss,IstKrad,IstGkfz,IstSonstige,@lon,@lat
11,21,2,2,14,3,2,6,4,0,1,1,0,1,0,0,0,12.922804,50.830203
11,21,2,16,13,3,3,5,3,0,0,1,0,0,0,0,1,12.923605,50.819937
11,21,2,19,15,6,3,0,1,0,0,1,0,0,0,0,0,12.962157,50.824139
11,21,2,22,7,2,3,5,2,0,0,1,1,0,0,0,0,12.904023,50.841849
11,21,2,22,13,2,2,4,7,0,0,1,1,0,0,0,0,12.919949,50.825303
11,21,2,25,17,5,3,5,3,1,0,1,1,0,0,0,0,12.975094,50.800833
11,21,3,2,5,3,3,5,3,2,0,1,1,0,0,0,0,12.961654,50.822096
11,21,3,2,17,3,3,5,3,0,0,1,1,0,0,0,0,12.830653,50.826772
11,21,3,13,19,7,2,0,1,2,1,1,0,0,0,0,0,12.91182,50.827711
11,21,3,24,11,4,3,2,6,0,0,1,1,0,0,0,0,12.904262,50.827234
11,21,3,29,10,2,3,0,7,0,0,1,0,0,0,0,0,12.863619,50.867434
11,21,3,29,11,2,3,0,7,0,0,1,0,0,0,0,0,12.943042,50.847243
11,21,3,30,17,3,3,1,5,0,0,1,1,0,0,0,0,12.826834,50.816632
11,21,3,30,17,3,2,0,1,0,0,1,0,0,0,0,0,12.914578,50.772183
11,21,4,6,14,3,3,2,6,0,1,1,1,0,0,0,0,12.939142,50.817995
11,21,4,11,12,1,3,0,3,0,0,1,1,0,0,0,0,12.986064,50.792948
11,21,4,11,14,1,2,3,6,0,0,1,0,0,0,0,0,12.874997,50.871023
11,21,4,11,16,1,3,0,5,0,0,1,1,0,0,0,0,12.905491,50.835873
11,21,4,21,19,4,3,1,5,0,0,1,1,0,0,0,0,12.901144,50.832059
11,21,4,27,10,3,3,0,1,0,0,1,0,0,0,0,0,12.966307,50.767627
11,21,4,27,11,3,2,5,3,0,0,1,1,0,0,0,0,12.928055,50.841046
11,21,4,27,12,3,3,5,2,0,0,1,1,0,0,0,0,12.898075,50.848093
11,21,4,28,16,4,3,5,3,0,0,1,1,0,0,0,0,12.946211,50.854591
11,21,5,3,18,2,2,5,3,0,0,1,1,0,0,0,0,12.94164,50.812648
11,21,5,7,12,6,3,4,2,0,0,1,1,0,0,0,0,12.953115,50.862991
11,21,5,10,11,2,3,7,7,0,0,1,0,0,0,0,0,12.865918,50.820776
11,21,5,10,14,2,2,0,2,0,0,1,1,0,0,0,0,12.90591,50.832757
11,21,5,10,16,2,3,4,2,0,0,1,0,0,1,0,0,12.898779,50.780203
11,21,5,10,17,2,3,2,6,0,0,1,1,0,0,0,0,12.972041,50.824492
11,21,5,11,15,3,3,1,5,0,0,1,1,0,0,0,0,12.960434,50.863862
11,21,5,12,16,4,2,4,2,0,1,1,1,0,0,0,0,12.886076,50.831725
11,21,5,15,15,7,3,5,3,0,0,1,1,0,0,0,0,12.991371,50.834352
11,21,5,15,18,7,3,1,6,0,0,1,1,0,0,0,0,12.928411,50.846963
11,21,5,17,13,2,3,0,7,0,1,1,0,0,0,0,0,12.935828,50.827679
11,21,5,18,7,3,3,6,7,0,0,1,0,1,0,0,0,12.935766,50.82783
11,21,5,18,16,3,3,5,3,0,0,1,0,0,0,0,1,12.935306,50.831134
11,21,5,19,17,4,3,0,1,0,0,1,0,0,0,0,0,12.837401,50.81492
11,21,5,20,18,5,3,5,3,0,0,1,0,0,0,0,0,12.945883,50.831595
11,21,5,22,17,7,3,0,7,0,0,1,0,0,0,0,0,12.886644,50.791425
11,21,5,23,20,1,2,4,2,0,0,1,1,0,0,0,0,12.822323,50.830204
11,21,5,26,9,4,3,5,3,0,0,1,1,0,0,0,0,12.899151,50.80775
11,21,5,26,11,4,3,3,2,0,0,1,1,0,0,0,0,12.929365,50.852584
11,21,5,26,17,4,3,0,6,0,0,1,1,0,0,0,0,12.858358,50.794996
11,21,5,28,15,6,2,6,2,0,0,1,0,1,0,0,0,12.922761,50.846899
11,21,5,29,22,7,3,0,1,2,0,1,0,0,0,0,0,12.896728,50.837569
11,21,6,1,8,3,2,5,2,0,0,1,1,0,0,0,0,12.915634,50.819816
11,21,6,4,20,6,2,5,3,2,0,1,0,0,0,0,1,12.944251,50.815135
11,21,6,9,7,4,3,3,2,0,0,1,0,0,0,0,1,12.958263,50.86528
11,21,6,11,6,6,3,0,7,0,0,1,1,0,0,0,0,12.943496,50.800782
11,21,6,11,19,6,3,4,1,0,0,1,1,0,0,0,0,12.922617,50.83943
11,21,6,14,20,2,2,0,1,0,0,1,0,0,0,0,0,12.937661,50.844276
11,21,6,15,7,3,3,3,6,0,0,1,1,0,0,0,0,12.879063,50.833562
11,21,6,15,23,3,2,5,3,2,0,1,0,0,0,0,1,12.862513,50.819424
11,21,6,16,15,4,3,0,4,0,0,1,0,1,0,0,0,12.904229,50.801977
11,21,6,17,7,5,3,5,3,0,0,1,1,0,0,0,0,12.906272,50.83958
11,21,6,17,7,5,3,5,3,0,0,1,1,0,0,0,0,12.919102,50.864909
11,21,6,17,9,5,3,5,3,0,0,1,1,0,0,0,0,12.921881,50.818545
11,21,6,18,10,6,3,0,5,0,0,1,1,0,0,0,0,12.924396,50.828068
11,21,6,19,18,7,3,5,3,0,0,1,1,0,0,0,0,12.911865,50.824217
11,21,6,20,16,1,3,9,3,0,0,1,1,0,0,0,0,12.959701,50.8124
11,21,6,21,6,2,3,5,2,0,1,1,1,0,0,0,0,12.940684,50.817054
11,21,6,21,15,2,3,0,7,0,0,1,0,0,0,0,0,12.890379,50.818943
11,21,6,23,18,4,3,5,3,0,0,1,1,0,0,0,0,12.830858,50.830208
11,21,6,26,15,7,3,0,1,0,0,1,0,0,0,0,0,12.975236,50.877961
11,21,6,28,16,2,3,0,6,0,0,1,1,0,0,0,0,12.905663,50.782624
11,21,6,28,17,2,3,0,1,0,0,1,0,0,0,0,0,12.920241,50.825428
11,21,7,5,19,2,3,6,6,0,0,1,0,1,0,0,0,12.939818,50.847229
11,21,7,6,10,3,3,0,2,0,0,1,0,0,0,1,0,12.891214,50.86019
11,21,7,8,13,5,3,1,5,0,1,1,1,0,0,0,0,12.922852,50.847136
11,21,7,10,19,7,3,1,5,0,0,1,1,0,0,0,0,12.847958,50.834664
11,21,7,11,1,1,3,0,1,2,0,1,0,0,0,0,0,12.963755,50.826507
11,21,7,12,8,2,3,6,7,0,0,1,0,1,0,0,0,12.92597,50.844528
11,21,7,12,13,2,2,0,1,0,0,1,0,0,0,0,0,12.888034,50.818582
11,21,7,12,14,2,3,0,7,0,0,1,0,1,0,0,0,12.907915,50.833458
11,21,7,12,15,2,3,1,5,0,0,1,1,0,0,0,0,12.957719,50.834056
11,21,7,15,10,5,3,0,1,0,0,1,0,0,0,0,0,12.901742,50.772819
11,21,7,15,15,5,3,2,6,0,0,1,1,0,0,0,0,12.930472,50.822722
11,21,7,15,19,5,3,5,3,0,0,1,1,0,0,0,0,12.826394,50.876216
11,21,7,15,20,5,2,0,7,0,0,1,0,0,0,0,0,12.916109,50.772614
11,21,7,18,16,1,3,3,2,0,0,1,1,0,0,0,0,12.986916,50.8143
11,21,7,19,7,2,3,5,3,0,0,1,1,0,0,0,0,12.911739,50.803756
11,21,7,19,17,2,3,1,5,0,0,1,1,0,0,0,0,12.895748,50.856398
11,21,7,20,15,3,3,0,7,0,0,1,0,0,0,0,0,12.839485,50.81617
11,21,7,20,16,3,2,3,6,0,0,1,0,0,0,0,0,12.914113,50.816622
11,21,7,20,18,3,2,3,6,0,0,1,0,0,0,0,0,12.80052,50.802211
11,21,7,20,23,3,3,4,6,2,0,1,0,0,0,0,0,12.919595,50.825438
11,21,7,23,11,6,3,5,3,0,0,1,1,0,0,0,0,12.911731,50.803702
11,21,7,23,20,6,3,5,3,0,0,1,1,0,0,0,0,12.947704,50.837693
11,21,7,25,16,1,3,5,3,0,1,1,1,0,0,0,0,12.920748,50.845132
11,21,7,25,20,1,2,0,1,1,0,1,0,0,0,0,0,12.912711,50.824887
11,21,7,26,18,2,3,4,6,0,0,1,0,0,0,0,0,12.922719,50.859563
11,21,7,27,13,3,3,0,2,0,0,1,0,0,0,0,1,12.895886,50.784608
11,21,7,27,19,3,3,5,3,0,0,1,1,0,0,0,0,12.809079,50.815893
11,21,7,29,10,5,3,5,3,0,0,1,1,0,0,0,0,12.894727,50.786758
11,21,7,29,15,5,3,5,3,0,0,1,1,0,0,0,0,12.934978,50.838976
11,21,7,30,20,6,3,0,7,1,0,1,0,0,0,0,0,12.854912,50.824416
11,21,7,30,20,6,3,0,7,1,0,1,0,0,0,0,0,12.896823,50.833443
11,21,7,30,20,6,3,2,6,1,0,1,0,0,0,0,0,12.925837,50.823059
11,21,7,31,8,7,2,5,3,0,0,1,1,0,0,0,0,12.882314,50.782371
11,21,8,1,20,1,3,9,1,0,0,1,0,0,0,0,0,12.911057,50.871594
11,21,8,7,14,7,3,5,3,0,0,1,1,0,0,0,0,12.899795,50.833918
11,21,8,10,15,3,2,5,2,0,0,1,1,0,0,0,0,12.899339,50.821267
11,21,8,11,16,4,3,3,7,0,0,1,1,0,0,0,0,12.914543,50.833252
11,21,8,18,15,4,2,5,3,0,0,1,1,0,0,0,0,12.924231,50.804645
11,21,8,18,16,4,2,0,1,0,0,1,0,0,0,0,0,12.891081,50.819283
11,21,8,21,10,7,2,2,6,0,0,1,1,0,0,0,0,12.861769,50.797852
11,21,8,24,22,3,3,5,3,2,0,1,1,0,0,0,0,12.906601,50.837164
11,21,8,26,15,5,3,5,3,0,0,1,1,0,0,0,0,12.945929,50.827687
11,21,8,28,20,7,3,8,1,2,0,1,0,0,0,0,0,12.850061,50.881196
11,21,8,29,15,1,3,0,5,0,0,1,1,0,0,0,0,12.8478,50.825039
11,21,8,30,14,2,3,5,3,0,0,1,1,0,0,0,0,12.89335,50.846684
11,21,8,31,6,3,3,4,2,2,1,1,1,0,0,0,0,12.947493,50.854027
11,21,8,31,8,3,3,0,1,0,1,1,0,0,0,0,0,12.931508,50.823157
11,21,8,31,17,3,3,0,1,0,1,1,0,0,0,0,0,12.909031,50.84004
11,21,9,6,18,2,3,5,3,0,0,1,1,0,0,0,0,12.910683,50.814642
11,21,9,7,7,3,3,3,2,0,0,1,0,0,0,0,1,12.906114,50.826382
11,21,9,7,19,3,2,2,2,0,0,1,0,0,0,0,0,12.8772,50.824825
11,21,9,8,17,4,3,4,2,0,0,1,1,0,0,0,0,12.891653,50.83064
11,21,9,10,8,6,3,5,3,0,0,1,1,0,0,0,0,12.962982,50.82869
11,21,9,10,17,6,2,0,1,0,0,1,0,0,0,0,0,12.820761,50.866283
11,21,9,13,18,2,2,0,1,0,0,1,0,0,0,0,0,12.830509,50.813333
11,21,9,13,19,2,3,5,2,2,0,1,1,0,0,0,0,12.939756,50.83575
11,21,9,14,22,3,3,3,2,2,0,1,1,0,0,0,0,12.898016,50.841495
11,21,9,15,6,4,3,5,2,0,0,1,1,0,0,0,0,12.925672,50.823332
11,21,9,15,16,4,3,4,2,0,1,1,0,0,0,0,1,12.911629,50.836278
11,21,9,18,13,7,3,5,2,0,0,1,1,0,0,0,0,12.953137,50.863001
11,21,9,19,17,1,3,5,3,0,0,1,1,0,0,0,0,12.908843,50.826847
11,21,9,21,10,3,3,3,2,0,0,1,1,0,0,0,0,12.926061,50.821762
11,21,9,21,13,3,1,5,2,0,0,1,1,0,0,0,0,12.898559,50.802676
11,21,9,21,13,3,3,0,1,0,0,1,0,0,0,0,0,12.904777,50.843792
11,21,9,23,14,5,1,5,3,0,0,1,0,0,0,0,1,12.899465,50.824391
11,21,9,23,16,5,3,5,3,0,0,1,1,0,0,0,0,12.935716,50.827953
11,21,9,24,11,6,2,3,6,0,0,1,0,0,0,0,1,12.894329,50.795964
11,21,9,25,16,7,3,4,1,0,0,1,1,0,0,0,0,12.956563,50.856076
11,21,9,29,17,4,3,0,7,0,0,1,0,0,0,0,0,12.928757,50.819821
11,21,9,30,14,5,3,4,2,0,0,1,1,0,0,0,0,12.939614,50.834906
11,21,10,1,18,6,2,1,5,0,0,1,1,0,0,0,0,12.833584,50.831115
11,21,10,2,22,7,2,7,7,2,0,1,0,0,0,0,0,12.91589,50.845706
11,21,10,6,15,4,3,3,2,0,0,1,1,0,0,0,0,12.940722,50.820299
11,21,10,6,17,4,3,0,1,1,0,1,0,0,0,0,0,12.904894,50.841167
11,21,10,7,17,5,3,5,3,0,0,1,0,0,0,0,0,12.8426,50.816389
11,21,10,7,18,5,2,0,1,0,0,1,0,0,0,0,0,12.883058,50.831615
11,21,10,7,19,5,3,1,5,2,0,1,1,0,0,0,0,12.95105,50.839678
11,21,10,9,14,7,2,5,3,0,0,1,1,0,0,0,0,12.950239,50.81633
11,21,10,9,17,7,2,0,5,0,0,1,1,0,0,0,0,12.929402,50.854731
11,21,10,10,11,1,3,5,3,0,0,1,1,0,0,0,0,12.949583,50.816602
11,21,10,10,13,1,3,5,3,0,0,1,1,0,0,0,0,12.908561,50.826783
11,21,10,11,18,2,3,0,7,2,1,1,0,1,0,0,0,12.895065,50.78587
11,21,10,12,5,3,3,5,3,2,1,1,1,0,0,0,0,12.833223,50.825207
11,21,10,13,16,4,3,2,7,0,0,1,1,0,0,0,0,12.922691,50.846943
11,21,10,13,16,4,3,2,6,0,0,1,1,0,0,0,0,12.941145,50.801308
11,21,10,14,7,5,2,5,2,2,1,1,0,0,0,0,1,12.897359,50.847839
11,21,10,15,13,6,3,5,3,0,0,1,1,0,0,0,0,12.955935,50.831747
11,21,10,18,5,2,2,5,3,2,0,1,1,0,0,0,0,12.933054,50.827985
11,21,10,20,14,4,3,5,3,0,0,1,1,0,0,0,0,12.882502,50.797366
11,21,10,22,11,6,2,5,2,0,0,1,0,0,1,0,0,12.931912,50.821892
11,21,10,25,17,2,3,4,1,0,0,1,0,0,0,0,0,12.955237,50.807469
11,21,10,25,21,2,2,0,1,2,0,1,0,0,0,0,0,12.902155,50.790366
11,21,10,26,16,3,3,1,5,0,0,1,1,0,0,0,0,12.839948,50.879824
11,21,10,28,11,5,3,5,2,0,0,1,1,0,0,0,0,12.946248,50.840722
11,21,10,28,19,5,3,0,1,2,0,1,0,0,0,0,0,12.930515,50.83433
11,21,10,29,5,6,3,5,7,2,0,1,1,0,0,0,0,12.910365,50.802702
11,21,10,29,7,6,3,5,3,0,0,1,1,0,0,0,0,12.913403,50.828161
11,21,10,30,19,7,3,5,2,2,0,1,1,0,0,0,0,12.82683,50.828185
11,21,11,1,4,2,3,0,1,2,0,1,0,0,0,0,0,12.916069,50.830874
11,21,11,5,6,6,3,5,3,1,1,1,1,0,0,0,0,12.917126,50.82612
11,21,11,5,17,6,2,0,1,2,1,1,0,0,0,0,0,12.935146,50.830937
11,21,11,6,11,7,2,5,3,0,0,1,1,0,0,0,0,12.956775,50.833738
11,21,11,7,17,1,3,0,1,2,1,1,1,0,0,0,0,12.96081,50.81189
11,21,11,9,16,3,3,5,2,2,0,1,1,0,0,0,0,12.89788,50.814219
11,21,11,12,16,6,3,2,2,1,0,1,1,0,0,0,0,12.904389,50.866475
11,21,11,16,18,3,3,1,5,2,0,1,1,0,0,0,0,12.890048,50.835621
11,21,11,17,13,4,2,0,6,0,0,1,0,0,0,0,1,12.903094,50.825586
11,21,12,2,16,5,2,5,3,2,0,1,1,0,0,0,0,12.946348,50.8407
11,21,12,3,9,6,3,5,3,0,0,1,1,0,0,0,0,12.923188,50.832686
11,21,12,3,12,6,3,5,2,0,0,1,1,0,0,0,0,12.84123,50.81405
11,21,12,5,12,1,3,1,1,0,1,1,1,0,0,0,0,12.876154,50.781266
11,21,12,5,17,1,3,5,2,2,0,1,1,0,0,0,0,12.937622,50.828292
11,21,12,10,14,6,2,5,2,0,0,1,1,0,0,0,0,12.920247,50.825407
11,21,12,10,17,6,3,5,3,2,0,1,1,0,0,0,0,12.955119,50.814279
11,21,12,20,13,2,3,5,2,0,0,1,1,0,0,0,0,12.953143,50.863005
11,21,12,22,17,4,2,0,7,0,0,1,0,0,0,0,0,12.954878,50.8343
11,22,1,3,7,2,3,5,3,2,1,1,1,0,0,0,0,12.89592,50.811615
11,22,1,5,15,4,3,5,3,0,1,1,1,0,0,0,0,12.920603,50.851902
11,22,1,6,9,5,2,9,1,0,2,1,0,0,0,0,0,12.895561,50.826752
11,22,1,11,6,3,3,5,3,2,1,1,1,0,0,0,0,12.922508,50.845408
11,22,1,11,19,3,3,3,2,2,0,1,1,0,0,0,0,12.906578,50.826287
11,22,1,13,5,5,3,1,5,2,0,1,1,0,0,0,0,12.89788,50.839343
11,22,1,14,16,6,3,2,2,0,0,1,1,0,0,0,0,12.889688,50.835543
11,22,1,15,17,7,3,0,1,2,1,1,0,0,0,0,0,12.894664,50.786957
11,22,1,17,14,2,3,3,6,0,1,1,1,0,0,0,0,12.884664,50.834349
11,22,1,20,6,5,3,0,7,2,2,1,0,0,0,0,0,12.944022,50.828388
11,22,1,20,7,5,3,5,3,2,2,1,1,0,0,0,0,12.942535,50.827127
11,22,2,12,11,7,2,0,7,0,2,1,0,0,0,0,0,12.882884,50.85781
11,22,2,12,15,7,3,5,3,0,0,1,1,0,0,0,0,12.951844,50.861503
11,22,2,23,13,4,3,0,1,0,0,1,0,0,0,0,0,12.946264,50.83364
11,22,2,28,16,2,3,3,2,0,0,1,1,0,0,0,0,12.915386,50.829202
11,22,3,6,16,1,3,4,2,0,0,1,1,0,0,0,0,12.909051,50.839999
11,22,3,7,21,2,3,0,7,2,0,1,0,0,0,0,0,12.884824,50.852789
11,22,3,10,7,5,3,5,3,1,0,1,1,0,0,0,0,12.884276,50.852974
11,22,3,11,7,6,3,4,2,0,0,1,1,0,0,0,0,12.92501,50.840555
11,22,3,11,14,6,3,3,2,0,0,1,1,0,0,0,0,12.779293,50.810567
11,22,3,14,9,2,3,5,3,0,0,1,1,0,0,0,0,12.91213,50.868195
11,22,3,14,10,2,3,0,3,0,0,1,1,0,0,0,0,12.888286,50.794843
11,22,3,15,19,3,3,0,7,2,1,1,0,0,0,0,0,12.970561,50.833563
11,22,3,16,8,4,3,4,2,0,0,1,1,0,0,0,0,12.90662,50.837048
11,22,3,20,16,1,3,5,3,0,0,1,1,0,0,0,0,12.894811,50.786918
11,22,3,23,7,4,3,0,2,0,0,1,1,0,0,0,0,12.903079,50.825369
11,22,3,23,14,4,3,5,3,0,0,1,1,0,0,0,0,12.874829,50.841316
11,22,3,24,10,5,3,0,7,0,0,1,0,0,0,0,0,12.894195,50.822532
11,22,3,26,18,7,2,0,1,0,0,1,0,0,0,0,0,12.943081,50.835447
11,22,3,28,10,2,3,5,3,0,0,1,1,0,0,0,0,12.888138,50.845334
11,22,3,30,11,4,3,0,5,0,1,1,1,0,0,0,0,12.924434,50.835656
11,22,3,31,18,5,3,6,7,0,0,1,0,1,0,0,1,12.924966,50.834522
11,22,4,1,9,6,3,0,1,0,1,1,0,0,0,0,0,12.958861,50.816865
11,22,4,4,18,2,3,1,5,0,0,1,1,0,0,0,0,12.932045,50.821979
11,22,4,6,12,4,3,0,1,0,1,1,0,0,0,0,0,12.906371,50.838846
11,22,4,8,21,6,3,1,5,2,1,1,1,0,0,0,0,12.951157,50.839655
11,22,4,12,7,3,2,5,2,0,0,1,0,0,0,0,1,12.928756,50.826656
11,22,4,15,14,6,3,3,2,0,0,1,1,0,0,0,0,12.926598,50.833863
11,22,4,20,9,4,3,0,1,0,0,1,0,0,0,0,0,12.925673,50.823318
11,22,4,22,11,6,3,1,5,0,0,1,1,0,0,0,0,12.915972,50.838355
11,22,4,27,5,4,3,5,3,0,0,1,1,0,0,0,0,12.906268,50.839611
11,22,4,28,17,5,3,0,2,0,0,1,1,0,0,0,0,12.921838,50.773935
11,22,4,29,16,6,3,0,7,0,0,1,0,0,0,0,0,12.849015,50.816416
11,22,4,30,14,7,3,0,1,0,0,1,0,0,0,0,0,12.951531,50.850333
11,22,5,2,16,2,3,5,2,0,0,1,1,0,0,0,0,12.919429,50.845202
11,22,5,2,17,2,3,5,3,0,0,1,1,0,0,0,0,12.920313,50.804931
11,22,5,2,17,2,2,0,1,0,0,1,0,0,0,0,0,12.968926,50.80898
11,22,5,3,7,3,3,5,2,0,0,1,1,0,0,0,0,12.903063,50.825364
11,22,5,3,8,3,3,0,5,0,0,1,1,0,0,0,0,12.908092,50.829974
11,22,5,4,14,4,3,0,7,0,0,1,0,0,0,0,0,12.906292,50.823482
11,22,5,6,6,6,2,5,2,0,0,1,1,0,0,0,0,12.905328,50.802153
11,22,5,6,6,6,3,5,3,0,0,1,1,0,0,0,0,12.951844,50.861515
11,22,5,7,18,7,2,0,1,0,0,1,0,0,0,0,0,12.944823,50.849403
11,22,5,9,10,2,3,5,3,0,0,1,1,0,0,0,0,12.847769,50.824964
11,22,5,9,17,2,2,5,3,0,0,1,1,0,0,0,0,12.926642,50.845713
11,22,5,10,15,3,3,1,5,0,0,1,1,0,0,0,0,12.957598,50.833495
11,22,5,11,7,4,3,5,3,0,0,1,1,0,0,0,0,12.936746,50.885346
11,22,5,11,9,4,2,5,2,0,0,1,1,0,0,0,0,12.917263,50.845062
11,22,5,13,16,6,3,5,3,0,0,1,1,0,0,0,0,13.005886,50.785481
11,22,5,15,10,1,3,0,7,0,0,1,0,0,0,0,0,12.948369,50.838876
11,22,5,16,12,2,3,5,3,0,0,1,1,0,0,0,0,12.884366,50.792909
11,22,5,17,18,3,3,5,3,0,0,1,1,0,0,0,0,12.954902,50.81437
11,22,5,18,7,4,3,5,2,0,0,1,1,0,0,0,0,12.92269,50.811216
11,22,5,18,15,4,3,5,3,0,0,1,1,0,0,0,0,12.912029,50.807444
11,22,5,18,19,4,3,0,7,0,0,1,0,0,0,0,0,12.890812,50.835786
11,22,5,19,4,5,3,5,3,1,0,1,1,0,0,0,0,12.941608,50.819941
11,22,5,19,12,5,2,0,1,0,0,1,0,0,0,0,0,12.960574,50.81199
11,22,5,19,15,5,3,0,6,0,0,1,1,0,0,0,0,12.914995,50.836863
11,22,5,20,11,6,3,6,2,0,0,1,0,1,0,0,0,12.936203,50.845311
11,22,5,21,23,7,3,1,5,2,0,1,1,0,0,0,0,12.906092,50.846707
11,22,5,23,12,2,2,3,6,0,0,1,0,0,0,1,0,12.899308,50.770795
11,22,5,24,17,3,3,5,3,0,0,1,1,0,0,0,0,12.956849,50.833141
11,22,5,25,8,4,3,5,3,0,0,1,1,0,0,0,0,12.874426,50.856729
11,22,5,25,15,4,3,6,6,0,0,1,0,1,0,0,0,12.920186,50.826385
11,22,5,31,17,3,2,0,1,0,0,1,0,0,0,0,0,12.928512,50.804319
11,22,6,1,17,4,3,3,6,0,0,1,1,0,0,0,0,12.848474,50.817458
11,22,6,2,6,5,3,0,3,0,0,1,0,0,0,0,1,12.911409,50.871671
11,22,6,4,12,7,2,8,1,0,0,1,0,0,0,0,0,12.81881,50.83281
11,22,6,5,15,1,3,3,6,0,0,1,0,0,0,0,0,12.800483,50.812863
11,22,6,7,15,3,3,0,7,0,0,1,0,0,0,0,0,12.925394,50.820822
11,22,6,7,16,3,2,5,3,0,0,1,1,0,0,0,0,12.954558,50.82194
11,22,6,7,18,3,3,5,3,0,0,1,1,0,0,0,0,12.883619,50.800001
11,22,6,8,7,4,3,5,3,0,0,1,0,0,0,0,1,12.892561,50.85923
11,22,6,8,11,4,3,2,6,0,0,1,1,0,0,0,0,12.93234,50.823544
11,22,6,8,22,4,3,8,1,2,0,1,0,0,0,0,0,12.901458,50.836644
11,22,6,11,7,7,3,7,7,0,0,1,0,0,0,0,0,12.913607,50.838077
11,22,6,13,6,2,3,4,6,0,0,1,0,0,0,0,0,12.911486,50.841465
11,22,6,15,8,4,2,4,6,0,0,1,0,0,0,0,0,12.902496,50.788024
11,22,6,15,15,4,3,5,3,0,0,1,1,0,0,0,0,12.902996,50.787888
11,22,6,19,12,1,2,0,1,0,0,1,0,0,0,0,0,12.90513,50.791749
11,22,6,20,19,2,3,4,2,0,0,1,1,0,0,0,0,12.912349,50.844666
11,22,6,22,18,4,3,5,3,0,0,1,1,0,0,0,0,12.922571,50.825333
11,22,6,23,21,5,3,0,7,0,0,1,0,0,0,0,0,12.916516,50.839014
11,22,6,24,8,6,3,0,7,0,0,1,0,0,0,0,0,12.898898,50.828624
11,22,6,25,17,7,3,0,6,0,0,1,1,0,0,0,0,12.955844,50.799518
11,22,6,26,13,1,1,4,6,0,0,1,1,0,0,0,0,12.802209,50.800317
11,22,6,26,17,1,3,2,6,0,0,1,1,0,0,0,0,12.826711,50.815087
11,22,6,27,9,2,3,2,6,0,0,1,1,0,0,0,0,12.929703,50.815834
11,22,6,28,10,3,3,0,7,0,0,1,0,0,0,0,0,12.929755,50.815539
11,22,7,1,14,6,2,0,1,0,1,1,0,0,0,0,0,12.881263,50.855881
11,22,7,2,18,7,3,3,2,0,0,1,1,0,0,0,0,12.926489,50.829825
11,22,7,3,13,1,3,0,7,0,0,1,0,0,0,0,0,12.825706,50.876798
11,22,7,4,6,2,3,0,7,0,0,1,0,0,0,0,0,12.913188,50.81163
11,22,7,4,22,2,3,0,7,2,0,1,0,0,0,0,0,12.890342,50.830483
11,22,7,5,9,3,3,5,2,0,0,1,1,0,0,0,0,12.901019,50.816457
11,22,7,5,11,3,3,3,2,0,0,1,1,0,0,0,0,12.926024,50.825605
11,22,7,8,14,6,2,5,3,0,0,1,1,0,0,0,0,12.78551,50.794244
11,22,7,9,16,7,3,4,5,0,1,1,1,0,0,0,0,12.877359,50.823276
11,22,7,11,15,2,3,3,2,0,0,1,1,0,0,0,0,12.916882,50.856282
11,22,7,12,9,3,3,8,7,0,0,1,0,0,0,0,0,12.882881,50.831608
11,22,7,12,15,3,3,4,6,0,0,1,0,0,0,0,1,12.884635,50.801271
11,22,7,12,15,3,3,0,5,0,0,1,1,0,0,0,0,12.956247,50.823304
11,22,7,14,16,5,3,0,7,0,0,1,0,0,0,0,0,12.887158,50.794966
11,22,7,14,18,5,3,0,1,0,1,1,0,0,0,0,0,12.872453,50.816225
11,22,7,15,6,6,3,0,7,0,0,1,0,0,0,0,0,12.876152,50.787928
11,22,7,17,12,1,3,0,1,0,0,1,0,0,0,0,0,12.869086,50.844269
11,22,7,18,15,2,3,3,6,0,0,1,1,0,0,0,0,12.9111,50.82915
11,22,7,22,10,6,3,5,3,0,0,1,1,0,0,0,0,12.903219,50.838875
11,22,7,22,14,6,2,0,7,0,0,1,0,0,0,0,0,12.931626,50.797657
11,22,7,22,15,6,2,0,1,0,0,1,0,0,0,0,0,12.943436,50.815302
11,22,7,24,9,1,3,0,7,0,0,1,0,0,0,0,0,12.892331,50.850573
11,22,7,24,18,1,3,5,3,0,0,1,1,0,0,0,0,12.934669,50.832732
11,22,7,26,17,3,3,6,4,0,0,1,0,1,0,0,0,12.958411,50.865404
11,22,7,27,15,4,3,0,7,0,0,1,0,0,0,0,0,12.939615,50.817632
11,22,7,28,12,5,2,0,7,0,0,1,0,0,0,0,0,12.923197,50.811381
11,22,7,28,13,5,3,5,3,0,0,1,1,0,0,0,0,12.93697,50.842446
11,22,7,29,8,6,3,5,3,0,0,1,0,0,0,0,1,12.974389,50.803027
11,22,7,29,19,6,3,0,7,0,0,1,0,0,0,0,0,12.952787,50.862765
11,22,8,1,16,2,2,8,7,0,0,1,0,0,0,0,0,12.847492,50.880566
11,22,8,4,15,5,3,5,3,0,0,1,1,0,0,0,0,12.912171,50.858316
11,22,8,7,13,1,3,0,7,0,0,1,0,0,0,0,0,12.925394,50.83294
11,22,8,9,9,3,3,0,7,0,0,1,0,0,0,0,0,12.898011,50.802794