UKREIS,UJAHR,UMONAT,UTAG,USTUNDE,UWOCHENTAG,UKATEGORIE,UART,UTYP,LICHT,USTRZUSTAND,IstRad,IstPKW,IstFuss,IstKrad,IstGkfz,IstSonstige,@lon,@lat
11,22,8,9,14,3,3,5,3,0,0,1,1,0,0,0,0,12.922627,50.859492
11,22,8,9,16,3,3,6,7,0,0,1,0,1,0,0,0,12.922211,50.833913
11,22,8,10,7,4,3,5,3,1,0,1,1,0,0,0,0,12.885692,50.843386
11,22,8,10,15,4,3,0,1,0,0,1,0,0,0,0,0,12.904863,50.826127
11,22,8,11,14,5,3,4,2,0,0,1,1,0,0,0,0,12.840406,50.83622
11,22,8,11,19,5,3,5,3,2,0,1,1,0,0,0,0,12.920481,50.825213
11,22,8,17,11,4,3,3,6,0,0,1,1,0,0,0,0,12.902659,50.78801
11,22,8,19,22,6,3,0,1,2,1,1,0,0,0,0,0,12.952119,50.862132
11,22,8,26,13,6,3,5,3,0,1,1,1,0,0,0,0,12.929786,50.823422
11,22,8,29,17,2,3,0,7,0,0,1,0,0,0,0,0,12.912776,50.82778
11,22,8,29,19,2,3,3,6,0,0,1,1,0,0,0,0,13.041386,50.824663
11,22,8,30,9,3,3,0,6,0,0,1,1,0,0,0,0,12.919574,50.864254
11,22,8,30,16,3,2,8,7,0,0,1,0,0,0,0,0,12.92804,50.835598
11,22,8,31,13,4,3,5,3,0,0,1,1,0,0,0,0,12.911998,50.835588
11,22,8,31,15,4,3,0,5,0,0,1,1,0,0,0,0,12.958922,50.815477
11,22,9,1,15,5,3,5,3,0,0,1,1,0,0,0,0,12.90075,50.847292
11,22,9,1,20,5,3,1,3,2,0,1,1,0,0,0,0,12.93097,50.834283
11,22,9,2,23,6,3,0,7,2,0,1,0,0,0,0,0,12.922016,50.834024
11,22,9,6,16,3,3,5,2,0,0,1,1,0,0,0,0,12.813851,50.813051
11,22,9,7,15,4,3,3,2,0,0,1,0,0,0,0,1,12.895039,50.819875
11,22,9,13,13,3,3,5,3,0,0,1,1,0,0,0,0,12.913985,50.832806
11,22,9,14,16,4,3,5,2,0,1,1,1,0,0,0,0,12.901024,50.81646
11,22,9,15,19,5,3,0,1,1,0,1,0,0,0,0,0,12.913281,50.843619
11,22,9,16,2,6,3,1,5,2,0,1,1,0,0,0,0,12.948394,50.856292
11,22,9,16,16,6,3,3,2,0,0,1,1,0,0,0,0,12.895041,50.819875
11,22,9,21,13,4,3,5,2,0,0,1,1,0,0,0,0,12.901012,50.816452
11,22,9,23,14,6,3,6,6,0,0,1,0,1,0,0,0,12.922554,50.839051
11,22,9,26,11,2,2,5,3,0,0,1,1,0,0,0,0,12.895599,50.826088
11,22,9,26,14,2,2,5,3,0,0,1,1,0,0,0,0,12.937067,50.836462
11,22,9,28,14,4,3,7,1,0,1,1,0,0,0,0,0,12.924314,50.832225
11,22,9,29,14,5,3,0,7,0,0,1,0,0,0,0,0,12.88544,50.8043
11,22,9,29,18,5,2,0,6,1,0,1,1,0,0,0,0,12.926203,50.749186
11,22,10,3,17,2,3,4,2,0,0,1,1,0,0,0,0,12.922401,50.831312
11,22,10,4,14,3,3,1,7,0,0,1,1,0,0,0,0,12.908524,50.814723
11,22,10,4,15,3,3,0,6,0,0,1,0,0,0,0,0,12.914596,50.828767
11,22,10,7,14,6,3,0,7,0,0,1,0,0,0,0,0,12.922007,50.832167
11,22,10,8,10,7,3,0,6,0,0,1,1,0,0,0,0,12.892019,50.80373
11,22,10,9,14,1,3,0,7,0,0,1,0,0,0,0,0,12.89224,50.859613
11,22,10,9,22,1,2,3,6,2,0,1,0,0,0,0,0,12.962009,50.831576
11,22,10,11,18,3,2,0,1,2,0,1,0,0,0,0,0,12.910811,50.829412
11,22,10,11,18,3,3,0,7,1,0,1,0,0,0,0,0,12.936422,50.807587
11,22,10,12,14,4,3,4,2,0,0,1,1,0,0,0,0,12.843792,50.816599
11,22,10,12,17,4,3,5,3,0,0,1,1,0,0,0,0,12.908844,50.826848
11,22,10,13,7,5,3,5,3,0,0,1,1,0,0,0,0,12.901244,50.813848
11,22,10,15,16,7,2,0,7,0,0,1,1,0,0,0,0,12.926888,50.846267
11,22,10,15,16,7,3,8,1,0,0,1,0,0,0,0,0,12.943441,50.800785
11,22,10,17,6,2,3,5,2,2,0,1,1,0,0,0,0,12.889828,50.804477
11,22,10,17,8,2,3,0,7,0,0,1,0,0,0,0,0,12.91236,50.828003
11,22,10,17,15,2,2,0,1,0,0,1,0,0,0,0,0,12.823755,50.808848
11,22,10,17,15,2,3,0,1,0,0,1,0,0,0,0,0,12.83782,50.815097
11,22,10,24,9,2,3,5,2,0,1,1,1,0,0,0,0,12.91962,50.830043
11,22,10,24,10,2,3,0,7,0,1,1,0,0,0,0,0,12.910649,50.809903
11,22,10,28,9,6,3,4,2,0,0,1,0,0,0,0,1,12.868229,50.881435
11,22,10,30,13,1,3,3,2,0,0,1,1,0,0,0,0,12.898089,50.854001
11,22,10,30,19,1,3,5,3,2,0,1,1,0,0,0,0,12.903267,50.83984
11,22,11,2,7,4,3,0,3,0,0,1,0,0,0,0,1,12.82005,50.808891
11,22,11,2,13,4,3,5,3,0,0,1,1,0,0,0,0,12.911819,50.810087
11,22,11,2,13,4,3,0,7,0,0,1,0,0,0,0,0,12.922331,50.835937
11,22,11,2,16,4,2,5,3,0,0,1,1,0,0,0,0,12.943678,50.829235
11,22,11,3,15,5,3,4,6,0,0,1,0,0,0,0,0,12.91962,50.830043
11,22,11,5,15,7,3,4,6,0,0,1,0,0,0,0,0,12.900957,50.836604
11,22,11,7,7,2,3,3,2,0,0,1,1,0,0,0,0,12.88082,50.793912
11,22,11,7,16,2,3,5,3,1,0,1,1,0,0,0,0,12.930243,50.832196
11,22,11,8,15,3,3,5,3,0,0,1,1,0,0,0,0,12.938168,50.829505
11,22,11,9,14,4,2,4,2,0,0,1,1,0,0,0,0,12.897351,50.81325
11,22,11,14,7,2,3,5,2,0,0,1,1,0,0,0,0,12.9424,50.823268
11,22,11,14,14,2,3,5,5,0,0,1,1,0,0,0,0,12.905665,50.839627
11,22,11,15,12,3,2,5,2,0,0,1,1,0,0,0,0,12.901,50.825013
11,22,11,17,7,5,3,3,2,0,0,1,1,0,0,0,0,12.953841,50.831359
11,22,11,23,15,4,3,4,2,0,0,1,1,0,0,0,0,12.946482,50.800493
11,22,11,24,14,5,3,5,2,0,1,1,1,0,0,0,0,12.926566,50.791697
11,22,11,24,19,5,2,6,7,2,1,1,0,1,0,0,0,12.922401,50.831661
11,22,11,25,9,6,2,0,1,0,2,1,0,0,0,0,0,12.974177,50.823524
11,22,11,26,17,7,3,5,3,2,0,1,1,0,0,0,0,12.879638,50.792872
11,22,12,5,12,2,2,5,2,0,1,1,1,0,0,0,0,12.929365,50.852589
11,22,12,6,16,3,3,6,4,2,1,1,0,1,0,0,0,12.913997,50.828285
11,22,12,8,7,5,3,1,5,2,1,1,1,0,0,0,0,12.915704,50.840315
11,22,12,8,15,5,3,1,5,0,0,1,1,0,0,0,0,12.93325,50.836038
11,22,12,10,8,7,2,5,2,0,1,1,1,0,0,0,0,12.8775,50.835261
11,22,12,27,13,3,2,5,3,0,0,1,0,0,1,0,0,12.835791,50.831574
11,22,12,30,10,6,3,4,6,0,0,1,1,0,0,0,0,12.947308,50.851474
11,22,12,30,14,6,3,2,6,0,0,1,1,0,0,0,0,12.920503,50.825147
11,23,1,3,7,3,3,5,3,1,1,1,0,0,0,0,1,12.926196,50.825512
11,23,1,3,17,3,3,1,5,2,0,1,1,0,0,0,0,12.925142,50.84761
11,23,1,5,14,5,2,4,2,0,0,1,1,0,0,0,0,12.893332,50.800655
11,23,1,5,14,5,3,1,5,0,1,1,1,0,0,0,0,12.900626,50.817871
11,23,1,6,17,6,3,3,7,2,0,1,1,0,0,0,0,12.93087,50.843945
11,23,1,10,9,3,2,7,7,0,1,1,0,0,0,0,0,12.953066,50.818463
11,23,1,13,7,6,3,1,5,1,0,1,1,0,0,0,0,12.91001,50.84054
11,23,1,16,7,2,3,4,2,0,0,1,1,0,0,0,0,12.915336,50.83761
11,23,1,16,9,2,3,0,7,0,0,1,0,0,0,0,0,12.958975,50.817382
11,23,2,18,0,7,3,1,7,2,1,1,1,0,0,0,0,12.906035,50.841198
11,23,2,18,6,7,3,5,3,2,1,1,1,0,0,0,0,12.899472,50.839749
11,23,2,20,7,2,3,7,7,1,0,1,0,1,0,0,0,12.857847,50.794577
11,23,2,22,7,4,3,0,1,1,0,1,0,0,0,0,0,12.865565,50.87698
11,23,2,22,18,4,3,5,3,2,0,1,1,0,0,0,0,12.920375,50.828731
11,23,2,24,12,6,3,5,3,0,0,1,1,0,0,0,0,12.853314,50.862738
11,23,3,3,12,6,3,5,3,0,0,1,1,0,0,0,0,12.907187,50.822536
11,23,3,6,15,2,3,5,3,0,1,1,1,0,0,0,0,12.940259,50.842652
11,23,3,11,22,7,3,0,1,2,2,1,0,0,0,0,0,12.955215,50.829125
11,23,3,13,17,2,3,5,3,0,0,1,1,0,0,0,0,12.946482,50.800497
11,23,3,17,10,6,2,1,5,0,0,1,1,0,0,0,0,12.945042,50.840983
11,23,3,17,11,6,2,0,7,0,0,1,0,0,0,0,0,12.897805,50.870527
11,23,3,20,15,2,3,0,6,0,1,1,1,0,0,0,0,12.895527,50.826405
11,23,3,25,11,7,3,0,1,0,0,1,0,0,0,0,0,12.911062,50.841198
11,23,4,9,4,1,3,0,1,2,0,1,0,0,0,0,0,12.848684,50.881016
11,23,4,16,10,1,3,0,7,0,0,1,0,0,0,0,0,12.896377,50.879347
11,23,4,17,8,2,3,3,2,0,1,1,1,0,0,0,0,12.926527,50.833806
11,23,4,22,16,7,3,2,6,0,0,1,1,0,0,0,0,12.843268,50.804168
11,23,4,22,19,7,2,8,1,0,0,1,0,0,0,0,0,12.965601,50.842334
11,23,4,22,22,7,3,8,1,2,0,1,0,0,0,0,0,12.88449,50.801315
11,23,4,23,17,1,3,0,1,0,0,1,0,0,0,0,0,12.88077,50.867108
11,23,5,4,11,5,3,2,2,0,0,1,0,0,0,1,0,12.91962,50.830043
11,23,5,4,14,5,2,0,1,0,0,1,0,0,0,0,0,12.925673,50.823317
11,23,5,7,19,1,3,6,7,0,0,1,0,1,0,0,0,12.899037,50.83841
11,23,5,8,14,2,3,5,3,0,0,1,1,0,0,0,0,12.917183,50.819186
11,23,5,9,15,3,3,5,3,0,0,1,1,0,0,0,0,12.873571,50.85705
11,23,5,10,7,4,3,3,2,0,0,1,0,0,0,0,1,12.950289,50.816309
11,23,5,10,12,4,3,5,3,0,1,1,1,0,0,0,0,12.900009,50.802158
11,23,5,10,15,4,3,5,3,0,1,1,1,0,0,0,0,12.936542,50.841905
11,23,5,14,15,1,2,6,6,0,0,1,0,1,0,0,0,12.880859,50.788858
11,23,5,15,21,2,2,0,7,2,0,1,0,0,0,0,0,12.958174,50.853484
11,23,5,16,14,3,3,0,1,0,0,1,0,0,0,0,0,12.934226,50.851159
11,23,5,16,20,3,3,3,7,1,0,1,1,0,0,0,0,12.925115,50.825188
11,23,5,18,20,5,3,0,1,1,0,1,0,0,0,0,0,12.912488,50.820481
11,23,5,20,2,7,3,5,3,2,0,1,1,0,0,0,0,12.89948,50.839751
11,23,5,25,17,5,3,0,7,0,0,1,0,0,0,0,0,12.964858,50.855202
11,23,5,26,15,6,3,5,3,0,0,1,1,0,0,0,0,12.862998,50.866467
11,23,5,28,12,1,3,5,2,0,0,1,1,0,0,0,0,12.931082,50.846247
11,23,5,28,18,1,3,0,1,0,0,1,0,0,0,0,0,12.955764,50.831699
11,23,5,30,19,3,3,5,3,0,0,1,1,0,0,0,0,12.836209,50.860936
11,23,5,31,16,4,2,0,7,0,0,1,0,0,0,0,0,12.879803,50.834627
11,23,6,1,11,5,3,1,2,0,0,1,1,0,0,0,0,12.920382,50.853068
11,23,6,2,10,6,2,0,1,0,0,1,0,0,0,0,0,12.879299,50.854861
11,23,6,3,16,7,3,1,5,0,0,1,1,0,0,0,0,12.961693,50.832937
11,23,6,5,14,2,3,5,2,0,0,1,1,0,0,0,0,12.951412,50.787203
11,23,6,7,14,4,3,5,3,0,1,1,1,0,0,0,0,12.900985,50.863777
11,23,6,8,7,5,3,0,6,0,0,1,1,0,0,0,0,12.900523,50.825757
11,23,6,8,21,5,3,5,3,1,0,1,1,0,0,0,0,12.957009,50.838345
11,23,6,9,14,6,3,2,2,0,0,1,1,0,0,0,0,12.91179,50.871701
11,23,6,11,12,1,3,3,6,0,0,1,1,0,0,0,0,12.790416,50.78968
11,23,6,12,10,2,2,6,6,0,0,1,0,1,0,0,0,12.902096,50.876091
11,23,6,12,14,2,3,1,5,0,0,1,1,0,0,0,0,12.914699,50.834687
11,23,6,13,7,3,3,5,3,0,0,1,1,0,0,0,0,12.804149,50.846045
11,23,6,13,16,3,2,0,7,0,0,1,0,0,0,0,0,12.845011,50.880158
11,23,6,14,7,4,3,5,2,0,0,1,1,0,0,0,0,12.93219,50.823606
11,23,6,14,16,4,3,5,3,0,0,1,1,0,0,0,0,12.945953,50.840786
11,23,6,15,10,5,3,1,5,0,0,1,1,0,0,0,0,12.935947,50.83339
11,23,6,19,18,2,3,1,5,0,0,1,1,0,0,0,0,12.943658,50.79475
11,23,6,20,8,3,3,0,1,0,0,1,0,0,0,0,0,12.915563,50.833885
11,23,6,20,16,3,3,5,3,0,0,1,1,0,0,0,0,12.915639,50.819821
11,23,6,20,19,3,3,0,1,0,0,1,0,0,0,0,0,12.916721,50.874613
11,23,6,21,7,4,3,5,2,0,0,1,1,0,0,0,0,12.930989,50.846255
11,23,6,21,17,4,3,0,1,0,1,1,0,0,0,0,0,12.923759,50.841043
11,23,6,22,7,5,3,0,7,0,0,1,0,0,0,0,0,12.931945,50.847752
11,23,6,22,7,5,2,4,7,0,0,1,1,0,0,0,0,12.95996,50.866821
11,23,6,22,16,5,2,1,5,0,0,1,1,0,0,0,0,12.848093,50.83355
11,23,6,24,2,7,3,0,1,2,0,1,0,0,0,0,0,12.921243,50.836493
11,23,6,25,16,1,3,5,3,0,0,1,1,0,0,0,0,12.943689,50.829257
11,23,6,25,20,1,3,1,5,0,0,1,1,0,0,0,0,12.849892,50.834277
11,23,6,26,10,2,3,1,5,0,0,1,1,0,0,0,0,12.872775,50.843668
11,23,6,27,16,3,2,4,6,0,0,1,0,0,0,0,0,12.850817,50.819549
11,23,6,29,17,5,3,0,7,0,0,1,0,0,0,0,0,12.93544,50.851279
11,23,6,30,10,6,2,0,5,0,0,1,1,0,0,0,0,12.914881,50.835948
11,23,6,30,11,6,3,5,3,0,0,1,1,0,0,0,0,12.922774,50.821806
11,23,6,30,13,6,3,5,3,0,0,1,1,0,0,0,0,12.929303,50.856675
11,23,7,3,15,2,3,5,2,0,0,1,1,0,0,0,0,12.891445,50.786023
11,23,7,4,7,3,3,5,3,0,0,1,1,0,0,0,0,12.840621,50.817274
11,23,7,4,7,3,3,5,3,0,0,1,1,0,0,0,0,12.887758,50.818491
11,23,7,4,15,3,3,3,2,0,0,1,1,0,0,0,0,12.927388,50.834524
11,23,7,4,22,3,3,0,7,2,0,1,0,0,0,0,0,12.947454,50.834915
11,23,7,5,8,4,3,5,2,0,0,1,1,0,0,0,0,12.880812,50.793904
11,23,7,6,6,5,2,0,1,0,0,1,0,0,0,0,0,12.934508,50.83114
11,23,7,6,21,5,3,0,1,2,0,1,0,0,0,0,0,12.921178,50.833129
11,23,7,7,10,6,3,5,3,0,0,1,1,0,0,0,0,12.819538,50.821084
11,23,7,11,7,3,3,8,1,0,0,1,0,0,0,0,0,12.949604,50.810502
11,23,7,11,16,3,3,3,2,0,0,1,1,0,0,0,0,12.907283,50.822517
11,23,7,13,17,5,3,0,7,0,0,1,0,0,0,0,0,12.880271,50.82229
11,23,7,14,6,6,2,5,2,0,0,1,1,0,0,0,0,12.883066,50.820904
11,23,7,14,16,6,3,3,6,0,0,1,1,0,0,0,0,12.888463,50.831619
11,23,7,16,16,1,3,6,7,0,0,1,0,1,0,0,0,12.893788,50.858069
11,23,7,17,16,2,3,0,7,0,0,1,0,1,0,0,0,12.833435,50.824236
11,23,7,17,19,2,3,2,6,0,0,1,0,0,0,0,0,12.889944,50.787823
11,23,7,19,10,4,3,0,7,0,0,1,0,0,0,0,0,12.952174,50.881912
11,23,7,20,7,5,2,5,3,0,0,1,1,0,0,0,0,12.941607,50.839289
11,23,7,21,10,6,3,0,5,0,0,1,0,0,0,1,0,12.923504,50.829178
11,23,7,22,14,7,3,0,7,0,0,1,0,0,0,0,0,12.92591,50.830725
11,23,7,25,14,3,3,5,3,0,1,1,1,0,0,0,0,12.894535,50.786812
11,23,7,25,14,3,2,0,1,0,0,1,0,0,0,0,0,12.924468,50.845433
11,23,7,27,15,5,2,5,3,0,0,1,1,0,0,0,0,12.900355,50.837477
11,23,7,27,17,5,3,5,3,0,1,1,1,0,0,0,0,12.993575,50.781873
11,23,7,27,19,5,3,3,6,0,0,1,1,0,0,0,0,12.918278,50.841454
11,23,7,29,18,7,2,0,1,0,1,1,0,0,0,0,0,12.908932,50.826868
11,23,8,1,15,3,2,3,2,0,0,1,1,0,0,0,0,12.962081,50.811347
11,23,8,2,5,4,3,5,3,1,0,1,1,0,0,0,0,12.903251,50.839842
11,23,8,2,7,4,3,5,3,0,1,1,0,0,0,0,1,12.884541,50.852885
11,23,8,3,7,5,2,5,3,0,0,1,1,0,0,0,0,12.949847,50.838555
11,23,8,6,14,1,3,3,2,0,0,1,1,0,0,0,0,12.904227,50.825661
11,23,8,6,14,1,2,0,1,0,0,1,0,0,0,0,0,12.980095,50.803713
11,23,8,10,9,5,2,7,7,0,0,1,0,1,0,0,0,13.049499,50.812175
11,23,8,11,15,6,3,0,7,0,0,1,0,0,0,0,0,12.899772,50.852705
11,23,8,12,0,7,3,0,1,2,0,1,0,0,0,0,0,12.896428,50.837384
11,23,8,13,10,1,3,5,3,0,0,1,1,0,0,0,0,12.770606,50.809765
11,23,8,13,19,1,2,0,7,0,0,1,0,0,0,0,0,12.902089,50.874435
11,23,8,16,17,4,2,2,6,0,0,1,1,0,0,0,0,12.828232,50.812065
11,23,8,19,20,7,3,0,7,1,0,1,0,0,0,0,0,12.924575,50.845374
11,23,8,21,10,2,3,8,7,0,0,1,0,0,0,0,0,12.908656,50.822676
11,23,8,21,17,2,3,5,2,0,0,1,1,0,0,0,0,12.934805,50.832709
11,23,8,22,10,3,3,4,2,0,0,1,0,0,0,0,1,12.784881,50.811944
11,23,8,22,16,3,3,5,3,0,0,1,1,0,0,0,0,12.897841,50.787561
11,23,8,23,16,4,3,1,5,0,0,1,1,0,0,0,0,12.931209,50.830634
11,23,8,23,20,4,3,0,2,1,0,1,0,0,0,0,0,12.925676,50.823291
11,23,8,24,7,5,2,5,2,0,0,1,1,0,0,0,0,12.818924,50.813184
11,23,8,24,7,5,3,5,2,0,0,1,1,0,0,0,0,12.955553,50.814099
11,23,8,24,13,5,2,2,6,0,0,1,0,0,0,0,0,12.795713,50.813536
11,23,8,24,21,5,2,6,4,2,0,1,1,1,0,0,0,12.901344,50.833555
11,23,8,26,9,7,3,5,3,0,0,1,1,0,0,0,0,12.911706,50.80353
11,23,8,28,15,2,3,4,2,0,1,1,1,0,0,0,0,12.915341,50.837595
11,23,8,30,7,4,2,0,7,0,1,1,0,0,0,0,0,12.87942,50.809731
11,23,9,1,6,6,3,0,7,2,0,1,0,0,0,0,0,12.924254,50.848223
11,23,9,3,16,1,2,8,1,0,0,1,0,0,0,0,0,12.895189,50.819678
11,23,9,4,8,2,3,0,3,0,0,1,0,0,0,0,1,12.921612,50.831192
11,23,9,6,7,4,3,5,2,0,0,1,0,0,0,0,1,12.958633,50.865608
11,23,9,6,12,4,3,5,3,0,0,1,1,0,0,0,0,12.939209,50.843516
11,23,9,6,17,4,3,4,6,0,0,1,0,0,0,0,0,12.929875,50.80183
11,23,9,7,9,5,3,5,2,0,0,1,1,0,0,0,0,12.926589,50.833856
11,23,9,7,15,5,3,6,4,0,0,1,0,1,0,0,0,12.960612,50.833147
11,23,9,11,14,2,2,5,2,0,0,1,1,0,0,0,0,12.926642,50.845713
11,23,9,11,15,2,3,6,6,0,0,1,0,1,0,0,0,12.892014,50.850622
11,23,9,11,16,2,2,5,2,0,0,1,1,0,0,0,0,12.89734,50.831506
11,23,9,12,12,3,2,6,7,0,0,1,0,1,0,0,0,12.90031,50.824616
11,23,9,12,12,3,3,0,7,0,0,1,0,0,0,0,0,12.937826,50.830248
11,23,9,13,19,4,3,3,6,1,0,1,1,0,0,0,0,12.876072,50.788854
11,23,9,13,22,4,3,6,7,2,1,1,0,1,0,0,0,12.89399,50.819704
11,23,9,14,14,5,3,1,5,0,0,1,1,0,0,0,0,12.91747,50.839807
11,23,9,18,15,2,3,3,2,0,0,1,1,0,0,0,0,12.929002,50.826315
11,23,9,19,16,3,3,5,3,0,0,1,1,0,0,0,0,12.833099,50.825548
11,23,9,20,15,4,3,0,7,0,0,1,0,0,0,0,0,12.911476,50.837456
11,23,9,20,15,4,3,1,5,0,0,1,1,0,0,0,0,12.91589,50.834975
11,23,9,21,19,5,2,5,2,0,0,1,1,0,0,0,0,12.943417,50.81918
11,23,9,25,14,2,3,6,4,0,0,1,0,1,0,0,0,12.846674,50.822334
11,23,9,25,16,2,3,1,5,0,0,1,1,0,0,0,0,12.950884,50.799973
11,23,9,25,17,2,3,0,7,0,0,1,0,0,0,0,0,12.926581,50.833797
11,23,9,26,9,3,3,3,6,0,0,1,1,0,0,0,0,13.01475,50.82122
11,23,9,26,10,3,3,1,5,0,0,1,1,0,0,0,0,12.922789,50.847055
11,23,9,26,15,3,3,3,6,0,0,1,0,0,0,0,0,12.921134,50.825374
11,23,9,26,15,3,3,3,6,0,0,1,0,0,0,0,0,12.921574,50.82537
11,23,9,26,17,3,3,5,2,0,0,1,0,0,0,0,0,12.916463,50.838955
11,23,9,26,19,3,3,3,2,0,0,1,1,0,0,0,0,12.928741,50.826677
11,23,9,27,17,4,3,5,2,0,0,1,1,0,0,0,0,12.937162,50.821187
11,23,9,28,7,5,3,3,2,0,0,1,1,0,0,0,0,12.937265,50.821732
11,23,9,28,15,5,3,4,2,0,0,1,1,0,0,0,0,12.926642,50.845713
11,23,9,28,21,5,3,0,7,2,0,1,0,0,0,0,0,12.910478,50.840825
11,23,9,29,9,6,3,2,6,0,0,1,1,0,0,0,0,12.926067,50.776917
11,23,9,29,13,6,3,3,2,0,0,1,1,0,0,0,0,12.92875,50.826665
11,23,10,9,14,2,3,0,7,0,1,1,0,0,0,0,0,12.908567,50.827
11,23,10,10,6,3,3,5,3,1,1,1,1,0,0,0,0,12.925836,50.822993
11,23,10,11,15,4,2,0,7,0,0,1,0,1,0,0,0,12.914533,50.833194
11,23,10,11,18,4,2,0,3,0,0,1,0,0,0,0,0,12.962445,50.811191
11,23,10,12,10,5,3,0,1,0,1,1,0,0,0,0,0,12.899661,50.834559
11,23,10,14,13,7,3,6,4,0,1,1,0,1,0,0,0,12.898488,50.83825
11,23,10,16,7,2,3,5,2,0,0,1,1,0,0,0,0,12.9153,50.837576
11,23,10,19,6,5,3,4,6,1,1,1,0,1,0,0,0,12.951832,50.861776
11,23,10,19,15,5,3,0,1,0,1,1,0,0,0,0,0,12.926562,50.845549
11,23,10,19,18,5,3,1,5,2,1,1,1,0,0,0,0,12.904312,50.832524
11,23,10,24,13,3,3,5,3,0,0,1,1,0,0,0,0,12.929231,50.821697
11,23,10,24,14,3,3,0,1,0,0,1,0,0,0,0,0,12.937774,50.832295
11,23,10,25,9,4,3,0,1,0,1,1,0,0,0,0,0,12.866047,50.810097
11,23,10,26,17,5,3,5,2,0,0,1,1,0,0,0,0,12.940961,50.826915
11,23,10,30,10,2,2,5,2,0,0,1,1,0,0,0,0,12.927282,50.801369
11,23,11,2,22,5,3,4,2,2,1,1,1,0,0,0,0,12.926225,50.822445
11,23,11,6,6,2,2,5,3,0,0,1,1,0,0,0,0,12.908022,50.821719
11,23,11,6,9,2,3,3,2,0,0,1,1,0,0,0,0,12.927786,50.824522
11,23,11,7,16,3,3,5,3,2,0,1,1,0,0,0,0,12.928424,50.819318
11,23,11,8,13,4,3,5,7,0,0,1,1,0,0,0,0,12.876964,50.828557
11,23,11,10,16,6,2,3,6,0,0,1,1,0,0,0,0,12.893629,50.858202
11,23,11,13,21,2,3,5,2,2,1,1,1,0,0,0,0,12.944412,50.827424
11,23,11,15,16,4,3,5,3,2,1,1,1,0,0,0,0,12.913313,50.843647
11,23,11,15,16,4,3,5,2,0,1,1,0,0,0,1,0,12.916917,50.85633
11,23,11,16,18,5,3,0,1,2,1,1,0,0,0,0,0,12.901236,50.838705
11,23,11,17,9,6,3,0,1,0,0,1,0,0,0,0,0,12.920236,50.823791
11,23,11,20,7,2,3,4,2,2,1,1,1,0,0,0,0,12.908796,50.826837
11,23,11,21,8,3,3,0,1,1,1,1,0,0,0,0,0,12.93881,50.83937
11,23,11,23,12,5,3,5,2,0,0,1,1,0,0,0,0,12.919471,50.817755
11,23,11,23,13,5,3,5,3,0,0,1,1,0,0,0,0,12.987606,50.888044
11,23,11,24,12,6,3,5,3,0,1,1,1,0,0,0,0,12.93184,50.821877
11,23,11,27,16,2,3,5,2,2,1,1,1,0,0,0,0,12.840339,50.817913
11,23,12,2,14,7,2,0,7,0,1,1,0,0,0,0,0,12.923879,50.835149
11,23,12,11,9,2,2,4,2,0,1,1,1,0,0,0,0,12.912479,50.816951
11,23,12,13,6,4,3,5,2,2,1,1,1,0,0,0,0,12.908784,50.826834
11,23,12,14,17,5,3,5,3,2,1,1,1,0,0,0,0,12.903458,50.828587
11,23,12,15,13,6,2,5,3,0,1,1,1,0,0,0,0,12.88774,50.818485
11,23,12,15,14,6,3,3,6,0,1,1,1,0,0,0,0,12.925154,50.806135
11,23,12,18,9,2,3,5,3,0,0,1,1,0,0,0,0,12.927401,50.834537
11,23,12,18,19,2,3,3,6,2,0,1,1,0,0,0,0,12.953163,50.839218
11,23,12,19,7,3,3,2,6,0,0,1,1,0,0,0,0,12.904355,50.84537
11,23,12,30,14,7,3,5,3,0,0,1,1,0,0,0,0,12.93865,50.839401
11,24,1,1,20,2,3,0,7,2,1,1,0,0,0,0,0,12.921518,50.833349
11,24,1,2,8,3,3,1,5,0,1,1,1,0,0,0,0,12.922692,50.82806
11,24,1,5,14,6,2,5,7,0,0,1,1,0,0,0,0,12.927113,50.858476
11,24,1,14,5,1,3,6,6,2,0,1,0,1,0,0,0,12.952514,50.841432
11,24,1,26,6,6,2,6,2,2,0,1,0,1,0,0,0,12.906298,50.841857
11,24,1,26,7,6,3,7,7,1,0,1,0,0,0,0,0,12.916507,50.839005
11,24,1,29,12,2,3,2,6,0,0,1,1,0,0,0,0,12.934505,50.820442
11,24,1,29,14,2,2,5,3,0,0,1,1,0,0,0,0,12.917121,50.826141
11,24,2,2,6,6,3,4,6,2,0,1,0,0,0,0,0,12.85799,50.832703
11,24,2,2,12,6,2,0,7,0,0,1,0,0,0,0,0,12.908563,50.796374
11,24,2,10,21,7,2,0,1,2,0,1,0,0,0,0,0,12.943522,50.852975
11,24,2,13,17,3,3,0,7,1,0,1,1,0,0,0,0,12.901306,50.8305
11,24,2,14,23,4,3,0,1,2,1,1,0,0,0,0,0,12.931578,50.832639
11,24,2,19,16,2,3,5,3,0,0,1,1,0,0,0,0,12.933121,50.811529
11,24,2,22,11,5,3,5,3,0,1,1,1,0,0,0,0,12.92385,50.806047
11,24,2,22,18,5,3,4,2,2,0,1,1,0,0,0,0,12.870607,50.817936
11,24,3,1,15,6,3,5,3,0,0,1,1,0,0,0,0,12.95832,50.812939