UKREIS,UJAHR,UMONAT,UTAG,USTUNDE,UWOCHENTAG,UKATEGORIE,UART,UTYP,LICHT,USTRZUSTAND,IstRad,IstPKW,IstFuss,IstKrad,IstGkfz,IstSonstige,@lon,@lat
11,24,3,3,19,1,3,0,7,2,0,1,0,0,0,0,0,12.957096,50.828287
11,24,3,6,5,4,3,5,3,2,0,1,1,0,0,0,0,12.874318,50.819273
11,24,3,10,10,1,2,0,1,0,0,1,0,0,0,0,0,12.924287,50.839335
11,24,3,13,16,4,3,3,2,0,0,1,0,0,0,0,1,12.846772,50.821316
11,24,3,17,13,1,3,2,6,0,0,1,0,0,0,0,1,12.88831,50.831613
11,24,3,19,16,3,3,1,5,0,0,1,1,0,0,0,0,12.924805,50.836058
11,24,3,20,11,4,3,5,3,0,0,1,1,0,0,0,0,12.931144,50.822352
11,24,3,20,19,4,3,0,7,2,0,1,0,0,0,0,0,12.927302,50.790939
11,24,3,25,12,2,3,8,1,0,0,1,1,0,0,0,0,12.898295,50.826684
11,24,3,28,13,5,3,5,3,0,0,1,0,0,0,0,1,12.908423,50.822497
11,24,4,2,16,3,3,5,3,0,0,1,0,0,0,0,1,12.921896,50.830871
11,24,4,3,15,4,2,8,1,0,0,1,0,0,0,0,0,12.826228,50.816411
11,24,4,3,19,4,3,3,6,1,1,1,1,0,0,0,0,12.870074,50.833677
11,24,4,6,15,7,3,0,6,0,0,1,1,0,0,0,0,12.851381,50.864733
11,24,4,7,20,1,3,0,7,2,0,1,0,0,0,0,0,12.91496,50.83916
11,24,4,8,16,2,2,1,5,0,0,1,1,0,0,0,0,12.888219,50.832297
11,24,4,8,16,2,3,0,1,0,0,1,1,0,0,0,0,12.915542,50.872562
11,24,4,10,9,4,3,8,1,0,0,1,0,0,0,0,0,12.943547,50.848118
11,24,4,11,7,5,3,5,2,0,0,1,1,0,0,0,0,12.928748,50.826667
11,24,4,11,10,5,3,5,3,0,0,1,1,0,0,0,0,12.772385,50.809843
11,24,4,11,10,5,3,3,2,0,0,1,1,0,0,0,0,12.923639,50.828999
11,24,4,11,16,5,3,5,3,0,0,1,0,0,0,0,0,12.910125,50.840608
11,24,4,11,20,5,3,0,7,2,0,1,0,0,0,0,0,12.919366,50.841524
11,24,4,12,19,6,2,0,1,1,0,1,0,0,0,0,0,12.865489,50.824041
11,24,4,13,18,7,2,5,2,0,0,1,1,0,0,0,0,12.907953,50.794404
11,24,4,14,16,1,2,1,5,0,0,1,1,0,0,0,0,12.87783,50.788118
11,24,4,14,18,1,3,9,1,0,0,1,0,1,0,0,0,12.875049,50.834222
11,24,4,16,6,3,3,5,3,0,0,1,1,0,0,0,0,12.925671,50.823341
11,24,4,19,16,6,3,4,2,0,1,1,1,0,0,0,0,12.903257,50.839841
11,24,4,21,18,1,3,0,1,0,1,1,0,0,0,0,0,12.923714,50.83524
11,24,4,23,8,3,3,5,3,0,0,1,1,0,0,0,0,12.926241,50.845042
11,24,4,23,14,3,3,5,3,0,0,1,1,0,0,0,0,12.905885,50.832567
11,24,4,25,9,5,3,5,3,0,0,1,1,0,0,0,0,12.936164,50.845317
11,24,4,26,9,6,3,5,3,0,0,1,1,0,0,0,0,12.827779,50.813223
11,24,4,26,15,6,3,6,4,0,0,1,0,1,0,0,0,12.831024,50.812113
11,24,4,27,18,7,3,5,3,0,0,1,1,0,0,0,0,12.916745,50.837204
11,24,4,29,9,2,3,1,7,0,0,1,1,0,0,0,0,12.906688,50.835952
11,24,4,30,17,3,3,5,3,0,0,1,1,0,0,0,0,12.908404,50.822517
11,24,5,2,8,5,3,5,3,0,0,1,0,0,0,0,0,12.961487,50.827998
11,24,5,2,14,5,3,0,3,0,0,1,1,0,0,0,0,12.894811,50.786918
11,24,5,6,17,2,3,5,3,0,0,1,1,0,0,0,0,12.929521,50.835133
11,24,5,8,2,4,3,8,1,2,1,1,0,0,0,0,0,12.928715,50.826713
11,24,5,8,7,4,3,2,6,0,0,1,0,0,0,0,1,12.941159,50.826945
11,24,5,9,15,5,2,0,7,0,0,1,0,0,0,0,0,12.892069,50.881719
11,24,5,9,16,5,3,0,1,0,0,1,0,0,0,0,0,12.878662,50.823819
11,24,5,9,17,5,3,5,2,0,0,1,1,0,0,0,0,12.896441,50.80287
11,24,5,9,19,5,3,5,3,0,0,1,1,0,0,0,0,12.822301,50.83022
11,24,5,14,10,3,3,4,6,0,0,1,1,0,0,0,0,12.893923,50.828926
11,24,5,14,11,3,3,0,1,0,0,1,0,0,0,0,0,12.890145,50.793609
11,24,5,14,15,3,3,0,7,0,0,1,0,0,0,0,0,12.90625,50.839861
11,24,5,14,17,3,2,8,1,0,0,1,0,0,0,0,0,12.820325,50.830958
11,24,5,15,7,4,3,0,2,0,0,1,0,0,0,0,1,12.913389,50.814709
11,24,5,15,8,4,2,0,7,0,0,1,0,0,0,0,0,12.832641,50.816861
11,24,5,15,14,4,3,0,1,0,0,1,0,0,0,0,0,12.938826,50.851581
11,24,5,15,20,4,2,3,6,1,0,1,1,0,0,0,0,12.876001,50.824706
11,24,5,16,7,5,3,5,3,0,0,1,1,0,0,0,0,12.925024,50.829396
11,24,5,16,11,5,3,2,6,0,0,1,1,0,0,0,0,12.903026,50.787904
11,24,5,19,12,1,2,6,7,0,0,1,0,1,0,0,0,12.922254,50.831032
11,24,5,20,11,2,3,5,3,0,0,1,0,0,0,0,0,12.919372,50.837477
11,24,5,23,15,5,2,0,7,0,0,1,0,0,0,0,0,12.922546,50.834055
11,24,5,23,20,5,3,5,3,1,0,1,1,0,0,0,0,12.907214,50.822507
11,24,6,4,5,3,2,4,6,0,1,1,0,0,0,0,0,12.867501,50.810729
11,24,6,4,9,3,3,5,3,0,0,1,1,0,0,0,0,12.90842,50.841158
11,24,6,4,17,3,3,5,3,0,0,1,1,0,0,0,0,12.917873,50.823815
11,24,6,5,17,4,2,0,7,0,0,1,0,0,0,0,0,12.833345,50.836239
11,24,6,6,15,5,3,5,3,0,0,1,1,0,0,0,0,12.923799,50.807921
11,24,6,7,5,6,3,0,6,0,0,1,0,0,0,0,1,12.967192,50.855013
11,24,6,10,14,2,3,5,3,0,0,1,1,0,0,0,0,12.862317,50.797353
11,24,6,12,6,4,3,5,3,0,0,1,1,0,0,0,0,12.894241,50.817423
11,24,6,12,14,4,2,6,4,0,0,1,0,1,0,0,0,12.917534,50.839847
11,24,6,17,7,2,3,4,2,0,0,1,0,0,1,0,0,12.926473,50.829846
11,24,6,19,15,4,3,5,3,0,1,1,1,0,0,0,0,12.916898,50.85627
11,24,6,20,11,5,3,6,6,0,0,1,0,1,0,0,0,12.922411,50.831611
11,24,6,21,8,6,2,0,7,0,0,1,0,0,0,0,0,12.909769,50.83775
11,24,6,22,19,7,3,0,7,0,0,1,0,0,0,0,0,12.926497,50.829814
11,24,6,26,13,4,2,5,3,0,0,1,0,0,0,0,0,12.891363,50.835849
11,24,6,27,6,5,3,3,2,0,0,1,1,0,0,0,0,12.912404,50.82794
11,24,6,28,15,6,3,0,1,0,0,1,0,0,0,0,0,12.96954,50.829968
11,24,6,29,23,7,3,0,1,2,0,1,0,0,0,0,0,12.895199,50.795913
11,24,7,6,6,7,3,3,6,0,0,1,1,0,0,0,0,12.931379,50.831706
11,24,7,8,14,2,3,3,2,0,0,1,1,0,0,0,0,12.933762,50.851108
11,24,7,9,15,3,3,1,5,0,0,1,1,0,0,0,0,12.973333,50.766298
11,24,7,10,6,4,3,5,2,0,0,1,1,0,0,0,0,12.986046,50.792944
11,24,7,11,14,5,3,4,6,0,0,1,0,0,0,0,0,12.918795,50.825148
11,24,7,15,21,2,3,4,6,2,0,1,0,0,0,0,0,12.961298,50.827977
11,24,7,16,13,3,3,0,6,0,0,1,0,0,0,0,1,12.878158,50.783648
11,24,7,17,15,4,2,0,7,0,0,1,0,0,0,0,0,12.819111,50.833217
11,24,7,18,6,5,2,3,2,0,0,1,1,0,0,0,0,12.904105,50.825649
11,24,7,18,11,5,3,3,6,0,0,1,1,0,0,0,0,12.916049,50.819624
11,24,7,18,15,5,3,3,6,0,0,1,1,0,0,0,0,12.913379,50.838142
11,24,7,24,7,4,3,5,3,0,0,1,1,0,0,0,0,12.877101,50.836178
11,24,7,24,14,4,2,5,3,0,0,1,1,0,0,0,0,12.906271,50.839589
11,24,7,27,1,7,2,0,7,2,0,1,0,0,0,0,0,12.825555,50.863631
11,24,7,27,21,7,2,0,1,2,1,1,0,0,0,0,0,12.886041,50.842695
11,24,7,28,17,1,3,4,2,2,0,1,1,0,0,0,0,12.94162,50.819936
11,24,7,31,22,4,3,0,7,2,0,1,0,0,0,0,0,12.901908,50.836181
11,24,8,3,23,7,2,0,1,2,0,1,0,0,0,0,0,12.837609,50.871259
11,24,8,4,14,1,3,7,7,0,0,1,0,0,0,0,0,12.870416,50.821368
11,24,8,5,17,2,3,4,6,0,0,1,1,0,0,0,0,12.922873,50.847164
11,24,8,6,20,3,3,0,1,1,0,1,0,0,0,0,0,12.831521,50.826333
11,24,8,7,11,4,3,5,2,0,0,1,1,0,0,0,0,12.882604,50.853555
11,24,8,7,22,4,3,5,2,2,0,1,1,0,0,0,0,12.926218,50.825575
11,24,8,8,14,5,3,1,7,0,0,1,1,0,0,0,0,12.877741,50.834836
11,24,8,8,17,5,2,5,3,0,0,1,1,0,0,0,0,12.931085,50.831616
11,24,8,12,10,2,3,5,2,0,0,1,1,0,0,0,0,12.8709,50.876094
11,24,8,12,10,2,3,0,1,0,0,1,0,0,0,0,0,12.916136,50.834054
11,24,8,12,15,2,3,4,6,0,0,1,0,0,0,0,0,12.895337,50.862499
11,24,8,12,15,2,3,4,5,0,0,1,1,0,0,0,0,12.902927,50.839888
11,24,8,12,15,2,2,5,3,0,0,1,1,0,0,0,0,12.923936,50.835055
11,24,8,13,19,3,3,5,3,1,0,1,1,0,0,0,0,12.834108,50.836184
11,24,8,14,14,4,3,0,2,0,1,1,1,0,0,0,0,12.92643,50.833913
11,24,8,14,16,4,3,5,2,0,1,1,1,0,0,0,0,12.954705,50.83138
11,24,8,21,7,4,2,3,2,0,0,1,1,0,0,0,0,12.895088,50.819883
11,24,8,21,15,4,2,6,4,0,0,1,0,1,0,0,0,12.917459,50.828917
11,24,8,21,17,4,3,5,2,0,0,1,1,0,0,0,0,12.956849,50.821822
11,24,8,23,16,6,3,5,3,0,0,1,0,0,0,0,0,12.914119,50.839891
11,24,8,26,16,2,3,5,2,0,0,1,1,0,0,0,0,12.964654,50.810144
11,24,8,27,7,3,2,5,3,0,0,1,0,0,0,0,1,12.902596,50.772164
11,24,8,27,18,3,2,5,3,0,0,1,1,0,0,0,0,12.910829,50.817137
11,24,8,29,15,5,2,5,2,0,0,1,1,0,0,0,0,12.941329,50.825832
11,24,8,30,7,6,3,0,1,0,0,1,0,0,0,0,0,12.942686,50.830822
11,24,8,31,11,7,3,6,6,0,0,1,1,1,0,0,0,12.922375,50.835915
11,24,9,1,16,1,2,9,1,0,0,1,0,0,0,0,0,12.924983,50.857525
11,24,9,1,17,1,3,5,2,0,0,1,0,0,1,0,0,12.789216,50.811277
11,24,9,2,9,2,3,0,1,0,0,1,0,0,0,0,0,12.95094,50.839701
11,24,9,2,16,2,3,5,3,0,0,1,1,0,0,0,0,12.925995,50.825532
11,24,9,2,22,2,3,5,2,2,0,1,1,0,0,0,0,12.928744,50.826673
11,24,9,4,18,4,3,5,3,0,0,1,1,0,0,0,0,12.919631,50.8363
11,24,9,9,22,2,2,5,3,2,1,1,0,0,0,0,1,12.932546,50.840156
11,24,9,10,6,3,2,0,1,1,1,1,0,0,0,0,0,12.915975,50.874116
11,24,9,11,11,4,3,3,6,0,0,1,0,0,0,1,0,12.926482,50.829834
11,24,9,13,7,6,3,6,4,1,0,1,0,1,0,0,0,12.921926,50.832259
11,24,9,14,13,7,3,0,6,0,0,1,1,0,0,0,0,12.903051,50.788051
11,24,9,17,6,3,3,5,2,1,1,1,1,0,0,0,0,12.936961,50.862494
11,24,9,19,5,5,2,0,1,2,0,1,0,0,0,0,0,12.906357,50.821085
11,24,9,19,9,5,3,3,2,0,0,1,1,0,0,0,0,12.936386,50.82209
11,24,9,20,8,6,3,5,2,0,0,1,1,0,0,0,0,12.922076,50.841279
11,24,9,20,13,6,3,0,3,0,0,1,0,0,0,0,1,12.915453,50.829239
11,24,9,23,15,2,3,5,3,0,0,1,1,0,0,0,0,12.900891,50.840897
11,24,9,23,15,2,3,0,7,0,0,1,0,0,0,0,0,12.925843,50.786823
11,24,9,23,17,2,3,1,5,0,0,1,1,0,0,0,0,12.829987,50.810393
11,24,9,23,19,2,3,0,1,0,0,1,0,0,0,0,0,12.875151,50.870781
11,24,9,30,13,2,3,0,2,0,0,1,1,0,0,0,0,12.916883,50.841645
11,24,10,3,22,5,3,7,7,2,1,1,0,0,0,0,0,12.807249,50.843749
11,24,10,6,0,1,3,0,1,2,0,1,0,0,0,0,0,12.945829,50.802951
11,24,10,6,11,1,2,0,7,0,0,1,0,0,0,0,0,12.958025,50.830659
11,24,10,7,15,2,3,4,5,0,1,1,1,0,0,0,0,12.899108,50.776888
11,24,10,9,6,4,3,0,3,2,1,1,1,0,0,0,0,12.892696,50.790756
11,24,10,9,11,4,3,0,1,0,0,1,0,0,0,0,0,12.915015,50.837029
11,24,10,10,19,5,3,5,2,2,1,1,1,0,0,0,0,12.940274,50.84264
11,24,10,11,6,6,3,0,1,1,1,1,1,0,0,0,0,12.886931,50.838454
11,24,10,12,8,7,2,5,2,0,0,1,1,0,0,0,0,12.941628,50.819933
11,24,10,14,15,2,3,5,2,0,0,1,1,0,0,0,0,12.89735,50.837891
11,24,10,17,16,5,2,3,2,0,0,1,1,0,0,0,0,12.928262,50.819561
11,24,10,19,12,7,3,5,3,0,0,1,1,0,0,0,0,12.907247,50.822503
11,24,10,21,8,2,3,0,6,0,0,1,0,0,0,0,1,12.914993,50.828988
11,24,10,22,14,3,3,0,7,0,1,1,0,0,0,0,0,12.933157,50.823253
11,24,10,24,19,5,2,0,3,2,0,1,1,0,0,0,0,12.92512,50.825168
11,24,10,25,10,6,3,2,2,0,0,1,1,0,0,0,0,12.905942,50.823854
11,24,10,25,14,6,3,5,3,0,0,1,1,0,0,0,0,12.898663,50.800984
11,24,10,25,16,6,3,2,6,0,0,1,0,0,0,0,0,12.861417,50.832776
11,24,10,25,18,6,3,0,3,1,0,1,1,0,0,0,0,12.923305,50.847758
11,24,10,26,14,7,3,3,6,0,0,1,0,0,0,0,0,12.856644,50.820368
11,24,10,28,21,2,1,5,3,2,0,1,1,0,0,0,0,12.908062,50.833057
11,24,11,4,6,2,3,5,3,1,0,1,1,0,0,0,0,12.905119,50.835149
11,24,11,5,12,3,3,5,2,0,0,1,1,0,0,0,0,12.897361,50.837895
11,24,11,5,17,3,3,3,2,2,0,1,1,0,0,0,0,12.837846,50.820663
11,24,11,5,17,3,3,6,6,2,0,1,0,1,0,0,0,12.945304,50.840926
11,24,11,7,16,5,3,5,3,1,0,1,1,0,0,0,0,12.90176,50.832146
11,24,11,8,6,6,3,5,3,1,1,1,1,0,0,0,0,12.907395,50.863386
11,24,11,9,11,7,2,5,3,0,0,1,1,0,0,0,0,12.90627,50.839596
11,24,11,14,17,5,3,5,2,2,1,1,1,0,0,0,0,12.884765,50.856905
11,24,11,16,14,7,3,2,6,0,0,1,1,0,0,0,0,12.936249,50.845305
11,24,11,22,19,6,3,3,2,2,0,1,1,0,0,0,0,12.870807,50.816073
11,24,11,26,18,3,3,3,6,2,0,1,1,0,0,0,0,12.924559,50.859362
11,24,11,27,13,4,2,5,3,0,0,1,1,0,0,0,0,12.80414,50.846051
11,24,12,3,10,3,3,5,3,0,0,1,1,0,0,0,0,12.925967,50.825525
11,24,12,18,17,4,2,5,3,2,0,1,1,0,0,0,0,12.928434,50.836188
11,24,12,19,17,5,3,0,1,2,1,1,0,0,0,0,0,12.92791,50.845885
11,24,12,19,18,5,3,6,6,2,1,1,0,1,0,0,0,12.946491,50.854823
11,25,1,7,6,3,3,0,7,2,0,1,1,0,0,0,0,12.919778,50.841092
11,25,1,9,17,5,3,0,7,2,1,1,0,0,0,0,0,12.919603,50.831895
11,25,1,21,7,3,3,5,3,1,0,1,1,0,0,0,0,12.900471,50.84708
11,25,1,28,14,3,3,5,3,0,1,1,1,0,0,0,0,12.947131,50.840561
11,25,1,31,17,6,3,5,3,1,0,1,1,0,0,0,0,12.929057,50.83963
11,25,2,3,21,2,3,5,2,2,1,1,1,0,0,0,0,12.912533,50.824867
11,25,2,6,7,5,3,0,1,1,1,1,0,0,0,0,0,12.910378,50.829464
11,25,2,23,21,1,3,2,6,2,0,1,1,0,0,0,0,12.89613,50.835977
11,25,3,7,8,6,3,5,2,0,0,1,1,0,0,0,0,12.941633,50.819931
11,25,3,7,22,6,3,0,7,2,0,1,0,0,0,0,0,12.944362,50.849334
11,25,3,9,11,1,3,3,2,0,0,1,1,0,0,0,0,12.928749,50.826666
11,25,3,10,7,2,3,5,2,0,0,1,1,0,0,0,0,12.934467,50.820409
11,25,3,10,10,2,3,5,3,0,0,1,1,0,0,0,0,12.938802,50.836796
11,25,3,11,11,3,3,5,2,0,0,1,1,0,0,0,0,12.905936,50.82386
11,25,3,13,9,5,3,0,1,0,1,1,0,0,0,0,0,12.927355,50.835745
11,25,3,16,11,1,3,5,3,0,0,1,1,0,0,0,0,12.9043,50.866228
11,25,3,16,13,1,3,0,1,0,0,1,0,0,0,0,0,12.887839,50.838954
11,25,3,17,1,2,3,0,7,2,0,1,1,0,0,0,0,12.937709,50.808708
11,25,3,20,7,5,3,3,2,0,0,1,1,0,0,0,0,12.904316,50.827135
11,25,3,20,17,5,2,5,3,0,0,1,1,0,0,0,0,12.88775,50.818488
11,25,3,21,11,6,3,5,3,0,0,1,1,0,0,0,0,12.914429,50.846082
11,25,3,28,14,6,2,3,2,0,0,1,1,0,0,0,0,12.908849,50.826849
11,25,4,2,9,4,3,3,2,0,0,1,1,0,0,0,0,12.927837,50.824491
11,25,4,2,16,4,3,0,7,0,0,1,0,0,0,0,0,12.950435,50.817628
11,25,4,3,17,5,3,0,1,0,0,1,0,0,0,0,0,12.92133,50.837914
11,25,4,11,19,6,2,8,1,1,0,1,0,0,0,0,0,12.912139,50.806506
11,25,4,14,7,2,3,6,7,2,0,1,0,1,0,0,0,12.907952,50.794404
11,25,4,17,6,5,3,5,3,0,0,1,1,0,0,0,0,12.960385,50.867195
11,25,4,17,11,5,3,0,6,0,0,1,0,0,0,0,1,12.943831,50.854395
11,25,4,17,15,5,3,1,5,0,0,1,1,0,0,0,0,12.929818,50.828041
11,25,4,17,21,5,2,4,6,2,0,1,0,0,0,0,0,12.919647,50.825432
11,25,4,27,3,1,2,0,1,2,0,1,0,0,0,0,0,12.929862,50.830676
11,25,4,28,12,2,3,2,6,0,0,1,1,0,0,0,0,12.904262,50.866163
11,25,4,28,18,2,3,5,3,0,0,1,1,0,0,0,0,12.899862,50.839099
11,25,4,29,9,3,3,2,2,0,0,1,1,0,0,0,0,12.931012,50.824536
11,25,4,29,14,3,3,9,5,0,0,1,1,0,0,0,0,12.899663,50.792433
11,25,5,1,14,5,2,0,1,0,0,1,1,0,0,0,0,12.895599,50.826087
11,25,5,1,19,5,3,1,5,0,0,1,1,0,0,0,0,12.930621,50.845462
11,25,5,6,10,3,3,0,7,0,0,1,0,0,0,0,0,12.931407,50.813076
11,25,5,8,8,5,2,0,6,0,0,1,0,0,0,0,0,12.918666,50.848669
11,25,5,9,22,6,3,4,7,2,0,1,1,0,0,0,0,12.960202,50.837007
11,25,5,12,9,2,2,5,2,0,0,1,1,0,0,0,0,12.929016,50.826294
11,25,5,12,13,2,3,1,5,0,0,1,1,0,0,0,0,12.931326,50.822228
11,25,5,13,7,3,3,5,2,0,0,1,1,0,0,0,0,12.905937,50.823858
11,25,5,14,8,4,3,3,2,0,0,1,1,0,0,0,0,12.920727,50.828225
11,25,5,14,16,4,2,0,1,0,0,1,0,0,0,0,0,12.834194,50.816928
11,25,5,18,13,1,3,3,6,0,0,1,1,0,0,0,0,12.892612,50.85051
11,25,5,20,9,3,3,0,3,0,0,1,1,0,0,0,0,12.907353,50.843386
11,25,5,20,17,3,3,0,3,0,0,1,1,0,0,0,0,12.922781,50.83025
11,25,5,20,19,3,3,0,1,0,0,1,0,0,0,0,0,12.927786,50.840831
11,25,5,22,11,5,3,5,3,0,0,1,1,0,0,0,0,12.931616,50.847178
11,25,5,24,12,7,2,5,3,0,0,1,1,0,0,0,0,12.810348,50.813274
11,25,5,26,5,2,3,0,1,1,1,1,0,0,0,0,0,12.866034,50.810104
11,25,5,27,12,3,3,5,3,0,0,1,1,0,0,0,0,12.873567,50.857052
11,25,5,29,18,5,3,1,7,0,0,1,1,0,0,0,0,12.958126,50.870733
11,25,5,30,14,6,3,5,3,0,0,1,1,0,0,0,0,12.917483,50.788751
11,25,5,31,16,7,3,3,6,0,0,1,1,0,0,0,0,12.915584,50.772499
11,25,6,2,11,2,2,8,7,0,0,1,0,0,0,0,0,12.939678,50.828623
11,25,6,4,12,4,3,0,1,0,1,1,0,0,0,0,0,12.926575,50.829706
11,25,6,4,17,4,3,5,3,0,0,1,1,0,0,0,0,12.839763,50.818566
11,25,6,8,9,1,3,4,6,0,0,1,0,0,0,0,0,12.89852,50.825177
11,25,6,9,12,2,3,6,6,0,0,1,0,1,0,0,0,12.82716,50.825709
11,25,6,9,16,2,3,5,2,0,0,1,1,0,0,0,0,12.931224,50.813559
11,25,6,10,17,3,3,5,3,0,1,1,1,0,0,0,0,12.936386,50.82209
11,25,6,11,7,4,3,5,3,0,0,1,1,0,0,0,0,12.861669,50.797906
11,25,6,12,5,5,3,5,3,1,0,1,1,0,0,0,0,12.897207,50.842429
11,25,6,12,12,5,3,5,2,0,0,1,1,0,0,0,0,12.897349,50.813248
11,25,6,13,11,6,3,5,3,0,0,1,1,0,0,0,0,12.887544,50.851921
11,25,6,16,16,2,3,2,6,0,0,1,1,0,0,0,0,12.937628,50.823168
11,25,6,18,22,4,2,8,1,2,0,1,0,0,0,0,0,12.883999,50.837495
11,25,6,19,12,5,3,1,5,0,0,1,1,0,0,0,0,12.90713,50.835723
11,25,6,19,16,5,3,0,7,0,0,1,0,0,0,0,0,12.938746,50.839804
11,25,6,20,9,6,3,5,3,0,0,1,1,0,0,0,0,12.942424,50.823207
11,25,6,21,11,7,3,0,6,0,0,1,1,0,0,0,0,12.923106,50.847473
11,25,6,21,19,7,3,5,3,0,0,1,1,0,0,0,0,12.901574,50.786097
11,25,6,21,19,7,2,6,7,0,0,1,0,1,0,0,0,12.917294,50.837012
11,25,6,24,14,3,2,0,7,0,0,1,0,0,0,0,1,12.915672,50.819853
11,25,6,25,7,4,3,0,7,0,0,1,0,0,0,0,0,12.932091,50.823664
11,25,6,25,14,4,2,5,2,0,0,1,1,0,0,0,0,12.915365,50.837588
11,25,6,25,14,4,3,3,2,0,0,1,0,0,0,1,0,12.926701,50.801737
11,25,6,26,13,5,3,5,2,0,0,1,1,0,0,0,0,12.932685,50.845953
11,25,6,28,10,7,3,3,6,0,0,1,1,0,0,0,0,12.90278,50.772274
11,25,6,30,12,2,3,5,3,0,0,1,1,0,0,0,0,12.911241,50.802311
11,25,7,1,7,3,3,5,2,0,0,1,1,0,0,0,0,12.917622,50.796702
11,25,7,2,20,4,3,3,2,0,0,1,1,0,0,0,0,12.901516,50.840091
11,25,7,3,5,5,3,0,5,1,0,1,1,0,0,0,0,12.925728,50.821634
11,25,7,4,11,6,3,5,3,0,0,1,1,0,0,0,0,12.80137,50.814065
11,25,7,4,15,6,3,5,2,0,0,1,1,0,0,0,0,12.953142,50.863004
11,25,7,4,16,6,3,5,3,0,0,1,1,0,0,0,0,12.911073,50.841205
11,25,7,5,16,7,3,5,3,0,0,1,1,0,0,0,0,12.92365,50.805787
11,25,7,7,7,2,3,5,3,0,0,1,1,0,0,0,0,12.885119,50.834618
11,25,7,7,7,2,3,0,7,0,1,1,0,0,0,0,1,12.923743,50.805895
11,25,7,11,15,6,3,5,3,0,0,1,1,0,0,0,0,12.928618,50.826192
11,25,7,15,11,3,3,0,1,0,0,1,0,0,0,0,0,12.886325,50.842248
11,25,7,18,11,6,2,6,4,0,0,1,0,1,0,0,0,12.882052,50.831844
11,25,7,19,14,7,3,0,6,0,0,1,1,0,0,0,0,12.934052,50.837232
11,25,7,20,17,1,2,1,5,0,0,1,1,0,0,0,0,12.923973,50.788571
11,25,7,23,12,4,3,1,5,0,0,1,1,0,0,0,0,12.91051,50.845794
11,25,7,24,13,5,3,5,3,0,0,1,1,0,0,0,0,12.786937,50.791176
11,25,7,25,15,6,3,0,7,0,0,1,0,0,0,0,0,12.900972,50.825005
11,25,7,25,17,6,3,0,2,0,0,1,0,0,0,0,1,12.922197,50.836006
11,25,7,25,17,6,2,0,1,0,1,1,0,0,0,0,0,12.944249,50.85045
11,25,7,26,19,7,3,0,6,0,0,1,0,0,0,0,1,12.912544,50.799281
11,25,7,29,13,3,3,5,3,0,0,1,1,0,0,0,0,12.92251,50.845417
11,25,7,31,19,5,3,0,7,1,0,1,0,0,0,0,0,12.87531,50.822611
11,25,8,5,11,3,3,5,2,0,1,1,1,0,0,0,0,12.928222,50.83552
11,25,8,7,12,5,3,5,3,0,0,1,0,0,0,0,0,12.916876,50.856286
11,25,8,9,10,7,2,0,1,0,0,1,0,0,0,0,0,12.843278,50.80392
11,25,8,10,13,1,3,5,3,0,0,1,1,0,0,0,0,12.924736,50.848081
11,25,8,10,19,1,3,0,1,0,0,1,0,0,0,0,0,12.822897,50.808619
11,25,8,11,15,2,3,5,2,0,0,1,0,0,0,0,1,12.884168,50.853011
11,25,8,12,7,3,3,4,2,0,0,1,0,0,0,0,0,12.925004,50.825222
11,25,8,12,11,3,3,0,7,0,0,1,0,0,0,0,0,12.92255,50.838822
11,25,8,12,14,3,3,5,3,0,0,1,1,0,0,0,0,12.951844,50.861515
11,25,8,12,14,3,2,5,3,0,0,1,1,0,0,0,0,12.968936,50.825307
11,25,8,14,11,5,3,6,4,0,0,1,0,1,0,0,0,12.927597,50.839933
11,25,8,14,16,5,3,3,6,0,0,1,1,0,0,0,0,12.909734,50.838548
11,25,8,19,16,3,3,3,6,0,0,1,1,0,0,0,0,12.942417,50.823225
11,25,8,19,17,3,2,5,2,0,0,1,1,0,0,0,0,12.901522,50.788099
11,25,8,20,7,4,3,3,2,0,0,1,1,0,0,0,0,12.924401,50.832281
11,25,8,20,10,4,2,1,5,0,0,1,1,0,0,0,0,12.895785,50.825819
11,25,8,20,16,4,3,5,3,0,0,1,1,0,0,0,0,12.912136,50.798114
11,25,8,22,18,6,3,5,3,0,0,1,0,0,0,0,0,12.936354,50.822102
11,25,8,25,15,2,3,5,3,0,0,1,1,0,0,0,0,12.906269,50.8396
11,25,8,27,8,4,3,5,3,0,0,1,1,0,0,0,0,12.936386,50.82209
11,25,9,1,18,2,3,1,5,0,0,1,1,0,0,0,0,12.930985,50.850341
11,25,9,4,15,5,3,0,3,0,0,1,1,0,0,0,0,12.955106,50.829629
11,25,9,4,17,5,3,0,1,0,0,1,0,0,0,0,0,13.012799,50.81165
11,25,9,4,18,5,2,2,2,0,0,1,1,0,0,0,0,12.925672,50.823327
11,25,9,6,10,7,2,9,7,0,0,1,0,0,0,0,0,12.954058,50.814728
11,25,9,6,16,7,3,2,6,0,0,1,1,0,0,0,0,12.909594,50.846356
11,25,9,7,21,1,3,0,1,2,0,1,0,0,0,0,0,12.907142,50.835689
11,25,9,9,14,3,3,1,5,0,0,1,1,0,0,0,0,12.905918,50.835902
11,25,9,9,16,3,3,4,2,0,0,1,1,0,0,0,0,12.833664,50.826885