UKREIS,UJAHR,UMONAT,UTAG,USTUNDE,UWOCHENTAG,UKATEGORIE,UART,UTYP,LICHT,USTRZUSTAND,IstRad,IstPKW,IstFuss,IstKrad,IstGkfz,IstSonstige,@lon,@lat
11,25,9,16,12,3,3,0,7,0,0,1,0,0,0,0,0,12.920566,50.824951
11,25,9,17,16,4,3,5,3,0,0,1,1,0,0,0,0,12.968,50.823151
11,25,9,17,17,4,3,6,7,0,0,1,0,1,0,0,0,12.937987,50.844519
11,25,9,18,11,5,3,0,1,0,1,1,0,0,0,0,0,12.913173,50.843706
11,25,9,18,16,5,3,5,3,0,0,1,1,0,0,0,0,12.882505,50.833546
11,25,9,19,13,6,3,5,3,0,0,1,1,0,0,0,0,12.972491,50.780058
11,25,9,19,18,6,3,5,3,0,0,1,1,0,0,0,0,12.886437,50.803133
11,25,9,19,19,6,2,8,7,0,0,1,0,0,0,0,0,12.815387,50.830412
11,25,9,20,12,7,3,9,1,0,0,1,0,0,0,0,0,12.899545,50.82139
11,25,9,21,13,1,2,1,5,0,0,1,1,0,0,0,0,12.926678,50.795988
11,25,9,24,9,4,3,5,3,0,0,1,1,0,0,0,0,12.879051,50.820235
11,25,9,24,10,4,3,5,3,0,0,1,1,0,0,0,0,12.929186,50.851524
11,25,9,26,5,6,3,3,2,2,1,1,1,0,0,0,0,12.93219,50.823606
11,25,9,28,15,1,3,0,6,0,0,1,1,0,0,0,0,12.914474,50.867183
11,25,9,30,16,3,3,4,2,0,0,1,1,0,0,0,0,12.901677,50.832134
11,25,9,30,21,3,3,5,3,2,0,1,1,0,0,0,0,12.908301,50.796632
11,25,10,1,7,4,3,4,2,0,0,1,1,0,0,0,0,12.906059,50.826368
11,25,10,1,10,4,2,1,5,0,0,1,0,0,0,0,1,12.821487,50.86485
11,25,10,1,15,4,3,3,2,0,0,1,1,0,0,0,0,12.895016,50.819871
11,25,10,3,11,6,2,1,5,0,0,1,1,0,0,0,0,12.982602,50.808363
11,25,10,3,11,6,3,0,1,0,0,1,0,0,0,0,0,13.049829,50.812071
11,25,10,16,19,5,3,0,1,2,1,1,0,0,0,0,0,12.948057,50.809085
11,25,10,17,12,6,2,3,6,0,0,1,0,0,0,0,1,12.92451,50.859405
11,25,10,18,17,7,2,6,6,0,0,1,0,1,0,0,0,12.864515,50.832794
11,25,10,18,18,7,3,0,7,1,0,1,0,1,0,0,0,12.911271,50.838377
11,25,10,20,16,2,3,0,5,0,0,1,1,0,0,0,0,12.932778,50.821304
11,25,10,21,5,3,3,5,3,2,1,1,1,0,0,0,0,12.915062,50.819354
11,25,10,25,9,7,3,6,2,0,0,1,0,1,0,0,0,12.923697,50.805797
11,25,10,30,16,5,3,3,2,2,1,1,1,0,0,0,0,12.903189,50.845905
11,25,10,30,16,5,3,5,3,1,0,1,1,0,0,0,0,12.928952,50.850659
11,25,11,2,18,1,3,1,5,2,0,1,1,0,0,0,0,12.924295,50.840733
11,25,11,4,13,3,3,0,7,0,0,1,0,0,0,0,0,12.826967,50.828112
11,25,11,4,13,3,3,0,5,0,0,1,1,0,0,0,0,12.910524,50.796197
11,25,11,5,17,4,2,5,3,2,0,1,1,0,0,0,0,12.890973,50.811938
11,25,11,6,18,5,2,0,5,2,0,1,0,0,0,0,1,12.947904,50.850661
11,25,11,7,8,6,3,6,7,0,0,1,0,1,0,0,0,12.926412,50.833717
11,25,11,10,6,2,3,2,6,1,1,1,1,0,0,0,0,12.901044,50.816785
11,25,11,13,11,5,2,5,3,0,0,1,1,0,0,0,0,12.905784,50.792356
11,25,11,25,12,3,3,5,2,0,1,1,1,0,0,0,0,12.89739,50.813215
11,25,11,27,7,5,3,5,3,0,1,1,1,0,0,0,0,12.901242,50.834019
11,25,11,30,17,1,3,3,2,2,1,1,1,0,0,0,0,12.903141,50.845925
11,25,12,6,3,7,3,0,7,2,0,1,1,0,0,0,0,12.942771,50.836796
11,25,12,9,13,3,2,8,7,0,0,1,0,0,0,0,0,12.951844,50.861503
11,25,12,11,7,5,3,5,3,2,1,1,1,0,0,0,0,12.967843,50.815769
11,25,12,14,7,1,2,0,7,2,1,1,0,0,0,0,0,12.93969,50.820716
11,25,12,14,15,1,3,6,4,0,0,1,0,1,0,0,0,12.922567,50.831648
11,25,12,15,14,2,3,5,3,0,0,1,1,0,0,0,0,12.956853,50.82181
11,25,12,18,20,5,3,5,2,2,0,1,1,0,0,0,0,12.914128,50.826859
11,25,12,20,11,7,3,6,4,0,1,1,0,1,0,0,0,12.967178,50.825241
11,25,12,21,13,1,3,5,5,0,0,1,1,0,0,0,0,12.926156,50.847631
11,25,12,21,14,1,3,5,2,0,0,1,1,0,0,0,0,12.902369,50.771853
11,25,12,22,17,2,3,9,1,2,0,1,0,0,0,0,0,12.915407,50.83272
21,18,4,5,11,5,2,0,7,0,0,1,0,0,0,0,0,12.982059,50.74623
21,18,6,7,23,5,2,7,7,2,0,1,0,0,0,0,0,12.992328,50.748352
21,19,6,3,6,2,2,0,7,0,0,1,0,0,0,0,0,13.00526,50.735777
21,19,8,1,16,5,2,0,1,0,0,1,0,0,0,0,0,13.045535,50.744934
21,20,6,27,18,7,2,0,1,0,1,1,0,0,0,0,0,13.00039,50.752219
21,22,9,13,17,3,3,5,2,0,0,1,1,0,0,0,0,12.98655,50.747584
21,24,5,14,18,3,3,4,1,0,0,1,1,0,0,0,0,12.987092,50.747096
21,25,3,7,13,6,3,5,3,0,0,1,1,0,0,0,0,12.978837,50.749317
21,16,5,2,16,2,3,6,6,0,1,1,0,1,0,0,0,13.007453,50.575818
21,16,6,1,9,4,3,4,2,0,0,1,0,0,0,0,1,13.012795,50.588604
21,16,6,4,17,7,3,4,1,0,0,1,1,0,0,0,0,13.017697,50.591644
21,16,7,4,16,2,2,1,6,0,0,1,1,0,0,0,0,13.004845,50.58041
21,17,4,15,10,7,3,6,7,0,0,1,0,1,0,0,0,13.002662,50.579805
21,17,4,25,5,3,3,0,1,2,0,1,0,0,0,0,0,13.011069,50.587923
21,17,5,16,23,3,2,0,1,2,0,1,0,0,0,0,0,13.014734,50.581181
21,17,7,25,6,3,3,5,3,0,0,1,1,0,0,0,0,13.009388,50.582928
21,17,7,27,16,5,2,0,1,0,1,1,0,0,0,0,0,13.008911,50.569976
21,17,8,2,11,4,3,0,1,0,0,1,0,0,0,0,0,13.014395,50.57979
21,17,8,9,15,4,3,5,3,0,0,1,1,0,0,0,0,13.014541,50.584974
21,17,9,4,14,2,3,5,3,0,0,1,1,0,0,0,0,13.015591,50.592262
21,18,1,1,17,2,2,2,6,2,1,1,1,0,0,0,0,12.986998,50.553673
21,18,3,6,8,3,3,6,4,0,0,1,0,1,0,0,0,12.982443,50.582788
21,18,7,6,16,6,2,0,6,0,0,1,0,1,0,0,0,13.016284,50.567581
21,18,8,3,20,6,3,6,6,0,0,1,0,1,0,0,0,13.016071,50.596277
21,18,9,2,19,1,2,9,1,1,0,1,0,0,0,0,0,12.992442,50.555197
21,18,9,5,5,4,2,5,3,1,0,1,1,0,0,0,0,12.986029,50.577683
21,19,2,7,16,5,3,5,3,0,0,1,1,0,0,0,0,13.017754,50.594132
21,19,5,6,14,2,3,4,2,0,0,1,1,0,0,0,0,13.006663,50.580684
21,19,6,2,17,1,3,3,6,0,0,1,1,0,0,0,0,13.014912,50.584714
21,19,6,6,7,5,3,5,3,0,0,1,1,0,0,0,0,13.01476,50.581522
21,19,7,7,5,1,2,0,7,0,1,1,0,0,0,0,0,13.000917,50.55756
21,19,7,7,20,1,2,0,1,0,0,1,0,0,0,0,0,13.010878,50.586087
21,19,10,2,10,4,3,0,1,0,0,1,0,0,0,0,0,13.014625,50.580392
21,19,11,7,11,5,3,3,2,0,0,1,1,0,0,0,0,13.017307,50.594482
21,20,4,3,9,6,3,5,3,0,1,1,1,0,0,0,0,13.017928,50.59364
21,20,6,8,18,2,3,1,5,0,0,1,1,0,0,0,0,13.006018,50.581236
21,20,6,15,7,2,3,3,2,0,1,1,1,0,0,0,0,13.010085,50.57826
21,20,8,5,16,4,3,5,3,0,0,1,1,0,0,0,0,13.010939,50.586169
21,21,4,26,18,2,2,0,1,0,0,1,0,0,0,0,0,13.015486,50.579499
21,21,9,4,17,7,3,1,5,0,0,1,1,0,0,0,0,13.007545,50.574472
21,21,12,2,14,5,3,6,6,0,0,1,0,1,0,0,0,13.020363,50.585436
21,22,2,13,19,1,3,6,6,2,0,1,0,1,0,0,0,12.999738,50.568337
21,22,3,18,20,6,3,8,6,2,0,1,0,0,0,0,1,13.018015,50.596039
21,22,6,15,12,4,2,0,7,0,0,1,0,0,0,0,0,13.005655,50.580137
21,22,6,15,14,4,3,5,3,0,0,1,1,0,0,0,0,13.006282,50.594841
21,22,8,13,14,7,3,5,3,0,1,1,1,0,0,0,0,13.005542,50.580282
21,23,5,1,13,2,2,0,1,0,0,1,0,0,0,0,0,13.024037,50.575045
21,23,5,7,19,1,2,8,1,0,0,1,0,0,0,0,0,13.002834,50.589992
21,23,6,1,16,5,3,2,2,0,0,1,1,0,0,0,0,13.019852,50.549344
21,23,6,13,6,3,2,4,2,0,0,1,0,0,0,0,1,13.014678,50.580769
21,23,6,21,6,4,3,1,2,0,0,1,1,0,0,0,0,13.003323,50.574139
21,23,7,3,18,2,2,4,2,0,0,1,1,0,0,0,0,12.997093,50.570469
21,23,7,10,15,2,3,0,7,0,0,1,0,0,0,0,0,13.003418,50.583027
21,23,11,23,14,5,3,2,6,0,1,1,1,0,0,0,0,13.0149,50.584555
21,24,4,3,14,4,3,2,1,0,1,1,1,0,0,0,0,13.005001,50.580534
21,24,5,2,16,5,3,5,3,0,0,1,1,0,0,0,0,13.010915,50.574202
21,24,6,16,18,1,3,5,3,0,0,1,1,0,0,0,0,13.008932,50.595251
21,24,6,18,13,3,3,5,3,0,0,1,1,0,0,0,0,13.018011,50.549411
21,24,7,18,16,5,3,5,2,0,0,1,1,0,0,0,0,13.009147,50.582812
21,24,8,9,16,6,2,7,1,0,0,1,1,0,0,0,1,13.004682,50.578396
21,24,8,29,10,5,3,4,6,0,0,1,0,0,0,0,1,13.017071,50.59188
21,24,10,29,15,3,3,5,3,0,0,1,1,0,0,0,0,13.006217,50.586261
21,25,6,2,16,2,3,0,1,0,0,1,0,0,0,0,0,13.00422,50.583016
21,25,6,3,15,3,3,5,3,0,0,1,1,0,0,0,0,13.012882,50.58872
21,16,5,4,16,4,3,0,1,0,0,1,0,0,0,0,0,12.687465,50.579738
21,16,9,3,10,7,3,4,2,0,0,1,1,0,0,0,0,12.698499,50.58235
21,16,10,6,14,5,2,2,6,0,0,1,0,0,0,0,1,12.696992,50.58906
21,16,11,1,7,3,2,5,3,0,0,1,1,0,0,0,0,12.708592,50.588654
21,17,5,22,19,2,3,0,3,0,0,1,1,0,0,0,0,12.699785,50.584135
21,17,6,20,12,3,3,3,6,0,0,1,0,0,0,0,1,12.699472,50.583135
21,17,7,14,13,6,3,4,2,0,0,1,1,0,0,0,0,12.688194,50.592539
21,18,8,6,10,2,3,5,3,0,0,1,1,0,0,0,0,12.695082,50.589898
21,18,9,4,11,3,2,3,6,0,0,1,1,0,0,0,0,12.699412,50.589034
21,20,4,7,7,3,2,0,7,0,0,1,0,0,0,0,0,12.71701,50.584534
21,20,4,12,17,1,2,0,1,0,0,1,0,0,0,0,0,12.65932,50.630817
21,20,4,15,15,4,3,0,4,0,0,1,0,1,0,0,0,12.71032,50.585429
21,20,5,20,16,4,2,5,3,0,0,1,0,0,0,0,1,12.703247,50.612778
21,20,5,28,16,5,3,0,7,0,0,1,0,0,0,0,0,12.711275,50.596736
21,20,6,5,10,6,2,8,5,0,1,1,1,0,0,0,0,12.681172,50.614953
21,20,7,7,7,3,3,5,3,0,1,1,1,0,0,0,0,12.706488,50.592717
21,20,7,10,6,6,2,5,3,0,0,1,1,0,0,0,0,12.688027,50.609998
21,20,8,29,13,7,2,8,1,0,0,1,0,0,0,0,0,12.70718,50.585164
21,20,9,24,6,5,3,0,6,0,0,1,0,0,0,0,1,12.690268,50.582251
21,20,10,19,14,2,2,0,1,0,0,1,0,0,0,0,0,12.697971,50.588937
21,20,12,11,14,6,3,5,2,0,0,1,1,0,0,0,0,12.68801,50.610012
21,21,5,9,16,1,2,0,7,0,0,1,0,0,0,0,0,12.672036,50.595682
21,21,5,31,16,2,2,1,5,0,0,1,1,0,0,0,0,12.651574,50.599253
21,21,9,3,19,6,3,4,2,0,0,1,1,0,0,0,0,12.706884,50.586156
21,21,10,7,15,5,2,5,3,0,0,1,1,0,0,0,0,12.688026,50.609999
21,21,10,11,14,2,3,5,3,0,1,1,1,0,0,0,0,12.698345,50.587612
21,22,5,9,18,2,2,0,1,0,0,1,0,0,0,0,0,12.650585,50.630069
21,22,6,17,12,6,2,4,1,0,0,1,1,0,0,0,0,12.709571,50.589403
21,22,8,6,18,7,3,5,3,0,0,1,0,0,0,0,0,12.700277,50.581383
21,22,8,11,17,5,2,0,1,0,0,1,0,0,0,0,0,12.701175,50.60639
21,22,8,31,12,4,2,0,7,0,0,1,0,0,0,0,0,12.698473,50.590697
21,22,9,18,14,1,3,0,1,0,1,1,0,0,0,0,0,12.708077,50.612974
21,22,9,22,6,5,2,4,2,2,0,1,1,0,0,0,0,12.699669,50.586904
21,22,9,29,14,5,2,0,7,0,0,1,0,0,0,0,0,12.693882,50.582544
21,23,4,20,12,5,3,6,4,0,0,1,0,1,0,0,0,12.695005,50.582138
21,23,5,15,16,2,3,0,7,0,0,1,0,0,0,0,0,12.700148,50.58796
21,23,5,25,15,5,2,0,1,0,0,1,0,0,0,0,0,12.680474,50.612697
21,23,6,20,22,3,2,0,7,2,0,1,0,0,0,0,0,12.674973,50.581078
21,23,7,14,13,6,2,0,7,0,0,1,1,0,0,0,0,12.69597,50.572674
21,23,7,19,18,4,3,0,7,0,0,1,0,0,0,0,0,12.699374,50.592843
21,23,8,11,23,6,3,0,7,2,0,1,0,0,0,0,0,12.674403,50.603659
21,23,8,23,14,4,3,5,3,0,0,1,1,0,0,0,0,12.689145,50.609102
21,23,10,10,15,3,2,8,6,0,0,1,0,0,0,0,1,12.690611,50.597671
21,23,11,1,16,4,3,5,3,0,0,1,1,0,0,0,0,12.711123,50.594145
21,23,11,18,15,7,3,0,7,0,0,1,0,0,0,0,0,12.699523,50.587597
21,24,5,13,22,2,3,2,2,2,0,1,1,0,0,0,0,12.697941,50.58896
21,24,5,21,6,3,3,8,7,0,0,1,0,0,0,0,0,12.694345,50.596284
21,24,6,5,12,4,3,5,2,0,0,1,1,0,0,0,0,12.699669,50.586904
21,24,6,10,22,2,3,0,1,2,0,1,0,0,0,0,0,12.69956,50.593791
21,24,7,19,14,6,3,2,2,0,0,1,0,0,0,0,1,12.71626,50.591119
21,24,9,2,15,2,2,5,3,0,0,1,1,0,0,0,0,12.699479,50.589119
21,24,9,10,16,3,2,3,6,0,0,1,0,0,0,1,0,12.693746,50.597493
21,24,10,5,16,7,3,5,2,0,0,1,1,0,0,0,0,12.719205,50.583475
21,25,1,25,11,7,3,5,3,0,1,1,1,0,0,0,0,12.667856,50.600941
21,25,3,7,15,6,3,0,2,0,0,1,1,0,0,0,0,12.703777,50.586836
21,25,3,19,20,4,3,8,7,2,0,1,0,0,0,0,0,12.6828,50.582779
21,25,4,20,16,1,3,5,2,0,0,1,1,0,0,0,0,12.687081,50.581727
21,25,5,27,15,3,2,0,1,0,0,1,0,0,0,0,0,12.712721,50.589999
21,25,6,18,5,4,3,7,7,1,0,1,0,0,0,0,0,12.690542,50.601503
21,25,6,21,11,7,3,5,3,0,0,1,1,0,0,0,0,12.701765,50.586328
21,25,7,31,14,5,3,5,3,0,1,1,1,0,0,0,0,12.685792,50.580827
21,25,8,15,10,6,3,2,6,0,0,1,1,0,0,0,0,12.704531,50.595517
21,25,10,20,13,2,3,2,2,0,0,1,1,0,0,0,0,12.71209,50.593475
21,25,11,7,11,6,3,5,2,0,0,1,1,0,0,0,0,12.708233,50.612239
21,16,10,1,9,7,2,0,7,0,0,1,0,0,0,0,0,12.912161,50.688682
21,17,3,10,16,6,3,0,7,0,0,1,0,0,0,0,1,12.914363,50.68227
21,17,6,11,21,1,2,0,1,1,0,1,0,0,0,0,0,12.916208,50.68445
21,22,2,4,6,6,3,5,3,2,1,1,1,0,0,0,0,12.897467,50.694716
21,22,5,27,0,6,2,9,1,2,0,1,0,0,0,0,0,12.91491,50.68442
21,22,6,26,16,1,3,0,1,0,0,1,0,0,0,0,0,12.901544,50.690475
21,23,7,29,11,7,2,0,7,0,0,1,0,0,0,0,0,12.920942,50.67383
21,23,8,16,13,4,3,0,7,0,0,1,0,0,0,0,0,12.914697,50.678913
21,24,2,28,13,4,3,6,4,0,0,1,0,1,0,0,0,12.910297,50.688414
21,16,8,1,7,2,3,0,7,0,0,1,0,0,0,0,0,12.667151,50.599039
21,17,7,22,13,7,2,4,1,0,0,1,1,0,0,0,0,12.645539,50.628546
21,17,9,14,8,5,3,0,2,0,1,1,0,0,0,0,1,12.655835,50.599243
21,18,6,3,15,1,1,9,1,0,0,1,0,0,0,0,0,12.655482,50.603145
21,18,9,3,19,2,2,8,1,1,0,1,0,0,0,0,0,12.671962,50.602082
21,16,8,4,17,5,2,0,1,0,0,1,0,0,0,0,0,13.030606,50.505177
21,19,6,6,17,5,2,5,3,0,0,1,1,0,0,0,0,13.031028,50.522883
21,20,4,7,17,3,3,0,1,0,0,1,1,0,0,0,0,13.026845,50.50085
21,20,7,15,22,4,2,0,1,2,0,1,0,0,0,0,0,13.028414,50.497269
21,22,6,7,15,3,2,0,1,0,0,1,0,0,0,0,0,13.027995,50.498307
21,22,9,7,15,4,3,0,1,0,0,1,0,0,0,0,0,13.01843,50.488963
21,23,6,26,14,2,3,2,6,0,0,1,1,0,0,0,0,13.028309,50.497442
21,23,7,15,19,7,2,8,1,0,0,1,0,0,0,0,0,13.020545,50.504293
21,23,12,18,19,2,3,2,6,2,0,1,1,0,0,0,0,13.02669,50.510046
21,24,8,21,10,4,2,4,2,0,0,1,1,0,0,0,0,13.030989,50.522609
21,25,6,14,15,7,3,5,3,0,0,1,1,0,0,0,0,13.022205,50.491832
21,16,9,6,18,3,2,4,6,1,0,1,1,0,0,0,0,12.682115,50.547429
21,19,6,7,11,6,3,5,3,0,0,1,0,0,1,0,0,12.660733,50.542641
21,20,1,5,16,1,2,0,1,1,1,1,0,0,0,0,0,12.65769,50.539142
21,22,6,19,17,1,2,0,7,0,0,1,0,0,0,0,0,12.68663,50.545176
21,24,6,10,16,2,3,8,7,0,0,1,1,0,0,0,0,12.678989,50.536009
21,24,9,6,16,6,3,5,3,0,0,1,1,0,0,0,0,12.686582,50.539635
21,24,10,9,13,4,2,4,6,0,0,1,1,0,0,0,0,12.684939,50.546938
21,25,11,8,19,7,2,0,7,2,0,1,0,0,0,0,0,12.674522,50.555268
21,22,6,14,18,3,3,5,3,0,0,1,1,0,0,0,0,13.141804,50.74987
21,16,7,7,15,5,3,5,3,0,0,1,1,0,0,0,0,12.763346,50.47498
21,17,9,18,22,2,3,0,7,2,0,1,0,0,0,0,0,12.750897,50.497566
21,17,10,15,14,1,3,0,7,0,0,1,0,0,0,0,0,12.749796,50.476866
21,18,6,6,11,4,2,0,1,0,0,1,0,0,0,0,0,12.763352,50.474982
21,19,5,5,14,1,3,2,6,0,0,1,1,0,0,0,0,12.764129,50.497315
21,20,9,4,17,6,2,5,3,0,0,1,1,0,0,0,0,12.789625,50.481637
21,21,9,12,15,1,2,9,1,0,0,1,0,0,0,0,0,12.779231,50.488544
21,23,3,25,14,7,2,0,1,0,1,1,0,0,0,0,0,12.76551,50.478126
21,23,5,6,20,7,3,0,7,1,0,1,0,0,0,0,0,12.762837,50.502187
21,23,7,5,15,4,2,0,1,0,0,1,0,0,0,0,0,12.83747,50.459343
21,23,10,7,10,7,3,0,7,0,0,1,0,0,0,0,0,12.744371,50.479282
21,25,5,23,18,6,2,5,3,0,0,1,1,0,0,0,0,12.805251,50.469391
21,25,9,6,18,7,3,4,1,0,0,1,0,0,1,0,0,12.870996,50.444704
21,16,6,1,17,4,2,5,3,0,1,1,1,0,0,0,0,12.943702,50.736552
21,17,6,18,10,1,2,3,6,0,0,1,0,0,0,0,0,12.943896,50.738969
21,17,8,8,13,3,2,5,3,0,0,1,0,0,0,0,1,12.876198,50.712488
21,17,9,20,9,4,3,4,7,0,1,1,0,0,0,0,1,12.915917,50.734183
21,18,4,6,16,6,3,3,6,0,0,1,1,0,0,0,0,12.929309,50.733033
21,18,4,7,18,7,3,5,3,0,0,1,0,0,1,0,0,12.911028,50.731522
21,18,8,6,11,2,3,4,2,0,0,1,0,0,0,0,1,12.888923,50.7226
21,18,8,7,18,3,3,6,4,0,0,1,0,1,0,0,0,12.939279,50.73545
21,20,3,1,9,1,3,2,6,0,0,1,0,0,0,0,0,12.916692,50.734667
21,20,5,22,9,6,3,5,3,0,0,1,1,0,0,0,0,12.942511,50.738595
21,20,6,24,15,4,2,0,1,0,0,1,0,0,0,0,0,12.88447,50.721253
21,20,7,24,6,6,2,5,3,0,0,1,1,0,0,0,0,12.91926,50.734529
21,20,8,16,12,1,3,5,3,0,0,1,0,0,0,0,0,12.910536,50.730037
21,21,7,10,10,7,3,0,3,0,0,1,1,0,0,0,0,12.946578,50.742976
21,21,10,27,6,4,3,5,3,0,1,1,1,0,0,0,0,12.917867,50.738077
21,22,6,28,20,3,2,8,1,0,0,1,0,0,0,0,0,12.930823,50.731906
21,22,7,5,15,3,3,5,3,0,0,1,0,0,0,0,1,12.892361,50.722338
21,22,11,23,14,4,3,0,7,0,1,1,0,0,0,0,0,12.923646,50.734232
21,23,5,31,11,4,2,3,2,0,0,1,1,0,0,0,0,12.910513,50.730015
21,24,8,30,10,6,1,5,3,0,0,1,1,0,0,0,0,12.886399,50.720576
21,24,10,26,3,7,2,8,1,2,0,1,0,0,0,0,0,12.902993,50.7248
21,25,2,27,7,5,3,0,7,0,2,1,0,0,0,0,0,12.92329,50.733652
21,16,12,1,17,5,3,4,1,2,2,1,1,0,0,0,0,12.939255,50.512902
21,18,8,5,9,1,3,3,6,0,0,1,1,0,0,0,0,12.942623,50.500043
21,19,8,2,15,6,3,2,6,0,0,1,1,0,0,0,0,12.93416,50.502728
21,20,4,11,17,7,3,3,6,0,0,1,1,0,0,0,0,12.943049,50.514584
21,21,2,19,13,6,3,4,3,0,0,1,1,0,1,0,0,12.943016,50.528345
21,21,9,8,12,4,3,5,3,0,0,1,1,0,0,0,0,12.944066,50.533822
21,22,8,16,16,3,2,0,1,0,0,1,0,0,0,0,0,12.936934,50.504951
21,22,9,29,17,5,3,5,3,0,0,1,1,0,0,0,0,12.945905,50.540131
21,22,12,30,13,6,3,6,4,0,0,1,0,1,0,0,0,12.947101,50.519339
21,23,5,14,13,1,3,8,1,0,1,1,0,0,0,0,0,12.940665,50.485695
21,24,7,21,14,1,3,5,3,0,0,1,1,0,0,0,0,12.943318,50.514593
21,24,8,6,16,3,3,1,5,0,0,1,1,0,0,0,0,12.941535,50.510157
21,25,4,2,17,4,2,5,3,0,0,1,1,0,0,0,0,12.93552,50.506801
21,25,6,5,9,5,3,5,3,0,0,1,1,0,0,0,0,12.943362,50.514586
21,25,8,20,12,4,3,5,3,0,0,1,1,0,0,0,0,12.943003,50.528267
21,17,3,27,17,2,3,5,3,0,0,1,1,0,0,0,0,13.426172,50.619646
21,25,5,1,14,5,3,0,1,0,0,1,0,0,0,0,0,13.460427,50.605585
21,16,11,1,11,3,3,5,3,0,1,1,1,0,0,0,0,13.030848,50.688705
21,18,2,2,16,6,2,3,6,0,0,1,1,0,0,0,0,12.999895,50.707341
21,18,6,1,19,6,2,8,1,0,0,1,0,0,0,0,0,12.989668,50.669936
21,18,6,6,6,4,2,5,3,0,0,1,1,0,0,0,0,12.986329,50.695512
21,18,9,5,19,4,2,2,6,1,0,1,0,0,0,0,1,12.997183,50.663169
21,20,9,7,18,2,3,1,5,0,0,1,1,0,0,0,0,13.013212,50.675752
21,21,7,6,16,3,3,0,7,0,0,1,0,0,0,0,0,13.018461,50.673194
21,22,2,22,4,3,3,1,5,2,1,1,1,0,0,0,0,13.016265,50.675426
21,22,7,17,19,1,2,0,1,0,0,1,0,0,0,0,0,13.017911,50.673185
21,22,8,17,16,4,3,0,1,0,0,1,0,0,0,0,0,13.032096,50.68915
21,22,10,10,11,2,2,3,6,0,0,1,0,0,0,0,1,13.012206,50.669623
21,23,6,28,19,4,2,4,6,0,0,1,0,0,1,0,0,13.025558,50.706398
21,23,9,5,16,3,2,8,1,0,0,1,0,0,0,0,0,12.999028,50.708123
21,23,10,22,10,1,2,2,7,0,1,1,0,0,0,0,1,13.039062,50.704779
21,24,8,15,15,5,2,0,1,0,1,1,0,0,0,0,0,13.057279,50.706388
21,25,9,6,20,7,3,8,7,2,0,1,0,0,0,0,0,13.053265,50.70551
21,25,11,17,17,2,3,1,5,2,2,1,1,0,0,0,0,13.065678,50.701573
21,16,5,1,15,1,3,0,1,0,0,1,0,0,0,0,0,12.962113,50.641959
21,16,6,3,19,6,2,4,2,0,0,1,1,0,0,0,0,12.970975,50.65276
21,16,7,4,9,2,2,5,2,0,0,1,0,0,0,0,1,12.967847,50.646198
21,17,5,26,10,6,3,5,3,0,0,1,1,0,0,0,0,12.920826,50.651491
21,17,7,18,11,3,3,5,3,0,1,1,0,0,0,0,1,12.965463,50.662213
21,18,1,2,7,3,3,4,2,1,1,1,1,0,0,0,0,12.967241,50.644035
21,19,9,4,18,4,2,0,1,0,0,1,0,0,0,0,0,12.968243,50.644174
21,19,10,1,16,3,3,5,3,0,0,1,1,0,0,0,0,12.965507,50.662195
21,20,5,17,16,1,3,5,3,0,0,1,1,0,0,0,0,12.957983,50.642025
21,21,10,3,10,1,3,5,3,0,0,1,1,0,0,0,0,12.964008,50.643773
21,23,7,10,11,2,3,0,1,0,0,1,0,0,0,0,0,12.971181,50.653682
21,23,8,1,17,3,2,5,3,0,0,1,1,0,0,0,0,12.967485,50.643999
21,23,10,3,9,3,3,0,7,0,0,1,0,0,0,0,0,12.967754,50.657257
21,16,9,7,14,4,3,0,7,0,0,1,1,0,0,0,0,12.608236,50.508002
21,17,4,9,9,1,2,3,6,0,0,1,0,0,0,0,1,12.589965,50.49701
21,18,5,3,20,5,2,0,7,1,1,1,0,0,0,0,0,12.599127,50.493835
21,19,5,4,15,7,2,3,1,0,0,1,0,0,1,0,0,12.607969,50.513512
21,19,6,3,11,2,2,3,2,0,0,1,1,0,0,0,0,12.603529,50.492703
21,20,1,9,5,5,3,5,3,2,1,1,1,0,0,0,0,12.600828,50.492936
21,20,11,14,12,7,2,0,7,0,0,1,0,0,0,0,0,12.64534,50.503063
21,21,6,12,13,7,2,3,7,0,0,1,1,0,0,0,0,12.650908,50.490307
21,22,6,6,15,2,2,0,7,0,0,1,0,0,0,0,0,12.63298,50.454413
21,22,6,21,20,3,3,4,7,0,0,1,0,0,0,0,0,12.608006,50.493058
21,22,7,24,11,1,2,5,3,0,0,1,0,0,1,0,0,12.613426,50.518062
21,22,8,8,12,2,2,5,2,0,0,1,1,0,0,0,0,12.613219,50.517833
21,23,8,12,12,7,3,0,7,0,0,1,0,0,0,0,0,12.593567,50.495316
21,23,8,15,20,3,2,4,6,1,1,1,1,0,0,0,0,12.64603,50.475888
21,23,10,3,13,3,3,0,7,0,0,1,0,0,0,0,0,12.677135,50.469206
21,24,4,12,14,6,2,0,1,0,0,1,0,0,0,0,0,12.648791,50.519552
21,24,4,17,17,4,2,0,1,0,1,1,0,0,0,0,0,12.614969,50.490379
21,24,8,3,18,7,2,2,3,0,0,1,1,0,0,0,0,12.602707,50.501119
21,24,9,30,13,2,3,5,3,0,0,1,1,0,0,0,0,12.617778,50.519442