UKREIS,UJAHR,UMONAT,UTAG,USTUNDE,UWOCHENTAG,UKATEGORIE,UART,UTYP,LICHT,USTRZUSTAND,IstRad,IstPKW,IstFuss,IstKrad,IstGkfz,IstSonstige,@lon,@lat
21,20,12,11,6,6,2,8,1,2,1,1,0,0,0,0,0,12.87588,50.776597
21,21,3,10,11,4,3,5,3,0,0,1,1,0,0,0,0,12.877802,50.770842
21,21,3,29,17,2,3,3,2,0,0,1,0,0,1,0,0,12.874498,50.764919
21,21,6,15,18,3,2,0,1,0,0,1,0,0,0,0,0,12.880149,50.750456
21,22,4,10,13,1,2,8,7,0,1,1,0,0,0,0,0,12.853578,50.791564
21,22,6,11,18,7,3,3,6,0,0,1,0,0,0,1,0,12.879854,50.772494
21,22,7,12,18,3,2,3,2,0,0,1,0,0,0,0,1,12.858076,50.781222
21,22,8,4,10,5,3,5,3,0,0,1,1,0,0,0,0,12.867786,50.77898
21,22,9,24,11,7,3,5,3,0,0,1,1,0,0,0,0,12.855507,50.771964
21,23,3,13,8,2,3,5,3,0,0,1,1,0,0,0,0,12.873764,50.776959
21,23,4,21,6,6,3,5,3,0,0,1,1,0,0,0,0,12.876785,50.776561
21,23,6,30,14,6,3,0,7,0,0,1,0,0,0,0,0,12.852872,50.775111
21,23,9,5,7,3,3,4,6,0,0,1,1,0,0,0,0,12.877537,50.778502
21,23,9,17,2,1,2,1,5,2,0,1,1,0,0,0,0,12.879533,50.773354
21,24,7,29,17,2,3,5,3,0,0,1,1,0,0,0,0,12.876749,50.776564
21,24,8,19,19,2,3,0,3,1,0,1,1,0,0,0,0,12.876767,50.776563
21,24,8,24,11,7,3,5,3,0,0,1,1,0,0,0,0,12.873755,50.777044
21,24,9,10,7,3,3,5,3,0,1,1,1,0,0,0,0,12.868212,50.778805
21,24,10,29,23,3,2,8,1,2,0,1,0,0,0,0,0,12.874516,50.764292
21,25,3,29,23,7,2,8,1,2,0,1,0,0,0,0,0,12.867118,50.77929
21,25,6,25,8,4,3,5,3,0,0,1,1,0,0,0,0,12.859697,50.779779
21,16,6,7,16,3,3,3,6,0,0,1,1,0,0,0,0,12.785835,50.726045
21,20,9,22,16,3,3,5,3,0,0,1,1,0,0,0,0,12.77704,50.728185
21,22,9,23,14,6,3,5,3,0,0,1,1,0,0,0,0,12.782695,50.722743
21,24,1,28,1,1,2,0,1,2,0,1,0,0,0,0,0,12.782533,50.727127
21,16,6,6,17,2,3,0,1,0,0,1,1,0,0,0,0,12.746273,50.72206
21,16,7,4,19,2,3,4,6,0,0,1,1,0,0,0,0,12.746245,50.729191
21,17,4,15,14,7,3,0,5,0,0,1,1,0,0,0,0,12.749977,50.719612
21,17,5,29,17,2,3,0,7,0,0,1,0,0,0,0,0,12.75123,50.720915
21,17,8,18,21,6,2,5,3,2,1,1,1,0,0,0,0,12.755025,50.721224
21,17,9,22,6,6,3,3,6,2,0,1,1,0,0,0,0,12.748733,50.720773
21,17,11,27,7,2,2,5,3,1,0,1,1,0,0,0,0,12.749888,50.720795
21,18,6,4,9,2,3,0,1,0,0,1,0,0,0,0,0,12.750505,50.72945
21,19,6,4,18,3,3,8,7,0,0,1,0,0,0,0,0,12.746596,50.724771
21,19,7,5,14,6,3,0,1,0,0,1,0,0,0,0,0,12.755471,50.715728
21,19,8,3,12,7,3,5,3,0,0,1,1,0,0,0,0,12.753527,50.725061
21,19,8,7,19,4,3,0,7,0,0,1,0,0,0,0,0,12.748949,50.733382
21,20,11,10,9,3,2,0,7,0,2,1,0,0,0,0,0,12.750598,50.719688
21,20,11,13,15,6,3,5,2,0,0,1,1,0,0,0,0,12.754053,50.721127
21,21,9,20,6,2,3,0,1,1,1,1,0,0,0,0,0,12.755118,50.721721
21,21,12,1,14,4,3,0,7,0,0,1,0,0,0,0,0,12.745722,50.722368
21,22,5,7,14,7,2,5,3,0,0,1,0,0,0,0,0,12.746304,50.721378
21,22,9,10,19,7,3,0,7,1,0,1,0,0,0,0,0,12.754942,50.718025
21,23,1,9,17,2,3,0,1,2,0,1,0,0,0,0,0,12.747536,50.725617
21,23,6,2,15,6,3,0,7,0,0,1,0,0,1,0,0,12.751854,50.727253
21,23,6,7,6,4,3,0,1,0,1,1,0,0,0,0,0,12.767707,50.727543
21,24,6,20,13,5,3,5,3,0,0,1,1,0,0,0,0,12.746272,50.722108
21,24,6,30,6,1,2,0,1,0,0,1,0,0,0,0,0,12.752059,50.733638
21,25,2,27,5,5,3,5,3,2,0,1,1,0,0,0,0,12.754997,50.718793
21,25,4,8,18,3,3,8,6,0,0,1,1,0,0,0,0,12.75636,50.72134
21,25,6,28,16,7,2,0,7,0,0,1,0,0,0,0,0,12.751481,50.727591
21,25,10,1,15,4,3,2,2,0,0,1,1,0,0,0,0,12.750667,50.729118
21,25,11,4,17,3,3,4,7,1,0,1,1,0,0,0,0,12.75158,50.727612
21,16,11,7,15,2,3,2,2,0,0,1,1,0,0,0,0,13.010224,50.442518
21,17,6,18,15,1,3,8,1,0,0,1,0,0,0,0,0,12.947467,50.42286
21,21,4,24,11,7,3,0,1,0,0,1,0,0,0,0,0,12.974632,50.418696
21,22,4,19,14,3,2,4,2,0,0,1,1,0,0,0,0,13.013914,50.444252
21,22,7,25,0,2,2,0,7,2,0,1,0,0,0,0,0,12.965492,50.418582
21,23,6,9,10,6,3,0,1,0,0,1,0,0,0,0,0,12.973331,50.422458
21,23,7,3,11,2,2,8,1,0,0,1,0,0,0,0,0,12.929071,50.420066
21,23,7,27,10,5,3,2,6,0,0,1,1,0,0,0,0,12.948875,50.416312
21,25,9,3,9,4,3,5,3,0,0,1,1,0,0,0,0,12.971043,50.420679
21,16,2,6,21,7,2,1,1,2,1,1,1,0,0,0,0,12.741061,50.712017
21,16,3,2,16,4,2,4,1,0,1,1,1,0,0,0,0,12.697814,50.72415
21,16,3,3,16,5,3,6,6,0,0,1,0,1,0,0,0,12.734566,50.722403
21,16,5,1,20,1,3,8,1,0,0,1,0,0,0,0,0,12.70918,50.711959
21,16,6,6,15,2,2,6,1,0,0,1,0,1,0,0,0,12.698001,50.727803
21,16,8,3,18,4,3,4,2,0,0,1,1,0,0,0,0,12.708349,50.713138
21,16,9,1,17,5,3,4,7,0,0,1,1,0,0,0,0,12.728538,50.723828
21,17,12,2,16,7,3,7,7,2,0,1,0,0,0,0,0,12.700565,50.726928
21,18,2,7,15,4,2,5,3,0,0,1,1,0,0,0,0,12.71307,50.726502
21,18,4,1,16,1,2,0,1,0,0,1,0,0,0,0,0,12.696804,50.729158
21,18,4,3,15,3,3,5,3,0,0,1,1,0,0,0,0,12.740258,50.723082
21,18,4,7,12,7,3,0,7,0,0,1,1,0,0,0,0,12.732168,50.722163
21,18,5,2,16,4,3,5,3,0,0,1,1,0,0,0,0,12.713057,50.726487
21,18,7,1,18,1,3,5,3,0,0,1,1,0,0,0,0,12.70313,50.723772
21,18,11,1,13,5,3,6,7,0,0,1,0,1,0,0,0,12.741561,50.726064
21,19,3,6,14,4,3,5,3,0,0,1,1,0,0,0,0,12.709066,50.728324
21,19,5,5,13,1,3,1,7,0,0,1,1,0,0,0,0,12.734787,50.708708
21,19,6,5,14,4,3,5,3,0,0,1,1,0,0,0,0,12.7037,50.725147
21,19,7,3,15,4,2,5,3,0,0,1,1,0,0,0,0,12.697805,50.724147
21,19,7,6,8,7,2,4,2,0,0,1,1,0,0,0,0,12.719854,50.721618
21,19,9,2,17,2,3,5,3,0,1,1,1,0,0,0,0,12.695098,50.722087
21,19,10,1,15,3,3,2,6,0,0,1,1,0,0,0,0,12.736175,50.708028
21,19,10,6,10,1,3,3,6,0,0,1,1,0,0,0,0,12.648146,50.720823
21,19,10,6,15,1,3,3,6,0,0,1,1,0,0,0,0,12.654887,50.717874
21,20,3,28,8,7,3,1,5,0,0,1,1,0,0,0,0,12.737112,50.723954
21,20,4,20,10,2,3,4,6,0,0,1,1,0,0,0,0,12.696053,50.725377
21,20,6,1,16,2,2,0,1,0,0,1,0,0,0,0,0,12.721242,50.721397
21,20,6,2,14,3,3,5,3,0,0,1,1,0,0,0,0,12.720339,50.697379
21,20,6,11,19,5,3,0,1,0,0,1,0,0,0,0,0,12.712806,50.732742
21,20,7,2,12,5,3,5,3,0,0,1,1,0,0,0,0,12.696656,50.729806
21,20,7,29,21,4,2,5,3,2,0,1,1,0,0,0,0,12.733942,50.703649
21,20,10,5,7,2,3,0,3,0,0,1,1,0,0,0,0,12.695181,50.732674
21,20,11,11,7,4,3,4,6,1,0,1,1,0,0,0,0,12.700136,50.727161
21,21,6,12,10,7,2,5,3,0,0,1,1,0,0,0,0,12.706077,50.724246
21,21,6,26,19,7,3,8,1,0,0,1,0,0,0,0,0,12.711007,50.724755
21,21,7,16,1,6,2,1,5,2,0,1,0,0,0,1,0,12.733094,50.726511
21,21,9,12,2,1,2,0,1,2,0,1,0,0,0,0,0,12.695777,50.731814
21,21,10,20,13,4,2,0,1,0,0,1,0,0,0,0,0,12.709133,50.710066
21,21,12,4,12,7,2,5,3,0,1,1,1,0,0,0,0,12.741566,50.726029
21,22,1,29,17,7,3,8,1,2,1,1,0,0,0,0,0,12.70913,50.710075
21,22,2,3,5,5,3,0,1,2,1,1,0,0,0,0,0,12.701145,50.728121
21,22,4,13,11,4,3,6,1,0,0,1,0,1,0,0,0,12.717298,50.725939
21,22,5,1,18,1,3,0,1,0,0,1,0,0,0,0,0,12.709981,50.725316
21,22,5,13,6,6,2,4,2,0,0,1,1,0,0,0,0,12.733857,50.722333
21,22,5,30,17,2,3,5,3,0,0,1,1,0,0,0,0,12.682743,50.720107
21,22,6,8,17,4,3,0,1,0,0,1,0,0,0,0,0,12.706335,50.717143
21,22,7,27,18,4,3,5,2,0,0,1,1,0,0,0,0,12.72197,50.716903
21,23,2,14,16,3,3,8,1,0,0,1,0,0,0,0,0,12.74376,50.715355
21,23,4,11,10,3,3,0,7,0,0,1,0,0,0,0,0,12.69512,50.732751
21,23,5,18,17,5,1,0,1,0,0,1,0,0,0,0,0,12.699961,50.727254
21,23,6,17,10,7,3,8,1,0,0,1,0,0,0,0,0,12.710575,50.724582
21,23,6,24,11,7,3,5,2,0,0,1,1,0,0,0,0,12.706383,50.724191
21,23,6,25,14,1,2,0,1,0,0,1,0,0,0,0,0,12.735846,50.705965
21,23,7,28,9,6,3,5,3,0,1,1,1,0,0,0,0,12.711893,50.724455
21,23,8,26,15,7,2,5,3,0,0,1,1,0,0,0,0,12.698048,50.722664
21,23,8,27,4,1,2,8,1,2,1,1,0,0,0,0,0,12.738696,50.706763
21,23,8,30,10,4,2,5,5,0,0,1,1,0,0,0,0,12.736343,50.723348
21,23,9,8,18,6,2,5,3,0,0,1,1,0,0,0,0,12.697803,50.724149
21,23,9,9,19,7,2,2,6,1,0,1,0,0,0,0,0,12.715194,50.723207
21,23,9,27,17,4,3,0,7,0,0,1,0,0,0,0,0,12.726937,50.725189
21,23,10,20,9,6,1,0,7,0,0,1,0,0,0,0,0,12.738142,50.722246
21,23,10,26,14,5,3,3,6,0,1,1,1,0,0,0,0,12.690897,50.735847
21,23,11,17,15,6,3,8,7,0,1,1,0,0,0,0,0,12.702296,50.724497
21,24,7,14,14,1,3,5,2,0,0,1,1,0,0,0,0,12.708333,50.713168
21,24,7,14,22,1,3,0,7,2,0,1,0,0,0,0,0,12.696799,50.729182
21,24,7,17,13,4,2,5,3,0,0,1,1,0,0,0,0,12.725567,50.696851
21,24,9,5,13,5,2,2,2,0,0,1,0,0,0,0,1,12.709302,50.70956
21,24,9,22,12,1,3,5,3,0,0,1,1,0,0,0,0,12.738505,50.709567
21,24,10,12,12,7,3,5,3,0,0,1,1,0,0,0,0,12.710352,50.713912
21,24,12,5,2,5,1,1,1,2,2,1,0,0,0,0,1,12.733401,50.719902
21,25,3,28,13,6,3,5,3,0,0,1,0,0,0,0,0,12.696972,50.724836
21,25,5,26,9,2,3,5,3,0,0,1,1,0,0,0,0,12.702855,50.725621
21,25,8,27,17,4,3,9,1,0,1,1,0,0,0,0,0,12.691528,50.725833
21,25,9,3,12,4,3,5,3,0,0,1,0,0,0,1,0,12.725493,50.723655
21,25,9,10,7,4,3,7,7,1,0,1,0,0,0,0,0,12.702353,50.700156
21,25,9,19,12,6,3,3,2,0,0,1,0,0,1,0,0,12.701047,50.72805
21,25,9,26,22,6,2,0,1,2,1,1,0,0,0,0,0,12.729639,50.721908
21,25,10,15,5,4,3,4,6,2,1,1,0,0,0,0,0,12.722028,50.718137
21,16,3,7,17,2,3,5,2,0,0,1,0,0,0,0,1,13.336233,50.660394
21,16,5,4,11,4,2,0,1,0,0,1,0,0,0,0,0,13.33501,50.657749
21,16,5,5,17,5,2,5,3,0,0,1,1,0,0,0,0,13.347879,50.655986
21,16,5,6,8,6,2,2,6,0,0,1,1,0,0,0,0,13.335546,50.662974
21,16,6,3,19,6,3,5,3,0,0,1,1,0,0,0,0,13.338334,50.658806
21,16,9,5,6,2,3,0,1,1,1,1,0,0,0,0,0,13.336035,50.660251
21,16,12,1,10,5,3,5,3,0,1,1,1,0,0,0,0,13.336064,50.660306
21,17,4,10,14,2,3,5,3,0,0,1,0,0,0,0,1,13.344986,50.656086
21,17,6,10,19,7,2,0,1,0,0,1,0,0,0,0,0,13.309498,50.664147
21,17,7,5,20,4,3,0,1,0,0,1,0,0,0,0,0,13.378019,50.69772
21,18,4,3,18,3,3,5,3,0,0,1,1,0,0,0,0,13.336177,50.660423
21,18,5,7,11,2,2,5,3,0,0,1,1,0,0,0,0,13.341353,50.656845
21,18,6,6,7,4,2,5,3,0,0,1,1,0,0,0,0,13.355499,50.649711
21,18,6,6,9,4,3,5,3,0,0,1,0,0,0,1,0,13.341391,50.656872
21,18,10,1,14,2,3,2,2,0,0,1,1,0,0,0,0,13.351244,50.650838
21,18,11,2,16,6,3,5,3,1,1,1,1,0,0,0,0,13.336042,50.661085
21,19,3,7,12,5,3,5,3,0,0,1,1,0,0,0,0,13.347507,50.655468
21,19,4,1,18,2,3,5,3,0,0,1,1,0,0,0,0,13.359535,50.650996
21,19,7,2,18,3,3,6,7,0,0,1,0,1,0,0,0,13.338308,50.658761
21,19,7,3,8,4,3,3,6,0,0,1,1,0,0,0,0,13.392588,50.646715
21,20,4,27,17,2,2,0,1,0,0,1,0,0,0,0,0,13.323794,50.645858
21,20,9,8,15,3,2,4,2,0,0,1,1,0,0,0,0,13.347565,50.655453
21,21,3,30,14,3,2,5,3,0,0,1,0,0,1,0,0,13.368675,50.650936
21,21,5,25,12,3,3,0,7,0,1,1,0,0,0,0,0,13.351178,50.650797
21,21,9,12,13,1,3,5,3,0,0,1,1,0,0,0,0,13.350095,50.654077
21,21,10,20,16,4,3,5,3,0,0,1,1,0,0,0,0,13.341382,50.658758
21,22,3,24,8,5,3,3,6,0,0,1,0,0,0,0,1,13.323478,50.673291
21,22,7,17,17,1,2,7,7,0,0,1,0,0,0,0,0,13.317884,50.688943
21,22,9,9,17,6,3,4,6,0,0,1,1,0,0,0,0,13.339821,50.661931
21,22,11,2,19,4,3,5,3,2,0,1,1,0,0,0,0,13.336213,50.657648
21,24,4,28,14,1,3,3,5,0,0,1,1,0,0,0,0,13.336401,50.66145
21,24,8,15,13,5,2,5,3,0,0,1,1,0,0,0,0,13.351193,50.656139
21,24,11,12,15,3,3,3,6,0,1,1,1,0,0,0,0,13.337825,50.661491
21,25,1,17,17,6,3,4,2,2,1,1,1,0,0,0,0,13.322049,50.668499
21,25,5,1,9,5,3,3,6,0,0,1,0,0,0,1,0,13.32575,50.657583
21,25,6,19,18,5,3,6,7,0,0,1,0,1,0,0,0,13.323914,50.66037
21,25,7,22,14,3,2,3,2,0,0,1,1,0,0,0,0,13.326046,50.66763
21,17,4,9,10,1,3,5,3,0,0,1,1,0,0,0,0,13.229667,50.700589
21,19,4,7,16,1,2,5,3,0,0,1,1,0,0,0,0,13.272949,50.685668
21,19,8,5,17,2,3,0,4,0,0,1,0,1,0,0,0,13.193028,50.719218
21,21,7,15,15,5,3,5,1,0,1,1,0,0,0,0,1,13.199008,50.71956
21,21,8,20,15,6,2,1,1,0,0,1,1,0,0,0,0,13.200803,50.714039
21,22,7,6,19,4,2,0,1,0,0,1,0,0,0,0,0,13.204809,50.732807
21,22,9,25,14,1,3,8,7,0,0,1,0,0,0,0,0,13.233569,50.703286
21,23,10,12,16,5,3,0,1,0,1,1,0,0,0,0,0,13.281434,50.716979
21,24,6,14,11,6,3,0,7,0,0,1,0,0,0,0,0,13.22705,50.711833
21,24,7,9,19,3,2,0,1,0,1,1,0,0,0,0,0,13.15058,50.701654
21,25,1,20,5,2,2,1,6,2,1,1,0,0,0,0,1,13.224541,50.712834
21,25,4,3,17,5,3,5,5,0,0,1,1,0,0,0,0,13.220844,50.706584
21,16,6,2,20,5,3,6,4,0,0,1,0,1,0,0,0,12.837973,50.531724
21,17,10,15,10,1,2,4,2,0,0,1,1,0,0,0,0,12.870901,50.529904
21,19,10,2,14,4,2,5,3,0,0,1,1,0,0,0,0,12.845162,50.548649
21,21,3,1,16,2,2,5,3,0,0,1,1,0,0,0,0,12.829976,50.531712
21,21,6,8,14,3,2,1,5,0,0,1,0,0,0,1,0,12.826199,50.52637
21,21,11,20,15,7,2,8,1,0,1,1,0,0,0,0,0,12.87202,50.529187
21,22,5,13,16,6,3,5,3,0,0,1,1,0,0,0,0,12.825062,50.52528
21,22,6,2,17,5,3,0,5,0,0,1,0,0,0,0,1,12.836118,50.545325
21,23,8,11,16,6,3,0,5,0,0,1,0,0,0,0,1,12.842155,50.546903
21,24,4,28,2,1,2,9,1,2,0,1,0,0,0,0,0,12.875487,50.536365
21,24,8,27,9,3,2,8,1,0,0,1,0,0,0,0,0,12.849075,50.533719
21,24,9,23,7,2,3,5,2,0,0,1,1,0,0,0,0,12.869846,50.532371
21,17,6,14,18,4,3,4,6,0,0,1,1,0,0,0,0,12.920767,50.538137
21,18,8,3,17,6,3,3,2,0,0,1,1,0,0,0,0,12.906896,50.539082
21,20,7,21,22,3,2,0,7,2,0,1,0,0,0,0,0,12.899676,50.560549
21,20,10,3,12,7,2,8,1,0,0,1,0,0,0,0,0,12.90728,50.534743
21,21,3,30,15,3,3,4,2,0,0,1,1,0,0,0,0,12.9123,50.54124
21,21,4,10,15,7,3,5,3,0,1,1,1,0,0,0,0,12.912506,50.532948
21,22,10,22,13,7,2,0,1,0,0,1,0,0,0,0,0,12.897241,50.536672
21,23,7,21,17,6,3,5,3,0,0,1,1,0,0,0,0,12.912841,50.540697
21,24,12,17,18,3,3,1,5,2,0,1,1,0,0,0,0,12.900411,50.53622
21,25,3,22,13,7,2,9,1,0,0,1,0,0,0,0,0,12.905547,50.55618
21,17,6,18,14,1,3,5,3,0,0,1,1,0,0,0,0,12.950174,50.561219
21,18,5,5,8,7,2,5,7,0,0,1,1,0,0,0,0,12.960619,50.552699
21,20,4,22,17,4,3,0,1,0,0,1,0,0,0,0,0,12.947684,50.553979
21,24,6,21,15,6,3,2,6,0,0,1,1,0,0,0,0,12.949195,50.586197
21,16,5,1,11,1,3,2,6,0,0,1,0,0,1,0,0,12.616116,50.588541
21,16,6,4,16,7,3,3,6,0,0,1,0,0,0,0,1,12.634923,50.600314
21,16,11,7,20,2,3,8,1,2,0,1,0,0,0,0,0,12.627984,50.603369
21,17,6,17,19,7,3,5,3,0,0,1,1,0,0,0,0,12.634542,50.584984
21,17,6,19,14,2,2,0,1,0,0,1,1,0,0,0,0,12.64088,50.612323
21,18,3,2,13,6,2,2,2,0,0,1,1,0,0,0,0,12.636087,50.585489
21,18,4,2,16,2,2,0,1,0,0,1,0,0,0,0,0,12.635223,50.59927
21,18,4,6,17,6,1,5,3,0,0,1,1,0,0,0,0,12.637931,50.574824
21,18,12,1,10,7,2,3,2,0,0,1,1,0,0,0,0,12.635616,50.584714
21,19,7,2,13,3,3,0,1,0,0,1,0,0,0,0,0,12.622868,50.573438
21,19,8,2,20,6,2,0,1,0,0,1,0,0,0,0,0,12.620978,50.600203
21,19,8,3,11,7,3,0,7,0,0,1,0,0,0,0,0,12.636159,50.598773
21,20,3,18,9,4,3,4,2,0,0,1,1,0,0,0,0,12.649216,50.595099
21,20,9,18,14,6,2,0,7,0,0,1,0,0,0,0,0,12.630629,50.601801
21,21,3,27,18,7,2,0,7,1,1,1,0,0,0,0,1,12.642779,50.594651
21,21,6,8,14,3,3,5,3,0,0,1,0,0,1,0,0,12.636179,50.588054
21,21,7,6,13,3,1,7,7,0,0,1,0,0,0,0,0,12.606562,50.597191
21,21,10,10,14,1,2,0,3,0,0,1,1,0,0,0,0,12.639529,50.606264
21,22,1,19,7,4,3,8,1,1,1,1,0,0,0,0,0,12.627129,50.602822
21,22,4,19,16,3,3,0,7,0,0,1,0,0,0,0,0,12.614435,50.587695
21,22,5,11,8,4,3,0,7,0,0,1,0,0,0,0,0,12.648269,50.596483
21,22,7,4,20,2,2,5,2,0,0,1,1,0,0,0,0,12.637655,50.597425
21,22,7,9,23,7,2,9,1,2,1,1,0,0,0,0,0,12.623592,50.587597
21,22,8,2,17,3,2,0,1,0,0,1,0,0,0,0,0,12.638994,50.603068
21,22,8,11,13,5,2,5,2,0,0,1,1,0,0,0,0,12.634305,50.582
21,22,11,7,6,2,2,9,7,2,1,1,0,0,0,0,0,12.622768,50.604679
21,22,11,24,18,5,2,5,3,2,1,1,1,0,0,0,0,12.639523,50.591622
21,23,5,2,17,3,3,1,5,0,0,1,1,0,0,0,0,12.648082,50.603859
21,24,2,24,15,7,3,8,7,0,0,1,0,0,0,0,0,12.632754,50.615808
21,24,5,1,15,4,2,0,7,0,0,1,0,0,0,0,0,12.638498,50.589999
21,24,6,2,9,1,2,5,2,0,0,1,1,0,0,0,0,12.637042,50.581366
21,24,6,12,17,4,2,0,1,0,0,1,0,0,0,0,0,12.638868,50.593684
21,25,2,2,15,1,3,5,3,0,0,1,1,0,0,0,0,12.641054,50.612178
21,25,7,25,5,6,3,5,3,0,0,1,1,0,0,0,0,12.6409,50.597558
21,25,9,22,10,2,3,5,3,0,1,1,1,0,0,0,0,12.648743,50.595788
21,17,10,15,15,1,3,2,6,0,0,1,1,0,0,0,0,12.511718,50.509482
21,19,8,4,13,1,1,3,6,0,0,1,0,0,1,0,0,12.512758,50.475961
21,20,11,23,20,2,2,6,4,2,0,1,0,1,0,0,0,12.531948,50.502995
21,22,9,1,14,5,2,3,6,0,0,1,1,0,0,0,0,12.533089,50.502996
21,24,6,13,14,5,2,8,1,0,0,1,0,0,0,0,0,12.537345,50.503524
21,16,5,4,18,4,3,5,3,0,0,1,0,0,0,0,0,12.781922,50.558598
21,16,5,6,16,6,3,5,3,0,0,1,1,0,0,0,0,12.795935,50.542815
21,16,8,4,16,5,3,2,2,0,0,1,1,0,0,0,0,12.79589,50.539936
21,16,8,6,9,7,3,2,6,0,0,1,1,0,0,0,0,12.769496,50.535317
21,16,10,3,9,2,3,5,3,0,0,1,1,0,0,0,0,12.787087,50.539207
21,17,4,1,15,7,3,5,2,0,0,1,1,0,0,0,0,12.791868,50.542992
21,17,5,11,15,5,2,4,6,0,0,1,0,0,0,0,1,12.78398,50.539487
21,17,7,23,16,1,3,8,1,0,0,1,0,0,0,0,0,12.81991,50.525977
21,17,8,8,9,3,3,5,3,0,0,1,1,0,0,0,0,12.787004,50.53608
21,17,8,29,11,3,3,5,3,0,0,1,1,0,0,0,0,12.754984,50.556217
21,18,6,1,20,6,2,2,2,1,0,1,1,0,0,0,0,12.776647,50.542916
21,18,6,3,13,1,3,6,6,0,0,1,0,1,0,0,0,12.759583,50.535027
21,18,9,7,16,6,3,3,2,0,0,1,1,0,0,0,0,12.800808,50.537048
21,18,10,3,11,4,2,0,7,0,0,1,0,0,0,0,0,12.789343,50.546562
21,18,10,4,11,5,2,3,6,0,0,1,1,0,0,0,0,12.787252,50.542056
21,18,11,7,14,4,3,7,7,0,0,1,0,0,0,0,1,12.787166,50.543971
21,19,4,7,0,1,3,9,7,2,0,1,0,0,0,0,0,12.778954,50.549167
21,19,6,3,13,2,2,6,6,0,0,1,0,1,0,0,0,12.781154,50.551908
21,19,7,3,13,4,3,5,3,0,0,1,1,0,0,0,0,12.787083,50.539208
21,19,9,7,19,7,2,0,1,0,0,1,0,0,0,0,0,12.785571,50.558464
21,20,2,25,14,3,3,5,3,0,0,1,1,0,0,0,0,12.79035,50.546335
21,20,3,17,10,3,3,0,7,0,0,1,0,0,0,0,0,12.787328,50.542088
21,20,4,9,15,5,3,0,6,0,0,1,1,0,0,0,0,12.784603,50.534749
21,20,5,13,13,4,3,5,3,0,0,1,1,0,0,0,0,12.781108,50.548792
21,20,6,29,16,2,3,5,3,0,0,1,1,0,0,0,0,12.762447,50.556374
21,20,8,19,13,4,3,5,3,0,0,1,1,0,0,0,0,12.789128,50.536971
21,20,9,3,14,5,2,0,7,0,0,1,0,0,0,0,0,12.799629,50.540367
21,20,10,11,9,1,2,5,2,0,0,1,0,0,0,0,0,12.759523,50.522645
21,21,6,19,18,7,2,0,7,0,0,1,0,0,0,0,0,12.797007,50.503846
21,21,7,24,18,7,2,5,3,0,0,1,1,0,0,0,0,12.817115,50.514925
21,21,12,21,23,3,2,4,2,2,0,1,1,0,0,0,0,12.793083,50.541957
21,22,4,16,10,7,2,0,7,0,0,1,0,0,0,0,0,12.771556,50.533398
21,22,4,20,8,4,2,3,2,0,0,1,1,0,0,0,0,12.787796,50.542165
21,22,4,27,16,4,3,8,1,0,0,1,0,0,0,0,0,12.779109,50.53812
21,22,5,23,12,2,2,3,6,0,0,1,1,0,0,0,0,12.784251,50.53558
21,22,6,23,19,5,2,0,1,0,0,1,0,0,0,0,0,12.769879,50.545591
21,22,8,18,19,5,2,0,7,0,0,1,0,0,0,0,0,12.777942,50.533446
21,22,8,25,17,5,3,4,2,0,0,1,1,0,0,0,0,12.782405,50.556611
21,22,8,25,22,5,2,8,1,2,1,1,0,0,0,0,0,12.774563,50.556613
21,22,9,2,0,6,3,0,1,2,0,1,0,0,0,0,0,12.795404,50.540227
21,23,6,1,19,5,3,5,3,0,0,1,1,0,0,0,0,12.786961,50.541928
21,23,6,7,17,4,2,2,6,0,0,1,1,0,0,0,0,12.817578,50.529058
21,23,6,9,20,6,3,5,3,0,0,1,1,0,0,0,0,12.787069,50.539209
21,23,7,3,17,2,3,2,6,0,0,1,1,0,0,0,0,12.775139,50.549748
21,23,8,20,18,1,3,5,2,0,0,1,1,0,0,0,0,12.791868,50.542992
21,23,9,10,13,1,2,0,1,0,0,1,0,0,0,0,0,12.79096,50.54272
21,23,9,26,13,3,3,5,3,0,0,1,1,0,0,0,0,12.813866,50.508774
21,23,9,29,11,6,3,3,6,0,0,1,1,0,0,0,0,12.768815,50.550348
21,24,7,14,13,1,3,1,5,0,0,1,1,0,0,0,0,12.772977,50.552164
21,24,9,19,17,5,3,0,3,0,0,1,1,0,0,0,0,12.775509,50.5435
21,25,4,20,11,1,3,0,7,0,0,1,1,0,0,0,0,12.784609,50.535797
21,25,9,20,11,7,3,0,7,0,0,1,0,0,0,0,0,12.790671,50.542638
21,25,10,18,6,7,2,5,3,2,1,1,1,0,0,0,0,12.787769,50.54683
21,25,11,1,11,7,3,5,3,0,0,1,1,0,0,0,0,12.787048,50.539214
21,17,3,30,16,5,3,4,2,0,0,1,0,0,1,0,0,12.995522,50.537951
21,17,7,8,15,7,2,0,7,0,0,1,0,0,0,0,0,13.015522,50.527921
21,17,8,7,19,2,3,5,3,0,0,1,1,0,0,0,0,12.9928,50.514583
21,19,3,1,15,6,3,5,3,0,1,1,1,0,0,0,0,12.994676,50.531645
21,19,4,5,13,6,2,0,1,0,0,1,0,0,0,0,0,12.97331,50.489113
21,19,4,7,14,1,3,5,3,0,0,1,1,0,0,0,0,12.994537,50.516078