UKREIS,UJAHR,UMONAT,UTAG,USTUNDE,UWOCHENTAG,UKATEGORIE,UART,UTYP,LICHT,USTRZUSTAND,IstRad,IstPKW,IstFuss,IstKrad,IstGkfz,IstSonstige,@lon,@lat
21,19,6,7,13,6,3,5,3,0,0,1,1,0,0,0,0,12.972749,50.490401
21,19,7,2,23,3,2,9,1,2,0,1,0,0,0,0,0,12.983069,50.465897
21,19,8,4,11,1,3,0,1,0,0,1,0,0,0,0,0,12.970604,50.470349
21,20,5,5,8,3,3,0,1,0,0,1,0,0,0,0,0,12.975985,50.504995
21,20,5,8,18,6,3,3,2,0,0,1,1,0,0,0,0,12.973014,50.492796
21,20,7,22,16,4,3,3,6,0,0,1,1,0,0,0,0,12.995173,50.535672
21,21,4,24,15,7,3,5,3,0,0,1,1,0,0,0,0,12.994566,50.516068
21,21,6,4,14,6,2,5,3,0,0,1,0,0,0,0,1,12.992111,50.513212
21,21,6,20,14,1,2,2,6,0,0,1,1,0,0,0,0,12.994651,50.532908
21,21,8,7,14,7,3,0,7,0,0,1,0,0,0,0,0,12.969381,50.473366
21,22,3,25,9,6,3,1,7,0,0,1,1,0,0,0,0,12.97414,50.482084
21,22,6,2,7,5,1,1,5,0,0,1,0,0,0,1,0,12.98941,50.512778
21,22,6,17,16,6,2,4,2,0,0,1,1,0,0,0,0,12.972177,50.482986
21,22,7,2,18,7,2,0,1,0,0,1,0,0,0,0,0,13.011549,50.469393
21,22,9,6,8,3,3,5,3,0,0,1,1,0,0,0,0,12.974398,50.484112
21,23,8,11,15,6,2,8,1,0,0,1,0,0,0,0,0,13.007561,50.52957
21,23,9,7,16,5,3,5,7,0,0,1,1,0,0,0,0,12.985483,50.510443
21,23,9,10,15,1,3,4,6,0,0,1,0,0,0,0,1,13.003716,50.493342
21,23,9,27,8,4,3,5,3,0,0,1,0,0,0,0,1,12.995082,50.539159
21,24,6,26,18,4,3,8,1,0,0,1,0,0,0,0,0,12.994444,50.527011
21,24,7,17,19,4,2,0,1,0,0,1,0,0,0,0,0,12.997218,50.53441
21,24,8,9,20,6,2,4,6,1,0,1,1,0,0,0,0,13.015455,50.525762
21,24,8,14,10,4,2,8,7,0,0,1,0,0,0,0,0,12.974179,50.487286
21,24,9,24,15,3,3,3,6,0,0,1,1,0,0,0,0,12.995135,50.535813
21,25,2,25,12,3,2,5,3,0,0,1,1,0,0,0,0,12.992861,50.515667
21,25,3,6,8,5,3,4,2,0,0,1,1,0,0,0,0,12.99521,50.531113
21,25,6,26,9,5,2,3,6,0,0,1,1,0,0,0,0,12.995212,50.53545
21,25,7,22,9,3,3,5,7,0,0,1,1,0,0,0,0,12.98944,50.513709
21,25,8,2,18,7,3,3,6,0,0,1,1,0,0,0,0,12.997076,50.54633
21,25,12,15,11,2,3,0,7,0,2,1,0,0,0,0,0,12.973141,50.484106
21,23,7,9,2,1,3,0,7,2,0,1,0,0,0,0,0,13.452511,50.652425
21,24,3,23,7,7,3,5,3,0,1,1,1,0,0,0,0,13.451294,50.649485
21,16,5,6,9,6,3,2,6,0,0,1,0,0,0,0,0,12.760597,50.690947
21,16,6,2,8,5,2,5,3,0,0,1,1,0,0,0,0,12.796814,50.717282
21,16,8,3,14,4,3,2,6,0,0,1,0,0,0,0,1,12.781381,50.709742
21,16,9,5,16,2,3,0,3,0,0,1,1,0,0,0,0,12.777551,50.714095
21,16,10,5,17,4,3,0,2,0,0,1,1,0,0,0,0,12.719138,50.664296
21,17,4,11,18,3,2,1,5,0,0,1,1,0,0,0,0,12.774639,50.71302
21,17,4,24,14,2,3,4,2,0,0,1,1,0,0,0,0,12.781389,50.712427
21,17,7,19,16,4,2,5,3,0,0,1,1,0,0,0,0,12.784045,50.71436
21,18,7,7,18,7,2,0,3,0,0,1,1,0,0,0,0,12.767847,50.713671
21,18,10,2,13,3,3,2,2,0,0,1,1,0,0,0,0,12.788969,50.71719
21,19,5,1,14,4,3,0,5,0,0,1,1,0,0,0,0,12.775552,50.705718
21,19,6,2,16,1,3,8,1,0,0,1,0,0,0,0,0,12.797489,50.694385
21,19,7,1,10,2,3,1,5,0,0,1,1,0,0,0,0,12.778214,50.708819
21,19,10,2,11,4,3,5,2,0,1,1,1,0,0,0,0,12.78653,50.713726
21,19,10,4,15,6,2,5,3,0,0,1,1,0,0,0,0,12.767881,50.692089
21,19,12,3,10,3,2,7,7,0,1,1,0,1,0,0,0,12.724296,50.662683
21,20,5,12,10,3,3,0,7,0,0,1,0,0,0,0,0,12.786688,50.706666
21,20,5,29,23,6,2,5,2,2,0,1,1,0,0,0,0,12.784837,50.718049
21,20,6,3,7,4,3,0,7,1,0,1,0,1,0,0,0,12.777266,50.709216
21,20,7,13,19,2,2,8,1,0,0,1,0,0,0,0,0,12.766503,50.700009
21,20,9,7,13,2,3,5,3,0,0,1,1,0,0,0,0,12.759146,50.70801
21,20,9,17,12,5,3,4,6,0,0,1,1,0,0,0,0,12.776332,50.714764
21,20,9,20,18,1,2,1,5,0,0,1,1,0,0,0,0,12.772471,50.700174
21,20,10,3,18,7,2,0,7,0,0,1,0,0,0,0,0,12.768958,50.71566
21,20,10,27,16,3,2,0,7,1,0,1,0,0,0,0,0,12.780619,50.713692
21,21,5,3,20,2,3,5,3,0,0,1,1,0,0,0,0,12.780973,50.70815
21,21,6,7,16,2,2,5,3,0,0,1,1,0,0,0,0,12.759325,50.706029
21,21,8,9,9,2,3,5,3,0,0,1,1,0,0,0,0,12.764472,50.712615
21,21,8,21,19,7,3,0,7,0,0,1,0,0,0,0,0,12.785733,50.716039
21,21,9,25,20,7,2,0,1,2,0,1,0,0,0,0,0,12.786893,50.715805
21,22,5,17,5,3,2,0,7,0,1,1,0,0,0,0,0,12.784925,50.718032
21,22,6,1,8,4,3,5,3,0,0,1,0,0,0,0,1,12.785951,50.713865
21,22,8,9,10,3,3,5,7,0,0,1,0,0,0,0,1,12.760366,50.711045
21,22,9,5,19,2,3,0,1,0,0,1,0,0,0,0,0,12.778589,50.713732
21,22,9,9,18,6,3,0,6,0,0,1,1,0,0,0,0,12.780285,50.713376
21,22,11,2,14,4,2,4,2,0,0,1,1,0,0,0,0,12.761275,50.711714
21,22,11,9,5,4,3,5,2,2,0,1,1,0,0,0,0,12.762224,50.712752
21,23,5,16,21,3,3,7,7,0,0,1,0,0,0,0,0,12.737814,50.675002
21,23,8,3,18,5,3,0,7,0,0,1,0,0,0,0,0,12.776923,50.703858
21,23,10,16,13,2,2,5,3,0,0,1,1,0,0,0,0,12.771219,50.711133
21,23,11,6,18,2,3,6,4,2,0,1,0,1,0,0,0,12.774936,50.715356
21,24,5,9,14,5,3,8,7,0,0,1,0,0,0,0,0,12.769853,50.711474
21,24,5,18,18,7,3,1,7,0,0,1,1,0,0,0,0,12.767277,50.70539
21,24,8,27,17,3,2,0,7,0,0,1,0,0,0,0,0,12.790055,50.716565
21,24,9,7,18,7,2,4,6,0,0,1,1,0,0,0,0,12.777265,50.705259
21,24,10,3,18,5,3,0,1,1,1,1,0,0,0,0,0,12.770988,50.711191
21,24,12,9,10,2,3,0,7,0,0,1,0,1,0,0,0,12.766693,50.712184
21,25,1,18,14,7,3,4,6,0,0,1,1,0,0,0,0,12.768797,50.696475
21,25,1,24,21,6,3,0,7,2,0,1,0,0,0,0,0,12.780752,50.713818
21,25,4,30,23,4,3,5,2,2,0,1,0,0,0,0,1,12.763147,50.682872
21,25,5,4,17,1,3,0,7,0,0,1,0,0,0,0,0,12.773713,50.702702
21,25,12,30,13,3,3,3,2,0,1,1,1,0,0,0,0,12.780008,50.713114
21,16,9,1,13,5,2,5,3,0,0,1,0,0,0,0,1,12.529966,50.520453
21,17,6,1,17,5,3,0,7,0,0,1,0,0,0,0,0,12.595893,50.554441
21,17,10,14,14,7,3,3,6,0,0,1,1,0,0,0,0,12.600028,50.533502
21,18,4,4,18,4,3,5,3,0,0,1,1,0,0,0,0,12.528193,50.533227
21,21,7,24,17,7,2,5,2,0,0,1,1,0,0,0,0,12.588273,50.554352
21,21,9,27,7,2,2,5,3,0,1,1,1,0,0,0,0,12.5344,50.541093
21,24,6,27,11,5,3,0,7,0,0,1,0,0,0,0,0,12.534373,50.536336
21,21,8,8,3,1,3,0,1,2,0,1,0,0,0,0,0,12.939015,50.606359
21,22,7,5,16,3,3,5,3,0,0,1,1,0,0,0,0,12.937351,50.607587
21,16,3,5,13,7,3,5,2,0,0,1,0,0,0,0,0,12.857254,50.705146
21,16,4,4,7,2,2,5,3,0,0,1,1,0,0,0,0,12.851825,50.70344
21,16,9,3,15,7,3,1,5,0,0,1,1,0,0,0,0,12.863183,50.70779
21,16,12,3,5,7,3,5,2,2,0,1,1,0,0,0,0,12.857247,50.705144
21,17,3,29,16,4,2,5,2,0,0,1,1,0,0,0,0,12.861401,50.708555
21,17,8,25,16,6,3,1,5,0,0,1,0,0,0,0,1,12.844327,50.691336
21,17,11,2,15,5,3,0,5,0,0,1,1,0,0,0,0,12.844998,50.698451
21,17,11,14,16,3,3,0,3,0,0,1,1,0,0,0,0,12.85194,50.702672
21,18,6,3,10,1,2,0,1,0,0,1,0,0,0,0,0,12.884071,50.716401
21,18,10,5,18,6,3,4,2,0,0,1,1,0,0,0,0,12.846794,50.698384
21,19,5,6,18,2,2,5,3,0,0,1,1,0,0,0,0,12.847729,50.699001
21,19,9,1,10,1,3,5,3,0,0,1,1,0,0,0,0,12.844993,50.694893
21,20,8,20,10,5,3,5,3,0,0,1,1,0,0,0,0,12.848845,50.701064
21,20,12,21,13,2,3,0,1,0,1,1,0,0,0,0,0,12.851658,50.703394
21,21,3,26,10,6,3,0,1,0,0,1,0,0,0,0,0,12.848314,50.7063
21,22,8,28,13,1,3,0,1,0,0,1,0,0,0,0,0,12.840516,50.708249
21,23,6,20,12,3,3,2,6,0,0,1,0,0,0,0,1,12.84437,50.691939
21,23,7,1,13,7,2,0,7,0,0,1,0,0,0,0,0,12.860615,50.703472
21,23,9,5,15,3,3,5,3,0,0,1,1,0,0,0,0,12.846829,50.698423
21,24,2,15,12,5,3,2,6,0,0,1,1,0,0,0,0,12.850869,50.702369
21,24,10,9,15,4,3,5,2,0,0,1,1,0,0,0,0,12.845178,50.704539
21,17,10,17,15,3,3,2,6,0,0,1,1,0,0,0,0,13.053195,50.617123
21,18,5,6,12,1,2,0,1,0,0,1,0,0,0,0,0,12.993531,50.610479
21,19,6,6,16,5,2,4,2,0,0,1,1,0,0,0,0,13.045399,50.620057
21,20,8,10,19,2,3,9,1,0,0,1,0,0,0,0,0,13.027406,50.610981
21,22,9,23,15,6,2,8,1,0,0,1,0,0,0,0,0,12.966819,50.626789
21,22,9,24,9,7,2,5,3,0,0,1,1,0,0,0,0,13.040645,50.606923
21,23,6,9,17,6,2,4,1,0,0,1,0,0,0,0,0,13.016714,50.609095
21,23,9,10,10,1,3,2,6,0,0,1,1,0,0,0,0,13.048247,50.620678
21,23,9,17,1,1,3,8,1,2,0,1,0,0,0,0,0,13.046442,50.620649
21,24,3,12,12,3,3,3,6,0,0,1,1,0,0,0,0,12.999103,50.600847
21,24,8,31,12,7,2,3,6,0,0,1,1,0,0,0,0,13.040279,50.612559
21,24,9,8,11,1,2,9,1,0,0,1,0,0,0,0,0,13.052898,50.616943
21,16,8,1,19,2,3,5,3,0,0,1,1,0,0,0,0,12.944952,50.665652
21,17,6,11,18,1,3,5,3,0,0,1,0,0,0,0,0,12.941191,50.679382
21,17,7,30,19,1,3,2,2,0,0,1,0,0,0,0,0,12.946248,50.669611
21,18,4,2,4,2,2,0,7,2,0,1,0,0,0,0,0,12.923422,50.654286
21,18,4,7,16,7,3,8,1,0,0,1,0,0,0,0,0,12.941162,50.682183
21,18,5,6,12,1,3,5,3,0,0,1,1,0,0,0,0,12.984528,50.687236
21,18,6,2,19,7,2,8,1,0,0,1,0,0,0,0,0,12.926056,50.662348
21,19,9,5,15,5,3,3,6,0,0,1,1,0,0,0,0,12.93227,50.666324
21,20,6,21,12,1,3,0,1,0,0,1,0,0,0,0,0,12.948196,50.668056
21,20,6,21,17,1,2,8,1,0,0,1,0,0,0,0,0,12.921391,50.666064
21,21,4,11,15,1,2,0,1,0,0,1,0,0,0,0,0,12.984629,50.687534
21,21,6,30,17,4,2,1,5,0,0,1,0,0,0,0,1,12.953594,50.668629
21,21,7,24,23,7,3,0,1,2,0,1,0,0,0,0,0,12.940252,50.667831
21,21,9,28,16,3,3,5,3,0,0,1,1,0,0,0,0,12.949559,50.673623
21,22,6,3,13,6,2,4,1,0,0,1,1,0,0,0,0,12.941643,50.667981
21,23,7,30,4,1,2,8,1,2,1,1,0,0,0,0,0,12.945876,50.667757
21,23,8,12,8,7,2,5,2,0,0,1,1,0,0,0,0,12.946256,50.669643
21,24,6,19,14,4,2,0,1,0,1,1,0,0,0,0,0,12.948273,50.665306
21,24,8,6,17,3,3,5,3,0,0,1,1,0,0,0,0,12.948344,50.671505
21,25,5,6,14,3,3,5,3,0,0,1,0,0,1,0,0,12.983159,50.680947
21,25,5,23,14,6,2,5,3,0,0,1,1,0,0,0,0,12.978031,50.677019
21,25,6,24,18,3,3,5,3,0,0,1,1,0,0,0,0,12.9843,50.686917
21,19,5,4,22,7,2,8,1,2,0,1,0,0,0,0,0,13.075786,50.66104
21,20,6,30,12,3,3,0,1,0,0,1,0,0,0,0,0,13.122039,50.673504
21,21,5,5,6,4,3,0,1,0,0,1,0,0,0,0,0,13.063788,50.65655
21,21,7,18,13,1,3,8,7,0,0,1,0,0,0,0,0,13.06348,50.668544
21,21,8,22,17,1,2,8,1,0,0,1,0,0,0,0,0,13.090961,50.661345
21,22,7,25,18,2,3,5,3,0,0,1,1,0,0,0,0,13.059896,50.65429
21,24,4,6,13,7,3,8,1,0,0,1,0,0,0,0,0,13.063838,50.656906
21,24,8,25,16,1,2,5,2,0,0,1,1,0,0,0,0,13.039852,50.64593
21,25,8,17,10,1,2,5,3,0,0,1,1,0,0,0,0,13.02213,50.642069
21,16,6,2,0,5,3,0,1,2,0,1,0,0,0,0,0,13.072496,50.74919
21,16,7,2,16,7,2,5,3,0,1,1,1,0,0,0,0,13.068246,50.743663
21,17,6,15,16,5,3,1,1,0,0,1,1,0,0,0,0,13.068574,50.749772
21,18,4,3,15,3,2,8,1,0,0,1,0,0,0,0,0,13.103723,50.737055
21,18,6,3,14,1,2,8,1,0,0,1,1,0,0,0,0,13.069003,50.743312
21,18,8,1,6,4,2,4,6,0,0,1,1,0,0,0,0,13.08373,50.729535
21,19,5,4,21,7,3,1,7,1,0,1,1,0,0,0,0,13.066743,50.747428
21,19,9,6,18,6,2,9,1,0,0,1,0,0,0,0,0,13.067396,50.757071
21,20,4,23,13,5,2,8,7,0,0,1,0,0,0,0,0,13.06248,50.739741
21,20,4,30,15,5,3,5,3,0,0,1,1,0,0,0,0,13.068145,50.742797
21,20,5,13,10,4,3,3,6,0,0,1,1,0,0,0,0,13.065594,50.761295
21,20,6,13,17,7,3,0,1,0,1,1,0,0,0,0,0,13.06939,50.744298
21,20,8,11,6,3,2,0,1,0,0,1,0,0,0,0,0,13.07562,50.750175
21,21,6,25,14,6,3,4,2,0,0,1,1,0,0,0,0,13.070856,50.746259
21,22,4,14,12,5,3,1,5,0,0,1,1,0,0,0,0,13.074082,50.749766
21,22,8,10,15,4,3,5,3,0,0,1,1,0,0,0,0,13.071009,50.755317
21,22,12,25,12,1,3,5,3,0,0,1,1,0,0,0,0,13.068867,50.761929
21,23,3,29,16,4,2,3,6,0,0,1,0,0,0,1,0,13.06328,50.734917
21,23,7,6,15,5,2,5,3,0,0,1,1,0,0,0,0,13.078439,50.744276
21,24,6,20,8,5,2,8,1,0,0,1,0,0,0,0,0,13.061699,50.742443
21,24,8,10,19,7,2,8,1,0,0,1,0,0,0,0,0,13.078734,50.752972
21,24,8,25,11,1,2,5,3,0,1,1,1,0,0,0,0,13.068355,50.743676
21,25,9,29,14,2,2,1,5,0,0,1,1,0,0,0,0,13.104548,50.740721
21,17,5,14,11,1,2,3,6,0,1,1,1,0,0,0,0,12.621246,50.529267
21,18,4,5,14,5,3,4,6,0,0,1,1,0,0,0,0,12.646286,50.565108
21,18,8,6,15,2,1,5,3,0,0,1,1,0,0,0,0,12.628922,50.557257
21,21,9,3,19,6,3,0,7,1,0,1,0,0,0,0,0,12.644949,50.527428
21,22,6,8,9,4,3,0,7,0,0,1,0,0,0,0,0,12.63973,50.56142
21,23,3,18,18,7,2,4,1,0,0,1,0,0,0,0,0,12.64287,50.564532
21,24,8,20,17,3,3,5,3,0,0,1,1,0,0,0,0,12.660527,50.551331
21,25,7,29,15,3,3,5,2,0,1,1,1,0,0,0,0,12.655143,50.571344
21,16,6,7,20,3,3,0,1,0,0,1,0,0,0,0,0,12.808343,50.66795
21,17,6,3,19,7,3,5,3,1,1,1,1,0,0,0,0,12.80568,50.636609
21,17,7,27,9,5,2,0,7,0,0,1,1,0,0,0,0,12.806194,50.684539
21,17,8,3,20,5,3,0,6,0,0,1,0,1,0,0,0,12.811088,50.634883
21,17,9,16,8,7,3,5,3,0,0,1,1,0,0,0,0,12.804403,50.63304
21,17,12,14,13,5,3,0,1,0,1,1,0,0,0,0,0,12.841576,50.677441
21,18,5,1,13,3,2,0,1,0,0,1,0,0,0,0,0,12.838122,50.668284
21,18,5,1,14,3,3,5,3,0,0,1,1,0,0,0,0,12.838109,50.668315
21,18,6,1,16,6,2,3,6,0,0,1,1,0,0,0,0,12.807341,50.63205
21,18,6,4,15,2,3,5,3,0,0,1,1,0,0,0,0,12.804318,50.63189
21,18,8,6,15,2,2,1,3,0,0,1,1,0,0,0,0,12.808136,50.633201
21,18,9,3,14,2,2,8,1,0,1,1,0,0,0,0,0,12.822045,50.644113
21,19,4,2,1,3,3,0,7,2,0,1,0,0,0,0,0,12.882412,50.691199
21,19,9,3,15,3,2,3,2,0,0,1,1,0,0,0,0,12.817943,50.639088
21,20,4,19,17,1,3,0,1,0,0,1,0,0,0,0,0,12.894964,50.669896
21,20,6,11,15,5,3,0,1,0,0,1,0,0,0,0,0,12.813069,50.684372
21,20,7,20,14,2,3,0,7,0,0,1,0,0,0,0,0,12.807271,50.600114
21,20,9,30,13,4,3,3,6,0,0,1,1,0,0,0,0,12.811616,50.626084
21,20,11,27,15,6,2,5,3,0,1,1,1,0,0,0,0,12.810821,50.631214
21,21,4,11,15,1,3,5,3,0,0,1,1,0,0,0,0,12.834186,50.618046
21,21,6,3,19,5,2,0,1,0,0,1,0,0,0,0,0,12.798988,50.635945
21,21,7,10,20,7,3,6,7,0,0,1,0,1,0,0,0,12.814054,50.632003
21,21,8,14,1,7,3,9,1,2,0,1,0,0,0,0,0,12.799232,50.613604
21,22,4,14,9,5,3,5,3,0,0,1,1,0,0,0,0,12.799377,50.632562
21,22,9,19,11,2,3,3,2,0,1,1,1,0,0,0,0,12.808968,50.630637
21,23,4,6,21,5,3,0,7,2,0,1,0,0,0,0,0,12.765161,50.630726
21,23,5,11,5,5,2,5,3,1,0,1,1,0,0,0,0,12.808988,50.630631
21,23,7,8,9,7,2,0,1,0,0,1,0,0,0,0,0,12.814366,50.626389
21,23,7,11,11,3,2,0,7,0,0,1,0,0,0,0,0,12.800793,50.606612
21,23,7,19,17,4,2,0,7,0,0,1,0,0,0,0,0,12.881496,50.672243
21,23,7,19,19,4,2,0,1,0,0,1,0,0,0,0,0,12.790677,50.638055
21,23,8,12,18,7,3,0,1,0,1,1,0,0,0,0,0,12.798615,50.632581
21,23,8,14,17,2,2,0,1,0,0,1,0,0,0,0,0,12.81414,50.632635
21,23,9,9,18,7,3,4,6,1,0,1,1,0,0,0,0,12.822184,50.644581
21,23,10,24,7,3,3,3,6,2,1,1,1,0,0,0,0,12.841636,50.677145
21,24,7,6,17,7,3,5,3,0,1,1,1,0,0,0,0,12.802325,50.632168
21,24,7,27,10,7,3,0,1,0,1,1,0,0,0,0,0,12.831917,50.621294
21,24,8,13,17,3,3,5,3,0,0,1,1,0,0,0,0,12.799426,50.634962
21,24,8,26,5,2,3,4,6,1,0,1,0,0,0,0,1,12.81721,50.690749
21,25,4,3,13,5,3,8,6,0,0,1,0,0,1,0,0,12.802072,50.622196
21,25,6,13,14,6,2,0,1,0,1,1,0,0,0,0,0,12.854492,50.636991
21,25,6,24,17,3,2,0,6,0,0,1,0,0,0,0,1,12.815703,50.690016
21,25,9,19,15,6,3,0,7,0,0,1,0,0,0,0,0,12.826849,50.627605
21,25,9,24,16,4,2,6,4,0,0,1,0,1,0,0,0,12.809149,50.629353
22,16,5,3,10,3,3,8,1,0,0,1,0,0,0,0,0,12.956201,50.967317
22,16,8,3,23,4,3,0,7,2,1,1,0,0,0,0,0,12.929275,50.957933
22,17,9,7,6,5,2,5,3,0,0,1,1,0,0,0,0,12.962179,50.966924
22,18,6,1,22,6,3,2,6,2,0,1,1,0,0,0,0,12.977695,50.962583
22,18,7,2,11,2,2,3,2,0,0,1,1,0,0,0,0,12.940916,50.974535
22,18,7,3,15,3,2,2,6,0,0,1,1,0,0,0,0,12.917862,50.954939
22,21,7,21,13,4,3,0,7,0,0,1,0,0,0,0,0,12.952514,50.966504
22,21,12,16,22,5,2,0,1,2,0,1,0,0,0,0,0,12.954009,50.966868
22,22,9,5,12,2,3,3,6,0,0,1,1,0,0,0,0,12.976611,50.960217
22,22,10,27,17,5,3,2,6,0,0,1,1,0,0,0,0,12.944737,50.96458
22,23,11,4,17,7,1,2,6,2,0,1,1,0,0,0,0,12.974836,50.956317
22,24,8,9,7,6,3,5,3,0,0,1,1,0,0,0,0,12.962181,50.966923
22,24,10,14,13,2,3,6,6,0,0,1,0,1,0,0,0,12.96188,50.966898
22,16,10,2,14,1,2,0,6,0,1,1,0,0,1,0,0,13.098476,50.816162
22,17,4,28,11,6,2,5,3,0,0,1,1,0,0,0,0,13.103076,50.80558
22,17,7,18,11,3,2,0,6,0,0,1,1,0,0,0,0,13.087748,50.820222
22,18,6,2,17,7,2,5,3,0,0,1,1,0,0,0,1,13.108338,50.828094
22,18,7,3,18,3,3,2,6,0,0,1,1,0,0,0,0,13.066834,50.820776
22,18,11,7,17,4,2,3,6,1,0,1,1,0,0,0,0,13.078659,50.827132
22,19,5,2,17,5,2,8,1,0,0,1,0,0,0,0,0,13.085459,50.800095
22,19,9,5,19,5,3,5,3,1,1,1,1,0,0,0,0,13.529767,51.293261
22,20,4,26,12,1,3,8,1,0,0,1,0,0,0,0,0,13.087759,50.820356
22,20,9,23,13,4,2,6,4,0,0,1,0,1,0,0,0,13.070253,50.822046
22,21,4,22,12,5,2,0,1,0,0,1,0,0,0,0,0,13.077374,50.797264
22,21,6,7,16,2,2,0,7,0,0,1,0,0,0,0,0,13.102736,50.813634
22,21,7,18,16,1,3,4,2,0,0,1,1,0,0,0,0,13.101189,50.817449
22,21,7,22,16,5,2,0,7,0,0,1,0,0,0,0,0,13.117269,50.829154
22,21,7,31,12,7,2,0,7,0,0,1,0,0,0,0,0,13.087045,50.823799
22,21,10,9,17,7,3,2,6,0,0,1,1,0,0,0,0,13.065702,50.820354
22,22,5,20,22,6,2,8,7,2,0,1,0,0,0,0,0,13.073119,50.821413
22,22,9,6,8,3,2,0,1,0,0,1,0,0,0,0,0,13.074423,50.821278
22,22,11,7,16,2,2,0,1,1,0,1,0,0,0,0,0,13.098265,50.820687
22,23,5,15,10,2,2,6,4,0,0,1,0,1,0,0,0,13.074085,50.821329
22,23,6,16,22,6,2,0,1,2,1,1,0,0,0,0,0,13.084895,50.819314
22,23,6,25,11,1,3,0,7,0,0,1,0,0,0,0,0,13.072996,50.821418
22,23,10,13,17,6,3,0,7,0,0,1,0,0,0,0,0,13.101766,50.811055
22,24,6,16,16,1,3,6,7,0,0,1,0,1,0,0,0,13.084308,50.820244
22,24,8,1,7,5,2,8,1,0,1,1,0,0,0,0,0,13.092636,50.828547
22,16,4,1,17,6,2,5,3,0,0,1,1,0,0,0,0,13.393417,50.910383
22,16,5,3,15,3,3,0,1,0,0,1,0,0,0,0,0,13.433157,50.898768
22,17,7,26,8,4,3,5,3,0,0,1,0,0,0,0,1,13.430643,50.919139
22,18,1,3,13,4,3,5,3,0,1,1,1,0,0,0,0,13.456265,50.873232
22,19,11,7,16,5,3,0,7,2,0,1,0,0,0,0,0,13.446998,50.880217
22,19,12,4,7,4,3,5,3,2,0,1,1,0,0,0,0,13.416625,50.937722
22,20,6,20,15,7,2,0,7,0,0,1,0,0,0,0,0,13.389215,50.911136
22,21,2,25,17,5,3,5,3,0,0,1,1,0,0,0,0,13.480385,50.885088
22,21,7,15,15,5,3,0,7,0,0,1,0,0,0,0,0,13.428793,50.934693
22,22,2,4,17,6,2,2,6,2,0,1,1,0,0,0,0,13.462173,50.851216
22,22,4,29,17,6,2,5,3,0,0,1,0,0,1,0,0,13.456265,50.873257
22,22,5,26,20,5,3,8,7,1,0,1,0,0,0,0,0,13.43592,50.89684
22,22,5,29,20,1,3,7,7,0,0,1,0,0,0,0,0,13.435289,50.929899
22,22,6,21,6,3,2,0,3,0,0,1,1,0,0,0,0,13.419778,50.936552
22,22,7,30,13,7,3,9,7,0,0,1,0,0,0,0,0,13.389885,50.910997
22,23,5,14,18,1,3,0,1,0,0,1,0,0,0,0,0,13.45525,50.872833
22,24,4,7,14,1,2,0,1,0,0,1,0,0,0,0,0,13.430435,50.936034
22,24,8,25,14,1,2,4,1,0,1,1,0,0,1,0,0,13.455429,50.905339
22,25,6,23,15,2,2,0,7,0,0,1,0,0,0,0,0,13.473263,50.853156
22,16,4,7,6,5,3,0,7,0,0,1,0,0,0,0,0,13.3172,50.876474
22,16,5,2,16,2,3,3,3,0,0,1,1,0,0,0,0,13.328458,50.871677
22,16,6,1,11,4,3,2,6,0,0,1,1,0,0,0,0,13.320991,50.862613
22,16,6,6,14,2,3,5,3,0,0,1,1,0,0,0,0,13.293469,50.87242
22,16,9,1,7,5,3,0,7,0,0,1,0,0,0,0,0,13.330701,50.859897
22,16,10,2,8,1,2,0,3,0,0,1,1,0,0,0,0,13.319646,50.858332
22,17,5,12,13,6,2,5,3,0,0,1,1,0,0,0,0,13.312026,50.868483
22,17,8,25,9,6,3,5,2,0,0,1,0,0,0,0,1,13.320464,50.861697
22,18,3,4,13,1,2,0,1,0,0,1,0,0,0,0,0,13.325987,50.873655
22,18,5,3,16,5,2,5,3,0,0,1,1,0,0,0,0,13.318305,50.857976
22,18,5,5,18,7,3,5,2,0,0,1,1,0,0,0,0,13.321292,50.863107
22,18,5,6,14,1,2,0,7,0,0,1,0,0,0,0,0,13.247991,50.854682
22,18,6,7,14,5,2,1,5,0,0,1,0,0,0,1,0,13.334781,50.868063
22,18,7,1,12,1,3,0,7,0,0,1,0,0,0,0,0,13.33369,50.867186
22,18,9,6,13,5,2,0,1,0,0,1,0,0,0,0,0,13.314216,50.866856
22,19,3,5,8,3,2,5,3,0,1,1,0,0,0,1,0,13.32205,50.867301
22,19,6,2,17,1,3,8,1,0,0,1,0,0,0,0,0,13.327062,50.874988
22,19,6,6,14,5,2,4,2,0,0,1,1,0,0,0,0,13.321523,50.861026
22,19,10,4,17,6,3,5,3,0,0,1,1,0,0,0,0,13.32649,50.874091
22,20,3,28,11,7,3,8,1,0,0,1,0,0,0,0,0,13.319812,50.871795
22,20,4,15,23,4,2,0,7,2,0,1,0,0,0,0,0,13.336365,50.870082
22,20,5,26,20,3,3,4,2,0,0,1,1,0,0,0,0,13.324101,50.871243
22,20,7,31,11,6,1,3,6,0,0,1,1,0,0,0,1,13.300421,50.842833
22,20,8,8,0,7,2,8,6,2,0,1,1,0,0,0,0,13.317268,50.865078
22,20,9,5,18,7,3,0,7,1,1,1,0,0,0,0,0,13.324597,50.875091
22,20,10,3,3,7,2,8,1,2,0,1,0,0,0,0,0,13.322986,50.873357