UKREIS,UJAHR,UMONAT,UTAG,USTUNDE,UWOCHENTAG,UKATEGORIE,UART,UTYP,LICHT,USTRZUSTAND,IstRad,IstPKW,IstFuss,IstKrad,IstGkfz,IstSonstige,@lon,@lat
22,21,5,4,15,3,2,0,1,0,0,1,0,0,0,0,0,13.318339,50.864092
22,21,5,16,14,1,2,0,1,0,0,1,0,0,0,0,0,13.294769,50.871027
22,21,6,13,13,1,2,0,7,0,0,1,0,0,0,0,0,13.337637,50.872786
22,21,6,19,15,7,3,4,1,0,0,1,0,0,0,0,0,13.332755,50.857554
22,21,10,13,13,4,3,5,3,0,0,1,1,0,0,0,0,13.332136,50.867895
22,22,3,8,14,3,2,8,1,0,0,1,0,0,0,0,0,13.321718,50.873818
22,22,6,16,19,5,3,3,6,0,0,1,1,0,0,0,0,13.321856,50.840363
22,22,7,18,8,2,3,4,6,0,0,1,1,0,0,0,0,13.322646,50.85763
22,22,8,24,17,4,3,0,7,0,0,1,0,0,0,0,0,13.322628,50.860327
22,23,4,1,15,7,2,0,1,0,0,1,0,0,0,0,0,13.282164,50.881989
22,23,5,13,15,7,3,0,1,0,1,1,0,0,0,0,0,13.327696,50.869109
22,23,6,10,22,7,2,3,6,2,0,1,0,0,1,0,0,13.304157,50.85188
22,23,6,29,19,5,3,2,2,0,0,1,1,0,0,0,0,13.318706,50.870217
22,23,9,7,17,5,2,5,2,0,0,1,1,0,0,0,0,13.31721,50.865175
22,23,10,11,5,4,3,5,3,2,0,1,0,0,0,0,1,13.320093,50.859872
22,23,11,21,14,3,3,5,3,0,1,1,1,0,0,0,0,13.296705,50.872879
22,24,6,22,9,7,3,0,7,0,1,1,0,0,0,0,0,13.32579,50.873388
22,24,6,28,9,6,2,0,1,0,0,1,0,0,0,0,0,13.310499,50.864555
22,24,6,28,11,6,2,0,7,0,0,1,0,0,0,0,0,13.326908,50.874813
22,24,8,11,0,1,3,9,1,2,0,1,0,0,0,0,0,13.336532,50.871433
22,24,10,16,16,4,3,5,3,0,0,1,1,0,0,0,0,13.327621,50.875717
22,24,12,17,18,3,3,8,7,2,0,1,0,0,0,0,0,13.317536,50.868644
22,25,4,22,17,3,3,5,3,0,0,1,1,0,0,0,0,13.290119,50.844976
22,25,5,10,3,7,3,0,1,2,0,1,0,0,0,0,0,13.298257,50.83095
22,25,7,26,9,7,1,0,7,0,1,1,0,0,0,0,0,13.297744,50.87346
22,25,8,12,11,3,3,4,6,0,0,1,0,0,0,0,0,13.256285,50.842108
22,25,10,23,17,5,3,5,3,0,1,1,1,0,0,0,0,13.326635,50.874543
22,25,11,30,14,1,3,5,3,0,0,1,1,0,0,0,0,13.316024,50.866833
22,16,2,3,15,4,3,5,3,0,1,1,1,0,0,0,0,12.806602,50.905181
22,16,4,1,10,6,1,5,3,0,0,1,1,0,0,0,0,12.839802,50.937588
22,16,6,5,15,1,3,3,6,0,0,1,1,0,0,0,0,12.809499,50.912361
22,16,7,4,15,2,2,1,3,0,0,1,1,0,0,0,0,12.803167,50.915595
22,16,9,1,13,5,3,5,3,0,0,1,1,0,0,0,0,12.806857,50.921944
22,16,9,2,13,6,2,3,1,0,0,1,0,0,0,0,0,12.807805,50.912971
22,16,10,1,15,7,3,3,2,0,0,1,1,0,0,0,0,12.809851,50.918059
22,16,11,2,8,4,2,0,1,0,2,1,0,0,0,0,0,12.803868,50.906161
22,16,11,3,9,5,2,3,6,0,1,1,1,0,0,0,0,12.81214,50.921408
22,16,11,3,11,5,3,3,6,0,1,1,1,0,0,0,0,12.809717,50.922389
22,16,12,2,10,6,3,2,6,0,0,1,1,0,0,0,0,12.808104,50.920123
22,16,12,2,18,6,3,5,3,2,0,1,1,0,0,0,0,12.812062,50.920629
22,17,2,26,10,1,3,5,3,0,0,1,1,0,0,0,0,12.839816,50.937585
22,17,6,15,8,5,2,8,1,0,0,1,0,0,0,0,0,12.814648,50.903339
22,17,6,19,17,2,3,1,5,0,0,1,0,0,0,0,1,12.806011,50.916335
22,17,12,5,15,3,2,5,3,0,1,1,1,0,0,0,0,12.803072,50.916777
22,17,12,21,7,5,2,5,3,1,1,1,1,0,0,0,0,12.815471,50.920812
22,18,5,2,18,4,3,3,6,0,0,1,0,0,0,0,0,12.803209,50.917821
22,18,6,6,16,4,2,5,3,0,0,1,1,0,0,0,0,12.807874,50.913099
22,18,7,7,17,7,2,0,1,0,0,1,0,0,0,0,0,12.81443,50.903641
22,18,8,3,7,6,3,0,2,0,0,1,1,0,0,0,0,12.80736,50.908503
22,18,9,5,7,4,3,5,3,0,0,1,1,0,0,0,0,12.805477,50.8989
22,18,10,4,12,5,3,4,6,0,0,1,1,0,0,0,0,12.80046,50.908059
22,18,10,5,15,6,2,5,3,0,0,1,1,0,0,0,0,12.839802,50.937588
22,19,1,3,19,5,3,5,3,2,0,1,1,0,0,0,0,12.813645,50.917912
22,19,2,7,10,5,3,3,2,0,0,1,1,0,0,0,0,12.801866,50.908533
22,19,4,1,13,2,3,0,7,0,0,1,0,0,0,0,0,12.803297,50.918273
22,19,5,5,16,1,3,0,7,0,0,1,0,0,0,0,0,12.811023,50.918734
22,19,6,2,19,1,2,0,1,0,0,1,0,0,0,0,0,12.817005,50.925868
22,19,6,6,19,5,2,5,3,0,0,1,1,0,0,0,0,12.81111,50.918681
22,19,8,3,13,7,2,1,5,0,0,1,1,0,0,0,0,12.818073,50.926042
22,20,4,7,19,3,2,0,7,0,0,1,0,0,0,0,0,12.801818,50.9085
22,20,5,15,17,6,2,4,2,0,0,1,1,0,0,0,0,12.806857,50.921944
22,20,7,23,22,5,2,1,1,1,0,1,1,0,0,0,0,12.803828,50.897864
22,20,8,28,16,6,3,0,7,0,1,1,0,0,0,0,0,12.813648,50.90464
22,20,9,9,6,4,3,0,7,0,0,1,0,0,0,0,0,12.806539,50.905268
22,21,3,20,9,7,3,0,1,0,2,1,0,0,0,0,0,12.811942,50.919147
22,21,9,15,17,4,3,2,1,0,1,1,1,0,0,0,0,12.811686,50.91795
22,21,9,20,13,2,3,0,7,0,0,1,0,0,0,0,0,12.824123,50.927673
22,21,9,28,7,3,3,0,7,0,0,1,0,0,0,0,0,12.800831,50.908198
22,21,10,4,8,2,3,8,7,0,0,1,0,0,0,0,0,12.806323,50.905525
22,21,11,18,13,5,3,0,6,0,0,1,1,0,0,0,0,12.804139,50.921736
22,21,11,23,19,3,3,2,2,1,0,1,1,0,0,0,0,12.801885,50.90852
22,21,12,6,13,2,3,5,3,0,1,1,1,0,0,0,0,12.808579,50.916173
22,22,3,1,11,3,2,5,3,0,0,1,1,0,0,0,0,12.807894,50.913098
22,22,3,28,10,2,3,3,6,0,0,1,1,0,0,0,0,12.812062,50.920629
22,22,3,28,13,2,2,5,3,0,0,1,1,0,0,0,0,12.807525,50.910721
22,22,6,24,23,6,3,0,7,2,0,1,0,0,0,0,0,12.8188,50.921373
22,22,7,5,7,3,3,5,3,0,0,1,1,0,0,0,0,12.839816,50.937585
22,22,7,7,11,5,3,5,3,0,0,1,1,0,0,0,0,12.809737,50.912715
22,22,8,6,12,7,2,0,1,0,0,1,0,0,0,0,0,12.827572,50.927682
22,22,8,21,13,1,2,4,6,0,0,1,1,0,0,0,0,12.792212,50.936364
22,22,11,2,13,4,2,0,7,0,1,1,0,0,0,0,1,12.803466,50.918515
22,22,12,14,12,4,3,0,7,0,0,1,0,0,0,0,0,12.820736,50.926686
22,23,4,2,19,1,3,5,3,0,0,1,1,0,0,0,0,12.807582,50.919202
22,23,6,26,19,2,3,0,1,0,1,1,0,0,0,0,0,12.805056,50.91921
22,24,2,10,10,7,3,5,3,0,1,1,1,0,0,0,0,12.8398,50.937588
22,24,6,22,18,7,2,5,3,0,0,1,1,0,0,0,0,12.81492,50.919869
22,24,7,16,17,3,2,0,6,0,0,1,1,0,0,0,0,12.803155,50.91575
22,24,10,25,18,6,3,0,1,2,0,1,0,0,0,0,0,12.805697,50.918273
22,25,1,25,9,7,3,5,3,0,0,1,1,0,0,0,0,12.839792,50.937589
22,25,4,14,20,2,3,4,6,1,0,1,0,0,1,0,0,12.804828,50.905452
22,25,6,10,15,3,3,5,3,0,0,1,1,0,0,0,0,12.809127,50.911247
22,25,9,9,13,3,3,3,6,0,0,1,0,0,0,1,0,12.807167,50.903477
22,25,11,3,19,2,2,2,2,2,0,1,1,0,0,0,0,12.80898,50.910594
22,16,3,2,14,4,2,5,3,0,1,1,1,0,0,0,0,12.889395,50.940193
22,16,5,5,15,5,2,0,7,0,0,1,0,0,0,0,0,12.859472,50.915731
22,16,6,6,13,2,2,0,1,0,0,1,0,0,0,0,0,12.867767,50.930193
22,16,10,5,7,4,3,5,3,2,1,1,1,0,0,0,0,12.881942,50.936805
22,16,12,6,13,3,2,6,4,0,0,1,0,1,0,0,0,12.885473,50.938421
22,17,3,9,10,5,2,0,1,0,0,1,0,0,0,0,0,12.881895,50.936829
22,17,5,17,12,4,2,5,2,0,0,1,1,0,0,0,0,12.862158,50.948268
22,17,8,29,7,3,3,2,6,0,0,1,1,0,0,0,0,12.877849,50.932623
22,18,4,3,18,3,3,5,3,0,0,1,1,0,0,0,0,12.875402,50.931886
22,18,6,6,7,4,3,5,3,0,0,1,1,0,0,0,0,12.869988,50.930262
22,18,9,3,17,2,2,0,7,0,1,1,0,0,0,0,0,12.889089,50.934068
22,18,9,7,18,6,2,5,3,0,0,1,1,0,0,0,0,12.915806,50.944302
22,18,10,2,18,3,3,1,5,2,0,1,1,0,0,0,0,12.858629,50.927595
22,19,4,7,18,1,2,8,1,0,0,1,0,0,0,0,0,12.84239,50.940722
22,19,8,6,16,3,3,2,6,0,0,1,1,0,0,0,0,12.88284,50.936146
22,20,4,26,17,1,2,0,6,0,0,1,0,0,0,0,1,12.925588,50.944149
22,21,8,15,16,1,2,0,1,0,0,1,0,0,0,0,0,12.868908,50.930469
22,22,11,2,16,4,3,2,2,0,0,1,1,0,0,0,0,12.869451,50.9306
22,23,6,25,16,1,2,0,7,0,0,1,0,0,0,0,0,12.855228,50.926393
22,23,9,8,15,6,2,5,3,0,0,1,1,0,0,0,0,12.85415,50.925703
22,24,5,19,12,1,3,5,3,0,0,1,1,0,0,0,0,12.863465,50.929328
22,25,5,11,12,1,3,2,6,0,0,1,1,0,0,0,0,12.856738,50.923172
22,25,8,11,10,2,3,5,3,0,0,1,1,0,0,0,0,12.879638,50.937655
22,16,2,1,6,2,2,5,3,2,0,1,0,0,0,0,1,13.128245,51.123084
22,16,2,4,18,5,3,5,3,2,1,1,1,0,0,0,0,13.11592,51.121596
22,16,3,2,14,4,2,0,1,0,0,1,0,0,0,0,0,13.156046,51.120779
22,16,5,2,16,2,2,5,3,0,0,1,1,0,0,0,0,13.091423,51.124892
22,16,6,6,17,2,3,5,3,0,0,1,1,0,0,0,0,13.117768,51.121655
22,16,8,3,14,4,3,3,6,0,0,1,1,0,0,0,0,13.128519,51.125661
22,16,8,5,22,6,2,4,2,2,0,1,1,0,0,0,0,13.132763,51.122781
22,16,10,4,18,3,3,5,3,2,0,1,0,0,0,0,0,13.126033,51.123455
22,16,11,1,15,3,3,3,1,0,1,1,0,0,0,0,1,13.12698,51.123653
22,16,11,7,6,2,3,5,3,1,0,1,1,0,0,0,0,13.103271,51.124042
22,16,12,5,15,2,3,5,2,0,1,1,1,0,0,0,0,13.141839,51.121169
22,16,12,5,17,2,3,2,6,2,1,1,1,0,0,0,0,13.126606,51.123529
22,17,2,27,17,2,2,5,3,0,0,1,1,0,0,0,0,13.109137,51.121267
22,17,3,8,8,4,3,5,3,0,0,1,1,0,0,0,0,13.101467,51.1227
22,17,3,21,13,3,2,5,3,0,1,1,1,0,0,0,0,13.132755,51.122784
22,17,5,14,11,1,3,5,3,0,0,1,1,0,0,0,0,13.12529,51.120255
22,17,6,1,10,5,3,0,7,0,0,1,1,0,0,0,0,13.11623,51.120541
22,17,6,12,14,2,3,1,6,0,0,1,1,0,0,0,0,13.118699,51.118804
22,17,8,16,15,4,3,1,5,0,0,1,1,0,0,0,0,13.096303,51.130484
22,17,9,11,6,2,3,5,3,0,0,1,0,0,0,0,1,13.13022,51.123098
22,17,9,29,15,6,3,5,3,0,0,1,1,0,0,0,0,13.091358,51.124894
22,17,11,4,14,7,2,2,6,0,0,1,1,0,0,0,0,13.05483,51.099546
22,17,12,5,6,3,3,5,3,2,1,1,1,0,0,0,0,13.101078,51.125074
22,17,12,18,9,2,3,5,3,0,0,1,1,0,0,0,0,13.141801,51.124128
22,18,3,6,12,3,2,4,3,0,0,1,1,0,0,0,0,13.103256,51.124042
22,18,5,3,14,5,3,1,5,0,0,1,1,0,0,0,0,13.114395,51.120533
22,18,5,4,18,6,3,5,3,0,0,1,0,0,0,0,0,13.096842,51.128123
22,18,5,5,17,7,2,0,1,0,0,1,0,0,0,0,0,13.121896,51.119051
22,18,7,3,5,3,3,5,3,0,0,1,1,0,0,0,0,13.097464,51.126299
22,18,7,5,7,5,3,0,2,0,0,1,1,0,0,0,0,13.143887,51.121087
22,18,7,7,18,7,3,0,6,0,0,1,1,0,0,0,0,13.111069,51.144382
22,18,8,2,16,5,3,5,3,0,0,1,1,0,0,0,0,13.115944,51.120797
22,18,9,2,18,1,3,0,7,0,0,1,0,0,0,0,0,13.05171,51.126609
22,18,9,6,13,5,2,5,3,0,0,1,1,0,0,0,0,13.141839,51.121169
22,18,9,6,14,5,3,0,7,0,0,1,0,0,0,0,0,13.109664,51.122199
22,18,9,7,15,6,3,9,7,0,0,1,0,0,0,0,0,13.051715,51.126608
22,18,10,6,10,7,3,5,3,0,0,1,1,0,0,0,0,13.114722,51.118575
22,18,11,3,9,7,3,5,3,0,0,1,1,0,0,0,0,13.097386,51.126415
22,19,4,2,14,3,3,3,2,0,0,1,1,0,0,0,0,13.130928,51.123025
22,19,5,6,14,2,3,4,1,0,0,1,1,0,0,0,0,13.133425,51.120597
22,19,6,4,16,3,2,0,1,0,0,1,0,1,0,0,0,13.120043,51.124067
22,19,6,7,12,6,3,5,3,0,0,1,1,0,0,0,0,13.122242,51.127265
22,19,6,7,15,6,3,5,3,0,0,1,1,0,0,0,0,13.116036,51.12337
22,19,8,2,21,6,3,0,7,2,0,1,0,1,0,0,0,13.130062,51.115582
22,19,8,6,23,3,2,0,7,2,0,1,0,0,0,0,0,13.117792,51.125409
22,19,9,2,10,2,3,5,3,0,0,1,1,0,0,0,0,13.114961,51.120314
22,19,9,5,7,5,3,1,6,0,1,1,1,0,0,0,0,13.096597,51.132582
22,19,9,5,20,5,2,0,7,2,0,1,0,0,0,0,0,13.132837,51.122772
22,19,9,7,12,7,3,5,3,0,0,1,1,0,0,0,0,13.091423,51.124892
22,19,9,7,12,7,3,0,5,0,0,1,1,0,0,0,0,13.1006,51.125328
22,19,10,3,15,5,2,5,3,0,0,1,1,0,0,0,0,13.107555,51.122988
22,19,11,4,7,2,3,5,3,1,0,1,1,0,0,0,0,13.104808,51.122179
22,19,11,7,17,5,3,5,3,2,0,1,1,0,0,0,0,13.104994,51.122398
22,19,12,6,9,6,2,5,3,0,1,1,1,0,0,0,0,13.050636,51.11814
22,19,12,6,10,6,3,0,7,0,1,1,0,0,0,0,0,13.116121,51.119791
22,20,1,10,16,6,3,0,7,0,0,1,0,0,0,0,0,13.109894,51.122438
22,20,2,7,7,6,3,5,3,2,1,1,1,0,0,0,0,13.100786,51.123658
22,20,3,9,9,2,3,5,3,0,1,1,1,0,0,0,0,13.107652,51.122952
22,20,4,7,19,3,3,5,3,0,0,1,1,0,0,0,0,13.114287,51.129695
22,20,4,9,10,5,3,2,6,0,0,1,1,0,0,0,0,13.123512,51.121316
22,20,4,19,18,1,3,5,3,0,0,1,1,0,0,0,0,13.128733,51.127926
22,20,5,6,18,4,3,0,1,0,0,1,0,0,0,0,0,13.141558,51.121173
22,20,6,16,9,3,3,5,3,0,0,1,1,0,0,0,0,13.107654,51.122951
22,20,7,3,18,6,3,5,3,0,0,1,1,0,0,0,0,13.12835,51.123137
22,20,8,1,12,7,2,5,3,0,0,1,1,0,0,0,0,13.054896,51.12627
22,20,9,4,12,6,3,5,3,0,0,1,1,0,0,0,0,13.121687,51.11904
22,20,9,9,12,4,2,5,3,0,0,1,1,0,0,0,0,13.09138,51.124893
22,20,9,17,15,5,3,5,3,0,0,1,1,0,0,0,0,13.109748,51.122167
22,20,10,8,9,5,2,0,3,0,0,1,1,0,0,0,0,13.134411,51.121918
22,20,10,9,13,6,3,0,1,0,1,1,0,0,0,0,0,13.113121,51.120327
22,20,10,29,16,5,3,5,3,0,0,1,1,0,0,0,0,13.107712,51.122973
22,20,11,24,6,3,3,4,6,1,0,1,1,0,0,0,0,13.120928,51.124635
22,20,11,25,15,4,3,5,3,0,0,1,1,0,0,0,0,13.09138,51.124893
22,21,6,11,14,6,3,5,3,0,0,1,1,0,0,0,0,13.109748,51.122167
22,21,6,30,15,4,3,5,3,0,0,1,1,0,0,0,0,13.119685,51.11863
22,21,7,28,17,4,3,5,3,0,0,1,1,0,0,0,0,13.107682,51.122941
22,21,8,14,7,7,3,5,3,0,0,1,1,0,0,0,0,13.102422,51.123919
22,21,8,16,16,2,3,5,2,0,0,1,1,0,0,0,0,13.112342,51.120511
22,21,8,18,10,4,3,0,1,0,0,1,0,0,0,0,0,13.110122,51.122792
22,21,8,24,17,3,2,0,7,0,0,1,0,0,0,0,0,13.118233,51.120892
22,21,9,6,18,2,3,0,7,0,0,1,0,0,0,0,0,13.227986,51.164587
22,21,10,18,6,2,3,0,6,2,0,1,1,0,0,0,0,13.124821,51.123707
22,22,1,22,14,7,3,5,2,0,1,1,1,0,0,0,0,13.11447,51.120396
22,22,3,31,5,5,2,5,3,1,1,1,1,0,0,0,0,13.0953,51.132193
22,22,4,5,10,3,3,5,3,0,1,1,1,0,0,0,0,13.141839,51.121169
22,22,4,6,12,4,3,5,3,0,0,1,1,0,0,0,0,13.101065,51.125092
22,22,4,14,18,5,3,3,2,0,1,1,1,0,0,0,0,13.109205,51.121291
22,22,4,21,7,5,3,0,1,0,1,1,0,0,0,0,0,13.140612,51.12061
22,22,5,3,6,3,2,5,3,0,0,1,1,0,0,0,0,13.091392,51.124962
22,22,5,16,15,2,3,4,2,0,0,1,1,0,0,0,0,13.221579,51.159178
22,22,5,22,12,1,2,8,1,0,0,1,0,0,0,0,0,13.128544,51.125414
22,22,6,1,6,4,2,4,2,0,0,1,1,0,0,0,0,13.119481,51.125031
22,22,6,21,19,3,3,4,2,0,0,1,1,0,0,0,0,13.126232,51.123608
22,22,6,30,19,5,3,9,1,0,0,1,0,0,0,0,0,13.131194,51.11775
22,22,7,3,14,1,3,4,6,0,0,1,0,0,0,0,1,13.121994,51.131011
22,22,7,13,10,4,3,0,3,0,0,1,1,0,0,0,0,13.093703,51.124952
22,22,8,7,15,1,3,4,2,0,0,1,1,0,0,0,0,13.121683,51.119034
22,22,8,14,12,1,3,0,7,0,0,1,0,0,0,0,0,13.107669,51.118212
22,22,9,5,19,2,3,0,7,0,0,1,0,0,0,0,0,13.122242,51.119107
22,22,9,6,20,3,3,5,2,2,0,1,1,0,0,0,0,13.129792,51.120101
22,22,9,7,13,4,3,1,3,0,0,1,1,0,0,0,0,13.119544,51.126429
22,22,9,27,6,3,3,0,7,0,1,1,0,0,0,0,0,13.095975,51.126663
22,22,10,1,10,7,3,5,3,0,1,1,1,0,0,0,0,13.091392,51.124961
22,22,12,5,6,2,3,5,3,2,1,1,1,0,0,0,0,13.091392,51.124961
22,22,12,22,16,5,3,5,3,2,1,1,1,0,0,0,0,13.123823,51.119304
22,23,1,30,7,2,3,5,3,0,1,1,1,0,0,0,0,13.138662,51.121287
22,23,2,1,10,4,3,1,7,0,1,1,1,0,0,0,0,13.110739,51.122674
22,23,2,15,6,4,3,4,2,2,0,1,1,0,0,0,0,13.092491,51.124909
22,23,2,19,17,1,3,0,3,1,0,1,0,0,0,0,1,13.106877,51.123236
22,23,3,23,15,5,3,3,2,0,0,1,1,0,0,0,0,13.121773,51.118969
22,23,5,15,16,2,3,5,3,0,0,1,1,0,0,0,0,13.119599,51.118765
22,23,5,20,13,7,2,5,3,0,0,1,1,0,0,0,0,13.147158,51.12093
22,23,5,22,14,2,3,5,3,0,0,1,1,0,0,0,0,13.104744,51.122112
22,23,5,30,10,3,2,6,6,0,0,1,0,1,0,0,0,13.122588,51.11915
22,23,6,12,21,2,3,4,6,2,0,1,1,0,0,0,0,13.114247,51.120472
22,23,7,10,11,2,3,4,6,0,0,1,1,0,0,0,0,13.110499,51.114376
22,23,7,20,17,5,3,5,3,0,0,1,1,0,0,0,0,13.10243,51.123913
22,23,7,27,11,5,2,5,3,0,0,1,1,0,0,0,0,13.123985,51.124804
22,23,8,26,20,7,3,3,5,1,0,1,1,0,0,0,0,13.109291,51.121244
22,23,10,16,9,2,3,5,3,0,0,1,1,0,0,0,0,13.1324,51.117139
22,23,11,6,14,2,2,5,3,0,0,1,1,0,0,0,0,13.119802,51.128199
22,23,11,14,6,3,3,5,3,0,0,1,1,0,0,0,0,13.140048,51.121227
22,23,11,14,13,3,3,0,7,0,0,1,0,0,0,0,0,13.106265,51.125318
22,24,1,1,11,2,2,0,7,0,1,1,0,0,0,0,0,13.067778,51.121556
22,24,2,2,12,6,3,0,7,0,0,1,0,0,0,0,0,13.114266,51.120223
22,24,2,28,15,4,3,1,7,0,0,1,1,0,0,0,0,13.123188,51.119225
22,24,5,8,18,4,3,5,3,0,0,1,1,0,0,0,0,13.130551,51.123064
22,24,5,23,14,5,3,0,1,0,0,1,0,0,0,0,0,13.052487,51.121784
22,24,5,27,15,2,3,5,3,0,0,1,1,0,0,0,0,13.112103,51.121269
22,24,7,11,7,5,2,0,2,0,1,1,1,0,0,0,0,13.125475,51.125002
22,24,7,14,15,1,3,4,6,0,0,1,0,0,0,0,1,13.239532,51.13134
22,24,7,18,15,5,3,5,2,0,0,1,1,0,0,0,0,13.131208,51.122998
22,24,7,26,14,6,2,0,7,0,0,1,0,0,0,0,0,13.180611,51.12498
22,24,8,2,8,6,3,0,7,0,1,1,0,0,0,0,0,13.119734,51.12513
22,24,9,1,18,1,3,0,1,0,0,1,0,0,0,0,0,13.109641,51.117496
22,24,9,6,13,6,3,5,3,0,0,1,0,0,0,0,1,13.061864,51.131563
22,24,9,14,17,7,2,5,2,0,0,1,1,0,0,0,0,13.121697,51.119036
22,24,10,22,16,3,2,6,4,1,0,1,1,1,0,0,0,13.136134,51.124728
22,24,10,28,14,2,3,5,3,0,0,1,1,0,0,0,0,13.102377,51.121676
22,24,10,29,14,3,3,5,2,0,0,1,1,0,0,0,0,13.109779,51.122155
22,24,11,6,7,4,3,2,6,0,0,1,1,0,0,0,0,13.108131,51.117135
22,24,11,6,7,4,3,2,2,0,0,1,1,0,0,0,0,13.125971,51.119585
22,25,1,7,16,3,2,5,3,2,1,1,1,0,0,0,0,13.126629,51.117655
22,25,5,15,12,5,3,5,3,0,0,1,1,0,0,0,0,13.121839,51.120531
22,25,5,15,17,5,3,5,3,0,0,1,1,0,0,0,0,13.109735,51.122172
22,25,5,17,10,7,2,0,7,0,0,1,0,0,0,0,0,13.120931,51.122357
22,25,6,8,10,1,2,0,1,0,1,1,0,0,0,0,0,13.118401,51.141659
22,25,6,18,16,4,3,5,3,0,0,1,1,0,0,0,0,13.123823,51.119304
22,25,6,25,18,4,3,5,3,0,0,1,1,0,0,0,0,13.128007,51.119064
22,25,7,23,16,4,3,0,1,0,0,1,1,0,0,0,0,13.097698,51.110446
22,25,8,11,7,2,3,0,7,0,0,1,0,0,0,0,0,13.112448,51.121145
22,25,8,18,17,2,3,5,3,0,0,1,1,0,0,0,0,13.117528,51.120901
22,25,9,1,16,2,2,0,7,0,0,1,0,0,0,0,0,13.133028,51.110635
22,25,9,5,18,6,2,5,3,0,1,1,1,0,0,0,0,13.10474,51.1223
22,25,9,6,9,7,3,6,7,0,0,1,0,1,0,0,0,13.142971,51.121128
22,25,10,16,11,5,3,0,7,0,1,1,0,0,0,0,0,13.116009,51.120501
22,25,11,4,14,3,3,5,3,0,0,1,1,0,0,0,0,13.124096,51.118599
22,25,11,14,7,6,2,6,1,0,0,1,0,1,0,0,0,13.120067,51.124932
22,25,12,18,7,5,2,0,7,0,0,1,0,0,0,0,0,13.132211,51.118099
22,25,12,19,17,6,3,2,2,2,1,1,1,0,0,0,0,13.105148,51.122232
22,16,8,6,11,7,2,2,6,0,0,1,1,0,0,0,0,13.425878,50.779972
22,17,10,15,15,1,3,8,1,0,0,1,0,0,0,0,0,13.393971,50.754094
22,18,6,4,15,2,2,4,2,0,0,1,1,0,0,0,0,13.250538,50.808976
22,18,12,6,16,5,2,4,2,2,0,1,1,0,0,0,0,13.23271,50.798355
22,19,2,3,13,1,2,0,1,0,0,1,0,0,0,0,0,13.209313,50.803153
22,19,4,1,10,2,2,5,3,0,0,1,1,0,0,0,0,13.268526,50.784267
22,20,1,2,14,5,2,5,3,0,0,1,1,0,0,0,0,13.256515,50.773387
22,20,4,12,2,1,3,0,7,2,0,1,0,0,0,0,0,13.230016,50.800553
22,24,5,24,19,6,2,0,1,0,0,1,0,0,0,0,0,13.220855,50.798537
22,17,6,25,7,1,3,8,1,0,0,1,0,0,0,0,0,12.949308,51.046213
22,17,8,26,17,7,3,5,3,0,0,1,1,0,0,0,0,12.945767,51.009486
22,18,6,7,7,5,2,0,6,0,0,1,0,0,0,0,1,12.896959,51.028333
22,19,9,1,0,1,1,0,7,2,0,1,1,0,0,0,0,12.948777,51.040333
22,20,5,14,15,5,3,9,7,0,0,1,0,0,0,0,0,12.915412,51.038418
22,21,7,10,21,7,3,8,1,1,0,1,0,0,0,0,0,12.984025,51.047481
22,21,11,9,11,3,3,6,6,0,0,1,0,1,0,0,0,12.856642,51.0521
22,22,8,7,14,1,3,0,7,0,0,1,0,0,0,0,0,12.954959,51.047222
22,23,6,25,1,1,2,0,7,2,0,1,0,0,0,0,0,12.933064,51.006128
22,24,3,8,13,6,2,3,6,0,0,1,1,0,0,0,0,12.903545,51.042385
22,25,5,5,11,2,2,4,2,0,0,1,0,0,0,0,1,12.911256,51.033037
22,16,3,3,16,5,3,4,2,0,0,1,0,0,0,0,1,13.062658,50.861109
22,16,6,2,16,5,2,0,1,0,0,1,0,0,0,0,0,13.076271,50.85737
22,16,8,1,16,2,2,0,7,0,0,1,0,0,0,0,0,13.076719,50.859594
22,16,8,7,15,1,3,4,1,0,0,1,1,0,0,0,0,13.084282,50.833915
22,16,9,2,16,6,2,3,6,0,0,1,0,0,0,0,1,13.08823,50.840484
22,16,9,6,17,3,3,3,6,0,0,1,1,0,0,0,0,13.072834,50.861887
22,17,5,2,7,3,2,8,1,0,1,1,0,0,0,0,0,13.071939,50.849967
22,17,6,14,13,4,3,3,2,0,0,1,0,0,0,0,1,13.072699,50.853597
22,17,11,21,13,3,3,0,7,0,1,1,0,0,0,0,0,13.078846,50.848174
22,17,11,29,7,4,3,5,3,0,1,1,1,0,0,0,0,13.078508,50.849125
22,17,12,30,11,7,3,5,3,0,1,1,1,0,0,0,0,13.071028,50.856494
22,18,2,1,6,5,3,5,3,2,0,1,1,0,0,0,0,13.075597,50.851826
22,18,6,2,13,7,3,5,2,0,0,1,0,0,0,0,0,13.112455,50.851992
22,18,10,4,9,5,3,5,3,0,0,1,1,0,0,0,0,13.075871,50.85648
22,18,11,1,15,5,2,5,3,0,0,1,1,0,0,0,0,13.072425,50.856084
22,19,5,4,18,7,3,8,1,0,0,1,0,0,0,0,0,13.114532,50.855274
22,19,6,6,18,5,3,3,2,0,0,1,0,0,0,0,0,13.108971,50.855581
22,19,7,3,10,4,2,4,1,0,0,1,1,0,0,0,0,13.072771,50.842928
22,19,8,2,12,6,3,5,3,0,0,1,1,0,0,0,0,13.078348,50.849554