UKREIS,UJAHR,UMONAT,UTAG,USTUNDE,UWOCHENTAG,UKATEGORIE,UART,UTYP,LICHT,USTRZUSTAND,IstRad,IstPKW,IstFuss,IstKrad,IstGkfz,IstSonstige,@lon,@lat
22,21,5,26,12,4,3,0,2,0,1,1,1,0,0,0,0,13.338734,50.921999
22,21,6,2,11,4,2,8,7,0,0,1,0,0,0,0,0,13.327985,50.942192
22,21,6,4,10,6,3,0,7,0,0,1,0,0,0,0,0,13.348045,50.911232
22,21,6,7,21,2,3,5,3,1,0,1,1,0,0,0,0,13.345405,50.910025
22,21,6,17,12,5,2,4,7,0,0,1,0,0,0,0,0,13.330633,50.892894
22,21,6,24,14,5,3,5,3,0,0,1,1,0,0,0,0,13.331125,50.927425
22,21,7,4,17,1,2,5,2,0,0,1,0,0,0,0,0,13.32166,50.902462
22,21,7,5,15,2,2,5,3,0,0,1,1,0,0,0,0,13.32955,50.90288
22,21,7,6,17,3,3,5,3,0,1,1,0,0,0,0,0,13.299916,50.924354
22,21,7,20,12,3,3,5,3,0,0,1,1,0,0,0,0,13.345924,50.904681
22,21,7,26,5,2,3,0,7,0,0,1,0,0,0,0,0,13.334178,50.901624
22,21,8,17,15,3,3,5,2,0,0,1,1,0,0,0,0,13.336064,50.91353
22,21,8,18,10,4,3,5,2,0,0,1,1,0,0,0,0,13.346875,50.916107
22,21,8,19,17,5,2,5,3,0,0,1,1,0,0,0,0,13.332391,50.912862
22,21,9,3,11,6,3,0,7,0,0,1,0,0,0,0,0,13.320361,50.905203
22,21,9,11,4,7,3,8,7,2,0,1,0,0,0,0,0,13.345191,50.894421
22,21,9,25,17,7,3,4,2,0,1,1,1,0,0,0,0,13.327898,50.901731
22,21,10,6,15,4,3,5,3,0,0,1,1,0,0,0,0,13.351061,50.905905
22,21,10,10,17,1,3,5,3,0,0,1,1,0,0,0,0,13.327831,50.918303
22,21,10,16,17,7,3,2,2,0,0,1,1,0,0,0,0,13.337266,50.914059
22,21,10,20,13,4,3,5,3,0,0,1,1,0,0,0,0,13.344177,50.920975
22,21,10,20,18,4,3,1,5,1,0,1,1,0,0,0,0,13.345661,50.91111
22,21,10,24,3,1,3,0,7,2,0,1,0,0,0,0,0,13.350148,50.917912
22,21,10,29,9,6,3,5,2,0,0,1,1,0,0,0,0,13.323544,50.91119
22,21,11,1,18,2,3,4,6,2,1,1,1,0,0,0,0,13.341601,50.9191
22,21,11,4,18,5,3,5,2,2,1,1,1,0,0,0,0,13.350009,50.917162
22,21,11,9,21,3,3,4,6,2,0,1,0,0,0,0,1,13.333492,50.895697
22,21,12,15,7,4,3,5,3,1,1,1,1,0,0,0,0,13.335531,50.910287
22,21,12,17,17,6,3,2,6,2,0,1,1,0,0,0,0,13.374214,50.913345
22,22,1,27,6,5,3,6,6,2,2,1,0,1,0,0,0,13.32167,50.905877
22,22,3,23,16,4,3,5,3,0,0,1,1,0,0,0,0,13.347991,50.921767
22,22,3,28,13,2,3,5,3,0,0,1,1,0,0,0,0,13.349675,50.91445
22,22,4,6,17,4,3,0,7,0,0,1,0,0,0,0,0,13.336217,50.91327
22,22,5,9,17,2,2,0,7,0,0,1,0,0,0,0,0,13.329403,50.914887
22,22,5,10,19,3,2,0,7,0,0,1,0,0,0,0,0,13.331427,50.892815
22,22,5,14,22,7,3,0,1,2,0,1,0,0,0,0,0,13.322684,50.905435
22,22,5,18,19,4,3,0,1,0,0,1,0,0,0,0,0,13.323348,50.905181
22,22,5,23,16,2,3,5,2,0,0,1,1,0,0,0,0,13.33134,50.927232
22,22,5,26,23,5,3,0,7,2,0,1,0,0,0,0,0,13.360539,50.925236
22,22,6,8,18,4,3,1,5,0,0,1,1,0,0,0,0,13.345541,50.912064
22,22,6,9,7,5,3,5,3,0,1,1,1,0,0,0,0,13.332691,50.901973
22,22,6,14,16,3,3,5,3,0,0,1,0,0,0,0,0,13.347461,50.916376
22,22,6,16,20,5,3,0,7,0,0,1,0,0,0,0,0,13.349881,50.915307
22,22,6,23,6,5,3,2,6,0,0,1,0,0,0,0,1,13.387299,50.922475
22,22,6,26,10,1,2,4,6,0,0,1,1,0,0,0,0,13.336666,50.918459
22,22,6,29,12,4,3,0,7,0,0,1,0,0,0,0,0,13.351189,50.917065
22,22,7,5,11,3,3,5,3,0,0,1,0,0,1,0,0,13.32848,50.91734
22,22,7,11,14,2,3,5,3,0,0,1,1,0,0,0,0,13.336473,50.90836
22,22,7,21,11,5,3,5,3,0,0,1,1,0,0,0,0,13.328447,50.910565
22,22,8,3,5,4,3,5,3,0,0,1,1,0,0,0,0,13.336066,50.91353
22,22,8,5,14,6,2,3,6,0,0,1,0,0,0,0,0,13.365373,50.901748
22,22,8,14,2,1,3,0,1,2,0,1,0,0,0,0,0,13.337053,50.90185
22,22,8,18,10,5,2,0,7,0,0,1,1,0,0,0,0,13.349148,50.914494
22,22,9,12,14,2,3,5,3,0,0,1,0,0,0,1,0,13.347211,50.931859
22,22,9,22,14,5,3,5,3,0,0,1,1,0,0,0,0,13.343092,50.901495
22,22,10,14,19,6,3,4,6,2,0,1,0,0,0,0,0,13.325815,50.904227
22,22,10,28,9,6,2,5,2,0,0,1,1,0,0,0,0,13.323517,50.911187
22,22,10,28,11,6,3,9,1,0,0,1,0,0,0,0,0,13.374387,50.917734
22,22,10,30,16,1,3,8,7,0,0,1,0,0,0,0,0,13.310881,50.90597
22,22,11,5,14,7,2,0,1,0,0,1,0,0,0,0,0,13.356768,50.886885
22,22,11,17,10,5,2,8,7,0,1,1,0,0,0,0,0,13.330293,50.917697
22,22,11,29,5,3,3,5,3,2,1,1,1,0,0,0,0,13.324611,50.911655
22,23,1,5,11,5,3,0,7,0,1,1,0,0,0,0,0,13.346387,50.904971
22,23,1,7,16,7,2,0,1,1,0,1,0,0,0,0,0,13.327976,50.912075
22,23,1,16,9,2,3,0,7,0,2,1,0,0,0,0,0,13.332989,50.916331
22,23,3,1,8,4,3,5,2,0,0,1,1,0,0,0,0,13.33326,50.922054
22,23,3,13,12,2,3,2,1,0,0,1,1,0,0,0,0,13.348782,50.9222
22,23,4,9,18,1,2,3,6,0,0,1,1,0,0,0,0,13.344574,50.910305
22,23,5,4,14,5,2,5,2,0,0,1,1,0,0,0,0,13.321261,50.906078
22,23,5,4,23,5,3,0,7,2,0,1,0,0,0,0,0,13.337122,50.902036
22,23,5,13,21,7,3,5,2,2,0,1,1,0,0,0,0,13.346317,50.901568
22,23,5,14,16,1,3,0,1,0,1,1,0,0,0,0,0,13.353828,50.889219
22,23,5,24,6,4,3,2,2,0,0,1,1,0,0,0,0,13.357138,50.90633
22,23,5,26,13,6,3,5,2,0,0,1,1,0,0,0,0,13.344415,50.915011
22,23,5,29,16,2,3,0,2,0,0,1,1,0,0,0,0,13.365351,50.913747
22,23,5,31,12,4,3,0,7,0,1,1,0,0,0,1,0,13.337763,50.919664
22,23,6,7,10,4,2,2,6,0,0,1,1,0,0,0,0,13.344446,50.914272
22,23,6,10,8,7,2,0,1,0,0,1,0,0,0,0,0,13.32581,50.90219
22,23,6,20,21,3,3,0,7,0,0,1,0,0,0,0,0,13.332703,50.918526
22,23,6,21,18,4,2,8,7,0,1,1,0,0,0,0,0,13.346998,50.91464
22,23,6,22,18,5,3,4,1,0,0,1,1,0,0,0,0,13.327486,50.913428
22,23,7,5,9,4,2,8,1,0,0,1,0,0,0,0,0,13.373137,50.916817
22,23,7,6,9,5,3,0,7,0,0,1,0,0,0,0,0,13.348985,50.922833
22,23,7,9,13,1,3,3,6,0,0,1,0,0,0,0,0,13.331036,50.889614
22,23,7,11,11,3,3,0,7,0,0,1,0,0,0,0,0,13.339518,50.919405
22,23,7,20,10,5,3,5,3,0,0,1,1,0,0,0,0,13.304307,50.905821
22,23,7,21,7,6,2,5,3,0,0,1,1,0,0,0,0,13.349052,50.925268
22,23,7,21,8,6,3,5,3,0,0,1,1,0,0,0,0,13.346304,50.900683
22,23,7,26,6,4,3,0,1,0,1,1,0,0,0,0,0,13.333265,50.922052
22,23,9,6,7,4,3,3,2,0,0,1,1,0,0,0,0,13.317534,50.908586
22,23,9,7,16,5,3,3,2,0,0,1,1,0,0,0,0,13.337053,50.90185
22,23,9,9,11,7,2,0,7,0,0,1,0,0,0,0,0,13.304711,50.90599
22,23,9,13,21,4,2,4,6,2,1,1,0,0,0,0,1,13.350577,50.913133
22,23,9,15,15,6,3,1,5,0,0,1,1,0,0,0,0,13.351372,50.912078
22,23,9,16,11,7,3,7,7,0,0,1,0,0,0,0,0,13.314119,50.898392
22,23,9,16,14,7,3,5,3,0,0,1,1,0,0,0,0,13.356971,50.917665
22,23,10,3,16,3,2,7,7,0,0,1,0,0,0,0,0,13.373326,50.916975
22,23,10,5,11,5,3,0,7,0,0,1,0,0,0,0,0,13.343052,50.888762
22,23,10,19,18,5,2,5,3,2,0,1,0,0,0,0,1,13.346034,50.913908
22,23,11,13,8,2,3,5,2,0,1,1,1,0,0,0,0,13.341893,50.912374
22,23,11,13,14,2,3,0,3,0,1,1,1,0,0,0,0,13.329535,50.90634
22,23,11,15,22,4,3,5,3,2,1,1,1,0,0,0,0,13.324595,50.911647
22,23,11,27,6,2,3,4,2,1,1,1,0,0,0,1,0,13.365952,50.90822
22,23,12,11,12,2,3,6,6,0,1,1,0,1,0,0,0,13.323415,50.903562
22,23,12,27,8,4,2,0,1,0,2,1,0,0,0,0,0,13.349368,50.914467
22,24,1,28,15,1,3,1,5,0,0,1,1,0,0,0,0,13.352137,50.90175
22,24,2,5,9,2,3,2,6,0,1,1,1,0,0,0,1,13.33493,50.924491
22,24,2,29,7,5,3,0,2,0,2,1,1,0,0,0,0,13.346317,50.901559
22,24,3,1,14,6,3,5,3,0,0,1,1,0,0,0,0,13.331109,50.92744
22,24,3,13,12,4,3,5,2,0,0,1,1,0,0,0,0,13.349007,50.922465
22,24,4,23,7,3,3,5,3,0,0,1,1,0,0,0,0,13.359501,50.909181
22,24,4,28,2,1,2,0,1,2,0,1,0,0,0,0,0,13.349003,50.92204
22,24,4,30,16,3,3,1,5,0,0,1,1,0,0,0,0,13.344919,50.916119
22,24,5,6,14,2,2,4,6,0,1,1,0,0,0,0,0,13.318519,50.907925
22,24,5,11,22,7,3,5,3,2,0,1,1,0,0,0,0,13.346858,50.916097
22,24,5,24,11,6,3,3,7,0,0,1,1,0,0,0,0,13.341133,50.919543
22,24,6,9,21,1,2,0,7,1,0,1,0,0,0,0,0,13.34945,50.906773
22,24,6,26,10,4,3,6,6,0,0,1,0,1,0,0,0,13.332976,50.917231
22,24,7,1,7,2,2,5,2,0,0,1,0,0,0,1,0,13.334174,50.911364
22,24,8,5,14,2,3,0,7,0,0,1,0,0,0,0,0,13.323355,50.905522
22,24,8,16,7,6,3,5,3,0,0,1,1,0,0,0,0,13.325136,50.920514
22,24,8,21,6,4,3,5,3,0,0,1,1,0,0,0,0,13.356819,50.918759
22,24,8,29,10,5,3,6,4,0,0,1,0,1,0,0,0,13.332575,50.907784
22,24,9,6,9,6,3,0,6,0,0,1,0,0,0,0,1,13.328178,50.913389
22,24,10,2,6,4,3,5,2,1,1,1,1,0,0,0,0,13.350941,50.91256
22,24,10,4,13,6,3,2,2,0,1,1,1,0,0,0,0,13.319495,50.91932
22,24,10,5,13,7,3,0,7,0,0,1,0,0,0,0,0,13.33868,50.912373
22,24,10,5,17,7,2,5,3,0,1,1,1,0,0,0,0,13.336049,50.913526
22,24,10,7,15,2,3,5,3,0,1,1,1,0,0,0,0,13.334206,50.911375
22,24,10,18,18,6,2,8,1,2,0,1,0,0,0,0,0,13.335021,50.913288
22,24,10,22,15,3,3,5,3,0,1,1,1,0,0,0,0,13.342997,50.917823
22,24,11,4,7,2,3,0,7,0,0,1,0,0,0,0,0,13.331898,50.915032
22,24,11,9,4,7,3,2,2,2,0,1,1,0,0,0,0,13.325015,50.922404
22,24,11,9,16,7,3,4,2,1,0,1,1,0,0,0,0,13.334199,50.911372
22,24,12,22,12,1,3,5,3,0,1,1,1,0,0,0,0,13.347376,50.917651
22,25,3,4,14,3,3,5,2,0,0,1,1,0,0,0,0,13.334256,50.911361
22,25,3,14,16,6,3,4,2,0,1,1,1,0,0,0,0,13.348098,50.8903
22,25,4,9,14,4,3,3,6,0,0,1,0,1,0,0,0,13.346304,50.900591
22,25,4,23,19,4,3,5,3,0,0,1,1,0,0,0,0,13.353112,50.913564
22,25,5,7,19,4,2,0,7,1,0,1,0,0,0,0,0,13.300301,50.919772
22,25,5,19,9,2,3,5,7,0,0,1,1,0,0,0,0,13.333524,50.908653
22,25,5,20,15,3,1,0,3,0,0,1,0,0,0,0,1,13.338109,50.901915
22,25,5,28,14,4,3,4,2,0,1,1,0,0,0,0,1,13.350377,50.91986
22,25,5,29,17,5,2,6,6,0,0,1,0,1,0,0,0,13.347337,50.931932
22,25,5,30,11,6,3,8,1,0,0,1,0,0,0,0,0,13.325678,50.911234
22,25,6,1,14,1,3,1,5,0,0,1,1,0,0,0,0,13.349061,50.918964
22,25,6,2,8,2,2,5,2,0,0,1,0,0,0,0,1,13.348076,50.921731
22,25,6,3,15,3,3,3,2,0,0,1,0,0,0,0,1,13.332306,50.903625
22,25,6,10,16,3,3,0,5,0,0,1,1,0,0,0,0,13.351706,50.908518
22,25,6,20,13,6,3,1,5,0,0,1,1,0,0,0,0,13.350768,50.912859
22,25,6,24,17,3,3,3,2,0,0,1,1,0,0,0,0,13.335428,50.925007
22,25,7,7,11,2,3,5,3,0,0,1,1,0,0,0,0,13.33758,50.905154
22,25,7,7,15,2,3,1,5,0,0,1,1,0,0,0,0,13.345324,50.925099
22,25,7,14,21,2,3,0,1,1,0,1,0,0,0,0,0,13.328152,50.922395
22,25,8,2,22,7,3,0,7,2,1,1,0,0,0,0,0,13.353235,50.913649
22,25,8,6,17,4,3,4,6,0,0,1,0,0,0,0,0,13.322471,50.91083
22,25,8,8,11,6,2,5,2,0,0,1,1,0,0,0,0,13.324577,50.911639
22,25,8,8,18,6,3,0,6,0,0,1,0,0,0,0,0,13.339262,50.917396
22,25,8,12,18,3,2,5,3,0,0,1,1,0,0,0,0,13.326871,50.895914
22,25,8,16,16,7,3,4,1,0,0,1,1,0,0,0,0,13.359721,50.927517
22,25,8,19,18,3,3,5,3,0,0,1,1,0,0,0,0,13.336905,50.915408
22,25,8,21,8,5,3,5,3,0,0,1,1,0,0,0,0,13.346626,50.916291
22,25,8,24,17,1,3,4,6,0,0,1,0,0,0,0,0,13.331322,50.882837
22,25,9,3,14,4,3,6,7,0,0,1,1,1,0,0,0,13.345663,50.90159
22,25,9,4,6,5,3,0,1,0,0,1,0,0,0,0,0,13.33831,50.880361
22,25,9,4,11,5,3,6,7,0,0,1,0,1,0,0,0,13.338232,50.909461
22,25,9,7,21,1,2,5,3,2,0,1,1,0,0,0,0,13.372543,50.893379
22,25,9,10,15,4,3,3,2,0,0,1,1,0,0,0,0,13.336977,50.909991
22,25,9,15,16,2,3,3,6,0,0,1,1,0,0,0,0,13.315934,50.907615
22,25,9,20,22,7,2,0,7,1,0,1,0,0,0,0,0,13.344567,50.902584
22,25,9,21,16,1,3,5,3,0,0,1,1,0,0,0,0,13.347479,50.919254
22,25,9,23,15,3,3,5,2,0,1,1,1,0,0,0,0,13.322778,50.910935
22,25,9,29,10,2,3,0,1,0,0,1,0,0,0,0,0,13.353013,50.910587
22,25,10,2,16,5,3,5,3,0,0,1,1,0,0,0,0,13.330377,50.920805
22,25,10,5,15,1,3,5,3,0,0,1,1,0,0,0,0,13.336473,50.908358
22,25,10,12,10,1,3,6,6,0,0,1,0,1,0,0,0,13.31861,50.915367
22,25,10,15,11,4,2,0,7,0,0,1,0,0,0,0,0,13.342769,50.917399
22,25,11,4,1,3,3,0,7,2,0,1,0,0,0,0,0,13.331436,50.896671
22,25,11,8,10,7,3,5,3,0,0,1,1,0,0,0,0,13.336977,50.909991
22,25,11,10,6,2,3,5,2,1,1,1,1,0,0,0,0,13.322405,50.910807
22,25,11,13,15,5,2,6,7,0,0,1,0,1,0,0,0,13.322193,50.895149
22,25,11,13,17,5,2,6,6,2,0,1,0,1,0,0,0,13.345273,50.894671
22,25,12,4,17,5,3,3,2,2,0,1,1,0,0,0,0,13.347889,50.913038
22,25,12,8,14,2,3,2,6,0,1,1,1,0,0,0,0,13.332753,50.89468
22,25,12,10,17,4,3,5,3,2,1,1,1,0,0,0,0,13.34196,50.921801
22,16,3,2,17,4,3,5,3,0,0,1,1,0,0,0,0,12.905413,51.078314
22,17,10,26,7,5,3,3,2,0,0,1,0,0,1,0,0,12.953017,51.064216
22,17,11,29,15,4,3,5,7,0,0,1,1,0,0,0,0,12.908703,51.077688
22,19,8,6,17,3,2,0,1,0,0,1,0,0,0,0,0,12.903154,51.077748
22,19,9,1,11,1,2,0,7,0,0,1,0,0,0,0,0,12.951898,51.074675
22,19,9,4,18,4,1,2,6,0,0,1,1,0,0,0,0,12.927593,51.069615
22,19,10,5,11,7,2,5,3,0,1,1,1,0,0,0,0,12.90542,51.078303
22,20,5,22,10,6,3,4,2,0,0,1,1,0,0,0,0,12.90221,51.076496
22,20,7,1,6,4,2,1,5,0,0,1,1,0,0,0,0,12.907722,51.07215
22,20,8,25,19,3,2,0,7,0,0,1,0,0,0,0,0,12.886553,51.068018
22,20,8,26,10,4,3,8,1,0,0,1,0,0,0,0,0,12.903067,51.076771
22,20,9,23,18,4,2,2,6,0,0,1,1,0,0,0,0,12.928505,51.069628
22,20,10,20,19,3,3,0,3,2,0,1,1,0,0,0,0,12.90387,51.077031
22,21,6,15,23,3,3,0,7,2,0,1,0,0,0,0,0,12.898242,51.073469
22,21,7,6,7,3,2,0,1,0,0,1,0,0,0,0,0,12.896093,51.079438
22,21,7,31,23,7,2,0,7,2,0,1,0,0,0,0,0,12.94882,51.072969
22,21,8,3,20,3,3,9,1,1,1,1,0,0,0,0,0,12.906201,51.076568
22,21,8,15,10,1,2,3,2,0,0,1,1,0,0,0,0,12.908143,51.078704
22,21,9,6,15,2,1,0,7,0,0,1,0,0,0,0,0,12.908071,51.079062
22,21,11,22,7,2,3,1,5,2,1,1,1,0,0,0,0,12.906297,51.07632
22,22,1,15,16,7,3,0,1,0,0,1,0,0,0,0,0,12.905127,51.07366
22,23,12,14,17,5,2,3,6,2,1,1,0,0,0,0,1,12.93739,51.094289
22,24,5,27,16,2,2,5,3,0,0,1,1,0,0,0,0,12.910014,51.079227
22,25,8,20,15,4,3,5,3,0,0,1,0,0,0,0,0,12.910029,51.075645
22,25,8,22,21,6,2,3,6,2,0,1,1,0,0,0,0,12.931653,51.09192
22,25,9,19,18,6,3,3,2,0,0,1,1,0,0,0,0,12.944899,51.055755
22,20,7,26,14,1,3,2,2,0,0,1,1,0,0,0,0,13.320896,50.800752
22,23,6,14,11,4,2,7,1,0,1,1,0,0,0,0,0,13.314384,50.781862
22,16,8,7,20,1,2,0,1,0,0,1,0,0,0,0,0,13.298118,50.966416
22,16,12,7,14,4,2,5,3,0,0,1,1,0,0,0,0,13.275673,50.980938
22,17,10,16,5,2,3,5,2,2,0,1,1,0,0,0,0,13.275674,50.980937
22,18,1,3,16,4,2,4,2,0,1,1,0,0,0,0,1,13.286169,50.999674
22,18,10,5,18,6,3,4,6,1,0,1,1,0,0,0,0,13.240142,50.986398
22,19,6,1,15,7,3,0,3,0,0,1,1,0,0,0,0,13.312845,51.027503
22,20,5,3,18,1,3,3,6,0,0,1,1,0,0,0,0,13.280362,50.966449
22,20,6,3,14,4,2,5,3,0,0,1,1,0,0,0,0,13.311097,50.966151
22,20,8,1,14,7,2,0,1,0,0,1,0,0,0,0,0,13.325322,51.023058
22,20,12,21,16,2,3,0,7,2,0,1,0,0,0,0,0,13.308151,51.029954
22,21,9,5,16,1,2,8,7,0,0,1,0,0,0,0,0,13.295737,50.999917
22,22,6,4,22,7,2,0,7,2,0,1,0,0,0,0,0,13.274334,50.985873
22,23,5,18,17,5,3,8,1,0,0,1,0,0,0,0,0,13.31715,51.034546
22,24,3,29,20,6,2,0,7,2,0,1,0,0,0,0,0,13.31451,50.962893
22,24,9,30,15,2,2,5,2,0,0,1,1,0,0,0,0,13.331008,50.959322
22,25,5,10,18,7,3,5,3,0,0,1,0,0,1,0,0,13.29806,50.965708
22,25,10,14,19,3,2,1,5,2,1,1,0,0,0,1,0,13.309113,51.029644
22,16,7,5,21,3,3,3,6,1,0,1,0,0,0,0,0,13.090415,51.170714
22,16,8,4,19,5,3,0,3,1,0,1,0,0,1,0,0,13.039438,51.156103
22,18,6,1,8,6,2,8,7,0,0,1,0,0,0,0,0,13.018247,51.135984
22,19,6,6,7,5,2,0,1,0,1,1,0,0,0,0,0,13.089257,51.148459
22,19,9,2,16,2,3,5,2,0,0,1,1,0,0,0,0,13.011348,51.178396
22,20,5,22,19,6,3,0,7,0,0,1,0,0,0,0,0,13.023645,51.192625
22,21,6,13,19,1,2,0,7,0,0,1,0,0,0,0,0,13.036669,51.136652
22,23,10,30,6,2,3,5,2,2,1,1,1,0,0,0,0,13.124265,51.158794
22,25,1,21,7,3,3,3,6,2,0,1,0,0,0,0,1,13.057541,51.156465
22,16,3,7,5,2,2,2,2,2,0,1,0,0,0,0,1,13.113688,50.968988
22,16,5,7,10,7,3,3,6,0,0,1,0,0,1,0,0,13.15364,50.947584
22,16,9,2,15,6,3,5,3,0,0,1,1,0,0,0,0,13.124495,50.970244
22,17,8,21,14,2,3,5,2,0,0,1,1,0,0,0,0,13.112696,50.962366
22,17,11,24,17,6,2,3,6,2,1,1,1,0,0,0,0,13.133349,50.964877
22,18,4,6,13,6,3,3,5,0,0,1,1,0,0,0,0,13.125488,50.964498
22,19,6,7,22,6,2,0,7,2,0,1,0,0,0,0,0,13.129081,50.968289
22,19,9,1,9,1,2,0,1,0,0,1,0,0,0,0,0,13.123596,50.964807
22,19,9,4,17,4,3,5,3,0,0,1,1,0,0,0,0,13.117744,50.976593
22,19,9,6,10,6,3,0,7,0,0,1,1,0,0,0,0,13.12277,50.963968
22,20,9,12,12,7,2,0,1,0,0,1,0,0,0,0,0,13.124501,50.970281
22,20,9,17,16,5,3,5,3,0,0,1,1,0,0,0,0,13.121541,50.974503
22,21,5,6,21,5,2,9,1,2,0,1,0,0,0,0,0,13.109392,50.951888
22,21,6,3,22,5,3,0,7,2,0,1,0,0,0,0,0,13.118323,50.97402
22,22,4,16,9,7,2,3,6,0,0,1,1,0,0,0,0,13.119606,50.969123
22,22,6,7,14,3,3,5,3,0,0,1,1,0,0,0,0,13.124464,50.970262
22,22,6,23,22,5,2,0,7,2,0,1,0,0,0,0,0,13.112747,50.964348
22,22,7,21,9,5,2,0,7,0,0,1,0,0,0,0,0,13.123115,50.967801
22,22,8,17,15,4,3,4,6,0,0,1,0,0,0,0,1,13.122977,50.962094
22,22,8,18,19,5,3,3,6,0,0,1,1,0,0,0,0,13.121056,50.969111
22,22,10,7,22,6,3,0,1,2,0,1,0,0,0,0,0,13.124136,50.964258
22,22,10,20,9,5,3,5,3,0,0,1,1,0,0,0,0,13.124405,50.966222
22,23,10,10,10,3,3,5,3,0,0,1,1,0,0,0,0,13.120309,50.970051
22,24,1,24,10,4,3,5,3,0,1,1,1,0,0,0,0,13.113681,50.968987
22,24,4,27,5,7,2,9,1,2,1,1,0,0,0,0,0,13.129727,50.976875
22,24,9,1,11,1,3,1,5,0,0,1,1,0,0,0,0,13.109458,50.950625
22,24,10,28,16,2,3,6,4,0,0,1,0,1,0,0,0,13.117977,50.973927
22,25,4,16,6,4,2,9,1,0,0,1,1,0,0,0,0,13.125315,50.975096
22,25,8,5,22,3,3,3,6,2,0,1,1,0,0,0,0,13.110694,50.978315
22,25,9,5,12,6,3,0,1,0,1,1,0,0,0,0,0,13.122984,50.971804
22,16,6,7,13,3,2,4,6,0,0,1,1,0,0,0,0,13.367949,50.97082
22,17,6,9,14,6,3,1,5,0,0,1,1,0,0,0,0,13.424802,50.963264
22,20,5,27,12,4,3,0,7,0,0,1,0,0,0,0,0,13.440493,50.969889
22,20,6,1,11,2,2,0,7,0,0,1,0,0,0,0,0,13.366811,50.970522
22,22,3,24,15,5,3,0,1,0,0,1,1,0,0,0,0,13.451056,50.970418
22,22,5,18,22,4,3,5,3,2,0,1,1,0,0,0,0,13.346882,50.934111
22,22,6,2,18,5,2,9,1,0,0,1,0,0,0,0,0,13.397555,50.954259
22,22,7,11,17,2,2,0,6,0,0,1,1,0,0,0,0,13.45617,50.971494
22,22,7,24,13,1,2,0,7,0,0,1,0,0,0,0,0,13.35444,50.936397
22,22,9,26,19,2,3,0,7,2,0,1,0,0,0,0,0,13.351814,50.955955
22,23,2,28,13,3,1,2,6,0,0,1,0,0,0,0,0,13.414966,50.98071
22,23,10,11,17,4,2,5,3,1,0,1,1,0,0,0,0,13.373168,50.947313
22,17,1,10,14,3,3,3,5,0,2,1,1,0,0,0,0,12.971886,51.094521
22,17,10,2,13,2,3,0,7,0,0,1,0,0,0,0,0,12.978392,51.09081
22,18,1,6,10,7,3,5,3,0,0,1,1,0,0,0,0,12.907861,51.115569
22,18,7,2,16,2,2,4,2,0,0,1,1,0,0,0,0,12.969932,51.097748
22,19,6,3,0,2,2,0,7,2,0,1,0,0,0,0,0,12.937586,51.121252
22,19,11,6,5,4,3,3,6,2,0,1,1,0,0,0,0,12.973961,51.09614
22,20,4,2,16,5,2,3,6,0,0,1,1,0,0,0,0,12.954673,51.110044
22,20,12,4,15,6,3,5,3,0,0,1,1,0,0,0,0,12.957378,51.110759
22,21,4,18,12,1,3,5,3,0,1,1,1,0,0,0,0,12.952961,51.102507
22,21,5,27,19,5,2,5,3,0,1,1,1,0,0,0,0,12.968723,51.084604
22,22,4,27,16,4,3,5,3,0,0,1,1,0,0,0,0,12.973062,51.097895
22,22,5,17,13,3,2,0,7,0,0,1,0,0,0,0,0,13.00212,51.116688
22,22,6,1,22,4,3,5,3,2,0,1,1,0,0,0,0,12.977598,51.102226
22,22,10,7,5,6,3,5,3,2,0,1,1,0,0,0,0,12.974311,51.093742
22,22,10,28,17,6,3,0,6,0,0,1,0,0,0,0,1,12.943919,51.130387
22,23,5,28,14,1,3,0,7,0,0,1,0,0,0,0,0,12.973427,51.101973
22,23,6,26,14,2,3,0,6,0,0,1,0,0,0,0,1,13.010451,51.134025
22,24,6,4,15,3,2,5,3,0,0,1,0,0,1,0,0,13.023629,51.103221
22,24,12,20,9,6,3,8,3,0,1,1,0,0,0,0,1,12.977326,51.103305
22,25,5,22,7,5,3,3,2,0,0,1,0,0,1,0,0,12.977703,51.101121
22,25,7,20,10,1,3,8,7,0,0,1,0,0,0,0,0,12.973888,51.10535
22,25,8,22,23,6,3,8,1,2,0,1,0,0,0,0,0,12.978274,51.097792
22,25,8,26,15,3,2,5,3,0,0,1,1,0,0,0,0,12.977983,51.099769
22,16,6,1,20,4,2,1,5,0,0,1,1,0,0,0,0,12.799276,50.891256
22,16,7,3,14,1,2,0,1,0,1,1,0,0,0,0,0,12.820055,50.88981
22,17,5,29,22,2,3,3,6,2,0,1,1,0,0,0,0,12.776917,50.870595
22,18,3,2,18,6,3,3,6,1,0,1,0,0,0,0,1,12.818367,50.884376
22,18,11,3,10,7,3,1,5,0,0,1,1,0,0,0,0,12.801189,50.880683
22,19,5,6,17,2,3,5,3,0,0,1,1,0,0,0,0,12.793065,50.895256
22,19,8,5,6,2,2,0,1,0,0,1,0,0,0,0,0,12.808621,50.878652
22,19,9,4,18,4,3,5,3,0,0,1,1,0,0,0,0,12.822172,50.878888
22,19,11,3,12,1,2,0,7,0,1,1,0,0,0,0,0,12.801799,50.885699
22,19,12,4,7,4,3,4,2,2,0,1,1,0,0,0,0,12.796384,50.892705