UKREIS,UJAHR,UMONAT,UTAG,USTUNDE,UWOCHENTAG,UKATEGORIE,UART,UTYP,LICHT,USTRZUSTAND,IstRad,IstPKW,IstFuss,IstKrad,IstGkfz,IstSonstige,@lon,@lat
22,19,12,7,14,7,2,5,3,0,0,1,0,0,0,0,0,12.800383,50.885223
22,20,1,31,15,6,3,9,1,0,0,1,0,0,0,0,0,12.798259,50.888717
22,20,7,20,7,2,3,5,3,0,0,1,1,0,0,0,0,12.818101,50.878736
22,21,7,12,16,2,3,0,1,0,0,1,0,0,0,0,0,12.810695,50.883214
22,21,7,22,13,5,3,3,2,0,0,1,1,0,0,0,0,12.805007,50.87831
22,21,11,27,19,7,2,1,5,2,0,1,1,0,0,0,0,12.804197,50.87845
22,22,2,23,12,4,3,4,2,0,0,1,1,0,0,0,0,12.799652,50.883432
22,22,4,22,10,6,3,5,3,0,0,1,1,0,0,0,0,12.803786,50.878519
22,22,5,11,16,4,3,0,7,0,0,1,0,0,0,0,0,12.817642,50.877434
22,22,7,29,0,6,2,7,7,2,0,1,0,0,0,0,0,12.8134,50.882175
22,22,8,30,20,3,3,5,3,2,0,1,0,0,1,0,0,12.793668,50.885717
22,22,9,12,7,2,3,0,6,0,0,1,1,0,0,0,0,12.799972,50.874585
22,22,12,27,18,3,3,5,3,2,0,1,1,0,0,0,0,12.820054,50.88981
22,23,6,9,18,6,3,5,3,0,0,1,0,0,1,0,0,12.8002,50.883914
22,23,7,18,22,3,2,0,1,2,0,1,0,0,0,0,0,12.810237,50.883389
22,23,10,24,5,3,3,0,3,2,1,1,0,0,0,0,1,12.820067,50.889812
22,23,11,9,19,5,2,5,3,2,0,1,1,0,0,0,0,12.79391,50.88972
22,24,3,21,14,5,3,4,7,0,1,1,1,0,0,0,0,12.799518,50.891718
22,24,6,24,6,2,3,5,3,0,0,1,1,0,0,0,0,12.820037,50.881591
22,24,7,20,10,7,2,5,3,0,0,1,1,0,0,0,0,12.820041,50.889808
22,24,9,22,0,1,3,8,1,2,0,1,0,0,0,0,0,12.799673,50.887255
22,24,11,30,22,7,3,1,5,2,0,1,1,0,0,0,0,12.800177,50.883277
22,25,6,30,15,2,3,0,1,0,0,1,0,0,0,0,0,12.801068,50.876234
22,25,7,13,19,1,3,1,5,1,1,1,1,0,0,0,0,12.800192,50.884084
22,25,9,1,19,2,3,5,3,0,0,1,1,0,0,0,0,12.788503,50.885678
22,25,10,23,7,5,2,5,3,0,1,1,1,0,0,0,0,12.801007,50.88647
22,23,8,31,7,5,2,5,3,0,0,1,0,0,0,0,1,13.122065,51.196682
22,23,10,9,14,2,3,0,1,0,1,1,0,0,0,0,0,13.166267,51.207223
22,24,7,25,17,5,2,4,6,0,0,1,1,0,0,0,0,13.175286,51.184865
22,25,3,9,14,1,3,4,1,0,0,1,0,0,1,0,0,13.164394,51.166886
22,25,4,5,13,7,3,0,3,0,0,1,1,0,0,0,0,13.161524,51.167363
22,25,11,3,10,2,3,0,7,0,1,1,0,0,0,0,0,13.172027,51.215693
22,22,6,11,14,7,2,3,6,0,0,1,1,0,0,0,0,12.746323,51.058682
22,24,11,27,6,4,3,4,6,2,0,1,1,0,0,0,0,12.73909,51.102551
22,19,8,6,14,3,3,2,6,0,0,1,1,0,0,0,0,12.853846,50.987143
22,24,5,29,7,4,2,2,2,0,0,1,1,0,0,0,0,12.898113,50.966976
22,24,6,25,10,3,3,2,6,0,0,1,1,0,0,0,0,12.848782,50.98128
22,18,7,7,15,7,3,6,6,0,0,1,0,1,0,0,0,13.006532,51.036691
22,19,5,4,5,7,2,8,1,1,0,1,0,0,0,0,0,13.018621,51.04269
22,20,1,4,17,7,2,9,1,2,1,1,0,0,0,0,0,13.021175,51.05366
22,21,9,8,11,4,3,1,5,0,0,1,0,0,0,1,0,13.018773,51.051814
22,22,4,24,11,1,3,2,6,0,1,1,1,0,0,0,0,13.001663,51.039529
22,22,5,30,15,2,2,8,1,0,0,1,0,0,0,0,0,13.018617,51.042689
22,25,1,21,13,3,3,5,3,0,0,1,0,0,0,0,1,13.086518,51.046007
22,16,4,4,10,2,3,1,3,0,0,1,1,0,0,0,0,13.009541,51.155706
22,16,4,6,12,4,3,2,6,0,0,1,0,0,0,1,0,12.926776,51.157864
22,18,5,5,19,7,3,1,5,0,0,1,1,0,0,0,0,12.922029,51.15527
22,18,7,1,16,1,3,0,1,0,0,1,0,0,0,0,0,12.932988,51.142813
22,19,8,2,11,6,3,0,7,0,0,1,0,0,0,0,0,12.95509,51.157084
22,20,6,13,10,7,3,5,2,0,0,1,0,0,1,0,0,12.924465,51.156125
22,20,7,8,7,4,3,0,3,0,1,1,1,0,0,0,0,12.911061,51.158388
22,20,8,29,11,7,3,1,5,0,0,1,1,0,0,0,0,12.934607,51.158773
22,20,11,2,11,2,1,2,6,0,0,1,1,0,0,0,0,12.896083,51.153447
22,21,5,19,18,4,3,5,3,0,0,1,1,0,0,0,0,12.93613,51.158786
22,22,2,12,11,7,2,0,7,0,2,1,0,0,0,0,0,12.931861,51.156689
22,22,5,10,6,3,2,5,2,0,0,1,1,0,0,0,0,12.966729,51.198139
22,22,5,28,16,7,3,1,5,0,0,1,1,0,0,0,0,12.923935,51.155972
22,23,8,18,14,6,3,1,5,0,0,1,1,0,0,0,0,12.939517,51.15881
22,23,9,9,16,7,3,1,5,0,0,1,1,0,0,0,0,12.941289,51.156184
22,24,8,23,20,6,3,0,7,2,0,1,0,0,0,0,0,12.937785,51.157127
22,24,9,20,9,6,3,5,3,0,0,1,1,0,0,0,0,12.96763,51.198603
22,25,2,24,9,2,3,5,3,0,0,1,1,0,0,0,0,12.926581,51.158822
22,25,6,19,9,5,1,3,6,0,0,1,1,0,0,0,0,12.932648,51.153747
22,25,8,20,17,4,3,5,3,0,0,1,1,0,0,0,0,12.980111,51.168545
22,17,3,26,16,1,2,5,3,0,0,1,1,0,0,0,0,13.117374,50.802768
22,19,5,3,17,6,2,5,3,0,0,1,1,0,0,0,0,13.178466,50.800837
22,22,3,7,13,2,3,3,6,0,0,1,1,0,0,0,0,13.099223,50.802261
22,22,4,18,19,2,2,4,2,0,0,1,1,0,0,0,0,13.136184,50.818512
22,22,5,11,16,4,3,5,3,0,0,1,1,0,0,0,0,13.188063,50.799766
22,22,9,8,18,5,2,0,1,0,0,1,0,0,0,0,0,13.179355,50.80052
22,24,5,17,7,6,3,8,6,0,0,1,0,0,0,1,0,13.102146,50.802477
22,25,1,18,18,7,3,0,7,2,0,1,0,0,0,0,0,13.208882,50.800384
22,16,1,1,19,6,3,0,1,2,2,1,0,0,0,0,0,12.949967,50.904409
22,16,8,6,11,7,2,8,7,0,0,1,0,0,0,0,0,12.950791,50.912441
22,16,10,4,19,3,3,5,3,2,0,1,1,0,0,0,0,13.012479,50.912689
22,17,5,27,15,7,3,0,1,0,0,1,0,0,0,0,0,12.94197,50.905649
22,18,6,4,6,2,2,0,1,0,0,1,0,0,0,0,0,12.954049,50.911302
22,18,6,5,16,3,2,5,3,0,0,1,1,0,0,0,0,12.963873,50.935448
22,18,7,2,20,2,2,0,1,0,0,1,0,0,0,0,0,12.962083,50.90575
22,18,12,4,16,3,3,5,3,2,1,1,1,0,0,0,0,13.007418,50.905532
22,19,10,4,16,6,3,5,3,0,0,1,1,0,0,0,0,12.960975,50.934827
22,20,4,23,14,5,3,5,3,0,0,1,1,0,0,0,0,12.977259,50.907524
22,20,4,26,16,1,3,2,6,0,0,1,1,0,0,0,0,12.916633,50.900905
22,20,6,21,14,1,3,2,6,0,0,1,1,0,0,0,0,12.912854,50.917125
22,20,9,12,5,7,3,1,5,2,0,1,1,0,0,0,0,12.911676,50.916461
22,21,2,22,10,2,2,0,1,0,2,1,0,0,0,0,0,12.943496,50.892926
22,21,8,21,14,7,3,8,1,0,0,1,0,0,0,0,0,12.974879,50.904595
22,22,6,3,9,6,2,5,3,0,0,1,1,0,0,0,0,12.90368,50.904025
22,23,3,27,13,2,3,1,5,0,0,1,0,0,0,0,1,12.948019,50.905329
22,23,6,27,17,3,3,8,6,0,1,1,1,0,0,0,0,12.992577,50.920152
22,23,8,4,15,6,3,5,3,0,0,1,1,0,0,0,0,12.951111,50.904628
22,23,8,23,19,4,3,5,3,0,0,1,1,0,0,0,0,12.902481,50.914997
22,24,2,26,11,2,2,0,7,0,0,1,0,0,0,0,0,12.903657,50.904036
22,24,9,17,18,3,3,8,1,0,0,1,0,0,0,0,0,12.913033,50.917309
22,24,10,16,15,4,2,5,2,0,0,1,1,0,0,0,0,13.009637,50.902928
22,25,6,12,17,5,3,4,1,0,0,1,0,0,1,0,0,13.016301,50.919919
22,25,12,4,12,5,3,0,7,0,2,1,0,0,0,0,0,13.014245,50.932955
22,19,6,4,15,3,3,5,3,0,0,1,1,0,0,0,0,13.406343,50.844217
22,20,7,4,13,7,3,5,2,0,0,1,0,0,0,0,1,13.379174,50.837456
22,22,5,13,13,6,3,2,2,0,0,1,1,0,0,0,0,13.341614,50.814153
22,23,8,12,18,7,3,0,3,0,0,1,1,0,0,0,0,13.406454,50.84429
22,23,9,21,15,5,2,2,6,0,0,1,0,0,0,0,0,13.37977,50.839428
22,24,6,28,13,6,3,5,2,0,0,1,1,0,0,0,0,13.405991,50.844306
22,24,7,8,11,2,2,4,1,0,0,1,1,0,0,0,0,13.37416,50.844125
22,25,8,28,19,5,2,5,3,1,1,1,1,0,0,0,0,13.36153,50.828602
22,17,4,24,16,2,3,0,1,0,0,1,0,0,0,0,0,12.754027,50.961711
22,17,5,17,8,4,3,1,5,0,0,1,1,0,0,0,0,12.750783,50.967305
22,17,6,1,20,5,3,5,3,0,0,1,1,0,0,0,0,12.779461,50.966805
22,17,8,7,17,2,3,4,2,0,0,1,1,0,0,0,0,12.755478,50.958334
22,18,10,7,11,1,3,2,6,0,1,1,0,0,0,0,0,12.777212,50.964478
22,20,2,9,9,1,2,0,7,0,1,1,0,0,0,0,0,12.754683,50.951731
22,20,4,20,15,2,2,5,3,0,0,1,1,0,0,0,0,12.783482,50.965947
22,21,8,2,16,2,3,5,3,0,0,1,1,0,0,0,0,12.745496,50.9607
22,23,7,15,21,7,2,8,7,2,0,1,0,0,0,0,0,12.706467,50.971643
22,23,8,13,9,1,3,8,1,0,1,1,0,0,0,0,0,12.751577,50.952003
22,24,4,30,19,3,2,0,1,0,0,1,0,0,0,0,0,12.774459,50.971813
22,24,5,2,18,5,3,1,7,0,0,1,1,0,0,0,0,12.760035,50.975827
22,24,7,7,22,1,3,5,3,2,0,1,0,0,1,0,0,12.796828,50.971094
22,24,10,28,6,2,2,5,3,1,0,1,0,0,0,0,1,12.786971,50.950775
22,16,5,2,19,2,3,0,7,0,0,1,0,0,0,0,0,12.979959,50.984089
22,16,6,2,17,5,3,1,6,0,0,1,1,0,0,0,0,12.928098,50.976747
22,16,7,2,23,7,3,3,6,2,0,1,1,0,0,0,0,12.980218,50.986739
22,16,7,2,23,7,3,3,6,2,0,1,1,0,0,0,0,12.980744,50.986744
22,16,8,5,16,6,3,0,1,0,1,1,0,0,0,0,0,12.969258,50.990779
22,16,10,4,22,3,3,5,3,2,1,1,1,0,0,0,0,12.975006,50.980009
22,16,11,7,15,2,2,2,2,0,0,1,1,0,0,0,0,12.97756,50.986814
22,17,5,18,15,5,3,2,6,0,0,1,1,0,0,0,0,12.953627,51.024268
22,17,5,30,12,3,3,6,4,0,1,1,0,1,0,0,0,12.981219,50.985218
22,17,6,16,5,6,3,0,1,0,0,1,0,0,0,0,0,12.96138,50.990591
22,17,7,14,7,6,2,0,7,0,0,1,0,0,0,0,0,12.905344,50.996654
22,17,8,3,16,5,3,5,3,0,0,1,1,0,0,0,0,12.977852,50.988262
22,17,10,17,18,3,3,0,1,1,0,1,1,0,0,0,0,12.980316,50.990768
22,18,5,1,15,3,3,5,2,0,1,1,1,0,0,0,0,12.957534,50.990559
22,18,5,3,16,5,2,5,3,0,0,1,1,0,0,0,0,12.980071,50.984982
22,18,5,3,18,5,3,5,3,0,0,1,1,0,0,0,0,12.982008,50.978558
22,18,6,7,13,5,2,0,6,0,0,1,0,0,0,1,0,12.980997,50.986778
22,18,8,4,10,7,3,0,1,0,1,1,0,0,0,0,0,12.986408,50.990314
22,18,9,1,1,7,3,0,1,2,0,1,0,0,0,0,0,12.979802,50.983387
22,19,3,1,19,6,2,2,6,1,1,1,1,0,0,0,0,12.962878,50.995831
22,19,3,2,11,7,2,0,1,0,1,1,0,0,0,0,0,12.984999,50.984628
22,19,4,4,4,5,3,0,1,2,0,1,1,0,0,0,0,12.979837,50.983886
22,19,4,4,19,5,3,4,6,1,0,1,1,0,0,0,0,12.949238,50.986379
22,19,7,5,13,6,3,0,1,0,1,1,0,0,0,0,0,12.993627,50.984169
22,19,8,2,4,6,3,0,7,2,0,1,0,0,0,0,0,12.981345,50.986262
22,19,8,4,14,1,3,1,5,0,0,1,1,0,0,0,0,12.978381,50.986187
22,19,9,2,13,2,2,5,3,0,0,1,1,0,0,0,0,12.960214,50.985555
22,19,9,5,11,5,2,5,3,0,1,1,0,0,0,0,0,12.967557,50.984164
22,20,1,17,12,6,2,0,7,0,0,1,0,0,0,0,0,12.965526,50.988834
22,20,3,19,15,5,2,3,2,0,0,1,1,0,0,0,0,12.972206,50.985288
22,20,5,14,12,5,2,8,1,0,0,1,0,0,0,0,0,13.002705,51.005152
22,20,6,23,7,3,3,0,7,0,0,1,0,0,0,0,0,12.964192,50.987292
22,20,8,20,10,5,3,1,5,0,0,1,1,0,0,0,0,12.979912,50.984024
22,20,8,24,17,2,2,0,7,0,0,1,0,0,0,0,0,12.978508,50.986672
22,20,8,29,18,7,2,0,7,0,0,1,0,0,0,0,0,12.986858,50.975372
22,20,8,31,16,2,2,0,1,0,1,1,0,0,0,0,0,12.984739,50.996374
22,20,9,3,2,5,2,0,7,2,0,1,0,0,0,0,0,12.974421,50.988648
22,20,9,11,6,6,3,0,7,1,0,1,0,0,0,0,1,12.992255,50.9818
22,20,11,3,9,3,3,0,1,0,0,1,0,0,0,0,0,12.975897,50.98746
22,20,11,5,17,5,3,5,3,2,0,1,1,0,0,0,0,12.963856,50.994506
22,21,3,26,11,6,3,3,5,0,0,1,1,0,0,0,0,12.981764,50.977947
22,21,6,7,18,2,1,4,6,0,0,1,0,0,0,0,1,12.971863,51.028236
22,21,6,28,18,2,2,8,1,0,0,1,0,0,0,0,0,12.982019,50.986892
22,21,10,2,20,7,3,0,7,2,0,1,0,0,0,0,0,12.97378,50.977412
22,21,10,6,15,4,3,5,3,0,0,1,1,0,0,0,0,12.962,50.985356
22,22,1,23,15,1,2,8,1,0,1,1,0,0,0,0,0,12.969427,51.005468
22,22,5,27,18,6,3,1,5,1,0,1,1,0,0,0,0,12.978985,50.991307
22,22,5,28,16,7,3,6,6,0,0,1,1,1,0,0,0,12.987359,50.985262
22,22,8,6,10,7,3,1,5,0,0,1,0,0,0,0,1,12.951769,50.986304
22,22,8,21,19,1,3,5,3,0,0,1,1,0,0,0,0,12.975539,50.987432
22,23,5,22,10,2,3,5,3,0,0,1,1,0,0,0,0,12.961889,50.985368
22,23,8,24,20,5,2,0,7,1,0,1,0,0,0,0,0,13.001155,50.980406
22,23,9,11,14,2,2,0,7,0,0,1,0,0,0,0,0,12.964809,50.98515
22,24,1,24,21,4,3,0,1,2,1,1,0,0,0,0,0,12.971471,50.985884
22,24,4,9,15,3,3,0,1,0,0,1,1,0,0,0,0,12.972522,50.986361
22,24,5,31,22,6,2,0,7,2,0,1,0,0,0,0,0,12.97575,50.986116
22,24,6,5,19,4,3,4,5,0,0,1,1,0,0,0,0,12.979255,50.985999
22,24,6,28,9,6,2,8,1,0,0,1,0,0,0,0,0,12.981662,50.988293
22,24,7,30,17,3,2,5,2,0,0,1,1,0,0,0,0,12.970363,50.986861
22,24,9,30,18,2,3,0,1,0,0,1,0,0,0,0,0,12.971372,51.031574
22,24,11,8,14,6,2,6,4,0,0,1,0,1,0,0,0,12.977032,50.98339
22,24,11,25,15,2,3,3,6,0,0,1,1,0,0,0,0,12.960882,50.999906
22,25,1,16,11,5,3,5,3,0,0,1,1,0,0,0,0,12.966108,50.990714
22,25,5,5,16,2,3,5,3,0,0,1,1,0,0,0,0,12.970947,50.985788
22,25,5,31,13,7,2,0,7,0,0,1,0,0,0,0,0,12.992956,50.9838
22,25,6,22,18,1,2,8,7,0,0,1,0,0,0,0,0,12.981851,50.986876
22,25,8,16,17,7,3,4,6,0,0,1,1,0,0,0,0,12.992857,51.002188
22,25,12,3,23,4,3,0,7,2,0,1,0,0,0,0,0,12.979998,50.986748
22,22,1,3,18,2,2,0,7,2,0,1,0,0,0,0,0,12.764141,50.904735
22,23,6,28,17,4,2,5,3,0,0,1,1,0,0,0,0,12.758371,50.89698
22,23,11,3,21,6,2,0,1,2,0,1,0,0,0,0,0,12.77873,50.896675
22,24,6,4,14,3,3,5,3,0,0,1,0,0,1,0,0,12.757525,50.897817
22,16,8,5,15,6,3,0,1,0,0,1,0,0,0,0,0,13.402779,50.81233
22,16,12,7,15,4,3,0,1,0,1,1,0,0,0,0,0,13.385196,50.811709
22,18,11,6,16,3,3,5,3,2,0,1,1,0,0,0,0,13.391315,50.811907
22,22,7,31,18,1,1,4,1,0,0,1,1,0,0,0,0,13.35011,50.804132
22,22,8,14,15,1,2,0,1,0,0,1,0,0,0,0,0,13.371838,50.772053
22,23,5,25,11,5,2,0,1,0,0,1,0,0,0,0,0,13.396724,50.815056
22,24,8,4,16,1,2,3,6,0,1,1,1,0,0,0,0,13.356487,50.766964
22,18,7,5,23,5,2,5,3,2,1,1,1,0,0,0,0,13.439637,50.665055
22,20,6,5,4,6,2,0,1,2,0,1,0,0,0,0,0,13.441771,50.664998
22,20,8,21,6,6,3,2,6,0,0,1,1,0,0,0,0,13.499233,50.706485
22,22,7,27,13,4,2,5,3,0,0,1,1,0,0,0,0,13.465331,50.673885
22,16,8,3,17,4,3,5,3,0,0,1,1,0,0,0,0,13.027783,50.865001
22,17,3,21,5,3,3,3,2,1,0,1,1,0,0,0,0,13.016012,50.870462
22,17,5,23,17,3,3,2,7,0,0,1,1,0,0,0,0,13.036003,50.862032
22,17,5,25,16,5,3,5,3,0,0,1,1,0,0,0,0,13.011542,50.864645
22,17,8,26,13,7,3,4,1,0,0,1,1,0,0,0,0,13.013418,50.879662
22,17,12,15,0,6,3,0,1,2,2,1,0,0,0,0,0,13.008542,50.863131
22,18,1,5,17,6,3,5,3,2,0,1,1,0,0,0,0,13.01732,50.863729
22,18,7,5,16,5,3,0,1,0,1,1,0,0,0,0,0,13.040943,50.864746
22,19,3,6,7,4,3,0,1,0,2,1,0,0,0,0,0,12.99927,50.883326
22,19,6,7,5,6,3,5,3,0,0,1,1,0,0,0,0,13.011562,50.864669
22,19,7,2,9,3,3,3,6,0,0,1,1,0,0,0,0,13.001653,50.874241
22,19,10,6,0,1,2,0,1,2,0,1,0,0,0,0,0,13.012833,50.861257
22,20,4,10,12,6,2,0,1,0,0,1,0,0,0,0,0,13.005457,50.862994
22,20,5,16,13,7,2,0,7,0,0,1,0,0,0,0,0,13.009784,50.871359
22,20,6,29,19,2,3,4,1,0,0,1,1,0,0,0,0,13.038518,50.874046
22,22,3,17,18,5,3,8,7,1,0,1,1,0,0,0,0,13.022575,50.863848
22,22,7,13,13,4,3,1,5,0,0,1,1,0,0,0,0,13.02071,50.863458
22,22,10,27,15,5,3,0,7,0,0,1,0,0,0,0,0,13.006536,50.863095
22,23,4,3,16,2,2,2,6,0,0,1,1,0,0,0,0,13.028425,50.864126
22,23,10,3,14,3,3,8,7,0,0,1,0,0,0,0,0,13.003107,50.883644
22,24,8,4,15,1,3,5,3,0,0,1,1,0,0,0,0,13.009525,50.872928
22,25,4,14,6,2,3,5,3,0,0,1,1,0,0,0,0,13.017498,50.86373
22,25,5,17,16,7,3,4,1,0,0,1,1,0,0,0,0,13.007863,50.885916
22,25,11,12,13,4,3,0,2,0,0,1,0,0,0,0,0,13.011559,50.864665
22,16,9,1,7,5,3,4,2,0,0,1,1,0,0,0,0,13.25349,50.897243
22,17,7,30,10,1,3,0,6,0,0,1,1,0,0,0,0,13.246318,50.901653
22,18,6,4,12,2,2,0,3,0,0,1,0,0,0,1,0,13.242391,50.936166
22,18,7,7,15,7,3,0,6,0,0,1,1,0,0,0,0,13.245518,50.905439
22,18,8,6,12,2,2,4,6,0,0,1,1,0,0,0,0,13.218756,50.942605
22,19,7,2,16,3,3,0,1,0,0,1,0,0,0,0,0,13.284147,50.904917
22,19,10,2,19,4,3,5,2,2,0,1,1,0,0,0,0,13.242628,50.901712
22,22,10,17,15,2,2,0,7,0,0,1,0,0,0,0,0,13.249694,50.940745
22,23,7,14,13,6,2,2,6,0,0,1,0,0,0,0,0,13.244432,50.952363
22,23,7,15,22,7,3,9,1,2,0,1,0,0,0,0,0,13.21813,50.942122
22,24,8,22,13,5,3,0,1,0,0,1,0,0,0,0,0,13.238841,50.892669
22,24,8,31,1,7,2,0,1,2,0,1,0,0,0,0,0,13.25221,50.899939
22,25,11,14,14,6,2,8,1,0,0,1,0,0,0,0,0,13.208481,50.939875
22,16,4,4,7,2,3,5,3,0,0,1,1,0,0,0,0,13.173216,50.857873
22,16,9,4,10,1,3,1,3,0,0,1,0,0,0,0,1,13.222124,50.918389
22,18,4,5,20,5,3,5,2,0,0,1,1,0,0,0,0,13.136476,50.891614
22,18,6,7,18,5,2,5,3,0,0,1,1,0,0,0,0,13.170562,50.861685
22,18,8,3,19,6,3,6,4,0,0,1,0,1,0,0,0,13.170029,50.862205
22,18,8,6,16,2,3,5,3,0,0,1,1,0,0,0,0,13.189549,50.88647
22,18,8,7,16,3,2,5,3,0,0,1,1,0,0,0,0,13.174861,50.860777
22,18,9,4,17,3,1,2,6,0,0,1,0,0,0,0,1,13.178564,50.872008
22,19,2,2,15,7,2,4,6,0,0,1,1,0,0,0,0,13.189919,50.843145
22,19,9,7,18,7,2,1,5,0,0,1,1,0,0,0,0,13.156694,50.870165
22,19,11,3,20,1,3,2,6,2,0,1,1,0,0,0,0,13.215456,50.877841
22,20,9,11,14,6,3,5,3,0,0,1,1,0,0,0,0,13.189549,50.886443
22,21,9,28,6,3,3,5,2,2,0,1,1,0,0,0,0,13.185574,50.855879
22,21,11,10,16,4,3,2,6,0,0,1,1,0,0,0,0,13.177246,50.902922
22,22,10,25,7,3,3,5,3,0,0,1,1,0,0,0,0,13.168984,50.862641
22,23,5,18,15,5,2,0,1,0,0,1,0,0,0,0,0,13.134947,50.844259
22,23,6,14,12,4,3,9,1,0,0,1,0,0,0,0,0,13.221566,50.840316
22,23,8,6,15,1,3,0,7,0,1,1,0,0,0,0,0,13.177819,50.862373
22,24,8,25,17,1,3,0,1,0,0,1,0,0,0,0,0,13.21862,50.916441
22,25,6,23,18,2,3,4,1,0,0,1,1,0,0,0,0,13.140844,50.827216
22,25,11,5,15,4,3,5,3,0,0,1,1,0,0,0,0,13.173188,50.857877
22,25,12,12,14,6,3,5,3,0,0,1,1,0,0,0,0,13.169092,50.862666
22,16,10,4,16,3,2,4,7,0,0,1,1,0,0,0,0,13.163433,51.200457
22,17,9,1,16,6,3,3,6,0,1,1,1,0,0,0,0,13.084861,51.201784
22,20,9,3,10,5,2,7,7,0,0,1,0,0,0,0,0,13.070683,51.203502
22,22,7,8,23,6,2,9,1,2,0,1,0,0,0,0,0,13.068514,51.204903
22,22,8,13,15,7,3,5,3,0,0,1,1,0,0,0,0,13.166391,51.189393
22,16,7,1,17,6,3,0,3,0,0,1,1,0,0,0,0,12.700467,50.932099
22,17,4,7,15,6,3,5,2,0,1,1,1,0,0,0,0,12.650838,50.945751
22,17,8,6,17,1,3,0,1,0,0,1,0,0,0,0,0,12.705406,50.931607
22,18,5,2,18,4,2,0,6,0,0,1,1,0,0,0,0,12.716798,50.987911
22,19,6,6,17,5,2,0,1,0,0,1,0,0,0,0,0,12.702176,50.945464
22,19,6,7,17,6,2,0,1,0,0,1,0,0,0,0,0,12.682535,50.973149
22,19,7,2,17,3,3,9,1,0,0,1,0,0,0,0,0,12.70251,50.934745
22,19,7,4,19,5,2,5,3,0,0,1,1,0,0,0,0,12.714149,50.924643
22,19,8,5,14,2,3,0,1,0,0,1,0,0,0,0,0,12.662805,50.928944
22,19,9,1,15,1,3,0,6,0,0,1,1,0,0,0,0,12.705793,50.930855
22,20,1,2,11,5,3,3,2,0,0,1,1,0,0,0,0,12.705545,50.933613
22,20,1,15,14,4,2,6,6,0,0,1,0,1,0,0,0,12.702402,50.933338
22,20,6,28,15,1,2,0,7,0,0,1,0,0,0,0,0,12.651631,50.9458
22,20,11,8,10,1,2,0,7,0,0,1,0,0,0,0,0,12.648639,50.962978
22,20,12,3,5,5,2,0,6,2,0,1,1,0,0,0,0,12.705771,50.93327
22,21,4,25,14,1,2,0,5,0,0,1,1,0,0,0,0,12.657393,50.966682
22,21,5,24,14,2,3,0,2,0,0,1,0,0,1,0,0,12.707409,51.000072
22,21,6,30,13,4,1,8,1,0,0,1,0,0,0,0,0,12.758681,50.923396
22,21,7,4,1,1,2,0,1,2,0,1,0,0,0,0,0,12.696275,50.974022
22,21,7,28,6,4,3,5,3,0,0,1,1,0,0,0,0,12.702545,50.990459
22,21,10,3,17,1,2,0,1,0,0,1,0,0,0,0,0,12.697111,50.936588
22,22,5,26,20,5,2,9,1,0,0,1,0,0,0,0,0,12.709853,50.911361
22,22,5,27,23,6,1,9,1,2,0,1,0,0,0,0,0,12.705445,50.939129
22,22,6,11,12,7,3,0,3,0,0,1,1,0,0,0,0,12.704139,50.935422
22,22,6,12,14,1,2,8,1,0,0,1,0,0,0,0,0,12.682717,50.916481
22,22,7,2,13,7,3,3,2,0,0,1,1,0,0,0,0,12.712796,50.926254
22,22,8,24,16,4,3,5,3,0,0,1,1,0,0,0,0,12.695112,50.939193
22,22,10,27,5,5,3,5,3,2,1,1,1,0,0,0,0,12.680527,50.942561
22,22,10,30,14,1,3,5,2,0,0,1,0,0,0,0,0,12.722881,50.913392
22,23,3,3,9,6,2,0,7,0,2,1,0,0,0,0,0,12.657531,50.963961
22,23,5,18,15,5,2,8,1,0,0,1,0,0,0,0,0,12.629491,50.957928
22,24,1,10,14,4,3,5,3,0,0,1,1,0,0,0,0,12.7104,50.926662
22,24,6,4,19,3,3,0,7,0,0,1,0,0,0,0,0,12.694069,50.906404
22,24,7,14,18,1,3,5,3,0,0,1,1,0,0,0,0,12.652396,50.945723
22,25,1,20,7,2,2,2,6,1,1,1,1,0,0,0,0,12.747261,50.908736
22,25,2,3,14,2,3,5,3,0,0,1,1,0,0,0,0,12.711092,50.928323
22,25,2,28,9,6,3,5,2,0,0,1,1,0,0,0,0,12.717604,50.914823
22,25,7,5,17,7,3,5,3,0,0,1,1,0,0,0,0,12.703592,50.935007
22,25,11,29,21,7,2,1,5,0,0,1,0,0,0,0,1,12.703842,50.930679
22,16,7,2,11,7,3,8,1,0,0,1,0,0,0,0,0,13.492449,50.725908
22,20,10,3,16,7,2,6,7,0,0,1,0,1,0,0,0,13.491946,50.732751
22,22,5,31,7,3,3,0,7,0,0,1,0,0,0,0,0,13.495297,50.737017
22,23,4,10,17,2,2,0,1,0,0,1,0,0,0,0,0,13.5339,50.723904
22,16,6,5,17,1,2,8,6,0,0,1,1,0,0,0,0,13.375401,50.987953
22,18,2,2,18,6,2,0,1,2,0,1,0,0,0,0,0,13.3467,51.034559
22,18,7,2,14,2,3,5,2,0,0,1,1,0,0,0,0,13.343851,51.019158
22,20,4,11,10,7,3,8,1,0,0,1,0,0,0,0,0,13.386335,51.034057
22,21,10,30,12,7,2,2,6,0,0,1,0,0,0,0,0,13.33833,51.020135
22,22,5,23,17,2,3,0,1,0,0,1,0,0,0,0,0,13.377133,51.004358