UKREIS,UJAHR,UMONAT,UTAG,USTUNDE,UWOCHENTAG,UKATEGORIE,UART,UTYP,LICHT,USTRZUSTAND,IstRad,IstPKW,IstFuss,IstKrad,IstGkfz,IstSonstige,@lon,@lat
22,22,7,4,13,2,3,0,1,0,0,1,0,0,0,0,0,13.335433,50.9965
22,24,4,9,15,3,2,5,3,0,0,1,1,0,0,0,0,13.349907,51.037638
22,24,5,9,17,5,3,5,3,0,0,1,0,0,0,0,0,13.341,51.019573
22,24,5,19,16,1,3,3,6,0,0,1,1,0,0,0,0,13.392191,51.000994
22,16,2,5,12,6,2,0,1,0,0,1,0,0,0,0,0,12.794976,51.052896
22,16,6,6,10,2,3,8,7,0,0,1,0,0,0,0,0,12.775704,51.038074
22,16,8,6,9,7,2,5,3,0,0,1,1,0,0,0,0,12.794078,51.050739
22,16,10,1,16,7,3,5,3,0,1,1,1,0,0,0,0,12.795355,51.05373
22,16,11,1,10,3,2,5,3,0,0,1,1,0,0,0,0,12.799634,51.048051
22,17,2,8,14,4,3,5,2,0,0,1,1,0,0,0,0,12.808135,51.043917
22,17,4,10,7,2,2,3,6,0,0,1,1,0,0,0,0,12.799852,51.04808
22,17,7,2,12,1,3,0,1,0,0,1,0,0,0,0,0,12.790216,51.056236
22,18,6,2,14,7,2,0,1,0,0,1,0,0,0,0,0,12.80714,51.045058
22,18,6,6,12,4,1,2,6,0,0,1,1,0,0,0,0,12.783489,51.040686
22,18,6,7,7,5,2,8,1,0,0,1,0,0,0,0,0,12.806064,51.044583
22,18,9,3,7,2,2,0,7,0,1,1,0,1,0,0,0,12.793855,51.053577
22,18,10,7,15,1,3,2,6,0,0,1,1,0,1,0,0,12.808077,51.04398
22,19,5,3,22,6,2,0,7,2,0,1,0,0,0,0,0,12.804907,51.048329
22,19,6,1,10,7,3,0,6,0,0,1,1,0,0,0,0,12.799261,51.052935
22,19,6,4,10,3,3,5,3,0,0,1,1,0,0,0,0,12.79807,51.046913
22,19,6,4,15,3,2,0,7,0,0,1,0,0,0,0,0,12.791406,51.053676
22,19,8,1,15,5,3,4,6,0,0,1,0,0,0,0,0,12.793664,51.053522
22,19,11,7,0,5,2,0,1,2,1,1,0,0,0,0,0,12.794076,51.050745
22,20,5,20,7,4,3,5,5,0,1,1,1,0,0,0,0,12.784715,51.055264
22,20,6,16,7,3,3,5,2,0,0,1,1,0,0,0,0,12.79694,51.050591
22,20,7,10,10,6,3,0,2,0,0,1,1,0,0,0,0,12.790324,51.055935
22,21,4,14,11,4,2,5,3,0,0,1,1,0,0,0,0,12.794612,51.047333
22,21,6,2,8,4,3,0,1,0,0,1,0,0,0,0,0,12.797202,51.047762
22,21,9,19,12,1,2,3,6,0,0,1,1,0,0,0,0,12.725379,51.029307
22,22,3,2,15,4,3,2,6,0,0,1,1,0,0,0,0,12.801937,51.048355
22,22,3,15,10,3,2,2,2,0,0,1,0,0,0,0,1,12.802518,51.048426
22,22,3,27,16,1,2,8,7,0,0,1,0,0,0,0,0,12.794829,51.046043
22,22,4,28,14,5,3,5,3,0,0,1,1,0,0,0,0,12.799174,51.047039
22,22,5,26,17,5,3,8,1,0,0,1,0,0,0,0,0,12.793522,51.068651
22,22,12,3,21,7,2,0,7,2,1,1,0,0,0,0,0,12.797731,51.047981
22,23,3,28,15,3,3,5,3,0,0,1,1,0,0,0,0,12.798024,51.046922
22,23,3,29,11,4,2,5,3,0,0,1,1,0,0,0,0,12.797768,51.047832
22,23,4,18,8,3,2,6,6,0,1,1,0,1,0,0,0,12.798236,51.046332
22,23,5,18,5,5,3,0,7,0,0,1,0,0,0,0,0,12.79282,51.053138
22,23,6,15,9,5,3,3,2,0,0,1,1,0,0,0,0,12.799677,51.048057
22,23,11,1,13,4,3,5,3,0,0,1,1,0,0,0,0,12.79581,51.056402
22,24,4,1,17,2,3,3,6,0,0,1,0,0,0,0,0,12.790339,51.055559
22,24,6,14,16,6,3,3,2,0,0,1,1,0,0,0,0,12.808212,51.04394
22,24,9,21,8,7,3,0,7,0,0,1,0,0,0,0,0,12.801465,51.048289
22,24,9,26,15,5,3,4,7,0,0,1,1,0,0,0,0,12.79654,51.054451
22,25,7,10,21,5,3,0,7,1,1,1,0,0,0,0,0,12.794087,51.053398
22,25,8,20,17,4,3,5,2,0,0,1,1,0,0,0,0,12.794612,51.047333
22,25,10,21,13,3,3,0,6,0,0,1,1,0,0,0,0,12.793861,51.04569
22,16,8,5,22,6,2,8,1,2,0,1,0,0,0,0,0,13.100012,51.021073
22,16,11,2,11,4,3,0,1,0,2,1,0,0,0,0,0,13.115028,51.029673
22,17,9,7,14,5,1,8,1,0,1,1,0,0,0,0,0,13.116157,51.029589
22,18,12,2,13,1,2,6,6,0,1,1,0,1,0,0,0,13.056927,50.971715
22,20,5,10,17,1,3,0,1,0,1,1,0,0,0,0,0,13.037946,50.97851
22,20,7,29,16,4,2,0,6,0,0,1,0,0,0,0,0,13.03766,50.995167
22,20,9,8,15,3,3,5,3,0,0,1,1,0,0,0,0,13.036368,50.972383
22,22,6,15,17,4,3,5,3,0,0,1,0,0,0,0,1,13.036169,50.972067
22,23,4,2,18,1,2,0,1,1,0,1,0,0,0,0,0,13.00826,50.959744
22,24,8,10,20,7,2,4,6,1,0,1,1,0,0,0,0,13.085539,51.01204
22,24,8,10,21,7,2,8,1,2,0,1,0,0,0,0,0,13.023015,50.997381
22,24,8,17,12,7,2,0,7,0,0,1,0,0,0,0,0,13.03631,50.964995
22,25,4,19,18,7,2,0,1,0,0,1,0,0,0,0,0,13.099935,50.985
22,25,5,23,10,6,3,9,1,0,0,1,1,0,0,0,0,13.074893,50.983109
22,16,7,6,10,4,2,8,1,0,0,1,0,0,0,0,0,13.189586,51.064786
22,16,8,5,19,6,2,0,1,1,0,1,0,0,0,0,0,13.177676,51.063725
22,16,8,6,22,7,3,0,1,2,0,1,0,0,0,0,0,13.237915,51.06753
22,17,5,22,15,2,3,0,2,0,0,1,1,0,0,0,0,13.183693,51.066105
22,18,3,1,16,5,2,5,6,0,0,1,1,0,0,0,0,13.179498,51.064939
22,18,4,1,10,1,3,0,1,0,0,1,0,0,0,0,0,13.18953,51.064935
22,18,10,4,9,5,3,2,6,0,0,1,1,0,0,0,0,13.181001,51.064815
22,19,5,4,14,7,3,2,6,0,0,1,1,0,0,0,0,13.141081,51.088278
22,19,7,5,6,6,3,0,7,0,0,1,0,0,0,0,0,13.136757,51.092749
22,20,7,6,11,2,3,0,7,0,0,1,0,0,0,0,0,13.188473,51.066579
22,20,7,27,13,2,2,0,1,0,0,1,0,0,0,0,0,13.190347,51.063263
22,20,11,10,16,3,3,5,3,2,0,1,1,0,0,0,0,13.201366,51.076544
22,21,4,27,17,3,3,7,7,0,0,1,0,0,0,0,0,13.139732,51.094819
22,21,8,22,13,1,2,0,1,0,1,1,0,0,0,0,0,13.185045,51.065957
22,22,3,18,5,6,1,2,6,2,0,1,1,0,0,0,0,13.137296,51.087676
22,22,7,31,9,1,3,1,5,0,0,1,0,0,0,0,1,13.196729,51.066115
22,22,8,30,11,3,2,7,7,0,0,1,0,0,0,0,0,13.156336,51.075422
22,23,1,25,6,4,3,5,3,2,1,1,1,0,0,0,0,13.147903,51.07659
22,23,9,17,16,1,3,0,1,0,0,1,0,0,0,0,0,13.169929,51.099901
22,23,10,25,10,4,2,0,7,0,0,1,0,0,0,0,0,13.178702,51.102507
22,24,10,4,16,6,2,5,3,0,0,1,1,0,0,0,0,13.182872,51.060679
22,25,3,27,5,5,2,5,2,2,0,1,1,0,0,0,0,13.147923,51.076105
22,25,6,27,12,6,3,5,3,0,1,1,1,0,0,0,0,13.186847,51.05886
22,25,7,9,21,4,3,0,1,1,0,1,0,0,0,0,0,13.181581,51.061639
22,16,7,1,7,6,3,5,3,0,0,1,1,0,0,0,0,13.425914,50.70994
22,20,8,12,10,4,3,0,1,0,0,1,0,0,0,0,0,13.444081,50.718059
22,22,8,11,23,5,1,9,1,2,0,1,0,0,0,0,0,13.44989,50.743844
22,22,8,16,6,3,3,5,3,0,0,1,1,0,0,0,0,13.435638,50.714671
22,22,11,11,16,6,2,4,6,1,0,1,1,0,0,0,0,13.396096,50.724965
22,16,10,7,15,6,3,2,2,0,1,1,1,0,0,0,0,12.82304,51.036887
22,17,7,21,7,6,3,4,6,0,0,1,1,0,0,0,0,12.827484,51.034728
22,18,9,2,5,1,3,9,1,2,1,1,0,0,0,0,0,12.819848,51.051416
22,19,4,6,12,7,2,0,1,0,0,1,1,0,0,0,0,12.833654,51.018571
22,20,6,25,7,5,2,5,3,0,1,1,1,0,0,0,0,12.829356,51.01879
22,20,7,11,12,7,2,9,1,0,0,1,1,0,0,0,0,12.786241,51.023243
22,21,9,12,12,1,3,1,7,0,0,1,0,0,0,0,0,12.813422,51.019022
22,23,2,15,16,4,3,0,1,0,0,1,0,0,0,0,0,12.777619,51.024628
22,16,7,3,8,1,2,3,6,0,0,1,1,0,0,0,0,13.140656,51.02202
22,16,8,7,18,1,3,0,1,0,0,1,0,0,0,0,0,13.15766,50.965178
22,16,12,1,20,5,3,0,1,2,1,1,0,0,0,0,0,13.201522,50.96337
22,17,4,30,21,1,2,0,1,2,0,1,0,0,0,0,0,13.151738,51.036504
22,18,5,3,11,5,2,5,3,0,0,1,0,0,0,1,0,13.208501,51.006603
22,19,6,2,11,1,3,0,1,0,0,1,0,0,0,0,0,13.181374,50.987745
22,19,6,3,21,2,2,0,1,1,0,1,0,0,0,0,0,13.214123,50.982341
22,20,7,8,20,4,3,7,7,0,0,1,0,0,0,0,0,13.139789,51.024917
22,21,4,28,17,4,2,3,6,0,0,1,1,0,0,0,0,13.159988,50.988746
22,22,7,28,5,5,2,3,6,0,0,1,0,0,0,0,1,13.196137,50.993991
22,23,4,10,14,2,3,2,2,0,0,1,1,0,0,0,0,13.230862,51.045139
22,24,5,26,11,1,3,0,3,0,0,1,1,0,0,0,0,13.181775,51.012706
22,24,7,23,21,3,3,8,1,1,1,1,0,0,0,0,0,13.200106,50.963145
22,16,9,1,9,5,2,5,3,0,0,1,0,0,0,0,1,12.828929,50.917315
22,17,7,9,17,1,2,0,1,0,0,1,0,0,0,0,0,12.873126,50.908522
22,17,12,19,6,3,3,5,3,2,1,1,1,0,0,0,0,12.838454,50.919784
22,20,5,18,18,2,3,4,2,0,0,1,1,0,0,0,0,12.838608,50.915945
22,20,7,31,11,6,2,0,1,0,0,1,0,0,0,0,0,12.848682,50.921806
22,20,11,16,10,2,2,5,3,0,0,1,1,0,0,0,0,12.838465,50.919785
22,21,4,10,15,7,2,6,4,0,1,1,0,1,0,0,0,12.835949,50.910446
22,21,5,21,15,6,3,5,3,0,0,1,1,0,0,0,0,12.83185,50.918091
22,21,6,28,11,2,1,4,6,0,0,1,1,0,0,0,0,12.84341,50.920716
22,22,9,7,7,4,3,0,7,0,0,1,0,0,0,0,0,12.868661,50.908384
22,22,11,24,13,5,2,5,2,0,0,1,1,0,0,0,0,12.832346,50.918223
22,23,5,9,18,3,2,9,1,0,0,1,0,0,0,0,0,12.896838,50.911389
22,23,9,26,14,3,2,4,2,0,0,1,1,0,0,0,0,12.852319,50.924553
22,24,3,9,16,7,2,4,2,0,0,1,1,0,0,0,0,12.84424,50.920868
22,24,8,14,11,4,3,5,3,0,0,1,1,0,0,0,0,12.840697,50.918363
22,24,11,8,15,6,3,5,3,0,0,1,1,0,0,0,0,12.827667,50.916998
22,24,11,26,5,3,2,1,5,2,1,1,1,0,0,0,0,12.847852,50.919834
22,16,2,4,23,5,3,9,1,2,1,1,0,0,0,0,0,13.020375,51.071503
22,16,8,6,17,7,2,8,1,0,0,1,0,0,0,0,0,13.055676,51.062939
22,17,6,9,14,6,3,5,2,0,0,1,0,0,0,0,1,13.029239,51.076847
22,18,1,6,14,7,3,2,2,0,1,1,1,0,0,0,0,13.019824,51.073116
22,18,8,3,19,6,3,6,6,0,0,1,0,1,0,0,0,13.025838,51.073426
22,19,6,3,22,2,2,7,1,2,1,1,0,0,0,0,0,13.022101,51.068698
22,20,4,12,21,1,3,5,3,2,0,1,1,0,0,0,0,13.086865,51.08987
22,20,4,30,17,5,1,5,3,0,0,1,1,0,0,0,0,13.004301,51.077681
22,20,6,16,15,3,3,5,3,0,0,1,1,0,0,0,0,13.073303,51.088571
22,20,6,25,18,5,2,0,7,0,0,1,1,0,0,0,0,13.037371,51.068734
22,20,8,20,18,5,3,5,3,0,0,1,1,0,0,0,0,13.020862,51.073017
22,20,11,24,14,3,3,5,3,0,0,1,1,0,0,0,0,13.024665,51.073372
22,21,1,22,18,6,3,5,3,2,1,1,1,0,0,0,0,12.996975,51.080712
22,21,3,8,15,2,3,2,2,0,0,1,1,0,0,0,0,13.017185,51.073425
22,21,4,28,17,4,3,0,1,0,0,1,0,0,0,0,0,13.021926,51.067504
22,21,5,30,10,1,3,0,7,0,1,1,0,0,0,0,1,13.078197,51.082145
22,21,7,6,18,3,2,0,3,0,1,1,1,0,0,0,0,13.022085,51.073644
22,21,8,6,15,6,2,0,7,0,0,1,0,0,0,0,0,13.02192,51.067735
22,22,5,26,22,5,3,0,1,2,0,1,0,0,0,0,0,13.080724,51.079345
22,22,10,28,7,6,2,5,3,1,0,1,0,0,0,0,1,12.968723,51.084604
22,23,7,7,16,6,3,5,3,0,0,1,1,0,0,0,0,13.011722,51.075636
22,23,9,2,20,7,3,0,7,1,0,1,0,0,0,0,0,12.987638,51.0845
22,23,9,12,16,3,2,5,3,0,0,1,1,0,0,0,0,13.025054,51.070884
22,24,1,24,22,4,2,6,4,2,1,1,0,1,0,0,0,13.019361,51.073117
22,24,9,20,12,6,3,8,1,0,0,1,0,0,0,0,0,13.019457,51.071593
22,24,12,27,18,6,3,5,2,2,0,1,1,0,0,0,0,12.996993,51.080706
22,25,6,20,16,6,3,3,2,0,0,1,1,0,0,0,0,13.008545,51.075832
22,25,6,21,13,7,3,0,7,0,0,1,0,0,0,0,0,13.023766,51.070695
22,25,7,30,19,4,3,5,2,0,0,1,1,0,0,0,0,12.995741,51.08115
22,25,10,30,14,5,1,4,1,0,0,1,1,0,0,0,0,13.017678,51.073277
22,16,6,5,15,1,3,4,6,0,0,1,1,0,0,0,0,12.775016,51.004424
22,17,6,5,15,2,2,0,1,0,0,1,0,0,0,0,0,12.799942,50.989723
22,17,6,15,18,5,3,9,1,0,0,1,0,0,0,0,0,12.756865,51.003581
22,21,8,4,11,4,2,0,7,0,0,1,0,0,0,0,0,12.773101,51.004008
22,22,10,11,18,3,3,1,5,2,0,1,0,0,0,1,0,12.834451,50.995305
22,22,10,30,14,1,2,0,1,0,0,1,0,0,0,0,0,12.752774,51.004474
22,25,7,7,15,2,2,4,1,0,0,1,1,0,0,0,0,12.7995,50.986705
22,17,8,3,8,5,3,4,6,0,0,1,1,0,0,0,0,13.36874,50.868474
22,17,8,25,14,6,3,0,1,0,0,1,0,0,0,0,0,13.400277,50.872303
22,17,9,23,15,7,3,8,1,0,0,1,0,0,0,0,0,13.366121,50.867749
22,19,6,6,12,5,3,4,6,0,0,1,1,0,0,0,0,13.403767,50.873301
22,19,8,6,21,3,2,3,3,1,0,1,1,0,0,0,0,13.400862,50.871465
22,19,10,4,7,6,3,8,1,0,0,1,0,0,0,0,0,13.364995,50.872762
22,21,6,20,13,1,3,0,7,0,0,1,0,0,0,0,0,13.399953,50.873695
22,21,9,24,6,6,3,5,3,0,0,1,1,0,0,0,0,13.399091,50.874299
22,23,6,8,17,5,1,5,3,0,0,1,1,0,0,0,0,13.344523,50.865917
22,25,3,27,7,5,3,5,2,0,0,1,0,0,0,1,0,13.369135,50.867806
22,25,7,4,11,6,3,5,3,0,0,1,0,0,0,0,1,13.401707,50.871241
22,25,8,22,8,6,3,5,3,0,0,1,1,0,0,0,0,13.401349,50.877905
22,21,5,23,11,1,3,0,2,0,0,1,1,0,0,0,0,12.887554,51.076418
22,20,12,18,15,6,2,0,1,0,0,1,0,0,0,0,0,13.192387,51.178261
22,22,6,18,21,7,3,0,6,1,0,1,1,0,0,0,0,13.141568,51.170338
22,22,8,23,16,3,1,8,1,0,0,1,0,0,0,0,0,13.207945,51.151877
23,16,7,7,18,5,3,0,1,0,0,1,0,0,0,0,0,12.25244,50.333236
23,17,3,16,12,5,3,3,3,0,0,1,1,0,0,0,0,12.249541,50.298446
23,17,6,19,14,2,3,0,7,0,0,1,0,0,0,0,0,12.259868,50.311098
23,18,7,6,10,6,3,0,7,0,0,1,0,1,0,0,0,12.281174,50.314181
23,19,4,1,15,2,3,5,3,0,0,1,1,0,0,0,0,12.254338,50.319303
23,20,8,4,17,3,3,3,6,0,0,1,1,0,0,0,0,12.252725,50.322327
23,21,11,20,17,7,2,3,6,2,0,1,0,0,0,0,0,12.262339,50.317474
23,23,9,27,12,4,3,3,6,0,0,1,1,0,0,0,0,12.249321,50.298283
23,23,11,1,17,4,3,5,3,2,0,1,0,0,0,0,1,12.252659,50.308684
23,24,2,28,22,4,3,5,3,2,0,1,1,0,0,0,0,12.245716,50.294056
23,24,9,5,10,5,3,4,2,0,0,1,1,0,0,0,0,12.260316,50.318826
23,25,4,26,14,7,3,0,1,0,0,1,0,0,0,0,0,12.229676,50.350882
23,25,6,19,18,5,2,0,1,0,0,1,0,0,0,0,0,12.25823,50.316105
23,25,8,6,10,4,3,5,3,0,0,1,1,0,0,0,0,12.260308,50.318834
23,16,4,7,20,5,2,8,7,2,0,1,0,0,0,0,0,12.399831,50.505863
23,16,8,3,17,4,3,6,3,0,0,1,0,1,0,0,0,12.393513,50.506527
23,16,8,6,16,7,3,0,1,0,0,1,0,0,0,0,0,12.452352,50.5079
23,16,9,1,16,5,3,3,2,0,0,1,1,0,0,0,0,12.397352,50.510561
23,17,5,23,16,3,3,4,2,0,0,1,1,0,0,0,0,12.401529,50.506249
23,17,7,8,5,7,2,6,4,1,0,1,0,1,0,0,0,12.359868,50.506963
23,17,8,6,16,1,2,9,1,0,0,1,0,0,0,0,0,12.399715,50.510264
23,17,8,17,15,5,2,0,2,0,0,1,1,0,0,0,0,12.39522,50.501355
23,17,8,21,16,2,2,3,1,0,0,1,0,0,0,0,1,12.379995,50.503769
23,18,6,5,17,3,2,2,2,0,0,1,0,0,0,0,1,12.453221,50.499138
23,18,7,7,2,7,1,8,1,2,0,1,0,0,0,0,0,12.365217,50.52263
23,18,8,1,17,4,3,5,3,0,0,1,1,0,0,0,0,12.416977,50.49879
23,19,7,4,19,5,3,0,7,0,0,1,0,0,0,0,0,12.397224,50.507171
23,19,7,5,14,6,2,9,7,0,0,1,0,0,0,0,0,12.416452,50.501187
23,19,8,7,9,4,2,0,1,0,0,1,0,0,0,0,0,12.366181,50.503748
23,19,9,6,16,6,3,1,5,0,1,1,1,0,0,0,0,12.399505,50.506739
23,19,9,7,11,7,2,5,3,0,0,1,1,0,0,0,0,12.396161,50.506989
23,20,5,15,16,6,3,5,3,0,0,1,0,0,1,0,0,12.359001,50.508518
23,20,6,10,9,4,2,0,7,0,1,1,0,0,0,0,0,12.396175,50.495241
23,20,7,1,14,4,2,0,1,0,0,1,0,0,0,0,0,12.400833,50.506519
23,20,7,1,18,4,2,0,1,0,0,1,0,0,0,0,0,12.463032,50.507849
23,20,7,21,11,3,2,0,7,0,0,1,0,0,0,0,0,12.375832,50.505519
23,20,9,30,15,4,3,4,2,0,0,1,1,0,0,0,0,12.379859,50.504978
23,20,10,27,12,3,3,5,7,0,0,1,1,0,0,0,0,12.395954,50.514188
23,21,3,31,18,4,2,4,2,0,0,1,1,0,0,0,0,12.395168,50.493635
23,21,5,8,14,7,2,0,1,0,0,1,0,0,0,0,0,12.368009,50.525841
23,21,6,7,14,2,3,0,7,0,0,1,0,0,0,0,0,12.401065,50.50642
23,21,6,11,6,6,2,5,3,0,0,1,1,0,0,0,0,12.454143,50.501589
23,21,7,16,18,6,2,0,1,0,1,1,0,0,0,0,0,12.453169,50.495379
23,21,10,3,14,1,2,7,7,0,0,1,0,1,0,0,0,12.480151,50.471801
23,22,4,23,16,7,3,5,2,0,0,1,1,0,0,0,0,12.392163,50.509512
23,22,6,24,7,6,2,0,2,0,0,1,1,0,0,0,0,12.370389,50.525927
23,22,8,8,6,2,3,5,3,0,0,1,1,0,0,0,0,12.398153,50.507769
23,22,8,22,19,2,2,0,7,0,0,1,0,0,0,0,0,12.396743,50.500116
23,22,9,23,12,6,3,2,7,0,0,1,1,0,0,0,0,12.36124,50.533503
23,22,9,29,13,5,3,0,7,0,0,1,0,0,0,0,0,12.400114,50.505102
23,23,4,23,15,1,3,6,7,0,0,1,0,1,0,0,0,12.39963,50.508177
23,23,5,26,15,6,2,3,7,0,0,1,0,1,0,0,0,12.398555,50.500565
23,23,7,24,14,2,3,5,7,0,0,1,1,0,0,0,0,12.380188,50.506717
23,23,9,27,15,4,3,0,7,0,0,1,0,0,0,0,0,12.43009,50.489841
23,23,10,2,6,2,2,0,7,2,1,1,0,0,0,0,1,12.393482,50.514403
23,23,10,31,13,3,2,8,7,0,1,1,0,0,0,0,0,12.405544,50.507469
23,23,12,31,12,1,2,5,3,0,0,1,1,0,0,0,0,12.435821,50.49966
23,24,4,14,14,1,3,3,6,0,0,1,1,0,0,0,0,12.464786,50.452772
23,24,4,25,0,5,3,9,7,2,1,1,0,0,0,0,0,12.388026,50.509339
23,24,6,21,16,6,3,0,1,0,1,1,0,0,0,0,0,12.402048,50.515447
23,24,7,24,17,4,3,0,1,0,0,1,0,0,0,0,0,12.398712,50.503296
23,24,9,2,8,2,2,3,6,0,0,1,1,0,0,0,0,12.376515,50.521107
23,24,9,9,5,2,3,5,3,2,1,1,1,0,0,0,0,12.384078,50.508661
23,24,9,11,14,4,3,4,2,0,1,1,1,0,0,0,0,12.394977,50.493237
23,25,1,7,9,3,2,0,7,0,1,1,0,0,0,0,0,12.402564,50.50855
23,25,6,13,14,6,3,8,1,0,0,1,0,0,0,0,0,12.420283,50.496365
23,25,9,8,13,2,3,5,3,0,0,1,1,0,0,0,0,12.38651,50.516382
23,25,12,5,20,6,2,8,6,2,1,1,0,0,1,0,0,12.420728,50.488884
23,25,8,8,15,6,2,0,1,0,0,1,0,0,0,0,0,12.302636,50.240076
23,17,10,12,15,5,2,0,7,0,0,1,1,0,0,0,0,12.260194,50.275701
23,20,11,9,9,2,2,0,1,0,1,1,0,0,0,0,0,12.233485,50.281274
23,24,3,14,13,5,2,0,7,0,1,1,0,0,0,0,0,12.239032,50.279209
23,25,8,6,11,4,2,0,1,0,0,1,0,0,0,0,0,12.237179,50.275817
23,17,9,27,6,4,2,2,6,2,0,1,1,0,0,0,0,12.277117,50.474526
23,21,8,19,19,5,2,5,3,0,0,1,0,0,0,1,0,12.274781,50.471231
23,25,7,12,19,7,2,8,7,1,1,1,0,0,0,0,0,12.070599,50.35713
23,20,8,4,15,3,2,7,7,0,0,1,0,0,0,0,1,12.108944,50.329002
23,22,7,4,12,2,3,8,6,0,0,1,0,0,1,0,0,12.09895,50.333458
23,24,4,30,18,3,2,0,7,0,0,1,0,0,0,0,0,12.156237,50.360966
23,25,12,4,17,5,3,3,6,2,0,1,1,0,0,0,0,12.15986,50.349112
23,16,1,1,7,6,3,4,6,1,1,1,1,0,0,0,0,12.382144,50.490572
23,18,6,5,10,3,2,0,7,0,0,1,0,0,0,0,0,12.384293,50.479588
23,18,7,1,0,1,3,3,6,2,0,1,1,0,0,0,0,12.380998,50.487618
23,18,7,4,18,4,3,2,2,0,0,1,1,0,0,0,0,12.383787,50.480806
23,20,1,30,19,5,2,0,7,2,0,1,0,0,0,0,0,12.380488,50.481911
23,20,9,16,14,4,3,4,1,0,0,1,1,0,0,0,0,12.393995,50.489201
23,22,6,15,6,4,3,4,6,0,0,1,1,0,0,0,0,12.392556,50.487727
23,24,5,9,17,5,3,0,7,0,0,1,0,0,0,0,0,12.391078,50.486039
23,25,3,20,17,5,3,5,7,0,0,1,0,0,1,0,0,12.392279,50.486961
23,25,7,11,6,6,3,0,1,0,1,1,0,0,0,0,0,12.383736,50.492297
23,25,8,2,10,7,3,5,3,0,0,1,1,0,0,0,0,12.379733,50.482674
23,25,11,17,11,2,2,9,7,0,1,1,1,0,0,0,0,12.387005,50.486977
23,16,9,1,6,5,3,4,6,0,0,1,1,0,0,0,0,12.215942,50.623658
23,17,8,1,13,3,3,3,1,0,0,1,1,0,0,0,1,12.163844,50.602043
23,17,9,8,21,6,3,4,6,2,0,1,0,0,1,0,0,12.168089,50.605758
23,17,11,8,19,4,3,4,6,2,1,1,0,0,0,0,0,12.17352,50.61091
23,18,6,1,19,6,2,5,3,0,0,1,1,0,0,0,0,12.159188,50.606577
23,18,7,2,12,2,3,5,3,0,0,1,1,0,0,0,0,12.168294,50.606933
23,18,8,4,8,7,3,4,2,0,0,1,1,0,0,0,0,12.168097,50.607159
23,18,9,2,12,1,3,2,1,0,0,1,0,0,1,0,0,12.20975,50.634585
23,19,7,1,15,2,2,3,6,0,0,1,1,0,0,0,0,12.159995,50.599853
23,20,5,16,17,7,3,5,3,0,0,1,1,0,0,0,0,12.150873,50.595539
23,21,8,6,15,6,3,5,2,0,0,1,1,0,0,0,0,12.16774,50.609608
23,23,7,1,20,7,3,5,3,1,1,1,1,0,0,0,0,12.168297,50.606882
23,23,10,16,15,2,3,5,3,0,0,1,1,0,0,0,0,12.221173,50.631003
23,16,9,7,17,4,3,5,3,0,0,1,1,0,0,0,0,12.36426,50.478592
23,17,4,8,19,7,2,0,1,0,0,1,0,0,0,0,0,12.377104,50.483416
23,17,5,23,17,3,3,0,1,0,0,1,0,0,0,0,0,12.368917,50.476256
23,17,10,18,17,4,2,4,6,0,0,1,1,0,0,0,0,12.285834,50.494395
23,18,4,6,16,6,3,5,7,0,0,1,1,0,0,0,0,12.363687,50.470394
23,18,6,4,17,2,2,5,3,0,0,1,1,0,0,0,0,12.36771,50.476662
23,18,7,1,10,1,3,0,7,0,0,1,0,1,0,0,0,12.281428,50.482166
23,19,6,1,11,7,3,4,2,0,0,1,1,0,0,0,0,12.367546,50.470663
23,21,9,4,18,7,3,6,7,0,0,1,0,1,0,0,0,12.376041,50.475496
23,21,9,21,17,3,2,6,2,0,0,1,0,1,0,0,0,12.367702,50.474474
23,23,5,3,15,4,3,0,1,0,0,1,1,0,0,0,0,12.377061,50.481517
23,23,9,29,11,6,3,0,7,0,0,1,0,0,0,0,0,12.370033,50.475899
23,23,11,3,22,6,3,5,3,2,0,1,1,0,0,0,0,12.372729,50.476941
23,24,3,15,7,6,3,0,1,0,0,1,0,0,0,0,0,12.36304,50.479052
23,24,6,1,15,7,3,5,3,0,1,1,1,0,0,0,0,12.370964,50.477142
23,24,7,26,20,6,2,8,7,1,0,1,0,0,0,0,0,12.375479,50.459672
23,24,9,1,21,1,2,0,6,2,0,1,1,0,0,0,0,12.322721,50.486285
23,25,7,3,12,5,3,1,3,0,1,1,1,0,0,0,0,12.373679,50.479739
23,25,10,4,1,7,3,1,5,2,0,1,1,0,0,0,0,12.376603,50.483883
23,19,7,2,12,3,3,5,3,0,0,1,0,0,0,0,0,12.364211,50.440934
23,19,8,6,18,3,3,4,2,0,0,1,0,0,0,0,1,12.397707,50.423453
23,22,5,26,16,5,2,8,7,0,0,1,0,0,0,0,0,12.405358,50.412937
23,23,8,8,11,3,2,8,7,0,0,1,0,0,0,0,0,12.371496,50.429464
23,25,6,19,14,5,3,0,1,0,0,1,0,0,0,0,0,12.364645,50.453246
23,25,8,3,3,1,2,8,7,2,1,1,0,0,0,0,0,12.362935,50.457478
23,16,5,2,8,2,2,0,1,0,0,1,0,0,0,0,0,12.400483,50.638874
23,17,9,13,6,4,2,0,2,1,0,1,1,0,0,0,0,12.318512,50.610541
23,21,9,17,10,6,3,5,2,0,0,1,1,0,0,0,0,12.332854,50.610795
23,25,8,24,1,1,3,8,7,2,0,1,0,0,0,0,0,12.335687,50.611999