UKREIS,UJAHR,UMONAT,UTAG,USTUNDE,UWOCHENTAG,UKATEGORIE,UART,UTYP,LICHT,USTRZUSTAND,IstRad,IstPKW,IstFuss,IstKrad,IstGkfz,IstSonstige,@lon,@lat
23,16,9,1,13,5,2,5,7,0,0,1,1,0,0,0,0,12.461918,50.355949
23,16,11,3,16,5,3,0,1,1,1,1,0,0,0,0,0,12.44749,50.355628
23,17,6,3,2,7,3,9,1,2,0,1,0,0,0,0,0,12.468191,50.355115
23,17,10,28,13,7,3,5,3,0,0,1,1,0,0,0,0,12.467996,50.355168
23,18,4,1,10,1,3,5,3,0,0,1,1,0,0,0,0,12.464229,50.453162
23,18,4,3,18,3,2,0,7,0,0,1,0,0,0,0,0,12.470175,50.370886
23,18,5,7,16,2,2,5,3,0,0,1,1,0,0,0,0,12.468023,50.36745
23,18,8,6,9,2,2,0,7,0,0,1,0,0,0,0,0,12.394988,50.350886
23,18,8,6,18,2,3,3,2,0,0,1,1,0,0,0,0,12.494827,50.392638
23,18,9,7,7,6,3,6,7,0,0,1,0,1,0,0,0,12.470027,50.360113
23,19,3,7,17,5,3,2,1,1,0,1,1,0,0,0,0,12.456179,50.356221
23,19,8,6,15,3,3,4,6,0,0,1,1,0,0,0,0,12.468217,50.358627
23,19,11,1,15,6,3,5,3,0,0,1,1,0,0,0,0,12.432445,50.354319
23,20,5,19,19,3,2,9,1,0,0,1,0,0,0,0,0,12.475194,50.36491
23,20,5,30,11,7,3,5,3,0,0,1,1,0,0,0,0,12.49733,50.380918
23,20,9,28,16,2,3,5,3,0,0,1,1,0,0,0,0,12.46834,50.35863
23,20,10,21,13,4,3,0,7,0,0,1,0,0,0,0,0,12.389648,50.352705
23,21,7,4,8,1,2,5,2,0,0,1,0,0,1,0,0,12.471269,50.372254
23,21,8,15,10,1,3,5,3,0,0,1,1,0,0,0,0,12.467977,50.355166
23,21,8,30,15,2,3,8,6,0,0,1,1,0,0,0,0,12.466213,50.376181
23,22,4,12,16,3,2,2,1,0,0,1,1,0,0,0,0,12.479687,50.381056
23,22,9,16,5,6,2,2,7,2,0,1,1,0,0,0,0,12.469023,50.368042
23,23,4,21,16,6,2,0,7,0,0,1,0,0,0,0,0,12.47044,50.371551
23,24,3,18,14,2,3,5,3,0,0,1,1,0,0,0,0,12.468496,50.355807
23,24,4,6,15,7,3,2,1,0,0,1,1,0,0,0,0,12.470093,50.361091
23,24,6,19,14,4,2,0,5,0,0,1,1,0,0,0,0,12.498237,50.38178
23,24,6,26,13,4,3,1,5,0,0,1,1,0,0,0,0,12.476358,50.351196
23,24,9,22,19,1,3,8,1,2,0,1,0,0,0,0,0,12.468567,50.366944
23,25,8,21,15,5,2,3,2,0,0,1,1,0,0,0,0,12.468213,50.355331
23,16,6,2,11,5,2,0,7,0,0,1,1,0,0,0,0,12.364793,50.568332
23,16,9,7,14,4,2,5,3,0,0,1,1,0,0,0,0,12.337374,50.57577
23,16,12,1,14,5,2,3,6,0,0,1,1,0,0,0,0,12.363273,50.567967
23,17,6,18,11,1,2,0,1,0,0,1,0,0,0,0,0,12.379956,50.609238
23,17,9,11,15,2,3,3,2,0,0,1,1,0,0,0,0,12.368789,50.572628
23,18,6,2,13,7,2,6,4,0,0,1,0,1,0,0,0,12.346959,50.588412
23,19,6,6,13,5,2,2,6,0,0,1,1,0,0,0,0,12.372283,50.573834
23,19,7,7,15,1,2,0,1,0,0,1,0,0,0,0,0,12.328138,50.573385
23,19,12,5,16,5,3,5,3,1,0,1,1,0,0,0,0,12.367632,50.571756
23,20,4,23,16,5,3,5,3,0,0,1,1,0,0,0,0,12.3378,50.593651
23,20,7,24,10,6,3,0,2,0,0,1,1,0,0,0,0,12.34143,50.590697
23,20,10,1,11,5,2,7,7,0,0,1,0,0,0,0,0,12.337481,50.574654
23,21,8,8,14,1,3,7,7,0,0,1,0,0,0,0,0,12.310166,50.578387
23,21,8,11,14,4,3,0,3,0,0,1,1,0,0,0,0,12.360028,50.579503
23,22,5,15,20,1,2,0,7,0,0,1,0,0,0,0,0,12.356397,50.564583
23,22,5,19,18,5,3,5,2,0,0,1,0,0,1,0,0,12.335323,50.567702
23,23,6,3,11,7,2,8,7,0,0,1,0,0,0,0,0,12.37682,50.575529
23,23,8,6,15,1,3,1,5,0,0,1,1,0,0,0,0,12.366661,50.569851
23,24,5,25,16,7,2,0,7,2,1,1,0,0,0,0,0,12.382985,50.566152
23,24,9,10,16,3,3,0,6,0,0,1,1,0,0,0,0,12.416451,50.605515
23,25,4,30,11,4,3,0,7,0,0,1,0,0,0,0,0,12.329679,50.575239
23,25,5,29,13,5,2,0,7,0,0,1,0,0,0,0,0,12.372164,50.573101
23,22,8,24,20,4,2,4,2,2,0,1,1,0,0,0,0,12.240123,50.573345
23,22,8,30,13,3,2,0,1,0,0,1,0,0,0,0,0,12.22681,50.581356
23,24,10,13,15,1,2,5,2,0,0,1,1,0,0,0,0,12.247625,50.56831
23,24,11,19,11,3,3,5,3,0,1,1,1,0,0,0,0,12.240048,50.573356
23,25,4,27,14,1,3,3,6,0,0,1,1,0,0,0,0,12.272418,50.592053
23,25,7,4,17,6,3,4,6,0,0,1,0,0,0,0,0,12.288672,50.593372
23,17,7,30,13,1,3,5,3,0,0,1,1,0,0,0,0,12.328093,50.310887
23,19,7,2,17,3,2,4,1,0,0,1,0,0,0,0,1,12.339693,50.300774
23,19,8,4,11,1,3,1,5,0,0,1,1,0,0,0,0,12.338168,50.300656
23,19,9,3,8,3,3,3,6,0,0,1,1,0,0,0,0,12.334399,50.309129
23,20,4,12,15,1,2,8,1,0,0,1,0,0,0,0,0,12.371601,50.336033
23,20,7,15,16,4,3,0,1,0,1,1,0,0,0,0,0,12.372574,50.332938
23,21,7,18,16,1,3,3,6,0,0,1,0,0,0,0,0,12.381339,50.316401
23,21,7,30,18,6,3,4,6,0,0,1,1,0,0,0,0,12.322234,50.313298
23,22,3,24,13,5,2,4,2,0,0,1,1,0,0,0,0,12.328202,50.306928
23,22,5,25,11,4,2,0,1,0,1,1,0,0,0,0,0,12.334448,50.309114
23,22,5,31,14,3,2,4,2,0,0,1,1,0,0,0,0,12.332737,50.26904
23,22,10,16,13,1,3,0,1,0,0,1,0,0,0,0,0,12.330803,50.309713
23,23,11,3,16,6,3,5,3,2,0,1,1,0,0,0,0,12.328185,50.308979
23,23,11,16,16,5,3,5,3,1,1,1,1,0,0,0,0,12.334603,50.309759
23,24,4,27,4,7,2,4,6,2,0,1,0,0,0,0,0,12.30638,50.309016
23,24,5,21,11,3,3,5,2,0,0,1,1,0,0,0,0,12.336345,50.308267
23,25,7,19,10,7,3,5,3,0,0,1,1,0,0,0,0,12.328083,50.310886
23,25,8,15,14,6,3,5,3,0,0,1,1,0,0,0,0,12.395475,50.323789
23,25,8,17,21,1,2,0,1,2,0,1,0,0,0,0,0,12.336183,50.307295
23,25,9,4,13,5,3,3,2,0,0,1,1,0,0,0,0,12.333094,50.309305
23,25,11,16,15,1,2,4,6,0,0,1,1,0,0,0,0,12.378955,50.29816
23,16,9,3,16,7,2,3,7,0,0,1,0,0,0,0,0,12.523939,50.421758
23,17,4,9,13,1,2,2,1,0,0,1,1,0,0,0,0,12.484078,50.414106
23,18,9,3,7,2,2,0,1,1,1,1,0,0,0,0,0,12.43173,50.434926
23,21,7,12,10,2,3,0,7,0,0,1,0,0,0,0,0,12.455891,50.436987
23,22,9,4,1,1,2,0,7,2,0,1,0,0,0,0,0,12.467351,50.4485
23,22,10,6,6,5,3,0,7,2,0,1,0,0,0,0,1,12.470122,50.430852
23,23,7,16,10,1,3,0,7,0,0,1,0,0,0,0,0,12.429324,50.441917
23,23,10,24,9,3,2,0,7,0,1,1,0,0,0,0,0,12.467345,50.452657
23,25,7,13,1,1,3,8,1,2,1,1,0,0,0,0,0,12.496926,50.454402
23,16,5,7,15,7,3,5,3,0,0,1,1,0,0,0,0,12.243481,50.61908
23,16,6,3,13,6,2,4,6,0,0,1,1,0,0,0,0,12.230113,50.631168
23,16,7,2,1,7,2,3,6,2,0,1,1,0,0,0,0,12.250823,50.613817
23,17,7,23,17,1,2,4,2,0,0,1,0,0,1,0,0,12.216607,50.606408
23,18,8,4,15,7,2,0,1,0,0,1,0,0,0,0,0,12.244428,50.610182
23,19,2,1,6,6,3,3,2,2,1,1,1,0,0,0,0,12.253108,50.614946
23,19,6,7,14,6,1,0,7,0,0,1,0,0,0,0,0,12.236909,50.602155
23,21,2,27,17,7,2,5,3,1,0,1,1,0,0,0,0,12.219363,50.607036
23,23,7,4,18,3,2,9,1,0,0,1,0,0,0,0,0,12.250783,50.613809
23,24,7,10,15,4,3,0,7,0,0,1,0,0,0,0,0,12.248467,50.613299
23,24,8,24,16,7,2,0,1,0,0,1,0,0,0,0,0,12.243119,50.608667
23,20,4,10,22,6,2,8,1,2,0,1,0,0,0,0,0,12.229594,50.508009
23,20,8,9,9,1,3,3,6,0,0,1,1,0,0,0,0,12.249962,50.526772
23,20,10,27,7,3,2,2,2,0,0,1,1,0,0,0,0,12.223793,50.50517
23,23,9,4,19,2,2,7,7,2,0,1,0,0,0,0,0,12.252449,50.516854
23,25,8,14,6,5,3,1,1,0,0,1,1,0,0,0,0,12.218064,50.516349
23,16,6,1,7,4,3,0,1,0,1,1,1,0,0,0,0,12.354114,50.659786
23,16,9,6,17,3,3,5,3,0,0,1,1,0,0,0,0,12.347112,50.663375
23,18,8,4,16,7,2,3,6,0,0,1,0,0,1,0,0,12.336576,50.644004
23,20,2,6,15,5,3,5,2,0,0,1,1,0,0,0,0,12.359471,50.673036
23,20,11,2,6,2,3,5,3,2,1,1,1,0,0,0,0,12.35359,50.66756
23,22,5,18,5,4,2,5,2,0,0,1,1,0,0,0,0,12.36173,50.670891
23,23,7,4,16,3,3,4,6,0,0,1,1,0,0,0,0,12.329755,50.650223
23,23,11,9,21,5,3,0,7,2,1,1,0,0,0,0,0,12.356612,50.671076
23,24,7,14,13,1,2,3,6,0,0,1,1,0,0,0,0,12.341835,50.647535
23,21,6,27,16,1,3,5,3,0,0,1,1,0,0,0,0,12.333178,50.438442
23,22,6,1,14,4,2,8,7,0,0,1,0,0,0,0,0,12.332877,50.454428
23,16,1,6,7,4,3,5,3,1,1,1,1,0,0,0,0,12.174389,50.415866
23,16,7,1,14,6,3,0,7,0,0,1,0,0,0,0,0,12.115051,50.43683
23,16,8,6,11,7,3,0,2,0,0,1,1,0,0,0,0,12.162008,50.432976
23,16,9,1,14,5,3,1,6,0,0,1,0,0,0,0,1,12.170714,50.415693
23,17,2,10,9,6,3,5,3,0,0,1,1,0,0,0,0,12.149294,50.413149
23,17,4,21,15,6,3,5,3,0,0,1,1,0,0,0,0,12.173388,50.412743
23,17,5,16,14,3,3,5,3,0,0,1,1,0,0,0,0,12.163322,50.417084
23,17,6,15,13,5,3,1,5,0,0,1,1,0,0,0,0,12.135159,50.428479
23,17,9,22,13,6,3,3,5,0,0,1,1,0,0,0,0,12.168363,50.417024
23,17,11,11,21,7,3,5,3,2,1,1,1,0,0,0,0,12.166385,50.416348
23,18,6,1,15,6,3,2,6,0,0,1,1,0,0,0,0,12.177647,50.428442
23,18,7,2,23,2,3,0,7,2,0,1,0,0,0,0,0,12.16103,50.41184
23,18,8,3,23,6,3,9,1,2,0,1,0,0,0,0,0,12.184649,50.401505
23,18,8,7,14,3,3,5,3,0,0,1,1,0,0,0,0,12.187821,50.434512
23,18,9,3,13,2,1,2,6,0,0,1,1,0,0,0,0,12.149962,50.382819
23,18,9,3,17,2,3,0,1,0,0,1,0,0,0,0,0,12.182255,50.402712
23,19,1,3,5,5,3,0,1,2,2,1,0,0,0,0,0,12.171935,50.43164
23,19,6,4,18,3,3,4,2,0,0,1,1,0,0,0,0,12.114055,50.439621
23,19,6,6,13,5,2,4,6,0,0,1,0,0,1,0,0,12.168472,50.411573
23,19,11,1,23,6,3,5,3,2,1,1,1,0,0,0,0,12.168463,50.414851
23,20,4,5,15,1,3,0,6,0,0,1,1,0,0,0,0,12.184084,50.406446
23,20,6,4,13,5,3,1,5,0,0,1,1,0,0,0,0,12.178165,50.419868
23,20,9,6,10,1,2,0,7,0,1,1,0,0,0,0,0,12.189007,50.383296
23,21,1,19,5,3,3,7,1,2,1,1,0,0,0,0,0,12.175525,50.411077
23,21,10,2,12,7,3,5,2,0,0,1,1,0,0,0,0,12.18486,50.401317
23,22,3,25,17,6,3,0,7,0,0,1,1,0,0,0,0,12.165897,50.415662
23,22,5,13,9,6,2,0,6,0,0,1,0,0,0,0,0,12.191867,50.401618
23,22,7,10,18,1,2,0,1,0,0,1,0,0,0,0,0,12.208311,50.420295
23,22,8,18,11,5,3,5,2,0,0,1,1,0,0,0,0,12.168864,50.415176
23,22,9,11,17,1,3,5,3,0,1,1,1,0,0,0,0,12.17759,50.4178
23,22,12,24,15,7,2,0,7,0,1,1,0,0,0,0,0,12.177354,50.427036
23,23,9,17,17,1,2,0,7,0,0,1,0,0,0,0,0,12.156711,50.418706
23,24,3,25,19,2,3,0,1,1,0,1,0,0,0,0,0,12.177895,50.420872
23,24,5,5,15,1,3,0,2,0,0,1,1,0,0,0,0,12.16275,50.413212
23,24,7,16,8,3,3,0,7,0,1,1,0,0,0,0,0,12.182195,50.406696
23,25,4,15,17,3,2,1,5,0,0,1,1,0,0,0,0,12.156662,50.405269
23,25,8,9,17,7,2,0,7,0,0,1,0,0,0,0,0,12.184108,50.40177
23,25,9,3,20,4,2,0,1,2,0,1,0,0,0,0,0,12.115594,50.438185
23,25,11,18,9,3,3,4,2,0,1,1,1,0,0,0,0,12.177562,50.418993
23,16,5,3,6,3,2,5,3,0,0,1,1,0,0,0,0,11.998765,50.587726
23,16,7,7,13,5,3,5,3,0,0,1,1,0,0,0,0,11.997574,50.580654
23,16,8,2,16,3,2,5,3,0,0,1,1,0,0,0,0,11.920097,50.536722
23,17,7,21,17,6,3,5,3,0,0,1,1,0,0,0,0,12.00841,50.586648
23,18,9,6,15,5,3,0,7,0,0,1,0,0,0,0,0,11.931605,50.540771
23,19,8,1,7,5,2,5,3,0,0,1,0,0,0,0,1,11.926126,50.53989
23,20,3,15,14,1,3,8,1,0,0,1,0,0,0,0,0,11.998492,50.623229
23,20,7,25,11,7,3,0,7,0,0,1,0,0,0,0,0,11.974899,50.596306
23,21,2,20,16,7,3,0,7,0,0,1,0,0,0,0,0,11.925566,50.539497
23,21,7,12,9,2,3,2,6,0,0,1,1,0,0,0,1,11.998956,50.626072
23,23,9,12,18,3,3,0,6,0,0,1,0,0,1,0,0,11.993812,50.57634
23,24,8,1,11,5,3,5,3,0,0,1,0,0,0,1,0,11.996672,50.581448
23,25,5,7,16,4,3,5,7,0,0,1,0,0,1,0,0,11.997338,50.58222
23,16,1,1,6,6,2,5,7,2,2,1,1,0,0,0,0,12.095906,50.497961
23,16,1,3,15,1,2,8,1,0,2,1,0,0,0,0,0,12.134976,50.516329
23,16,1,7,18,5,3,5,3,2,1,1,1,0,0,0,0,12.131259,50.504632
23,16,3,7,18,2,3,5,3,2,0,1,1,0,0,0,0,12.138197,50.494862
23,16,4,3,10,1,3,0,1,0,1,1,0,0,0,0,0,12.135619,50.496325
23,16,4,4,13,2,3,6,7,0,0,1,0,1,0,0,0,12.149713,50.492052
23,16,5,6,21,6,3,8,2,1,0,1,1,0,0,0,0,12.170093,50.502045
23,16,6,2,15,5,3,1,5,0,0,1,1,0,0,0,0,12.128256,50.513925
23,16,6,2,19,5,2,0,1,0,0,1,0,0,0,0,0,12.16374,50.508745
23,16,6,7,18,3,3,5,3,0,0,1,1,0,0,0,0,12.131804,50.515461
23,16,7,2,12,7,3,1,5,0,0,1,1,0,0,0,0,12.126837,50.495827
23,16,7,2,17,7,3,1,5,0,1,1,1,0,0,0,0,12.141994,50.500026
23,16,7,4,7,2,3,5,3,0,0,1,1,0,0,0,0,12.13299,50.494869
23,16,8,1,11,2,2,0,7,0,0,1,0,0,0,0,0,12.140166,50.489341
23,16,8,1,15,2,3,6,4,0,0,1,0,1,0,0,0,12.115229,50.51361
23,16,8,1,20,2,3,0,7,0,0,1,0,0,0,0,0,12.136251,50.497863
23,16,9,1,19,5,3,3,2,0,0,1,1,0,0,0,0,12.12875,50.50127
23,16,9,7,15,4,3,3,2,0,0,1,1,0,0,0,0,12.136726,50.508584
23,16,9,7,18,4,2,4,2,0,0,1,1,0,0,0,0,12.132965,50.494869
23,16,10,3,12,2,3,0,7,0,1,1,1,0,0,0,0,12.143211,50.496677
23,16,10,7,2,6,2,0,6,2,1,1,0,0,0,0,1,12.129175,50.491781
23,16,11,3,17,5,3,0,7,1,1,1,1,0,0,0,0,12.146684,50.517878
23,16,11,5,18,7,2,4,2,1,1,1,1,0,0,0,0,12.142248,50.500189
23,16,12,1,16,5,3,5,3,1,1,1,1,0,0,0,0,12.132149,50.494886
23,17,1,27,12,6,2,5,3,0,0,1,1,0,0,0,0,12.135804,50.488552
23,17,1,29,19,1,3,1,3,2,0,1,1,0,0,0,0,12.143504,50.497025
23,17,3,9,19,5,3,5,3,2,1,1,1,0,0,0,0,12.136374,50.507103
23,17,3,16,18,5,3,5,3,2,0,1,1,0,0,0,0,12.137879,50.506156
23,17,3,21,15,3,3,5,2,0,0,1,1,0,0,0,0,12.132961,50.494869
23,17,3,27,11,2,3,5,2,0,0,1,1,0,0,0,0,12.153665,50.506398
23,17,5,11,12,5,2,0,7,0,0,1,1,0,0,0,0,12.164516,50.491276
23,17,5,11,16,5,1,4,2,0,0,1,1,0,0,0,0,12.127756,50.50034
23,17,5,12,19,6,2,5,3,0,0,1,1,0,0,0,0,12.128636,50.492425
23,17,5,17,16,4,2,0,1,0,0,1,0,0,0,0,0,12.134267,50.48932
23,17,5,31,17,4,3,5,2,0,0,1,1,0,0,0,0,12.139271,50.493679
23,17,6,23,23,6,2,8,1,2,0,1,0,0,0,0,0,12.166982,50.475575
23,17,6,24,22,7,3,1,1,2,0,1,1,0,0,0,0,12.127099,50.495766
23,17,7,4,16,3,3,5,7,0,0,1,1,0,0,0,0,12.130025,50.507202
23,17,7,21,20,6,3,2,2,1,0,1,1,0,0,0,0,12.146833,50.501491
23,17,7,28,8,6,3,3,5,0,1,1,1,0,0,0,0,12.139033,50.498308
23,17,7,30,13,1,3,0,2,0,0,1,1,0,0,0,0,12.137874,50.506153
23,17,8,5,20,7,2,0,1,0,1,1,0,0,0,0,0,12.126586,50.495866
23,17,8,8,19,3,2,0,1,0,0,1,0,0,0,0,0,12.121318,50.499681
23,17,8,11,6,6,2,1,3,0,0,1,1,0,0,0,0,12.143251,50.499328
23,17,8,26,0,7,1,8,1,2,1,1,0,0,0,0,0,12.165941,50.489457
23,17,9,10,6,1,2,0,6,0,0,1,1,0,0,0,0,12.091417,50.479918
23,17,9,17,15,1,3,8,7,0,1,1,0,0,0,0,0,12.105348,50.494072
23,17,10,1,11,1,2,0,1,0,1,1,0,0,0,0,0,12.126131,50.490552
23,17,10,12,8,5,3,0,7,0,0,1,0,0,0,0,0,12.197163,50.500293
23,17,10,26,11,5,2,0,7,0,0,1,0,0,0,0,0,12.123558,50.51195
23,18,1,1,7,2,2,1,5,2,0,1,1,0,0,0,0,12.123127,50.492796
23,18,3,1,13,5,3,1,1,0,0,1,1,0,0,0,0,12.144438,50.507548
23,18,3,2,14,6,3,5,3,0,0,1,1,0,0,0,0,12.127919,50.492938
23,18,4,3,8,3,3,0,1,0,0,1,0,0,0,0,0,12.138383,50.500869
23,18,4,3,18,3,3,0,7,0,0,1,0,0,0,0,1,12.157495,50.497091
23,18,5,2,14,4,2,5,3,0,0,1,1,0,0,0,0,12.140682,50.502424
23,18,5,2,19,4,3,1,1,0,0,1,1,0,0,0,0,12.136175,50.496919
23,18,6,4,16,2,3,0,3,0,0,1,1,0,0,0,0,12.106346,50.497795
23,18,6,5,14,3,3,5,2,0,0,1,1,0,0,0,0,12.121101,50.495882
23,18,6,5,18,3,3,5,6,0,0,1,1,0,0,0,0,12.133765,50.493156
23,18,6,5,22,3,2,0,1,2,0,1,1,0,0,0,0,12.151472,50.486441
23,18,7,1,0,1,3,0,1,2,1,1,0,0,0,0,0,12.146528,50.500111
23,18,7,4,16,4,3,3,3,0,0,1,1,0,0,0,0,12.168899,50.491646
23,18,7,5,16,5,3,6,7,0,1,1,0,1,0,0,0,12.13964,50.493895
23,18,7,7,9,7,2,2,6,0,0,1,1,0,0,0,0,12.127562,50.497811
23,18,7,7,10,7,3,1,5,0,0,1,1,0,0,0,0,12.154319,50.502893
23,18,8,1,12,4,3,6,7,0,0,1,0,1,0,0,0,12.13331,50.501313
23,18,8,6,7,2,3,2,3,0,0,1,1,0,0,0,0,12.123432,50.495649
23,18,8,7,13,3,3,0,7,0,0,1,0,0,0,0,0,12.106476,50.496064
23,18,9,1,0,7,2,5,3,2,0,1,1,0,0,0,0,12.131833,50.489654
23,18,9,6,7,5,3,6,7,0,0,1,0,1,0,0,0,12.115499,50.496208
23,18,9,6,8,5,3,5,7,0,0,1,1,0,0,0,0,12.128933,50.494963
23,18,9,7,15,6,2,5,2,0,0,1,0,0,0,0,1,12.138214,50.486464
23,18,10,5,10,6,3,0,7,0,0,1,0,0,0,0,0,12.130992,50.504659
23,18,10,6,11,7,3,5,3,0,0,1,1,0,0,0,0,12.14029,50.507754
23,18,10,6,14,7,2,3,1,0,0,1,0,0,0,0,0,12.155401,50.506849
23,18,11,2,13,6,2,5,3,0,0,1,1,0,0,0,0,12.140419,50.50532
23,18,11,7,13,4,3,1,6,0,1,1,1,0,0,0,0,12.136427,50.507334
23,18,12,6,6,5,2,5,3,2,1,1,1,0,0,0,0,12.14339,50.506193
23,19,4,2,17,3,3,5,3,0,0,1,1,0,0,0,0,12.150274,50.491643
23,19,4,3,15,4,3,2,2,0,0,1,1,0,0,0,0,12.142838,50.499757
23,19,4,3,16,4,3,5,3,0,0,1,1,0,0,0,0,12.146525,50.492949
23,19,4,4,18,5,3,0,1,0,0,1,0,0,0,0,0,12.149365,50.526462
23,19,4,5,8,6,3,2,6,0,0,1,1,0,0,0,0,12.141197,50.50514
23,19,4,5,15,6,3,0,1,0,0,1,0,0,0,0,0,12.150207,50.491651
23,19,4,7,15,1,2,0,1,0,0,1,0,0,0,0,0,12.154648,50.505774
23,19,5,1,14,4,2,0,1,0,0,1,0,0,0,0,0,12.137941,50.489963
23,19,5,3,7,6,3,3,2,0,0,1,1,0,0,0,0,12.137265,50.49122
23,19,6,1,20,7,3,0,1,0,0,1,0,0,0,0,0,12.13663,50.499071
23,19,6,3,12,2,3,5,3,0,0,1,1,0,0,0,0,12.124657,50.496967
23,19,6,3,12,2,2,5,3,0,0,1,0,0,0,0,0,12.174942,50.489387
23,19,7,2,15,3,3,3,6,0,0,1,1,0,0,0,0,12.10948,50.524822
23,19,7,2,21,3,3,5,3,2,0,1,1,0,0,0,0,12.140358,50.505389
23,19,7,3,10,4,2,6,1,0,0,1,0,1,0,0,0,12.136518,50.498688
23,19,7,4,19,5,2,0,1,0,0,1,0,0,0,0,0,12.141583,50.54657
23,19,7,6,14,7,3,0,7,0,0,1,0,0,0,0,0,12.109555,50.497679
23,19,7,7,19,1,2,0,1,0,0,1,0,0,0,0,0,12.125059,50.513913
23,19,8,3,13,7,3,5,2,0,0,1,1,0,0,0,0,12.12306,50.512306
23,19,8,3,18,7,2,5,3,0,0,1,1,0,0,0,0,12.167317,50.500787
23,19,8,3,21,7,2,0,7,2,0,1,0,0,0,0,0,12.125987,50.49407
23,19,8,4,13,1,3,5,3,0,0,1,1,0,0,0,0,12.158475,50.510011
23,19,8,4,17,1,3,8,6,0,0,1,1,0,0,0,0,12.093199,50.467283
23,19,8,6,15,3,3,0,1,0,0,1,0,0,0,0,0,12.136682,50.499307
23,19,8,6,15,3,3,1,7,0,0,1,1,0,0,0,0,12.14672,50.509886
23,19,8,7,15,4,2,1,1,0,0,1,1,0,0,0,0,12.135706,50.484884
23,19,9,4,1,4,2,0,1,2,0,1,0,0,0,0,0,12.143905,50.509733
23,19,9,7,14,7,3,4,6,0,0,1,1,0,0,0,0,12.14704,50.460249
23,19,10,6,20,1,3,5,7,0,1,1,1,0,0,0,0,12.11077,50.494241
23,19,10,7,15,2,2,0,7,0,0,1,0,0,0,0,0,12.13057,50.512959
23,19,10,7,16,2,2,5,3,0,0,1,1,0,0,0,1,12.089837,50.525681
23,19,11,3,8,1,3,0,7,0,1,1,0,1,0,0,0,12.114502,50.489936
23,19,11,3,13,1,3,3,6,0,0,1,1,0,0,0,0,12.189682,50.493363
23,19,11,5,9,3,3,5,3,0,0,1,1,0,0,0,0,12.136346,50.507067
23,19,11,6,6,4,2,4,6,2,0,1,1,0,0,0,0,12.148994,50.493268
23,19,11,7,17,5,2,5,3,2,0,1,1,0,0,0,0,12.137581,50.486449
23,19,12,2,13,2,2,5,3,0,1,1,1,0,0,0,0,12.102307,50.532549
23,19,12,4,16,4,3,0,7,0,0,1,0,0,0,0,0,12.11553,50.520814
23,19,12,6,18,6,2,0,1,2,1,1,0,0,0,0,0,12.148626,50.493273
23,20,1,7,11,3,3,0,1,0,1,1,0,0,0,0,0,12.136347,50.49661
23,20,1,16,17,5,2,0,7,2,0,1,0,0,0,0,0,12.152092,50.506087
23,20,1,28,12,3,3,0,1,0,1,1,0,0,0,0,0,12.137255,50.479616
23,20,3,14,14,7,2,2,6,0,0,1,0,0,0,0,0,12.136241,50.497822
23,20,3,24,17,3,3,4,6,0,0,1,1,0,0,0,0,12.111241,50.490637
23,20,3,30,6,2,3,4,2,1,1,1,1,0,0,0,0,12.147813,50.506815
23,20,4,5,11,1,3,0,1,0,0,1,0,0,0,0,0,12.128829,50.491657
23,20,4,6,19,2,2,3,6,0,0,1,0,0,1,0,0,12.10603,50.533571
23,20,4,21,15,3,2,8,7,0,0,1,0,0,0,0,0,12.138108,50.489021
23,20,5,14,10,5,3,5,3,0,0,1,1,0,0,0,0,12.100498,50.535831
23,20,5,19,7,3,3,0,1,0,1,1,0,0,0,0,0,12.1361,50.497379
23,20,5,22,15,6,3,5,3,0,1,1,1,0,0,0,0,12.108394,50.530616
23,20,5,22,15,6,3,9,6,0,0,1,0,0,0,0,1,12.147121,50.462449
23,20,5,26,12,3,2,4,2,0,0,1,1,0,0,0,0,12.139413,50.493791
23,20,6,2,14,3,3,4,6,0,0,1,0,0,0,0,0,12.131056,50.500792
23,20,6,23,16,3,3,5,3,0,0,1,1,0,0,0,0,12.141543,50.492292
23,20,6,25,20,5,3,5,3,0,0,1,1,0,0,0,0,12.151829,50.495124
23,20,6,25,23,5,3,0,7,2,0,1,1,0,0,0,0,12.111781,50.490661
23,20,7,4,13,7,3,5,3,0,0,1,1,0,0,0,0,12.123491,50.522261
23,20,7,4,18,7,2,0,1,0,0,1,0,0,0,0,0,12.159501,50.51043
23,20,7,12,17,1,3,0,1,0,0,1,0,0,0,0,0,12.136892,50.496296
23,20,7,14,19,3,3,5,3,0,0,1,1,0,0,0,0,12.155381,50.503743
23,20,7,17,18,6,2,5,3,0,0,1,1,0,0,0,0,12.132861,50.512813
23,20,7,22,17,4,2,5,3,0,0,1,1,0,0,0,0,12.128073,50.492828
23,20,7,30,12,5,3,3,2,0,0,1,1,0,0,0,0,12.182348,50.497712
23,20,8,1,10,7,2,5,3,0,0,1,1,0,0,0,0,12.14304,50.510641
23,20,8,4,23,3,3,7,7,2,0,1,0,0,0,0,0,12.145781,50.474016
23,20,8,7,18,6,2,0,1,0,0,1,0,0,0,0,0,12.174653,50.495988
23,20,8,15,16,7,2,0,1,0,1,1,0,0,0,0,0,12.126463,50.495858
23,20,8,22,12,7,2,5,3,0,1,1,1,0,0,0,0,12.125385,50.49011
23,20,8,31,17,2,3,5,3,0,1,1,1,0,0,0,0,12.122696,50.496699
23,20,9,4,11,6,3,0,7,0,0,1,0,0,0,0,1,12.132837,50.489507