UKREIS,UJAHR,UMONAT,UTAG,USTUNDE,UWOCHENTAG,UKATEGORIE,UART,UTYP,LICHT,USTRZUSTAND,IstRad,IstPKW,IstFuss,IstKrad,IstGkfz,IstSonstige,@lon,@lat
23,20,9,8,8,3,2,0,1,0,0,1,0,0,0,0,0,12.147745,50.455895
23,20,9,17,17,5,2,0,1,0,0,1,0,0,0,0,0,12.120782,50.486711
23,20,9,22,17,3,3,8,1,0,0,1,0,0,0,0,0,12.105226,50.494251
23,20,9,23,13,4,2,6,7,0,0,1,0,1,0,0,0,12.12947,50.504426
23,20,11,12,9,5,2,0,1,0,0,1,0,0,0,0,0,12.154321,50.492571
23,21,3,25,18,5,2,5,3,1,0,1,1,0,0,0,0,12.141022,50.482935
23,21,3,30,11,3,3,5,3,0,0,1,1,0,0,0,0,12.090822,50.475838
23,21,3,30,16,3,3,4,2,0,0,1,1,0,0,0,0,12.140885,50.484588
23,21,4,6,9,3,3,5,3,0,2,1,1,0,0,0,0,12.130589,50.512622
23,21,4,11,15,1,3,3,6,0,0,1,1,0,0,0,0,12.127467,50.49996
23,21,4,11,16,1,3,5,3,0,0,1,0,0,0,0,1,12.130719,50.504515
23,21,5,24,16,2,2,0,7,0,0,1,0,0,0,0,0,12.105392,50.544586
23,21,6,10,7,5,3,5,2,0,0,1,1,0,0,0,0,12.134843,50.502271
23,21,6,11,18,6,3,4,2,0,0,1,1,0,0,0,0,12.121029,50.495801
23,21,6,29,14,3,3,0,7,0,0,1,0,0,0,0,0,12.124829,50.490806
23,21,7,23,17,6,2,6,1,0,0,1,0,1,0,0,0,12.135931,50.496874
23,21,7,27,10,3,3,1,5,0,0,1,1,0,0,0,0,12.12826,50.51291
23,21,7,29,8,5,3,0,1,0,0,1,0,0,0,0,0,12.169698,50.499114
23,21,7,29,11,5,2,8,1,0,0,1,0,0,0,0,0,12.185199,50.499748
23,21,8,2,23,2,3,4,6,2,0,1,0,0,0,0,0,12.138402,50.486439
23,21,8,7,21,7,2,5,3,2,1,1,1,0,0,0,0,12.136979,50.496771
23,21,8,10,11,3,3,6,4,0,0,1,0,1,0,0,0,12.129092,50.494891
23,21,8,17,21,3,3,4,6,2,0,1,0,0,0,0,0,12.127075,50.49955
23,21,8,20,15,6,2,5,2,0,0,1,1,0,0,0,0,12.129593,50.507556
23,21,8,31,15,3,2,5,3,0,0,1,1,0,0,0,0,12.13238,50.504089
23,21,9,2,18,5,3,0,1,0,0,1,0,0,0,0,0,12.172606,50.536113
23,21,9,7,19,3,3,5,3,0,0,1,1,0,0,0,0,12.164972,50.511321
23,21,9,11,12,7,2,9,1,0,0,1,1,0,0,0,0,12.170212,50.501875
23,21,9,15,23,4,3,5,3,2,1,1,1,0,0,0,0,12.153327,50.493276
23,21,9,22,7,4,2,0,7,0,0,1,0,0,0,0,0,12.149709,50.493205
23,21,9,23,15,5,3,5,3,0,0,1,0,0,0,0,1,12.113312,50.512536
23,21,10,2,11,7,3,2,6,0,0,1,1,0,0,0,0,12.13729,50.487682
23,21,10,2,16,7,2,0,7,0,0,1,0,0,0,0,0,12.16033,50.504005
23,21,10,15,9,6,2,8,1,0,0,1,0,0,0,0,0,12.14355,50.497289
23,21,10,22,17,6,2,8,1,2,0,1,0,0,0,0,0,12.107717,50.497598
23,21,11,9,14,3,3,5,3,0,0,1,1,0,0,0,0,12.12758,50.509129
23,21,11,22,8,2,3,5,3,0,1,1,1,0,0,0,0,12.126066,50.512676
23,21,12,10,16,6,2,0,1,0,2,1,0,0,0,0,0,12.135652,50.496366
23,22,1,27,22,5,3,1,1,2,2,1,1,0,0,0,0,12.127715,50.511338
23,22,2,14,13,2,3,5,3,0,0,1,1,0,0,0,0,12.163933,50.510997
23,22,3,10,13,5,1,3,6,0,0,1,1,0,0,0,0,12.137267,50.506398
23,22,3,13,11,1,2,5,3,0,0,1,1,0,0,0,0,12.167508,50.477017
23,22,3,29,18,3,2,0,7,0,0,1,0,0,0,0,0,12.130497,50.494779
23,22,4,25,19,2,2,0,7,0,0,1,0,0,0,0,0,12.142787,50.499821
23,22,4,26,11,3,3,5,3,0,0,1,1,0,0,0,0,12.142716,50.505544
23,22,5,2,16,2,3,1,5,0,0,1,1,0,0,0,0,12.146655,50.517812
23,22,5,7,14,7,3,5,3,0,0,1,1,0,0,0,0,12.139832,50.496442
23,22,5,10,16,3,3,5,3,0,0,1,0,0,0,0,1,12.167959,50.497852
23,22,5,17,23,3,3,5,3,2,0,1,1,0,0,0,0,12.13125,50.504793
23,22,5,20,19,6,3,0,1,0,0,1,0,0,0,0,0,12.135285,50.51637
23,22,5,22,16,1,3,4,6,0,0,1,1,0,0,0,0,12.135087,50.516328
23,22,5,27,16,6,2,5,3,0,0,1,1,0,0,0,0,12.141037,50.508758
23,22,5,30,18,2,2,1,7,0,0,1,1,0,0,0,0,12.145759,50.510854
23,22,6,1,19,4,3,0,1,0,0,1,0,0,0,0,0,12.129953,50.501063
23,22,6,9,9,5,3,5,3,0,0,1,1,0,0,0,0,12.153542,50.493345
23,22,6,14,6,3,2,5,3,0,0,1,1,0,0,0,0,12.117347,50.496065
23,22,6,16,7,5,3,0,1,0,0,1,0,0,0,0,0,12.164388,50.491276
23,22,6,17,19,6,3,6,4,0,0,1,0,1,0,0,0,12.136211,50.488312
23,22,6,22,15,4,3,5,7,0,0,1,1,0,0,0,0,12.143011,50.495517
23,22,7,10,23,1,2,2,6,2,0,1,1,0,0,0,0,12.124592,50.496902
23,22,7,12,16,3,3,5,3,0,0,1,0,0,0,0,0,12.136075,50.502869
23,22,8,3,13,4,3,5,2,0,0,1,1,0,0,0,0,12.138192,50.486467
23,22,8,8,14,2,3,0,1,0,0,1,0,0,0,0,0,12.13945,50.487863
23,22,8,13,0,7,3,1,5,2,0,1,1,0,0,0,0,12.148424,50.500024
23,22,8,17,13,4,3,2,6,0,0,1,1,0,0,0,0,12.136694,50.506622
23,22,8,19,6,6,2,4,2,0,1,1,1,0,0,0,0,12.123297,50.49565
23,22,9,4,10,1,3,0,1,0,0,1,0,0,0,0,0,12.144948,50.508683
23,22,9,19,17,2,3,6,6,0,0,1,0,1,0,0,0,12.146688,50.501592
23,22,9,19,17,2,3,5,2,0,0,1,1,0,0,0,0,12.146782,50.501444
23,22,9,22,17,5,3,5,2,0,0,1,1,0,0,0,0,12.139447,50.493764
23,22,10,1,13,7,3,0,1,0,1,1,0,0,0,0,0,12.135049,50.502274
23,22,10,8,12,7,3,6,7,0,1,1,0,1,0,0,0,12.130823,50.494814
23,22,10,11,7,3,3,5,7,0,0,1,1,0,0,0,0,12.144184,50.477959
23,22,11,3,16,5,3,5,3,1,0,1,1,0,0,0,0,12.148245,50.491731
23,22,11,21,16,2,2,5,2,1,0,1,1,0,0,0,0,12.123284,50.49565
23,23,2,3,18,6,3,3,6,2,1,1,1,0,0,0,0,12.123218,50.49565
23,23,2,16,14,5,3,5,3,0,0,1,1,0,0,0,0,12.142827,50.50262
23,23,3,17,22,6,2,1,5,2,0,1,1,0,0,0,0,12.107963,50.493041
23,23,4,15,15,7,2,0,7,0,1,1,0,0,0,0,0,12.136244,50.497833
23,23,4,18,9,3,3,9,7,0,1,1,0,0,0,0,0,12.162223,50.513246
23,23,4,26,14,4,3,0,7,0,0,1,0,0,0,0,0,12.130217,50.507017
23,23,4,27,14,5,2,0,1,0,0,1,0,0,0,0,0,12.135897,50.496807
23,23,5,9,15,3,3,1,5,0,0,1,1,0,0,0,0,12.131253,50.497292
23,23,5,15,9,2,3,5,7,0,0,1,1,0,0,0,0,12.167762,50.496086
23,23,5,17,7,4,3,5,3,0,0,1,1,0,0,0,0,12.167264,50.491524
23,23,5,18,18,5,3,9,1,0,0,1,0,0,0,0,0,12.162928,50.500749
23,23,5,20,16,7,2,5,7,0,0,1,1,0,0,0,0,12.156525,50.491237
23,23,5,24,7,4,3,5,2,0,0,1,1,0,0,0,0,12.132081,50.496238
23,23,6,2,18,6,2,0,1,0,0,1,0,0,0,0,0,12.129124,50.504425
23,23,6,3,20,7,3,0,7,0,0,1,0,0,0,0,0,12.142069,50.491836
23,23,6,8,6,5,3,5,3,0,1,1,1,0,0,0,0,12.137752,50.503297
23,23,6,21,21,4,2,0,1,2,0,1,0,0,0,0,0,12.112056,50.49486
23,23,6,22,17,5,3,0,7,0,0,1,0,0,0,0,0,12.1147,50.509459
23,23,6,23,9,6,3,0,1,0,0,1,0,0,0,0,0,12.131802,50.489674
23,23,6,28,9,4,2,0,1,0,0,1,0,0,0,0,0,12.135727,50.4965
23,23,6,30,15,6,3,2,6,0,0,1,1,0,0,0,0,12.144089,50.478109
23,23,7,1,8,7,3,0,1,0,1,1,0,0,0,0,0,12.150314,50.497932
23,23,7,21,21,6,3,8,7,2,0,1,0,0,0,0,0,12.140877,50.493239
23,23,8,4,7,6,3,5,3,0,0,1,1,0,0,0,0,12.140124,50.489258
23,23,8,14,20,2,3,4,7,1,0,1,0,0,0,0,0,12.148856,50.49719
23,23,8,18,12,6,3,5,3,0,0,1,1,0,0,0,0,12.168833,50.494262
23,23,8,23,9,4,3,2,6,0,0,1,1,0,0,0,0,12.143752,50.49986
23,23,8,24,18,5,2,5,3,0,0,1,1,0,0,0,0,12.143784,50.492569
23,23,9,11,20,2,2,0,7,2,0,1,0,0,0,0,0,12.146685,50.501595
23,23,9,19,14,3,3,4,2,0,0,1,1,0,0,0,0,12.1255,50.497863
23,23,9,24,16,1,2,1,7,0,0,1,1,0,0,0,0,12.141458,50.499725
23,23,10,19,14,5,3,0,7,0,0,1,0,0,0,0,0,12.134631,50.495509
23,23,11,6,9,2,3,5,3,0,0,1,1,0,0,0,0,12.144565,50.507772
23,23,11,14,14,3,2,0,1,0,0,1,0,0,0,0,0,12.16568,50.497624
23,23,11,15,7,4,3,0,1,0,1,1,0,0,0,0,0,12.133927,50.495243
23,23,12,29,21,6,3,1,5,2,0,1,1,0,0,0,0,12.144969,50.499838
23,24,2,27,11,3,3,5,3,0,0,1,1,0,0,0,0,12.156472,50.491309
23,24,3,30,11,7,3,0,1,0,0,1,0,0,0,0,0,12.127059,50.495779
23,24,3,30,14,7,3,0,7,0,0,1,0,0,0,0,0,12.143281,50.502337
23,24,4,3,9,4,2,0,7,0,0,1,0,0,0,0,0,12.120421,50.497072
23,24,4,4,17,5,3,5,3,0,1,1,1,0,0,0,0,12.131307,50.494892
23,24,4,11,15,5,2,5,3,0,0,1,1,0,0,0,0,12.149039,50.4912
23,24,4,29,7,2,2,0,7,0,0,1,0,0,0,0,0,12.130733,50.504809
23,24,4,30,22,3,3,6,7,2,0,1,0,1,0,0,0,12.128768,50.492318
23,24,5,6,7,2,3,6,7,0,0,1,0,1,0,0,0,12.136092,50.501705
23,24,5,19,18,1,3,0,1,0,0,1,0,0,0,0,0,12.115922,50.514418
23,24,5,20,14,2,2,5,2,0,0,1,1,0,0,0,0,12.093691,50.524266
23,24,5,20,16,2,2,0,1,0,0,1,1,0,0,0,0,12.08592,50.481852
23,24,6,3,14,2,3,4,6,0,0,1,0,0,0,0,1,12.136936,50.50669
23,24,6,19,14,4,3,6,1,0,1,1,0,1,0,0,0,12.13581,50.496649
23,24,6,24,14,2,2,6,4,0,0,1,0,1,0,0,0,12.136052,50.497215
23,24,7,3,21,4,3,0,3,2,1,1,1,0,0,0,0,12.144758,50.495371
23,24,7,4,7,5,3,9,1,0,0,1,0,0,0,0,0,12.14707,50.523922
23,24,7,17,10,4,2,5,2,0,0,1,1,0,0,0,0,12.140311,50.505341
23,24,8,1,15,5,3,0,6,0,0,1,1,0,0,0,0,12.158334,50.514374
23,24,8,11,20,1,3,0,7,0,0,1,0,0,0,0,0,12.121203,50.513433
23,24,8,20,7,3,3,5,7,0,0,1,1,0,0,0,0,12.12884,50.501679
23,24,8,22,23,5,3,5,3,2,0,1,1,0,0,0,0,12.142097,50.500102
23,24,8,24,14,7,3,3,7,0,0,1,1,0,0,0,0,12.130169,50.50317
23,24,8,29,17,5,2,8,1,0,0,1,0,0,0,0,0,12.147491,50.506321
23,24,9,24,15,3,3,5,3,0,0,1,1,0,0,0,0,12.135204,50.503443
23,24,10,1,8,3,2,5,3,0,1,1,1,0,0,0,0,12.117347,50.496065
23,24,10,1,14,3,2,3,6,0,0,1,0,0,0,0,1,12.127757,50.500263
23,24,10,3,0,5,3,0,1,2,1,1,0,0,0,0,0,12.143855,50.494921
23,24,10,17,19,5,3,5,3,2,0,1,1,0,0,0,0,12.124045,50.506185
23,24,10,24,15,5,3,0,1,0,0,1,0,0,0,0,0,12.20053,50.487173
23,24,10,28,13,2,3,5,7,0,0,1,1,0,0,0,0,12.130609,50.504824
23,24,11,4,15,2,3,0,7,0,0,1,1,0,0,0,0,12.133186,50.508605
23,24,11,5,10,3,3,5,2,0,0,1,1,0,0,0,0,12.131833,50.489654
23,24,11,29,14,6,3,0,1,0,1,1,0,0,0,0,0,12.115893,50.496586
23,24,12,2,16,2,3,4,2,2,0,1,1,0,0,0,0,12.080156,50.474387
23,24,12,9,18,2,2,6,7,2,1,1,0,1,0,0,0,12.131171,50.504567
23,25,1,7,16,3,3,5,7,1,1,1,0,0,0,0,1,12.130938,50.504651
23,25,1,11,15,7,2,0,1,0,0,1,0,0,0,0,0,12.132446,50.499701
23,25,1,31,23,6,2,0,7,2,0,1,0,0,0,0,0,12.137804,50.49565
23,25,2,5,0,4,3,1,5,2,0,1,1,0,0,0,0,12.125672,50.511441
23,25,2,21,18,6,2,0,1,2,0,1,0,0,0,0,0,12.136692,50.496555
23,25,2,24,12,2,3,4,2,0,0,1,1,0,0,0,0,12.143914,50.492519
23,25,3,5,11,4,3,6,7,0,0,1,0,1,0,0,0,12.130561,50.494786
23,25,3,7,7,6,3,3,6,0,0,1,1,0,0,0,0,12.141162,50.491797
23,25,4,3,15,5,3,0,7,0,0,1,0,0,0,0,0,12.140221,50.489476
23,25,4,14,16,2,3,0,1,0,0,1,0,0,0,0,0,12.128966,50.495056
23,25,4,17,11,5,3,0,1,0,0,1,0,0,0,0,0,12.15841,50.509879
23,25,5,4,10,1,3,0,1,0,0,1,0,0,0,0,0,12.124749,50.490822
23,25,5,12,16,2,2,0,7,0,0,1,0,0,0,0,0,12.167333,50.481199
23,25,5,26,13,2,3,0,1,0,0,1,0,0,0,0,0,12.123049,50.512313
23,25,6,5,17,5,2,0,1,0,0,1,0,0,0,0,0,12.164756,50.489247
23,25,6,6,9,6,3,0,7,0,0,1,0,0,0,0,0,12.137504,50.498078
23,25,6,7,11,7,2,0,7,0,0,1,0,0,0,0,0,12.153747,50.515113
23,25,6,9,11,2,3,0,7,0,0,1,0,0,0,0,0,12.149861,50.467378
23,25,6,21,14,7,3,5,3,0,0,1,1,0,0,0,0,12.113679,50.462467
23,25,6,23,7,2,3,1,5,0,0,1,1,0,0,0,0,12.143356,50.50878
23,25,6,30,7,2,3,5,3,0,0,1,1,0,0,0,0,12.10255,50.502082
23,25,7,4,15,6,3,5,7,0,0,1,1,0,0,0,0,12.14682,50.498843
23,25,7,4,19,6,3,0,1,0,0,1,0,0,0,0,0,12.121913,50.502329
23,25,7,5,21,7,2,0,1,2,0,1,0,0,0,0,0,12.085847,50.48152
23,25,7,18,21,6,2,0,7,2,0,1,0,1,0,0,0,12.129758,50.510024
23,25,8,11,18,2,3,0,7,0,0,1,0,0,0,0,0,12.104045,50.492201
23,25,8,14,16,5,3,5,2,0,0,1,1,0,0,0,0,12.138129,50.486478
23,25,8,15,7,6,2,5,3,0,0,1,1,0,0,0,0,12.135321,50.533149
23,25,8,17,13,1,3,5,3,0,0,1,1,0,0,0,0,12.123326,50.495649
23,25,8,22,10,6,3,5,3,0,0,1,1,0,0,0,0,12.140332,50.484253
23,25,9,3,10,4,2,5,3,0,0,1,1,0,0,0,0,12.094444,50.4826
23,25,9,15,6,2,3,0,7,1,1,1,0,0,0,0,0,12.154253,50.492757
23,25,9,15,17,2,2,7,7,0,0,1,0,0,0,0,0,12.136685,50.499993
23,25,9,17,17,4,3,5,3,0,0,1,1,0,0,0,0,12.166996,50.49794
23,25,10,7,10,3,3,0,1,0,1,1,0,0,0,0,0,12.096593,50.493973
23,25,10,18,14,7,3,0,1,0,0,1,0,0,0,0,0,12.151882,50.495121
23,25,10,21,6,3,3,0,3,1,1,1,0,0,0,0,0,12.135343,50.488832
23,25,10,21,12,3,3,6,4,0,0,1,0,1,0,0,0,12.125818,50.495814
23,25,10,28,13,3,3,0,7,0,1,1,0,0,0,0,0,12.130793,50.519547
23,25,11,1,6,7,3,5,3,1,0,1,1,0,0,0,0,12.142274,50.500172
23,25,11,4,13,3,3,0,7,0,0,1,0,0,0,0,0,12.121128,50.487238
23,25,11,11,15,3,3,5,3,0,1,1,1,0,0,0,0,12.14051,50.53894
23,25,11,16,16,1,3,5,2,1,0,1,1,0,0,0,0,12.113545,50.496347
23,16,10,1,17,7,3,8,7,0,0,1,0,0,0,0,0,12.230959,50.566982
23,17,7,21,15,6,2,8,1,0,0,1,0,0,0,0,0,12.164277,50.558724
23,18,6,2,13,7,3,5,3,0,0,1,1,0,0,0,0,12.178972,50.531039
23,18,8,7,15,3,3,1,7,0,0,1,1,0,0,0,0,12.181139,50.534464
23,20,9,4,14,6,2,0,1,0,0,1,0,0,0,0,0,12.185351,50.555543
23,20,10,3,17,7,3,0,7,0,0,1,0,0,0,0,0,12.181208,50.534591
23,21,7,22,17,5,3,3,2,0,0,1,1,0,0,0,0,12.185863,50.553034
23,21,8,28,17,7,3,4,1,0,0,1,1,0,0,0,0,12.1778,50.528918
23,23,7,20,11,5,3,3,6,0,0,1,0,0,0,0,1,12.215855,50.545923
23,23,11,16,18,5,3,0,7,2,1,1,0,0,0,0,0,12.195505,50.560515
23,24,5,31,18,6,2,8,1,0,0,1,0,0,0,0,0,12.182755,50.560059
23,25,6,6,22,6,2,2,6,2,0,1,1,0,0,0,0,12.226773,50.576663
23,25,8,31,14,1,3,7,7,0,0,1,0,0,0,0,1,12.185027,50.526806
23,25,10,21,18,3,2,8,7,2,0,1,0,0,0,0,0,12.210203,50.556614
23,16,4,2,11,7,3,4,7,0,0,1,1,0,0,0,0,12.281151,50.62036
23,16,5,2,12,2,2,0,1,0,0,1,0,0,0,0,0,12.303862,50.626609
23,16,5,3,11,3,3,5,3,0,0,1,0,0,0,0,1,12.290876,50.62383
23,16,6,7,16,3,3,6,6,0,0,1,0,1,0,0,0,12.302331,50.622816
23,16,7,2,12,7,2,0,1,0,0,1,0,0,0,0,0,12.294264,50.626767
23,16,11,7,17,2,3,4,2,2,1,1,1,0,0,0,0,12.289351,50.615485
23,17,5,27,9,7,2,2,2,0,0,1,1,0,0,0,0,12.306857,50.620975
23,17,6,6,16,3,3,2,2,0,0,1,1,0,0,0,0,12.295425,50.626418
23,17,7,24,14,2,3,5,7,0,1,1,1,0,0,0,0,12.288672,50.622223
23,18,4,1,12,1,2,0,7,0,0,1,0,0,0,0,0,12.320667,50.630997
23,18,6,2,12,7,2,0,2,0,0,1,1,0,0,0,0,12.305018,50.618144
23,18,7,1,13,1,3,9,1,0,0,1,0,0,0,0,0,12.264215,50.618741
23,18,7,2,18,2,2,0,1,0,0,1,0,0,0,0,0,12.304788,50.626907
23,18,8,1,5,4,3,3,2,1,0,1,1,0,0,0,0,12.262496,50.621988
23,18,8,7,13,3,3,5,3,0,0,1,1,0,0,0,0,12.287973,50.598855
23,18,11,5,8,2,3,5,7,0,0,1,1,0,0,0,0,12.327444,50.639067
23,19,3,1,12,6,3,5,3,0,0,1,1,0,0,0,0,12.280107,50.616813
23,19,4,2,15,3,3,2,6,0,0,1,1,0,0,0,0,12.308234,50.630412
23,19,5,2,18,5,2,6,4,0,0,1,0,1,0,0,0,12.293849,50.61948
23,19,5,5,16,1,3,6,4,0,0,1,0,1,0,0,0,12.315349,50.615341
23,19,7,4,5,5,3,5,3,0,0,1,1,0,0,0,0,12.282701,50.624018
23,19,8,4,13,1,3,1,1,0,0,1,1,0,0,0,0,12.327446,50.633245
23,19,8,5,6,2,3,5,3,0,0,1,0,0,0,0,1,12.310401,50.629525
23,19,9,5,16,5,2,5,3,0,0,1,1,0,0,0,0,12.28271,50.624031
23,19,9,6,13,6,2,5,3,0,0,1,1,0,0,0,0,12.301607,50.619414
23,20,2,3,9,2,3,2,6,0,1,1,1,0,0,0,0,12.305072,50.619889
23,20,6,26,11,6,2,0,1,0,0,1,0,0,0,0,0,12.305576,50.621663
23,20,8,27,19,5,3,1,5,0,0,1,1,0,0,0,0,12.262252,50.619943
23,20,9,7,9,2,3,5,3,0,0,1,1,0,0,0,0,12.323999,50.636624
23,20,9,12,17,7,3,4,1,0,0,1,1,0,0,0,0,12.291955,50.601244
23,21,6,2,16,4,2,3,6,0,0,1,1,0,0,0,0,12.267055,50.620245
23,21,9,5,14,1,3,0,5,0,0,1,1,0,0,0,0,12.262224,50.619987
23,21,10,6,16,4,2,0,1,0,0,1,0,0,0,0,0,12.290012,50.615246
23,22,2,26,19,7,2,0,7,2,0,1,0,0,0,0,0,12.302269,50.621869
23,22,3,28,17,2,2,4,1,0,0,1,1,0,0,0,0,12.265277,50.621877
23,22,7,12,16,3,3,3,6,0,0,1,1,0,0,0,0,12.295095,50.63962
23,22,7,18,12,2,2,4,2,0,0,1,1,0,0,0,0,12.289399,50.62917
23,22,8,14,3,1,2,8,1,2,0,1,0,0,0,0,0,12.290458,50.647353
23,22,8,14,16,1,3,0,1,0,0,1,0,0,0,0,0,12.26638,50.617178
23,22,10,21,15,6,2,0,1,0,1,1,0,0,0,0,0,12.268472,50.620013
23,22,10,27,19,5,3,1,5,2,0,1,1,0,0,0,0,12.30573,50.622988
23,23,5,22,17,2,3,5,3,0,0,1,1,0,0,0,0,12.318949,50.634424
23,23,7,12,15,4,2,4,2,0,0,1,1,0,0,0,0,12.307487,50.629682
23,23,7,16,19,1,3,5,2,0,0,1,1,0,0,0,0,12.293318,50.616522
23,23,8,3,16,5,2,0,7,0,0,1,0,0,0,0,0,12.292878,50.619352
23,23,9,7,15,5,2,3,6,0,0,1,0,0,1,0,0,12.261111,50.621556
23,23,11,21,18,3,2,5,3,2,1,1,0,0,1,0,0,12.292104,50.624594
23,24,4,4,11,5,3,0,7,0,1,1,0,0,0,0,0,12.315371,50.632589
23,24,4,14,18,1,2,8,7,0,0,1,0,0,0,0,0,12.301196,50.618817
23,24,5,17,9,6,2,3,2,0,0,1,1,0,0,0,0,12.317939,50.63398
23,24,5,20,20,2,2,8,7,0,0,1,0,0,0,0,0,12.274118,50.634497
23,24,10,2,12,4,2,5,3,0,0,1,1,0,0,0,0,12.294021,50.629647
23,24,10,8,8,3,2,0,7,0,1,1,0,0,0,0,0,12.300647,50.621829
23,25,5,31,17,7,2,0,1,0,0,1,0,0,0,0,0,12.28873,50.622355
23,25,6,26,19,5,3,5,3,0,0,1,1,0,0,0,0,12.265369,50.620066
23,25,7,7,13,2,3,5,7,0,0,1,1,0,0,0,0,12.308806,50.625262
23,16,8,7,15,1,3,5,3,0,0,1,1,0,0,0,0,12.00134,50.466872
23,17,3,12,11,1,3,4,2,0,0,1,1,0,0,0,0,12.414612,50.531251
23,17,7,7,17,6,3,8,7,0,0,1,0,0,0,0,0,12.428538,50.519206
23,17,8,18,17,6,2,9,1,0,0,1,1,0,0,0,0,12.394236,50.521873
23,18,9,5,7,4,3,5,7,0,0,1,1,0,0,0,0,12.40435,50.527342
23,19,4,2,16,3,2,0,7,0,0,1,0,0,0,0,0,12.394071,50.521824
23,20,7,18,11,7,2,5,3,0,0,1,1,0,0,0,0,12.399731,50.526407
23,21,4,21,17,4,3,4,6,0,0,1,1,0,0,0,0,12.437173,50.545307
23,22,2,6,16,1,2,8,1,2,1,1,0,0,0,0,0,12.433814,50.532384
23,22,6,6,11,2,2,9,1,0,0,1,0,0,0,0,0,12.421394,50.551764
23,23,1,13,18,6,2,1,7,2,1,1,1,0,0,0,0,12.40129,50.537329
23,24,2,17,15,7,3,9,7,0,1,1,0,0,0,0,0,12.404344,50.525536
23,24,5,21,15,3,2,0,7,0,0,1,0,0,0,0,0,12.405975,50.525681
23,24,6,15,17,7,3,2,6,0,0,1,1,0,0,0,0,12.395299,50.541173
23,24,9,23,22,2,2,0,1,2,1,1,0,0,0,0,0,12.389944,50.52081
23,24,10,1,20,3,3,0,1,2,1,1,0,0,0,0,0,12.409854,50.532231
23,24,10,15,16,3,3,8,7,0,0,1,0,0,0,0,0,12.401933,50.531416
23,25,3,16,17,1,2,0,7,0,0,1,0,0,0,0,0,12.406073,50.532823
23,25,6,20,12,6,3,4,2,0,0,1,1,0,0,0,0,12.380248,50.542588
23,25,7,4,17,6,3,0,7,0,0,1,0,0,0,0,0,12.413114,50.526509
23,25,7,22,11,3,3,5,3,0,0,1,1,0,0,0,0,12.405295,50.526271
23,25,7,22,19,3,3,5,3,0,0,1,1,0,0,0,0,12.404685,50.531615
23,25,8,27,18,4,2,0,7,0,0,1,0,0,0,0,0,12.402992,50.53198
23,16,6,6,18,2,3,3,6,0,0,1,1,0,0,0,0,12.036465,50.549737
23,17,6,14,20,4,3,1,5,0,0,1,1,0,0,0,0,12.093596,50.561634
23,17,7,4,16,3,2,0,1,0,0,1,0,0,0,0,0,11.96372,50.529297
23,19,3,1,19,6,1,2,6,2,0,1,1,0,0,0,0,12.051273,50.544069
23,19,8,3,14,7,3,1,1,0,0,1,1,0,0,0,0,12.022085,50.515487
23,19,9,7,9,7,3,3,2,0,0,1,1,0,0,0,0,12.082057,50.543936
23,19,10,4,18,6,3,7,7,2,0,1,0,0,0,0,0,12.012166,50.509442
23,20,11,14,13,7,2,2,6,0,0,1,1,0,0,0,0,11.968497,50.53557
23,21,6,14,21,2,2,0,1,1,0,1,1,0,0,0,0,12.042575,50.50038
23,23,8,14,16,2,3,4,6,0,0,1,0,0,1,0,0,12.080879,50.538949
23,24,12,5,14,5,3,5,3,0,0,1,1,0,0,0,0,12.075153,50.546334
23,25,10,16,15,5,3,3,1,0,0,1,1,0,0,0,0,12.015458,50.548908
23,16,8,7,17,1,2,0,7,0,0,1,0,0,0,0,0,12.299001,50.400713
23,19,7,2,17,3,3,0,1,0,0,1,0,0,0,0,0,12.328189,50.391964
23,23,4,30,4,1,1,0,7,2,0,1,0,0,0,0,0,12.296873,50.413305
23,25,6,20,17,6,3,9,7,0,0,1,0,0,0,0,0,12.363927,50.388559
23,16,5,7,18,7,2,8,1,0,0,1,0,0,0,0,0,12.506788,50.544584
23,17,8,24,5,5,3,5,3,0,0,1,1,0,0,0,0,12.507494,50.535835
23,18,9,4,17,3,2,0,1,0,0,1,0,0,0,0,0,12.459782,50.551898
23,20,7,1,21,4,2,5,3,0,0,1,0,0,1,0,0,12.455623,50.556065
23,20,8,19,5,4,2,5,3,1,1,1,1,0,0,0,0,12.507494,50.535835
23,22,3,23,12,4,3,2,2,0,0,1,1,0,0,0,0,12.507549,50.547228
23,22,9,12,18,2,2,0,1,0,0,1,0,0,0,0,0,12.47265,50.531171
23,23,7,21,17,6,3,5,3,0,0,1,1,0,0,0,0,12.465974,50.535338
23,24,7,6,8,7,2,0,1,0,0,1,0,0,0,0,0,12.511918,50.534352
23,25,4,11,19,6,2,0,1,1,0,1,0,0,0,0,0,12.454866,50.521417
23,25,7,13,13,1,3,5,3,0,0,1,1,0,0,0,0,12.54173,50.575597
23,25,9,26,17,6,3,0,7,0,1,1,0,0,0,0,0,12.466696,50.52537
23,18,7,3,15,3,2,8,1,0,1,1,0,0,0,0,0,12.233653,50.456074
23,18,7,6,7,6,2,4,1,0,0,1,0,0,0,1,0,12.239148,50.464484
23,21,5,9,17,1,2,8,7,0,0,1,0,0,0,0,0,12.228832,50.462859