UKREIS,UJAHR,UMONAT,UTAG,USTUNDE,UWOCHENTAG,UKATEGORIE,UART,UTYP,LICHT,USTRZUSTAND,IstRad,IstPKW,IstFuss,IstKrad,IstGkfz,IstSonstige,@lon,@lat
23,18,9,2,21,1,2,0,1,2,0,1,0,0,0,0,0,12.203732,50.455202
23,21,2,20,16,7,2,5,3,0,0,1,1,0,0,0,0,12.199076,50.439367
23,21,6,17,23,5,3,4,6,2,0,1,1,0,0,0,0,12.184868,50.44815
23,21,11,12,14,6,3,5,3,0,0,1,1,0,0,0,0,12.213005,50.454414
23,22,5,22,14,1,3,0,1,0,0,1,0,0,0,0,0,12.250205,50.451318
23,23,9,13,9,4,3,5,3,0,0,1,1,0,0,0,0,12.242694,50.444561
23,16,5,6,19,6,2,4,6,0,0,1,1,0,0,0,0,12.287658,50.543052
23,16,5,6,22,6,2,4,2,2,0,1,1,0,0,0,0,12.278077,50.553348
23,16,6,2,6,5,2,5,3,0,0,1,1,0,0,0,0,12.278089,50.553344
23,16,9,2,7,6,3,5,3,0,0,1,1,0,0,0,0,12.302424,50.542247
23,17,5,23,18,3,2,5,3,0,0,1,1,0,0,0,0,12.293573,50.558237
23,17,10,11,9,4,3,0,7,0,0,1,1,0,0,0,0,12.310355,50.539697
23,18,4,6,6,6,3,3,2,0,0,1,1,0,0,0,0,12.298897,50.551502
23,18,5,3,20,5,3,5,3,0,0,1,1,0,0,0,0,12.290975,50.54842
23,18,5,4,15,6,2,2,7,0,0,1,1,0,0,0,0,12.349192,50.541717
23,18,6,2,16,7,2,0,1,0,0,1,0,0,0,0,0,12.3322,50.524652
23,18,10,5,17,6,2,2,6,0,0,1,1,0,0,0,0,12.301022,50.541615
23,19,4,4,7,5,3,5,3,0,0,1,1,0,0,0,0,12.306382,50.544081
23,19,5,3,12,6,2,1,1,0,0,1,1,0,0,0,0,12.288274,50.562396
23,19,7,5,14,6,3,0,7,0,0,1,0,0,0,0,0,12.304281,50.543074
23,19,8,6,5,3,3,0,2,2,0,1,1,0,0,0,0,12.298859,50.551506
23,19,9,3,15,3,2,0,3,0,0,1,1,0,0,0,0,12.312573,50.538361
23,19,12,7,10,7,3,6,4,0,1,1,0,1,0,0,0,12.299274,50.544234
23,20,5,16,17,7,2,5,2,0,0,1,1,0,0,0,0,12.301315,50.542964
23,20,9,30,18,4,2,0,7,0,0,1,0,0,0,0,0,12.292148,50.536856
23,20,12,1,8,3,3,5,3,0,1,1,1,0,0,0,0,12.282505,50.552054
23,21,5,30,16,1,3,5,3,0,0,1,1,0,0,0,0,12.304276,50.540356
23,21,6,9,12,4,3,3,6,0,0,1,0,0,0,0,1,12.254382,50.535709
23,21,7,5,16,2,2,5,3,0,0,1,1,0,0,0,0,12.309635,50.537869
23,22,1,13,17,5,3,4,2,2,0,1,1,0,0,0,0,12.314594,50.546157
23,22,5,3,14,3,2,4,2,0,0,1,1,0,0,0,0,12.314611,50.546155
23,22,6,23,11,5,3,5,3,0,0,1,1,0,0,0,0,12.302418,50.542244
23,23,7,6,12,5,3,0,6,0,0,1,1,0,0,0,0,12.346587,50.527873
23,25,6,14,13,7,3,5,7,0,0,1,1,0,0,0,0,12.303953,50.544272
23,25,7,9,14,4,2,0,7,0,1,1,0,0,0,0,0,12.345087,50.542995
23,25,8,15,17,6,3,5,3,0,0,1,1,0,0,0,0,12.310049,50.541339
23,25,8,30,15,7,3,4,1,0,0,1,1,0,0,0,0,12.331194,50.5241
23,18,4,3,11,3,2,0,7,0,0,1,0,0,0,0,0,12.126866,50.363547
23,23,4,23,22,1,2,0,1,2,0,1,0,0,0,0,0,12.096296,50.351027
23,16,10,6,14,5,3,0,7,0,1,1,1,0,0,0,0,12.070048,50.443438
23,17,5,18,19,5,2,2,1,0,0,1,1,0,0,0,0,12.061934,50.445093
23,18,3,2,17,6,2,4,2,0,0,1,1,0,0,0,0,11.972833,50.432266
23,18,4,2,8,2,2,1,7,0,0,1,1,0,0,0,0,12.059844,50.446808
23,20,4,24,16,6,3,4,6,0,0,1,0,0,0,0,0,12.073481,50.465067
23,20,5,9,13,7,2,5,3,0,0,1,1,0,0,0,0,12.061838,50.444204
23,20,5,13,9,4,2,5,3,0,0,1,1,0,0,0,0,12.058402,50.447449
23,20,8,12,10,4,2,0,1,0,0,1,0,0,0,0,0,12.079514,50.440067
23,21,6,18,5,6,2,7,7,1,0,1,0,0,0,0,0,11.99863,50.432439
23,22,6,2,17,5,3,5,7,0,0,1,1,0,0,0,0,12.059886,50.446597
23,22,6,17,16,6,3,4,2,0,0,1,1,0,0,0,0,12.058397,50.447451
23,22,9,1,5,5,3,1,1,2,0,1,1,0,0,0,0,12.056942,50.448592
23,22,10,10,16,2,3,5,3,0,0,1,1,0,0,0,0,12.067645,50.444029
23,23,6,1,18,5,2,0,1,0,0,1,0,0,0,0,0,12.049221,50.479186
23,23,8,29,1,3,3,0,1,2,1,1,0,0,0,0,0,12.072845,50.44244
23,23,9,17,19,1,3,4,6,0,0,1,1,0,0,0,0,12.020158,50.460781
23,25,1,6,15,2,3,3,6,0,0,1,1,0,0,0,0,11.946817,50.471899
23,25,5,21,13,4,3,5,3,0,0,1,1,0,0,0,0,11.9585,50.476472
23,25,5,22,16,5,3,3,6,0,0,1,1,0,0,0,0,12.033297,50.475745
23,25,6,1,21,1,3,8,6,2,0,1,1,0,0,0,0,12.027687,50.458719
23,25,7,18,22,6,2,0,1,2,0,1,0,0,0,0,0,12.087302,50.46669
23,25,12,3,14,4,3,3,6,0,0,1,1,0,0,0,0,12.047897,50.410139
23,17,8,5,9,7,2,2,2,0,0,1,1,0,0,0,0,12.279607,50.442264
23,24,4,8,16,2,1,0,7,0,0,1,0,0,0,0,0,12.326743,50.442495
23,24,5,18,17,7,2,4,6,0,0,1,1,0,0,0,0,12.305241,50.439072
24,18,5,1,9,3,3,3,2,0,0,1,1,0,0,0,0,12.661713,50.779182
24,19,12,2,15,2,2,4,2,0,0,1,1,0,0,0,0,12.63839,50.777401
24,20,8,19,8,4,2,0,7,0,0,1,0,0,0,0,0,12.642733,50.777566
24,20,12,2,13,4,3,5,3,0,0,1,1,0,0,0,0,12.663499,50.785209
24,22,6,19,17,1,2,0,7,0,0,1,0,0,0,0,0,12.678175,50.784031
24,24,2,21,5,4,3,3,6,2,1,1,1,0,0,0,0,12.678555,50.774131
24,24,5,15,19,4,2,4,2,0,0,1,1,0,0,0,0,12.663996,50.7851
24,16,3,4,17,6,3,5,1,1,0,1,1,0,0,0,0,12.666568,50.85583
24,17,7,24,16,2,2,5,2,0,1,1,1,0,0,0,0,12.656242,50.835472
24,18,7,1,12,1,3,3,6,0,0,1,0,0,0,0,1,12.678429,50.849801
24,18,10,3,17,4,3,4,2,1,0,1,1,0,0,0,0,12.727452,50.836122
24,18,12,7,18,6,3,5,3,2,1,1,1,0,0,0,0,12.641989,50.849452
24,19,5,2,14,5,2,8,1,0,0,1,0,0,0,0,0,12.642096,50.835504
24,21,3,3,7,4,2,5,2,0,0,1,1,0,0,0,0,12.691333,50.840983
24,21,4,14,11,4,3,0,3,0,0,1,1,0,0,0,0,12.635632,50.85092
24,23,8,25,10,6,3,0,7,0,0,1,1,0,0,0,0,12.679176,50.849179
24,24,3,15,13,6,3,2,6,0,0,1,0,0,1,0,0,12.632856,50.852216
24,24,8,6,18,3,2,5,3,0,0,1,0,0,0,0,0,12.710162,50.834238
24,25,7,19,19,7,3,5,3,0,0,1,1,0,0,0,0,12.647041,50.82606
24,25,8,30,12,7,2,5,3,0,0,1,0,0,1,0,0,12.641917,50.849457
24,16,1,5,19,3,3,5,3,2,1,1,0,0,0,0,0,12.383774,50.817162
24,16,5,1,10,1,3,1,3,0,0,1,1,0,0,0,0,12.390493,50.808633
24,16,6,3,14,6,3,1,5,0,0,1,1,0,0,0,0,12.388013,50.810003
24,16,9,1,5,5,3,0,7,1,0,1,0,0,0,0,0,12.308893,50.800327
24,16,9,7,7,4,3,5,2,1,0,1,1,0,0,0,0,12.388517,50.807176
24,16,12,5,17,2,2,5,3,2,0,1,1,0,0,0,0,12.387385,50.817598
24,17,2,2,8,5,3,0,1,0,2,1,0,0,0,0,0,12.391425,50.826971
24,17,2,28,6,3,3,4,2,2,1,1,1,0,0,0,0,12.405736,50.828654
24,17,5,28,11,1,2,5,3,0,0,1,1,0,0,0,0,12.28539,50.806241
24,17,10,3,18,3,2,4,2,0,0,1,1,0,0,0,0,12.387421,50.817607
24,17,10,6,10,6,3,3,2,0,0,1,1,0,0,0,0,12.389222,50.817762
24,17,10,9,16,2,2,4,2,0,0,1,1,0,0,0,0,12.388443,50.81229
24,17,10,21,20,7,3,8,1,2,1,1,0,0,0,0,0,12.393608,50.818908
24,17,12,7,14,5,3,5,3,0,0,1,1,0,0,0,0,12.38795,50.810147
24,17,12,7,18,5,3,1,5,2,0,1,1,0,0,0,0,12.387691,50.824483
24,18,2,2,15,6,3,5,3,0,0,1,1,0,0,0,0,12.282176,50.798244
24,18,7,1,18,1,3,3,6,0,0,1,1,0,0,0,0,12.408033,50.81962
24,18,8,2,9,5,2,5,2,0,0,1,1,0,0,0,0,12.386111,50.817306
24,18,8,4,17,7,3,2,7,0,0,1,1,0,0,0,0,12.388907,50.815466
24,18,8,6,17,2,3,5,3,0,0,1,1,0,0,0,0,12.387366,50.817594
24,18,9,3,15,2,3,6,7,0,1,1,0,1,0,0,0,12.381145,50.816936
24,18,9,7,16,6,2,5,3,0,0,1,1,0,0,0,0,12.388501,50.81226
24,18,9,7,18,6,3,1,7,0,0,1,1,0,0,0,0,12.388808,50.817746
24,18,11,3,13,7,3,5,3,0,0,1,1,0,0,0,0,12.393227,50.816643
24,18,12,5,5,4,3,0,3,2,1,1,0,0,0,1,0,12.391341,50.809411
24,19,1,2,7,4,3,5,3,1,0,1,1,0,0,0,0,12.388611,50.826588
24,19,1,2,15,4,2,5,3,0,0,1,1,0,0,0,0,12.388488,50.8072
24,19,3,1,13,6,3,5,3,0,0,1,1,0,0,0,0,12.386821,50.812409
24,19,5,2,9,5,3,0,5,0,0,1,1,0,0,0,0,12.391845,50.83336
24,19,6,1,2,7,2,8,6,2,0,1,1,0,0,0,0,12.379256,50.821851
24,19,6,7,13,6,2,0,7,0,0,1,1,0,0,0,0,12.398693,50.80874
24,19,8,2,8,6,3,8,1,0,0,1,0,0,0,0,0,12.38612,50.817308
24,19,8,2,14,6,3,5,3,0,0,1,1,0,0,0,0,12.388391,50.812288
24,19,9,6,9,6,2,5,3,0,0,1,1,0,0,0,0,12.400683,50.817735
24,19,12,2,5,2,3,0,3,2,1,1,1,0,0,0,0,12.377497,50.816436
24,19,12,6,10,6,3,0,1,0,2,1,0,0,0,0,0,12.378423,50.814452
24,20,6,7,18,1,3,0,1,0,0,1,0,0,0,0,0,12.409661,50.819727
24,20,7,2,7,5,3,0,7,0,1,1,0,0,0,0,0,12.391604,50.83449
24,20,7,14,10,3,2,3,6,0,0,1,0,0,0,1,0,12.258897,50.806556
24,20,9,9,8,4,3,5,3,0,0,1,1,0,0,0,0,12.392744,50.826245
24,20,9,14,16,2,3,5,3,0,0,1,1,0,0,0,0,12.395084,50.817924
24,20,10,7,14,4,3,7,7,0,0,1,0,0,0,0,0,12.382084,50.810852
24,20,12,1,14,3,3,0,1,0,1,1,0,0,0,0,0,12.386051,50.817083
24,21,5,3,14,2,2,5,2,0,0,1,1,0,0,0,0,12.337804,50.82163
24,21,6,15,14,3,2,0,1,0,0,1,0,0,0,0,0,12.316159,50.793349
24,21,9,25,19,7,3,8,6,1,0,1,1,0,0,0,0,12.3885,50.812262
24,21,10,12,16,3,3,5,3,0,1,1,1,0,0,0,0,12.391342,50.809375
24,21,11,27,12,7,3,0,7,0,0,1,1,0,0,0,0,12.389508,50.806006
24,21,11,30,16,3,3,2,2,1,1,1,1,0,0,0,0,12.393722,50.825697
24,22,4,16,16,7,3,1,1,0,0,1,1,0,0,0,0,12.386985,50.818485
24,22,4,25,20,2,3,6,6,1,0,1,0,1,0,0,0,12.388869,50.811527
24,22,5,19,22,5,3,5,3,2,1,1,1,0,0,0,0,12.386014,50.817348
24,22,7,4,16,2,3,0,6,0,0,1,1,0,0,0,0,12.400276,50.842208
24,22,7,22,17,6,2,0,1,0,0,1,0,0,0,0,0,12.383382,50.817226
24,22,7,25,7,2,3,0,1,0,0,1,0,0,0,0,0,12.405458,50.823216
24,22,8,10,7,4,3,6,4,0,0,1,0,1,0,0,0,12.38674,50.8152
24,22,8,22,10,2,3,6,6,0,0,1,0,1,0,0,0,12.387077,50.815756
24,22,9,9,5,6,3,1,3,2,0,1,1,0,0,0,0,12.381653,50.820137
24,22,10,6,13,5,3,0,1,0,0,1,0,0,0,0,0,12.389069,50.811187
24,22,10,11,17,3,3,3,2,0,0,1,1,0,0,0,0,12.391641,50.809308
24,22,10,15,17,7,3,7,7,0,0,1,0,0,0,0,0,12.436374,50.796512
24,22,12,2,12,6,2,4,2,0,1,1,1,0,0,0,0,12.381933,50.814236
24,22,12,6,13,3,3,5,3,0,1,1,1,0,0,0,0,12.38331,50.810756
24,22,12,26,21,2,2,0,7,2,1,1,1,0,0,0,0,12.383105,50.812999
24,23,4,28,11,6,3,5,3,0,1,1,1,0,0,0,0,12.393576,50.819148
24,23,7,19,15,4,3,1,5,0,0,1,1,0,0,0,0,12.385969,50.82868
24,23,8,17,6,5,3,5,2,0,0,1,0,0,0,1,0,12.406818,50.822989
24,23,8,25,15,6,2,4,7,0,0,1,1,0,0,0,0,12.383566,50.815643
24,23,9,17,15,1,3,5,2,0,0,1,1,0,0,0,0,12.39051,50.827371
24,23,10,6,16,6,3,4,6,0,0,1,1,0,0,0,0,12.38968,50.804783
24,23,10,27,7,6,3,3,6,2,1,1,1,0,0,0,0,12.393936,50.825665
24,23,11,20,14,2,3,0,3,0,0,1,1,0,0,0,0,12.391353,50.809409
24,23,12,16,10,7,3,5,3,0,0,1,1,0,0,0,0,12.389768,50.814243
24,24,2,1,4,5,3,0,7,2,0,1,0,0,0,0,0,12.393363,50.81889
24,24,2,5,5,2,3,5,3,2,1,1,1,0,0,0,0,12.391353,50.809409
24,24,3,16,18,7,3,7,7,1,0,1,0,0,0,0,0,12.394156,50.825566
24,24,3,18,19,2,3,0,7,2,0,1,0,0,0,0,0,12.394495,50.826093
24,24,3,21,11,5,3,5,7,0,0,1,1,0,0,0,0,12.383877,50.807832
24,24,5,2,13,5,2,3,2,0,0,1,1,0,0,0,0,12.412034,50.826498
24,24,7,8,22,2,3,3,7,2,0,1,0,0,0,0,0,12.393774,50.816225
24,24,8,29,21,5,3,4,6,2,0,1,1,0,0,0,0,12.381121,50.816939
24,24,9,25,14,4,3,0,7,0,0,1,0,0,0,0,0,12.38555,50.814541
24,24,11,28,22,5,3,5,3,2,1,1,1,0,0,0,0,12.405752,50.826396
24,25,3,3,10,2,3,5,2,0,0,1,1,0,0,0,0,12.387069,50.82244
24,25,4,10,12,5,3,5,7,0,0,1,1,0,0,0,0,12.392503,50.838805
24,25,5,8,13,5,3,5,7,0,0,1,1,0,0,1,0,12.389302,50.827655
24,25,5,21,17,4,2,0,2,0,0,1,1,0,0,0,0,12.386029,50.817388
24,25,5,23,9,6,3,5,3,0,0,1,1,0,0,0,0,12.391347,50.809392
24,25,6,13,13,6,3,4,7,0,0,1,0,0,0,0,0,12.389881,50.814232
24,25,7,9,19,4,2,0,7,0,0,1,0,0,0,0,0,12.381572,50.818386
24,25,10,21,9,3,2,6,4,0,0,1,0,1,0,0,0,12.385599,50.811204
24,25,10,24,19,6,3,5,3,2,0,1,1,0,0,0,0,12.390807,50.829478
24,25,11,1,12,7,3,5,2,0,0,1,1,0,0,0,0,12.388276,50.82592
24,18,4,1,17,1,3,5,3,0,0,1,1,0,0,0,0,12.492404,50.589025
24,18,8,4,10,7,3,5,2,0,0,1,1,0,0,0,0,12.528492,50.566362
24,24,10,26,14,7,2,0,7,0,0,1,0,0,0,0,0,12.502806,50.571987
24,17,12,26,18,3,3,0,7,2,0,1,0,0,0,0,1,12.450015,50.815364
24,18,6,5,13,3,3,5,2,0,0,1,1,0,0,0,0,12.492335,50.816227
24,19,9,4,12,4,3,0,7,0,0,1,0,1,0,0,0,12.503905,50.810795
24,20,6,26,9,6,3,5,2,0,0,1,0,0,0,1,0,12.473114,50.826596
24,21,5,23,10,1,2,5,3,0,0,1,1,0,0,0,0,12.488563,50.817683
24,21,7,15,19,5,2,0,1,0,0,1,0,0,0,0,0,12.496912,50.818905
24,24,6,27,14,5,3,3,6,0,0,1,1,0,0,0,0,12.503762,50.799794
24,24,7,7,0,1,2,0,7,2,0,1,0,0,0,0,0,12.480552,50.799208
24,24,11,1,9,6,3,5,3,0,0,1,1,0,0,0,0,12.448096,50.816432
24,25,6,10,12,3,3,8,7,0,0,1,0,0,0,0,0,12.50967,50.811415
24,25,6,26,17,5,3,6,6,0,0,1,0,0,0,0,1,12.507321,50.807658
24,16,4,7,7,5,2,0,1,0,0,1,0,0,0,0,0,12.358437,50.704845
24,16,11,1,17,3,3,5,3,2,0,1,0,0,0,1,0,12.359154,50.673132
24,16,12,4,17,1,3,3,6,2,0,1,1,0,0,0,0,12.362435,50.681266
24,17,9,8,11,6,3,0,7,0,0,1,0,0,0,0,0,12.336833,50.696476
24,19,2,7,7,5,2,0,7,0,1,1,0,0,0,0,0,12.370276,50.713396
24,19,10,7,12,2,3,0,7,0,0,1,0,0,0,0,0,12.371627,50.713905
24,20,4,27,16,2,3,5,3,0,0,1,1,0,0,0,0,12.37125,50.712892
24,20,5,21,20,5,2,0,1,0,0,1,0,0,0,0,0,12.356352,50.703722
24,20,6,21,13,1,2,8,7,0,0,1,0,0,0,0,0,12.36599,50.707381
24,20,8,30,13,1,2,1,5,0,1,1,1,0,0,0,0,12.355516,50.703244
24,21,7,7,8,4,3,3,6,0,1,1,1,0,0,0,0,12.369465,50.689276
24,21,10,22,5,6,2,5,3,2,0,1,1,0,0,0,0,12.355953,50.703487
24,22,2,2,16,4,2,5,3,1,1,1,1,0,0,0,0,12.36123,50.676266
24,22,5,7,23,7,2,8,1,2,0,1,0,0,0,0,0,12.335838,50.688171
24,22,6,24,15,6,3,5,3,0,0,1,1,0,0,0,0,12.366604,50.709231
24,22,7,11,15,2,2,0,7,0,0,1,0,0,0,0,0,12.340533,50.674007
24,22,8,6,17,7,2,0,1,0,0,1,0,0,0,0,0,12.362757,50.696585
24,22,10,28,14,6,2,8,1,0,0,1,0,0,0,0,0,12.361067,50.675936
24,24,3,22,17,6,3,5,3,0,0,1,1,0,0,0,0,12.37148,50.710505
24,24,9,7,17,7,2,1,5,0,0,1,1,0,0,0,0,12.362403,50.706325
24,24,9,30,8,2,3,5,3,0,0,1,1,0,0,0,0,12.36899,50.706491
24,24,10,2,11,4,3,9,7,0,1,1,0,0,0,0,0,12.37111,50.712559
24,16,3,2,13,4,2,5,3,0,1,1,1,0,0,0,0,12.700122,50.777382
24,17,3,9,7,5,3,5,3,0,1,1,1,0,0,0,0,12.711373,50.749666
24,17,7,20,17,5,2,5,3,0,1,1,0,0,0,0,1,12.703295,50.757269
24,17,9,29,7,6,3,0,1,0,0,1,0,0,0,0,0,12.687906,50.753741
24,18,6,4,7,2,3,0,1,0,0,1,0,0,0,0,0,12.711314,50.750788
24,18,10,2,12,3,3,0,7,0,0,1,0,0,0,0,1,12.708114,50.757911
24,19,1,7,6,2,3,5,3,2,1,1,1,0,0,0,0,12.708206,50.758228
24,19,6,5,22,4,3,8,1,2,0,1,0,0,0,0,0,12.719641,50.755723
24,19,8,5,19,2,3,0,1,0,0,1,0,0,0,0,0,12.707551,50.754192
24,20,5,3,2,1,2,3,1,2,1,1,0,0,0,0,0,12.709532,50.759038
24,20,9,17,5,5,3,8,1,2,0,1,0,0,0,0,0,12.71889,50.757853
24,21,10,16,19,7,3,0,7,2,1,1,0,0,0,0,0,12.68379,50.776265
24,23,1,16,15,2,3,4,2,0,0,1,1,0,0,0,0,12.708208,50.758235
24,23,4,23,16,1,2,8,7,0,0,1,0,0,0,0,0,12.706143,50.767331
24,24,4,8,15,2,3,5,3,0,0,1,1,0,0,0,0,12.716983,50.749107
24,25,5,23,15,6,2,5,3,0,0,1,1,0,0,0,0,12.70401,50.771243
24,25,7,17,15,5,3,0,7,0,0,1,0,0,0,0,0,12.716452,50.749232
24,25,8,21,9,5,3,1,5,0,0,1,0,0,0,1,0,12.693583,50.754465
24,16,1,2,22,7,3,0,6,2,1,1,1,0,0,0,0,12.525113,50.826502
24,16,1,7,9,5,3,0,1,0,2,1,0,0,0,0,0,12.541092,50.813172
24,16,2,1,13,2,3,8,1,0,2,1,0,0,0,0,0,12.554579,50.828457
24,16,2,6,15,7,3,0,1,0,0,1,0,0,0,0,0,12.543668,50.818129
24,16,3,1,8,3,3,5,3,0,1,1,0,0,0,0,0,12.528641,50.823375
24,16,5,4,7,4,2,5,3,0,0,1,1,0,0,0,0,12.552635,50.826583
24,16,5,6,23,6,2,2,6,2,0,1,0,0,0,0,0,12.548804,50.8189
24,16,6,3,6,6,2,3,6,0,0,1,1,0,0,0,0,12.544663,50.82772
24,16,6,6,5,2,2,5,3,0,0,1,0,0,1,0,0,12.519742,50.831277
24,16,6,7,17,3,3,4,6,0,0,1,1,0,0,0,0,12.603851,50.836431
24,16,7,1,15,6,3,0,1,0,0,1,0,0,0,0,0,12.547849,50.822624
24,16,7,4,9,2,3,5,3,0,0,1,1,0,0,0,0,12.537364,50.829933
24,16,7,5,16,3,3,5,3,0,0,1,1,0,0,0,0,12.55024,50.822693
24,16,8,2,19,3,2,0,6,0,0,1,1,0,0,0,0,12.554759,50.816968
24,16,8,7,14,1,2,5,3,0,0,1,1,0,0,0,0,12.544343,50.823559
24,16,9,2,23,6,3,1,7,2,0,1,1,0,0,0,0,12.532721,50.820168
24,16,9,6,7,3,2,2,6,0,0,1,1,0,0,0,0,12.53534,50.823851
24,16,10,3,0,2,2,8,1,2,0,1,0,0,0,0,0,12.541862,50.824707
24,16,11,1,19,3,3,0,7,2,1,1,0,0,0,0,0,12.540182,50.834918
24,16,11,2,14,4,2,5,3,0,1,1,1,0,0,0,0,12.542119,50.838361
24,16,11,3,13,5,2,5,3,0,0,1,1,0,0,0,0,12.527008,50.824719
24,16,11,3,13,5,2,5,3,0,0,1,1,0,0,0,0,12.527026,50.824703
24,16,12,5,10,2,2,5,3,0,0,1,1,0,0,0,0,12.54178,50.818094
24,17,3,17,19,6,3,5,3,2,1,1,1,0,0,0,0,12.547278,50.81179
24,17,4,27,7,5,3,4,6,0,0,1,0,0,0,0,0,12.516887,50.823497
24,17,5,13,17,7,3,8,1,0,0,1,0,0,0,0,0,12.516395,50.831512
24,17,6,9,21,6,3,0,6,1,0,1,0,0,0,0,0,12.538412,50.825113
24,17,6,13,12,3,3,2,7,0,0,1,0,0,0,0,1,12.542908,50.826873
24,17,6,23,20,6,2,3,6,0,0,1,1,0,0,0,0,12.560454,50.828615
24,17,7,7,16,6,2,0,1,0,1,1,0,0,0,0,0,12.531901,50.812453
24,17,7,9,16,1,2,0,1,0,0,1,0,0,0,0,0,12.58314,50.806682
24,17,8,9,12,4,3,0,1,0,0,1,0,0,0,0,0,12.513249,50.829626
24,17,8,20,21,1,3,3,6,1,0,1,1,0,0,0,0,12.528671,50.823319
24,17,9,9,17,7,3,0,1,0,0,1,0,0,0,0,0,12.538968,50.825078
24,17,9,21,17,5,2,5,3,0,0,1,1,0,0,0,0,12.544379,50.820169
24,17,11,25,10,7,3,5,3,0,1,1,1,0,0,0,0,12.548997,50.818645
24,17,12,13,17,4,2,5,3,2,0,1,1,0,0,0,0,12.542704,50.839538
24,18,3,1,15,5,3,5,2,0,0,1,1,0,0,0,0,12.5466,50.826834
24,18,4,3,12,3,3,5,3,0,0,1,1,0,0,0,0,12.552632,50.826566
24,18,4,5,6,5,3,1,5,1,0,1,0,0,0,0,1,12.538326,50.826059
24,18,4,5,9,5,3,5,3,0,1,1,1,0,0,0,0,12.526532,50.82524
24,18,6,5,14,3,3,5,3,0,0,1,1,0,0,0,0,12.537447,50.820418
24,18,6,6,18,4,3,5,3,0,0,1,1,0,0,0,0,12.565344,50.84048
24,18,6,7,10,5,3,5,3,0,0,1,1,0,0,0,0,12.521426,50.821985
24,18,7,3,17,3,3,0,3,0,0,1,1,0,0,0,0,12.550706,50.819837
24,18,7,4,8,4,1,5,3,0,0,1,1,0,0,0,0,12.551673,50.834423
24,18,7,5,10,5,3,0,7,0,0,1,1,0,0,0,0,12.542415,50.818908
24,18,8,4,16,7,3,0,7,0,1,1,0,0,0,0,0,12.54108,50.813176
24,18,9,2,17,1,3,5,3,0,0,1,1,0,0,0,0,12.553896,50.817587
24,18,9,4,13,3,3,0,3,0,0,1,1,0,0,0,0,12.539475,50.813776
24,18,9,5,18,4,3,3,5,0,0,1,1,0,0,0,0,12.571884,50.817828
24,18,11,5,19,2,1,4,1,2,0,1,1,0,0,0,0,12.594443,50.80148
24,19,1,3,14,5,3,5,3,0,1,1,1,0,0,0,0,12.542143,50.824513
24,19,1,4,13,6,3,6,7,0,1,1,0,1,0,0,0,12.546981,50.827915
24,19,2,4,16,2,3,3,6,0,0,1,1,0,0,0,0,12.529004,50.823388
24,19,5,2,6,5,3,5,3,0,0,1,1,0,0,0,0,12.524656,50.826921
24,19,7,2,12,3,2,8,1,0,0,1,0,0,0,0,0,12.529299,50.813737
24,19,7,7,18,1,3,1,5,0,0,1,1,0,0,0,0,12.550238,50.803409
24,19,8,2,15,6,3,5,3,0,0,1,1,0,0,0,0,12.527468,50.823005
24,19,9,1,13,1,3,9,1,0,0,1,1,0,0,0,0,12.514457,50.794857
24,19,9,4,6,4,3,2,2,0,0,1,1,0,0,0,0,12.539442,50.813758
24,19,9,5,5,5,3,0,3,1,1,1,1,0,0,0,0,12.549212,50.828082
24,19,10,2,13,4,3,0,3,0,0,1,1,0,0,0,0,12.548709,50.826545
24,19,10,3,15,5,2,5,3,0,0,1,1,0,0,0,0,12.548905,50.813009
24,19,11,1,15,6,3,0,1,0,1,1,1,0,0,0,0,12.564335,50.819676
24,19,11,5,11,3,2,3,6,0,1,1,1,0,0,0,0,12.541581,50.826467
24,19,12,6,9,6,3,4,2,0,1,1,0,0,0,0,1,12.567233,50.819391
24,20,4,11,16,7,2,8,1,0,0,1,0,0,0,0,0,12.538309,50.810048
24,20,5,1,2,6,3,0,7,2,0,1,0,0,0,0,0,12.543225,50.815267
24,20,5,21,16,5,3,0,1,0,0,1,0,0,0,0,0,12.539571,50.833835
24,20,6,3,13,4,3,2,6,0,0,1,1,0,0,0,0,12.546562,50.820632
24,20,6,12,11,6,3,5,2,0,0,1,1,0,0,0,0,12.526478,50.825211
24,20,7,17,15,6,3,5,3,0,0,1,1,0,0,0,0,12.547297,50.811778
24,20,7,23,15,5,2,5,3,0,0,1,1,0,0,0,0,12.558941,50.82885
24,20,8,6,7,5,3,5,3,0,0,1,1,0,0,0,0,12.531651,50.821069
24,20,8,8,19,7,3,0,7,0,0,1,0,0,0,0,0,12.49331,50.837789
24,20,9,18,16,6,3,0,3,0,0,1,0,0,1,0,0,12.537405,50.810473
24,20,11,1,8,1,2,9,7,0,0,1,0,0,0,0,0,12.564348,50.819672
24,21,3,25,14,5,3,2,6,0,0,1,1,0,0,0,0,12.521166,50.83857
24,21,5,22,18,7,3,1,1,1,0,1,1,0,0,0,0,12.552111,50.814792
24,21,5,24,14,2,3,0,1,0,0,1,0,0,0,0,0,12.603811,50.836266
24,21,6,4,21,6,2,3,2,1,0,1,0,0,1,0,0,12.550015,50.814044
24,21,6,7,13,2,2,0,5,0,0,1,1,0,0,0,0,12.518456,50.797594
24,21,6,9,16,4,3,5,3,0,0,1,0,0,0,0,1,12.559141,50.83573
24,21,6,15,14,3,3,5,3,0,0,1,1,0,0,0,0,12.529471,50.81326