UKREIS,UJAHR,UMONAT,UTAG,USTUNDE,UWOCHENTAG,UKATEGORIE,UART,UTYP,LICHT,USTRZUSTAND,IstRad,IstPKW,IstFuss,IstKrad,IstGkfz,IstSonstige,@lon,@lat
24,21,7,29,17,5,3,1,1,0,0,1,1,0,0,0,0,12.519382,50.797106
24,21,7,29,18,5,3,0,1,0,0,1,0,0,0,0,0,12.558068,50.799073
24,21,8,2,17,2,2,0,1,0,0,1,0,0,0,0,0,12.543397,50.82205
24,21,8,11,8,4,2,0,7,0,0,1,0,0,0,0,0,12.542894,50.82056
24,21,9,7,7,3,2,0,1,0,0,1,0,0,0,0,0,12.544667,50.817467
24,21,9,8,10,4,3,5,3,0,0,1,1,0,0,0,0,12.542697,50.83952
24,21,9,9,6,5,3,5,3,0,0,1,1,0,0,0,0,12.537446,50.820419
24,21,9,27,21,2,3,1,1,2,0,1,0,0,0,0,0,12.520155,50.823952
24,21,12,3,9,6,2,8,1,0,0,1,0,0,0,0,0,12.539314,50.825033
24,22,1,16,16,1,3,0,1,1,0,1,0,0,0,0,0,12.521443,50.833485
24,22,4,6,22,4,3,4,6,2,0,1,1,0,0,0,0,12.498364,50.83506
24,22,5,16,23,2,3,1,5,2,1,1,0,0,0,0,1,12.527719,50.82305
24,22,6,4,19,7,3,5,7,0,0,1,1,0,0,0,0,12.554297,50.817723
24,22,7,5,17,3,3,5,3,0,0,1,1,0,0,0,0,12.540693,50.835308
24,22,7,27,17,4,3,3,6,0,0,1,1,0,0,0,0,12.561951,50.824442
24,22,8,25,7,5,3,8,1,0,0,1,0,0,0,0,0,12.577269,50.811874
24,22,8,30,14,3,2,9,1,0,0,1,0,0,0,0,0,12.577256,50.84207
24,22,9,13,8,3,3,5,3,0,0,1,1,0,0,0,0,12.557107,50.818939
24,22,9,22,12,5,2,0,7,0,0,1,0,0,0,0,0,12.538558,50.820914
24,22,9,24,13,7,2,0,1,0,1,1,0,0,0,0,1,12.517865,50.840691
24,22,10,28,15,6,3,5,7,0,0,1,1,0,0,0,0,12.517737,50.831676
24,22,11,7,5,2,2,5,3,2,0,1,1,0,0,0,0,12.546557,50.82063
24,22,12,5,14,2,3,3,2,0,1,1,1,0,0,0,0,12.516472,50.820965
24,22,12,8,17,5,3,4,7,2,0,1,1,0,0,0,0,12.557451,50.819575
24,23,1,7,2,7,3,0,7,2,0,1,0,0,0,0,0,12.532775,50.791776
24,23,2,17,11,6,3,0,7,0,1,1,0,0,0,0,1,12.549442,50.824977
24,23,3,16,22,5,2,9,7,2,0,1,0,0,0,0,0,12.532318,50.812404
24,23,4,1,23,7,3,0,7,2,1,1,0,0,0,0,0,12.557287,50.817993
24,23,5,8,15,2,3,0,7,0,0,1,0,0,0,0,1,12.542956,50.839468
24,23,5,28,18,1,2,6,4,0,0,1,0,1,0,0,0,12.515392,50.805718
24,23,6,4,18,1,3,7,7,0,0,1,0,0,0,0,0,12.510785,50.800569
24,23,6,7,14,4,3,6,2,0,1,1,0,1,0,0,0,12.547188,50.827748
24,23,6,19,15,2,3,0,7,0,0,1,0,0,0,0,0,12.54469,50.827739
24,23,6,27,16,3,3,1,7,0,0,1,1,0,0,0,0,12.545416,50.825565
24,23,9,8,10,6,3,2,5,0,0,1,1,0,0,0,0,12.544851,50.824693
24,23,10,27,15,6,2,5,3,0,0,1,1,0,0,0,0,12.543943,50.811892
24,23,12,18,13,2,3,5,3,0,0,1,1,0,0,0,0,12.514023,50.831363
24,24,3,4,8,2,2,1,5,0,0,1,1,0,0,0,0,12.544536,50.816554
24,24,3,18,20,2,3,1,7,2,0,1,1,0,0,0,0,12.515649,50.830029
24,24,4,30,19,3,3,5,3,1,0,1,1,0,0,0,0,12.545434,50.812024
24,24,5,25,6,7,2,5,3,0,0,1,1,0,0,0,0,12.53946,50.813768
24,24,6,6,16,5,3,3,7,0,0,1,0,0,0,0,0,12.523163,50.824649
24,24,6,11,20,3,3,0,7,0,0,1,0,0,0,0,0,12.564429,50.817348
24,24,7,10,10,4,3,5,3,0,0,1,1,0,0,0,0,12.557105,50.818938
24,24,7,30,14,3,2,0,7,0,0,1,0,0,0,0,0,12.541835,50.812855
24,24,8,1,7,5,3,0,7,0,0,1,0,0,0,0,0,12.54279,50.843626
24,24,8,5,11,2,3,3,2,0,0,1,1,0,0,0,0,12.542135,50.824534
24,24,9,11,10,4,3,0,7,0,0,1,0,0,0,0,0,12.554189,50.817367
24,24,9,27,10,6,3,3,6,0,0,1,0,0,0,1,0,12.519004,50.821876
24,24,9,30,10,2,3,4,2,0,0,1,1,0,0,0,0,12.547325,50.817194
24,24,10,21,6,2,3,1,5,2,0,1,1,0,0,0,0,12.574696,50.813864
24,24,10,21,14,2,3,5,3,0,0,1,1,0,0,0,0,12.529017,50.823227
24,24,10,28,16,2,2,5,3,1,0,1,1,0,0,0,0,12.543137,50.815191
24,25,3,24,9,2,3,0,7,0,0,1,0,0,0,0,0,12.52712,50.822942
24,25,3,25,8,3,2,3,6,0,0,1,1,0,0,0,0,12.534011,50.807656
24,25,5,9,22,6,3,0,7,2,0,1,0,0,0,0,0,12.529697,50.823456
24,25,6,4,17,4,2,5,3,0,0,1,1,0,0,0,0,12.532312,50.837462
24,25,6,25,7,4,3,5,3,0,0,1,1,0,0,0,0,12.542344,50.824217
24,25,7,4,13,6,3,3,6,0,0,1,1,0,0,0,0,12.513638,50.793721
24,25,7,14,9,2,2,5,3,0,0,1,0,0,0,1,0,12.555813,50.828935
24,25,7,22,14,3,3,4,2,0,0,1,1,0,0,0,0,12.543325,50.817634
24,25,7,23,7,4,3,0,7,0,0,1,0,0,0,0,0,12.541225,50.824822
24,25,8,7,17,5,3,5,3,0,0,1,1,0,0,0,0,12.518563,50.824866
24,25,8,8,17,6,2,4,6,0,0,1,1,0,0,0,0,12.532372,50.812401
24,25,8,31,19,1,3,0,7,0,0,1,0,0,0,0,0,12.538436,50.825573
24,25,9,19,19,6,3,5,7,1,0,1,0,0,0,0,0,12.540876,50.816985
24,25,10,13,11,2,3,3,6,0,0,1,1,0,0,0,0,12.555643,50.829708
24,25,11,2,11,1,3,5,3,0,0,1,1,0,0,0,0,12.581286,50.806335
24,25,11,4,12,3,3,4,6,0,0,1,1,0,0,0,0,12.538502,50.82528
24,25,11,27,15,5,3,5,2,0,0,1,1,0,0,0,0,12.550015,50.814044
24,16,1,2,9,7,2,0,1,0,0,1,0,0,0,0,0,12.681135,50.664542
24,16,6,7,11,3,3,0,6,0,0,1,1,0,0,0,0,12.668787,50.667314
24,16,8,4,9,5,3,1,3,0,0,1,1,0,0,0,0,12.675915,50.695312
24,16,8,5,13,6,3,3,2,0,0,1,0,0,1,0,0,12.663506,50.652425
24,16,10,1,10,7,3,5,3,0,0,1,1,0,0,0,0,12.671373,50.661928
24,17,3,27,17,2,2,0,2,0,0,1,1,0,0,0,0,12.647946,50.670422
24,18,1,2,15,3,3,5,3,0,0,1,1,0,0,0,0,12.650361,50.667886
24,18,9,5,16,4,2,3,6,0,0,1,1,0,0,0,0,12.661559,50.665616
24,21,9,20,6,2,3,1,5,1,1,1,1,0,0,0,0,12.682544,50.6655
24,22,3,26,16,7,2,2,1,0,0,1,0,0,0,0,0,12.664249,50.676166
24,22,4,22,17,6,3,5,3,0,0,1,1,0,0,0,0,12.663719,50.652267
24,22,8,6,23,7,1,8,7,2,0,1,0,0,0,0,0,12.668693,50.681062
24,23,11,12,10,1,1,0,7,0,0,1,0,0,0,0,0,12.666131,50.674657
24,24,6,15,17,7,3,5,3,0,0,1,1,0,0,0,0,12.669913,50.659411
24,25,2,13,12,5,2,1,5,0,1,1,1,0,0,0,0,12.666269,50.662963
24,25,7,1,20,3,3,5,2,0,0,1,1,0,0,0,0,12.68069,50.698899
24,25,8,26,17,3,1,0,7,0,0,1,1,0,0,0,0,12.699702,50.673889
24,25,9,17,11,4,3,3,6,0,0,1,0,0,0,0,1,12.638049,50.665513
24,25,10,19,11,1,2,0,7,0,0,1,0,0,0,0,0,12.699941,50.686887
24,18,9,6,16,5,3,3,6,0,0,1,0,0,0,1,0,12.546338,50.595275
24,18,10,3,13,4,2,5,3,0,0,1,1,0,0,0,0,12.546784,50.60378
24,19,7,1,16,2,3,3,6,0,0,1,1,0,0,0,0,12.546227,50.598414
24,20,5,16,17,7,3,4,2,0,0,1,1,0,0,0,0,12.54641,50.591042
24,20,5,21,16,5,2,9,1,0,0,1,0,0,0,0,0,12.543925,50.595175
24,22,8,11,14,5,3,5,7,0,0,1,1,0,0,0,0,12.546219,50.590837
24,24,8,9,16,6,3,8,1,0,0,1,0,0,0,0,0,12.543911,50.585617
24,25,7,24,16,5,2,0,1,0,0,1,0,0,0,0,0,12.513998,50.586127
24,18,7,7,12,7,2,8,6,0,0,1,1,0,0,0,0,12.473739,50.638821
24,24,8,14,20,4,2,0,7,0,0,1,0,0,0,0,0,12.473195,50.616809
24,25,8,22,6,6,3,5,3,0,0,1,1,0,0,0,0,12.431023,50.618134
24,16,3,4,20,6,3,5,3,2,0,1,1,0,0,0,0,12.76029,50.808528
24,16,5,6,12,6,3,0,5,0,0,1,1,0,0,0,0,12.709763,50.801758
24,16,6,6,11,2,2,5,3,0,0,1,1,0,0,0,0,12.702139,50.796425
24,16,8,2,9,3,3,5,3,0,0,1,1,0,0,0,0,12.715058,50.798125
24,16,8,3,1,4,2,2,6,2,0,1,1,0,0,0,0,12.75614,50.806579
24,16,9,6,6,3,2,5,3,2,0,1,1,0,0,0,0,12.728634,50.801231
24,16,11,2,16,4,3,0,1,1,1,1,0,0,0,0,0,12.697919,50.802266
24,16,12,1,15,5,3,0,7,0,0,1,1,0,0,0,0,12.724595,50.799939
24,17,4,11,17,3,3,0,1,0,0,1,0,0,0,0,0,12.759269,50.812743
24,17,6,6,6,3,2,3,6,0,0,1,1,0,0,0,0,12.698169,50.798625
24,17,6,24,14,7,3,5,3,0,0,1,1,0,0,0,0,12.703087,50.799964
24,18,6,7,15,5,3,1,1,0,0,1,1,0,0,0,0,12.727713,50.801629
24,18,7,2,13,2,3,5,3,0,0,1,1,0,0,0,0,12.72017,50.799589
24,18,10,6,18,7,2,0,1,1,0,1,0,0,0,0,0,12.719276,50.80635
24,19,6,6,7,5,3,3,6,0,0,1,1,0,0,0,0,12.690237,50.798247
24,19,8,4,16,1,2,5,3,0,0,1,1,0,0,0,0,12.702765,50.796857
24,20,1,16,7,5,3,4,2,2,0,1,1,0,0,0,0,12.758157,50.808081
24,20,5,8,13,6,2,4,6,0,0,1,1,0,0,0,0,12.759747,50.80553
24,20,6,1,11,2,2,7,7,0,0,1,0,0,0,0,0,12.747791,50.814842
24,20,6,2,17,3,3,3,2,0,0,1,1,0,0,0,0,12.70204,50.79667
24,20,7,8,15,4,3,0,7,0,1,1,0,0,0,0,0,12.715932,50.8034
24,20,8,25,6,3,3,5,3,0,0,1,1,0,0,0,0,12.666221,50.811897
24,20,9,17,2,5,2,0,1,2,0,1,0,0,0,0,0,12.701183,50.795071
24,20,10,2,6,6,2,0,1,2,0,1,0,0,0,0,0,12.687102,50.793138
24,20,10,16,12,6,3,2,6,0,1,1,1,0,0,0,0,12.702286,50.796667
24,21,4,28,18,4,3,0,7,0,0,1,1,0,0,0,0,12.733328,50.798916
24,21,7,19,6,2,3,8,1,0,0,1,0,0,0,0,0,12.701145,50.795027
24,21,7,27,10,3,3,5,7,0,0,1,1,0,0,0,0,12.727169,50.804845
24,21,7,31,10,7,3,2,6,0,0,1,1,0,0,0,0,12.757681,50.814388
24,22,4,18,11,2,3,0,1,0,0,1,0,0,0,0,0,12.702885,50.796937
24,22,5,6,18,6,2,0,1,1,0,1,0,0,0,0,0,12.696008,50.800586
24,22,5,15,12,1,3,5,3,0,0,1,1,0,0,0,0,12.758383,50.806543
24,22,6,8,0,4,2,9,1,2,0,1,0,0,0,0,0,12.719222,50.804906
24,22,6,14,17,3,2,0,1,0,0,1,0,0,0,0,0,12.718101,50.80445
24,22,6,29,13,4,3,0,1,0,0,1,0,0,0,0,0,12.684752,50.802205
24,22,6,30,11,5,3,1,5,0,0,1,1,0,0,0,0,12.70706,50.800805
24,22,9,5,7,2,2,1,3,0,0,1,1,0,0,0,0,12.738052,50.80566
24,23,5,7,18,1,3,0,5,0,0,1,1,0,0,0,0,12.713003,50.803416
24,23,6,4,10,1,2,0,7,0,0,1,0,0,0,0,0,12.70103,50.794892
24,23,6,7,13,4,2,5,3,0,0,1,1,0,0,0,0,12.720156,50.799585
24,23,7,7,10,6,3,5,2,0,0,1,1,0,0,0,0,12.720178,50.799592
24,23,9,26,8,3,2,1,5,0,0,1,1,0,0,0,0,12.702021,50.799657
24,23,12,14,17,5,3,5,2,2,1,1,1,0,0,0,0,12.728437,50.80171
24,24,4,2,10,3,2,0,1,0,0,1,0,0,0,0,0,12.724584,50.802389
24,24,5,24,8,6,3,5,3,0,0,1,1,0,0,0,0,12.726391,50.800794
24,24,5,24,8,6,3,7,7,0,0,1,0,0,0,0,0,12.759853,50.803204
24,24,5,27,8,2,3,5,3,0,0,1,1,0,0,0,0,12.728438,50.80171
24,24,5,30,19,5,3,5,3,0,0,1,1,0,0,0,0,12.746074,50.805082
24,24,6,7,16,6,2,0,7,0,0,1,0,0,0,0,1,12.715856,50.80367
24,24,6,16,14,1,2,1,5,0,0,1,1,0,0,0,0,12.708114,50.796583
24,24,6,19,18,4,2,0,7,0,1,1,0,0,0,0,0,12.757148,50.806162
24,24,6,28,20,6,3,5,2,0,0,1,1,0,0,0,0,12.738123,50.805678
24,24,10,25,12,6,2,6,4,0,0,1,0,1,0,0,0,12.705634,50.798929
24,24,11,5,12,3,3,5,2,0,0,1,1,0,0,0,0,12.757384,50.808522
24,24,11,13,15,4,2,0,7,0,1,1,0,0,0,0,0,12.764034,50.809558
24,25,1,31,22,6,3,0,1,2,0,1,0,0,0,0,0,12.702054,50.796286
24,25,3,18,17,3,3,4,2,0,0,1,1,0,0,0,0,12.713151,50.803298
24,25,4,20,15,1,3,0,1,0,0,1,0,0,0,0,0,12.757015,50.810138
24,25,5,13,11,3,2,5,3,0,0,1,1,0,0,0,0,12.663929,50.81365
24,25,6,7,11,7,3,6,1,0,0,1,0,1,0,0,0,12.738691,50.802793
24,25,6,27,13,6,3,0,1,0,0,1,0,0,0,0,0,12.750338,50.809183
24,25,7,31,14,5,3,0,1,0,1,1,0,0,0,0,0,12.703123,50.798073
24,25,8,10,16,1,3,5,3,0,0,1,1,0,0,0,0,12.751732,50.808445
24,25,8,22,18,6,3,4,5,0,0,1,1,0,0,0,0,12.726312,50.802436
24,25,8,30,16,7,3,0,3,0,0,1,0,1,0,0,0,12.726417,50.807591
24,25,9,7,12,1,3,5,3,0,0,1,0,0,1,0,0,12.699419,50.797963
24,25,10,29,15,4,3,4,2,0,0,1,1,0,0,0,0,12.749761,50.804918
24,25,12,2,12,3,2,0,6,0,0,1,0,0,0,1,0,12.759326,50.813187
24,16,9,1,20,5,3,5,3,2,0,1,1,0,0,0,0,12.526945,50.622563
24,17,5,24,17,4,3,4,2,0,1,1,1,0,0,0,0,12.484314,50.614836
24,17,8,20,17,1,2,4,6,0,0,1,1,0,0,0,0,12.434199,50.581758
24,18,10,1,9,2,1,4,2,0,0,1,1,0,0,0,0,12.537554,50.615701
24,19,9,6,16,6,3,0,7,0,0,1,1,0,0,0,0,12.528137,50.622409
24,20,1,16,13,5,3,5,3,0,0,1,1,0,0,0,0,12.510544,50.619017
24,20,6,9,14,3,3,1,5,0,0,1,1,0,0,0,0,12.516882,50.616659
24,20,12,18,15,6,3,5,3,0,0,1,1,0,0,0,0,12.51841,50.61668
24,22,3,29,12,3,3,5,3,0,0,1,1,0,0,0,0,12.515233,50.646688
24,22,6,12,13,1,3,5,3,0,0,1,1,0,0,0,0,12.51523,50.646681
24,22,7,24,12,1,3,0,1,0,0,1,0,0,0,0,0,12.456658,50.605255
24,23,9,18,7,2,3,0,7,0,0,1,1,0,0,0,0,12.517478,50.63756
24,23,9,23,15,7,2,5,2,0,0,1,1,0,0,0,0,12.516052,50.643972
24,24,3,30,11,7,3,4,2,0,0,1,1,0,0,0,0,12.500645,50.616809
24,24,8,16,7,6,3,5,3,0,0,1,1,0,0,0,0,12.540178,50.613115
24,25,10,31,12,6,3,5,3,0,0,1,0,0,1,0,0,12.542492,50.608533
24,17,6,22,8,5,2,0,1,0,0,1,0,0,0,0,0,12.321493,50.779646
24,18,3,4,17,1,3,5,2,0,0,1,1,0,0,0,0,12.29848,50.746152
24,19,4,4,9,5,2,0,7,0,0,1,0,0,0,0,0,12.244954,50.750512
24,20,7,23,18,5,3,4,2,0,0,1,1,0,0,0,0,12.280236,50.747732
24,21,9,25,20,7,3,0,6,2,0,1,0,0,0,0,1,12.299051,50.747648
24,21,10,24,15,1,3,4,6,0,0,1,1,0,0,0,0,12.276452,50.734107
24,25,6,12,22,5,3,5,2,2,0,1,0,0,1,0,0,12.3301,50.756706
24,16,4,2,14,7,3,4,1,0,0,1,1,0,0,0,0,12.61287,50.644132
24,18,7,5,10,5,2,5,3,0,0,1,0,0,0,0,1,12.592225,50.629878
24,19,12,2,14,2,3,3,6,0,0,1,1,0,0,0,0,12.62433,50.633355
24,21,7,24,15,7,2,8,1,0,0,1,0,0,0,0,0,12.625671,50.628423
24,23,5,15,12,2,2,0,1,0,1,1,0,0,0,0,0,12.603216,50.631558
24,25,12,12,15,6,3,5,3,0,0,1,1,0,0,0,0,12.592192,50.629869
24,16,3,2,13,4,2,3,1,0,0,1,0,0,0,0,0,12.624109,50.765542
24,16,5,1,12,1,3,2,3,0,0,1,1,0,0,0,0,12.631188,50.756464
24,16,7,6,15,4,3,0,6,0,0,1,1,0,0,0,0,12.622324,50.760927
24,16,7,7,14,5,3,0,6,0,0,1,1,0,0,0,0,12.63475,50.752058
24,16,8,4,17,5,2,2,6,0,0,1,1,0,0,0,0,12.635458,50.750873
24,17,6,10,15,7,2,0,7,0,0,1,0,0,0,0,0,12.630429,50.750778
24,17,9,13,16,4,2,8,1,0,1,1,0,0,0,0,0,12.629212,50.759572
24,17,10,20,7,6,3,1,5,1,0,1,1,0,0,0,0,12.649733,50.743967
24,17,11,21,14,3,3,3,2,0,1,1,1,0,0,0,0,12.622911,50.753141
24,17,12,4,10,2,2,5,3,0,1,1,1,0,0,0,0,12.629409,50.759679
24,18,1,2,9,3,3,0,7,0,0,1,0,0,0,0,0,12.657466,50.744458
24,18,4,1,16,1,2,0,1,0,0,1,0,0,0,0,0,12.625022,50.760639
24,18,5,2,9,4,3,0,7,0,0,1,0,0,0,0,0,12.635113,50.751479
24,18,5,2,13,4,3,5,3,0,0,1,1,0,0,0,0,12.622836,50.758046
24,18,7,5,10,5,3,3,5,0,0,1,1,0,0,0,0,12.633295,50.754955
24,18,7,6,10,6,3,5,3,0,0,1,1,0,0,0,0,12.656067,50.744385
24,18,8,3,16,6,2,0,6,0,0,1,1,0,0,0,0,12.61789,50.760822
24,18,9,6,16,5,3,5,3,0,0,1,1,0,0,0,0,12.640969,50.755212
24,18,10,1,8,2,2,5,2,0,0,1,1,0,0,0,0,12.633245,50.755035
24,19,3,2,11,7,2,0,1,0,0,1,0,0,0,0,0,12.641008,50.727538
24,19,4,2,10,3,3,2,6,0,0,1,1,0,0,0,0,12.627165,50.754826
24,19,5,1,14,4,3,5,3,0,0,1,1,0,0,0,0,12.640975,50.75521
24,19,6,6,16,5,3,0,7,0,0,1,0,0,0,0,0,12.627349,50.766169
24,19,11,7,9,5,3,4,2,0,0,1,1,0,0,0,0,12.631371,50.752868
24,20,5,13,17,4,3,5,3,0,0,1,1,0,0,0,0,12.634116,50.754289
24,20,7,16,7,5,3,5,3,0,0,1,1,0,0,0,0,12.656018,50.744382
24,20,10,8,6,5,2,2,6,2,1,1,1,0,0,0,0,12.632647,50.768023
24,20,10,10,10,7,3,0,7,0,1,1,1,0,0,0,0,12.631581,50.757255
24,20,10,12,14,2,2,0,3,0,0,1,0,0,0,0,1,12.636023,50.744568
24,21,6,1,11,3,3,0,1,0,0,1,0,0,0,0,0,12.632941,50.75703
24,21,7,1,16,5,2,5,3,0,0,1,1,0,0,0,0,12.622889,50.75805
24,21,7,5,15,2,3,0,1,0,0,1,0,0,0,0,0,12.628814,50.753376
24,21,10,18,11,2,2,5,3,0,0,1,1,0,0,0,0,12.636665,50.744502
24,22,1,5,7,4,3,5,2,1,1,1,1,0,0,0,0,12.626978,50.75936
24,22,3,24,10,5,3,1,2,0,0,1,1,0,0,0,0,12.626949,50.759341
24,22,5,27,14,6,3,6,7,0,1,1,0,1,0,0,0,12.629457,50.759865
24,22,7,11,14,2,2,0,1,0,0,1,0,0,0,0,0,12.631524,50.75653
24,22,11,1,17,3,3,6,7,0,0,1,0,1,0,0,0,12.633541,50.753856
24,23,3,31,7,6,2,0,7,0,0,1,0,0,0,0,0,12.631708,50.756988
24,23,6,25,19,1,2,0,1,0,0,1,0,0,0,0,0,12.642391,50.722686
24,23,8,3,14,5,3,5,3,0,0,1,0,0,0,0,1,12.636674,50.749893
24,23,8,22,15,3,3,1,5,0,0,1,1,0,0,0,0,12.621709,50.756548
24,23,9,30,2,7,3,0,7,2,0,1,0,0,0,0,0,12.653069,50.742185
24,23,10,20,19,6,3,1,5,2,1,1,1,0,0,0,0,12.649732,50.743967
24,24,6,14,17,6,3,1,5,0,0,1,1,0,0,0,0,12.650865,50.743909
24,24,6,18,12,3,3,4,2,0,0,1,1,0,0,0,0,12.618565,50.756855
24,24,8,13,19,3,3,1,5,0,0,1,1,0,0,0,0,12.65094,50.743906
24,24,9,23,14,2,3,3,2,0,0,1,1,0,0,0,0,12.633319,50.754266
24,25,4,29,13,3,2,5,3,0,0,1,1,0,0,0,0,12.631822,50.756475
24,25,6,2,17,2,3,0,7,0,0,1,0,0,0,0,0,12.622917,50.758024
24,25,6,26,15,5,2,5,3,0,0,1,1,0,0,0,0,12.631296,50.759413
24,25,7,4,11,6,3,3,5,0,0,1,1,0,0,0,0,12.64736,50.744245
24,25,9,11,13,5,3,0,6,0,0,1,1,0,0,0,0,12.658902,50.741841
24,25,11,12,10,4,3,1,5,0,0,1,1,0,0,0,0,12.629166,50.751368
24,25,12,11,7,5,3,0,7,2,1,1,0,0,0,0,0,12.629692,50.753352
24,16,6,7,11,3,3,3,6,0,0,1,0,0,0,0,1,12.414193,50.68356
24,17,6,5,15,2,3,2,6,0,0,1,0,0,0,0,0,12.420567,50.698985
24,18,4,6,22,6,3,0,7,2,1,1,1,0,0,0,0,12.418778,50.698932
24,18,6,7,7,5,2,0,7,0,0,1,1,0,0,0,0,12.432353,50.685134
24,19,5,2,8,5,3,5,2,0,0,1,1,0,0,0,0,12.430273,50.689
24,19,11,7,6,5,3,4,2,0,0,1,1,0,0,0,0,12.426255,50.692608
24,20,4,8,15,4,3,2,5,0,0,1,1,0,0,0,0,12.415904,50.696652
24,20,9,24,19,5,2,0,7,2,0,1,0,0,0,0,0,12.400654,50.687827
24,21,6,7,17,2,3,1,7,0,0,1,1,0,0,0,0,12.414737,50.698982
24,21,11,13,8,7,3,3,2,0,0,1,1,0,0,0,0,12.431594,50.679667
24,22,6,24,8,6,2,0,1,0,0,1,0,0,0,0,0,12.377719,50.670875
24,23,2,1,23,4,2,0,7,2,1,1,0,0,0,0,0,12.412015,50.698109
24,23,8,16,18,4,3,4,1,0,0,1,1,0,0,0,0,12.416184,50.697009
24,24,3,26,14,3,3,5,3,0,0,1,1,0,0,0,0,12.42163,50.699053
24,24,7,1,16,2,2,0,7,0,1,1,0,0,0,0,0,12.416382,50.697186
24,24,8,14,23,4,3,5,3,2,0,1,1,0,0,0,0,12.434247,50.681412
24,24,9,25,10,4,2,4,6,0,0,1,1,0,0,0,0,12.403152,50.67694
24,24,10,7,10,2,3,0,7,0,0,1,0,0,0,0,0,12.431433,50.67096
24,25,2,1,0,7,3,1,5,2,0,1,1,0,0,0,0,12.411746,50.694801
24,25,3,8,13,7,2,4,1,0,0,1,1,0,0,0,0,12.440646,50.657262
24,16,4,2,13,7,3,8,7,0,1,1,0,0,0,0,0,12.77565,50.86704
24,16,4,6,22,4,2,0,1,2,1,1,0,0,0,0,0,12.767872,50.859378
24,16,5,1,12,1,3,5,3,0,1,1,1,0,0,0,0,12.775348,50.853806
24,16,5,6,11,6,3,3,2,0,0,1,1,0,0,0,0,12.772142,50.857022
24,16,6,3,19,6,2,3,2,0,0,1,1,0,0,0,0,12.775512,50.855685
24,16,7,1,15,6,3,3,2,0,0,1,1,0,0,0,0,12.771353,50.864334
24,16,7,4,11,2,2,5,2,0,0,1,1,0,0,0,0,12.771349,50.86433
24,16,7,7,15,5,3,0,5,0,0,1,1,0,0,0,0,12.763867,50.854864
24,16,8,3,13,4,3,0,6,0,0,1,1,0,0,0,0,12.745405,50.865115
24,16,9,5,7,2,3,0,7,0,1,1,0,0,0,0,0,12.752791,50.857136
24,16,9,6,15,3,3,5,3,0,0,1,1,0,0,0,0,12.737287,50.862326
24,16,10,3,14,2,3,5,3,0,0,1,1,0,0,0,0,12.761273,50.861844
24,16,12,2,5,6,2,5,3,1,1,1,1,0,0,0,0,12.76037,50.862167
24,17,2,23,16,5,2,2,6,0,0,1,1,0,0,0,0,12.743778,50.829477
24,17,4,7,16,6,3,5,3,0,0,1,0,0,0,0,1,12.79071,50.850998
24,17,4,12,13,4,3,0,1,0,0,1,0,0,0,0,0,12.769509,50.857593
24,17,6,11,16,1,2,0,1,0,1,1,0,0,0,0,0,12.79081,50.850965
24,17,8,20,3,1,2,0,1,2,0,1,0,0,0,0,0,12.756045,50.82828
24,17,9,11,10,2,3,4,6,0,0,1,1,0,0,0,0,12.761283,50.861835
24,17,9,15,16,6,2,4,2,0,0,1,1,0,0,0,0,12.789967,50.854276
24,17,10,13,23,6,2,2,6,2,0,1,1,0,0,0,0,12.790524,50.859564
24,17,11,3,13,6,3,3,2,0,0,1,1,0,0,0,0,12.753968,50.830242
24,17,11,3,15,6,2,5,3,0,0,1,1,0,0,0,0,12.781396,50.854486
24,17,12,26,11,3,3,5,3,0,0,1,1,0,0,0,0,12.761233,50.859782
24,18,1,3,6,4,2,3,5,2,0,1,1,0,0,0,0,12.775014,50.850014
24,18,3,6,4,3,2,5,3,2,0,1,1,0,0,0,0,12.769192,50.861513
24,18,5,1,7,3,3,0,3,0,0,1,0,0,0,0,1,12.749843,50.859832
24,18,5,7,7,2,3,5,3,0,0,1,1,0,0,0,0,12.777928,50.855086
24,18,6,2,11,7,2,5,3,0,0,1,1,0,0,0,0,12.775144,50.851224
24,18,6,5,16,3,2,9,1,0,0,1,0,0,0,0,0,12.728767,50.85614
24,18,7,5,22,5,2,0,7,2,0,1,0,0,0,0,0,12.763914,50.859514
24,18,8,2,11,5,3,5,3,0,0,1,1,0,0,0,0,12.761785,50.858666
24,18,8,2,13,5,3,5,3,0,0,1,1,0,0,0,0,12.783336,50.855332
24,18,8,2,19,5,3,5,2,0,0,1,1,0,0,0,0,12.775955,50.860549
24,18,8,3,10,6,2,5,3,0,0,1,1,0,0,0,0,12.752917,50.85826
24,18,8,7,16,3,3,5,3,0,0,1,1,0,0,0,0,12.79216,50.8534
24,18,9,5,16,4,3,5,2,0,0,1,1,0,0,0,0,12.764208,50.860604
24,18,12,4,19,3,3,2,7,1,0,1,1,0,0,0,0,12.765386,50.860532
24,18,12,5,7,4,2,1,5,1,1,1,1,0,0,0,0,12.740179,50.863875
24,18,12,7,7,6,2,5,2,2,1,1,1,0,0,0,0,12.784039,50.854094
24,19,5,3,21,6,2,0,1,2,0,1,0,0,0,0,0,12.785347,50.859995
24,19,6,4,16,3,2,1,7,0,0,1,1,0,0,0,0,12.762314,50.83265
24,19,7,4,15,5,2,5,3,0,0,1,1,0,0,0,0,12.75638,50.859551
24,19,7,4,19,5,3,2,5,0,0,1,1,0,0,0,1,12.734029,50.852076