UKREIS,UJAHR,UMONAT,UTAG,USTUNDE,UWOCHENTAG,UKATEGORIE,UART,UTYP,LICHT,USTRZUSTAND,IstRad,IstPKW,IstFuss,IstKrad,IstGkfz,IstSonstige,@lon,@lat
24,19,8,1,8,5,2,8,1,0,0,1,0,0,0,0,0,12.741079,50.854768
24,19,8,1,9,5,3,0,3,0,1,1,1,0,0,0,0,12.754091,50.864539
24,19,8,1,16,5,2,0,1,0,0,1,0,0,0,0,0,12.746429,50.866569
24,19,10,1,16,3,2,6,4,0,0,1,0,1,0,0,0,12.757083,50.863002
24,19,10,7,19,2,3,8,7,2,0,1,0,0,0,0,0,12.74135,50.86229
24,19,12,4,7,4,2,5,3,1,0,1,1,0,0,0,0,12.784198,50.853897
24,20,1,8,7,4,3,5,3,1,1,1,1,0,0,0,0,12.739964,50.862907
24,20,4,22,11,4,3,5,3,0,0,1,1,0,0,0,0,12.761106,50.861072
24,20,5,21,22,5,3,3,5,2,0,1,1,0,0,0,0,12.769621,50.862227
24,20,7,1,8,4,2,5,2,0,0,1,1,0,0,0,0,12.784053,50.854047
24,20,7,9,10,5,2,4,1,0,0,1,1,0,0,0,0,12.748696,50.825852
24,20,7,16,22,5,2,1,5,2,1,1,1,0,0,0,0,12.77437,50.854296
24,20,7,27,12,2,3,5,3,0,0,1,1,0,0,0,0,12.753298,50.860612
24,20,8,7,7,6,3,5,3,0,0,1,1,0,0,0,0,12.758736,50.824287
24,20,9,18,14,6,3,2,2,0,0,1,1,0,0,0,0,12.78617,50.852759
24,20,9,23,10,4,3,2,2,0,0,1,1,0,0,0,0,12.786772,50.852509
24,20,10,24,8,7,3,5,3,0,0,1,1,0,0,0,0,12.741737,50.864618
24,20,12,2,15,4,3,4,2,0,0,1,1,0,0,0,0,12.775335,50.853622
24,21,2,26,5,6,2,5,3,2,0,1,0,0,0,0,1,12.768423,50.860277
24,21,3,4,22,5,3,1,5,2,1,1,1,0,0,0,0,12.750683,50.860836
24,21,3,22,18,2,3,0,7,0,1,1,0,0,0,0,0,12.796055,50.854698
24,21,4,13,17,3,3,5,3,0,0,1,1,0,0,0,0,12.718392,50.849087
24,21,5,5,9,4,2,3,2,0,0,1,1,0,0,0,0,12.77535,50.853828
24,21,5,10,10,2,3,2,5,0,0,1,1,0,0,0,0,12.764609,50.858171
24,21,5,22,17,7,3,0,7,0,0,1,1,0,0,0,0,12.730618,50.859541
24,21,6,14,9,2,3,5,3,0,0,1,1,0,0,0,0,12.772117,50.85973
24,21,7,14,15,4,2,0,1,0,0,1,0,0,0,0,0,12.738607,50.831312
24,21,7,27,17,3,3,0,7,0,0,1,0,0,0,0,0,12.757538,50.830996
24,21,8,7,11,7,3,4,2,0,0,1,1,0,0,0,0,12.790692,50.851003
24,21,8,12,7,5,3,4,2,0,0,1,1,0,0,0,0,12.745016,50.85573
24,21,8,17,12,3,3,2,6,0,0,1,1,0,0,0,0,12.771161,50.857715
24,21,10,7,16,5,2,5,2,0,0,1,1,0,0,0,0,12.775955,50.860549
24,22,4,7,5,5,3,3,2,1,0,1,1,0,0,0,0,12.788963,50.851641
24,22,4,26,14,3,3,5,7,0,0,1,1,0,0,0,0,12.773112,50.855077
24,22,5,13,17,6,3,4,7,0,0,1,1,0,0,0,0,12.778608,50.862231
24,22,5,17,17,3,3,5,3,0,0,1,1,0,0,0,0,12.769929,50.852097
24,22,5,27,10,6,2,0,1,0,1,1,0,0,0,0,0,12.735705,50.862192
24,22,6,14,6,3,3,4,6,0,0,1,0,0,0,0,0,12.742181,50.857738
24,22,6,29,17,4,3,0,7,0,0,1,0,0,0,0,0,12.753694,50.857287
24,22,7,3,14,1,2,1,5,0,0,1,1,0,0,0,0,12.775309,50.853285
24,22,8,23,10,3,3,0,1,0,0,1,0,0,0,0,0,12.730407,50.850716
24,22,9,1,19,5,2,0,1,2,0,1,0,0,0,0,0,12.765468,50.857769
24,22,9,5,23,2,3,4,6,2,0,1,0,0,0,0,1,12.778158,50.85503
24,22,9,23,6,6,3,1,5,1,0,1,1,0,0,0,0,12.758078,50.853222
24,22,11,9,16,4,2,4,2,0,0,1,0,0,1,0,0,12.740389,50.854346
24,22,11,15,12,3,3,5,2,0,0,1,1,0,0,0,0,12.777735,50.844643
24,22,11,15,16,3,3,3,6,1,0,1,0,0,0,0,1,12.772998,50.859565
24,22,11,15,18,3,2,9,1,2,0,1,0,0,0,0,0,12.782501,50.854319
24,22,11,20,11,1,3,1,7,0,0,1,1,0,0,0,0,12.803137,50.860298
24,22,12,28,19,4,3,0,1,2,0,1,0,0,0,0,0,12.776319,50.855485
24,23,1,9,6,2,2,5,2,2,1,1,1,0,0,0,0,12.770857,50.863783
24,23,3,13,5,2,3,5,3,2,1,1,1,0,0,0,0,12.789928,50.854269
24,23,5,15,16,2,3,1,5,0,0,1,0,0,0,0,1,12.732105,50.847413
24,23,6,25,21,1,2,1,7,1,0,1,1,0,0,0,0,12.758128,50.853196
24,23,6,29,17,5,3,8,7,0,0,1,0,0,0,0,0,12.773008,50.845422
24,23,8,12,13,7,3,3,6,0,0,1,0,0,1,0,0,12.693252,50.886902
24,23,8,30,15,4,3,0,7,0,0,1,1,0,0,0,0,12.775032,50.850181
24,23,9,5,21,3,2,7,7,2,0,1,0,0,0,0,0,12.777277,50.851918
24,23,9,9,19,7,3,4,6,1,0,1,1,0,0,0,0,12.710377,50.848187
24,23,9,17,15,1,3,0,7,0,0,1,0,0,0,0,0,12.743872,50.864502
24,23,9,20,18,4,2,2,6,0,0,1,1,0,0,0,0,12.798981,50.859183
24,23,9,27,15,4,3,5,2,0,0,1,1,0,0,0,0,12.752555,50.865367
24,23,10,11,23,4,2,8,7,2,0,1,0,0,0,0,0,12.76165,50.83296
24,23,10,25,13,4,3,5,2,0,1,1,1,0,0,0,0,12.660939,50.886932
24,23,10,27,7,6,3,5,3,0,1,1,1,0,0,0,0,12.755932,50.863542
24,23,10,28,23,7,2,8,7,2,1,1,0,0,0,0,0,12.736347,50.873126
24,23,11,8,17,4,2,6,7,1,0,1,1,1,0,0,0,12.759915,50.862283
24,23,11,30,19,5,3,5,2,2,1,1,1,0,0,0,0,12.768771,50.859056
24,24,2,2,6,6,2,5,3,2,0,1,1,0,0,0,0,12.770364,50.863204
24,24,3,21,10,5,2,3,2,0,0,1,1,0,0,0,0,12.77212,50.857034
24,24,4,5,16,6,3,7,7,0,0,1,0,0,0,0,0,12.714577,50.865261
24,24,4,9,21,3,3,4,6,2,0,1,0,0,1,0,0,12.769454,50.838607
24,24,4,17,14,4,3,0,7,0,1,1,0,0,0,0,0,12.766716,50.860422
24,24,5,20,1,2,3,0,1,2,0,1,0,0,0,0,0,12.729736,50.857935
24,24,5,20,12,2,2,0,7,0,0,1,0,0,0,0,0,12.740118,50.863872
24,24,5,23,17,5,2,6,7,0,0,1,0,1,0,0,0,12.775226,50.853836
24,24,5,25,1,7,2,0,7,2,0,1,0,0,0,0,0,12.775529,50.848397
24,24,6,9,10,1,3,5,3,0,0,1,1,0,0,0,0,12.761262,50.861854
24,24,6,21,9,6,3,5,3,0,0,1,1,0,0,0,0,12.764974,50.856322
24,24,6,26,10,4,2,0,7,0,0,1,1,0,0,0,0,12.730767,50.849575
24,24,6,29,9,7,2,5,2,0,0,1,1,0,0,0,0,12.743161,50.864208
24,24,7,5,13,6,3,0,7,0,0,1,0,0,0,0,0,12.789381,50.850081
24,24,7,28,21,1,3,8,7,2,0,1,0,0,0,0,0,12.765074,50.859239
24,24,9,7,17,7,3,1,5,0,0,1,1,0,0,0,0,12.764353,50.85559
24,24,9,20,19,6,3,4,2,1,0,1,1,0,0,0,0,12.784037,50.854112
24,24,11,27,9,4,3,4,6,0,0,1,1,0,0,0,0,12.77562,50.857662
24,24,11,29,13,6,3,5,2,0,0,1,1,0,0,0,0,12.755942,50.863536
24,25,2,25,6,3,3,1,5,2,1,1,0,0,0,1,0,12.78824,50.848308
24,25,3,5,14,4,3,5,3,0,0,1,1,0,0,0,0,12.742671,50.855358
24,25,3,6,13,5,1,8,7,0,0,1,0,0,0,0,0,12.709945,50.851084
24,25,3,11,19,3,2,3,6,2,0,1,1,0,0,0,0,12.795908,50.849571
24,25,3,28,18,6,3,0,1,0,0,1,0,0,0,0,0,12.764753,50.85813
24,25,4,13,18,1,3,5,3,0,0,1,1,0,0,0,0,12.750113,50.858711
24,25,4,15,17,3,3,2,3,0,0,1,1,0,0,0,0,12.757474,50.862896
24,25,4,16,16,4,3,5,3,0,0,1,1,0,0,0,0,12.663601,50.898221
24,25,5,5,16,2,3,5,3,0,0,1,1,0,0,0,0,12.763294,50.857
24,25,5,7,17,4,3,4,2,0,0,1,1,0,0,0,0,12.773231,50.859555
24,25,5,26,13,2,3,5,3,0,0,1,1,0,0,0,0,12.804087,50.866573
24,25,5,26,16,2,3,5,3,0,0,1,1,0,0,0,0,12.75923,50.852568
24,25,5,30,23,6,3,1,7,2,0,1,1,0,0,0,0,12.742232,50.855283
24,25,6,27,9,6,3,2,7,0,0,1,1,0,0,0,0,12.763882,50.856714
24,25,6,27,17,6,2,5,3,0,0,1,0,0,0,0,0,12.767133,50.863655
24,25,7,4,16,6,3,0,1,0,0,1,0,0,0,0,0,12.768184,50.854937
24,25,7,22,10,3,3,2,6,0,1,1,1,0,0,0,0,12.745596,50.85562
24,25,8,10,16,1,2,0,1,0,0,1,0,0,0,0,0,12.687277,50.889038
24,25,8,21,17,5,3,2,6,0,0,1,1,0,0,0,0,12.775502,50.855572
24,25,9,26,11,6,3,2,2,0,0,1,0,0,0,0,0,12.711129,50.847106
24,25,11,13,14,5,2,0,7,0,0,1,0,0,0,0,0,12.770534,50.863946
24,16,5,2,8,2,3,5,3,0,0,1,1,0,0,0,0,12.472771,50.850529
24,16,5,3,16,3,3,5,3,0,0,1,1,0,0,0,0,12.476228,50.845249
24,16,6,3,14,6,3,0,3,0,0,1,1,0,0,0,0,12.455142,50.867865
24,16,9,6,11,3,2,1,5,0,0,1,1,0,0,0,0,12.464061,50.849447
24,16,9,7,14,4,2,0,7,0,0,1,0,0,0,0,0,12.466901,50.849722
24,16,9,7,16,4,2,5,3,0,0,1,1,0,0,0,0,12.445431,50.842504
24,17,9,5,13,3,3,5,3,0,0,1,1,0,0,0,0,12.449266,50.831512
24,17,10,20,9,6,3,5,3,0,0,1,1,0,0,0,0,12.467529,50.849373
24,17,12,20,17,4,2,5,3,2,1,1,1,0,0,0,0,12.467752,50.849285
24,18,5,1,16,3,2,8,1,0,0,1,0,0,0,0,0,12.4498,50.834348
24,18,8,6,18,2,3,5,3,0,0,1,1,0,0,0,0,12.46452,50.846106
24,18,9,4,16,3,3,5,3,0,0,1,1,0,0,0,0,12.446909,50.842976
24,19,3,4,9,2,2,0,6,0,0,1,1,0,0,0,0,12.480375,50.849334
24,19,6,3,7,2,2,5,3,0,0,1,1,0,0,0,0,12.462933,50.850492
24,19,8,2,21,6,2,0,7,2,0,1,0,0,0,0,0,12.461222,50.854363
24,19,10,1,6,3,2,4,2,1,0,1,1,0,0,0,0,12.452064,50.844442
24,19,10,2,22,4,3,0,1,2,1,1,0,0,0,0,0,12.454605,50.830686
24,20,1,20,12,2,3,0,3,0,0,1,1,0,0,0,0,12.448134,50.83912
24,20,5,5,11,3,2,5,3,0,0,1,1,0,0,0,0,12.460014,50.847472
24,20,8,10,18,2,2,0,1,0,0,1,0,0,0,0,0,12.439836,50.838885
24,20,9,12,21,7,3,0,7,2,0,1,0,0,0,0,0,12.445552,50.841324
24,21,4,24,18,7,2,1,5,0,0,1,1,0,0,0,0,12.463681,50.849794
24,21,4,27,11,3,3,5,3,0,0,1,1,0,0,0,0,12.448844,50.836363
24,21,8,20,16,6,3,3,3,0,0,1,1,0,0,0,0,12.461167,50.849683
24,21,9,6,3,2,3,0,1,2,1,1,0,0,0,0,0,12.460932,50.847891
24,21,10,11,5,2,3,5,2,2,0,1,1,0,0,0,0,12.455362,50.83873
24,21,11,3,17,4,3,3,6,2,0,1,1,0,0,0,0,12.468654,50.850929
24,22,4,7,10,5,3,3,6,0,0,1,1,0,0,0,0,12.445856,50.842631
24,22,5,9,19,2,2,0,1,0,0,1,0,0,0,0,0,12.457426,50.856013
24,22,5,15,17,1,3,5,3,0,0,1,1,0,0,0,0,12.455179,50.845149
24,22,8,15,18,2,3,5,3,0,0,1,1,0,0,0,0,12.449322,50.835668
24,23,2,17,15,6,3,1,6,0,0,1,1,0,0,0,0,12.465503,50.84639
24,23,3,7,15,3,3,0,7,0,0,1,0,0,0,0,0,12.458221,50.848726
24,23,6,16,9,6,3,5,3,0,0,1,1,0,0,0,0,12.443117,50.841491
24,23,8,1,20,3,3,0,7,1,1,1,0,0,0,0,0,12.465181,50.846304
24,23,8,11,22,6,3,0,7,2,0,1,0,0,0,0,0,12.462575,50.848396
24,23,9,3,18,1,3,3,2,0,0,1,1,0,0,0,0,12.458138,50.85071
24,23,9,19,13,3,3,5,3,0,0,1,1,0,0,0,0,12.462824,50.850657
24,23,9,23,17,7,3,0,7,0,0,1,1,0,0,0,0,12.459,50.85056
24,23,10,5,22,5,3,5,3,2,0,1,1,0,0,0,0,12.445313,50.828071
24,23,10,9,7,2,3,4,6,0,1,1,1,0,0,0,0,12.446715,50.852879
24,23,11,14,15,3,3,5,3,0,0,1,1,0,0,0,0,12.44988,50.843806
24,23,12,6,5,4,3,3,6,2,1,1,1,0,0,0,0,12.466558,50.828753
24,24,3,20,16,4,3,5,3,0,0,1,0,0,0,0,0,12.463692,50.852585
24,24,4,16,15,3,2,5,3,0,0,1,1,0,0,0,0,12.468725,50.849729
24,24,6,9,12,1,2,4,7,0,0,1,1,0,0,0,0,12.452111,50.844423
24,24,11,7,11,5,3,5,3,0,0,1,1,0,0,0,0,12.444771,50.842088
24,25,3,8,11,7,3,2,6,0,0,1,1,0,0,0,0,12.416754,50.835256
24,25,6,25,14,4,3,0,7,0,0,1,1,0,0,0,0,12.470153,50.838902
24,25,6,26,15,5,3,5,3,0,0,1,1,0,0,0,0,12.465642,50.850077
24,25,7,19,16,7,2,3,6,0,0,1,1,0,0,0,0,12.46937,50.827923
24,25,8,29,16,6,2,3,6,0,0,1,1,0,0,0,0,12.418219,50.82919
24,25,9,8,7,2,3,5,3,0,0,1,1,0,0,0,0,12.45987,50.848724
24,25,9,8,10,2,3,5,3,0,0,1,1,0,0,0,0,12.46454,50.846131
24,25,9,18,13,5,3,2,5,0,0,1,1,0,0,0,0,12.439853,50.838897
24,16,5,7,20,7,3,0,1,0,0,1,0,0,0,0,0,12.5895,50.715953
24,17,2,8,14,4,2,1,5,0,0,1,0,0,0,0,1,12.586394,50.723164
24,17,3,27,16,2,3,1,7,0,0,1,1,0,0,0,0,12.584035,50.726997
24,17,5,14,14,1,3,0,1,0,0,1,0,0,0,0,0,12.566244,50.757464
24,17,6,3,11,7,3,5,3,0,0,1,1,0,0,0,0,12.583727,50.730158
24,17,6,24,22,7,3,1,5,2,0,1,1,0,0,0,0,12.579593,50.73406
24,17,7,20,13,5,3,5,3,0,0,1,1,0,0,0,0,12.574268,50.738667
24,17,9,28,14,5,3,5,3,0,0,1,0,0,0,0,1,12.59001,50.721053
24,18,4,4,19,4,2,5,3,0,0,1,1,0,0,0,0,12.503012,50.765291
24,18,8,1,19,4,2,8,1,0,0,1,0,0,0,0,0,12.601792,50.723249
24,18,8,4,16,7,2,2,6,0,0,1,1,0,0,0,0,12.630632,50.716175
24,19,2,3,14,1,3,0,7,0,0,1,0,0,0,0,0,12.537186,50.772673
24,19,5,2,5,5,2,3,2,1,0,1,1,0,0,0,0,12.562785,50.727595
24,19,10,7,11,2,2,5,3,0,0,1,1,0,0,0,0,12.574275,50.73867
24,20,1,8,7,4,3,5,3,1,1,1,1,0,0,0,0,12.503001,50.765285
24,20,1,17,6,6,3,5,3,2,0,1,1,0,0,0,0,12.563179,50.757708
24,20,2,9,12,1,2,5,3,0,0,1,1,0,0,0,0,12.567768,50.752174
24,20,6,1,16,2,3,0,7,0,0,1,0,0,0,0,0,12.567343,50.753308
24,20,10,22,21,5,3,8,6,2,0,1,1,0,0,0,0,12.512639,50.784991
24,21,3,2,7,3,3,5,3,1,0,1,1,0,0,0,0,12.536866,50.773068
24,21,6,21,14,2,2,4,1,0,0,1,1,0,0,0,0,12.570758,50.747617
24,21,7,16,13,6,3,3,1,0,0,1,0,0,1,0,0,12.565918,50.758073
24,22,4,29,15,6,2,2,6,0,0,1,1,0,0,0,0,12.576243,50.72568
24,22,6,17,19,6,3,8,1,0,0,1,0,0,0,0,0,12.617889,50.712245
24,22,6,26,12,1,3,3,2,0,0,1,1,0,0,0,0,12.583706,50.72625
24,23,1,27,18,6,3,6,7,2,1,1,0,1,0,0,0,12.568993,50.749193
24,23,6,9,13,6,3,5,3,0,0,1,1,0,0,0,0,12.578153,50.732013
24,24,3,17,2,1,2,8,1,2,0,1,0,0,0,0,0,12.598615,50.742168
24,24,3,30,13,7,3,0,7,0,0,1,0,0,0,0,0,12.621253,50.735351
24,24,5,31,7,6,2,0,7,0,0,1,0,0,0,0,0,12.535669,50.773367
24,24,6,29,23,7,2,8,7,2,0,1,0,0,0,0,0,12.541106,50.76935
24,24,7,6,18,7,3,0,7,0,1,1,0,0,0,0,0,12.575482,50.739302
24,24,8,14,12,4,1,2,5,0,0,1,0,0,0,1,0,12.522171,50.780924
24,24,12,13,3,6,2,3,6,2,0,1,1,0,0,0,0,12.583646,50.730299
24,25,1,29,10,4,3,2,2,0,1,1,1,0,0,0,0,12.541704,50.76549
24,25,4,15,19,3,2,0,7,1,0,1,0,0,0,0,0,12.580475,50.735035
24,25,5,11,18,1,3,0,1,0,0,1,0,0,0,0,0,12.570319,50.75154
24,25,8,28,18,5,3,5,3,0,0,1,1,0,0,0,0,12.593677,50.719978
24,25,10,4,7,7,2,0,7,0,0,1,0,0,0,0,0,12.598761,50.716106
24,25,12,19,11,6,3,5,2,0,0,1,1,0,0,0,0,12.571256,50.747816
24,16,5,7,10,7,3,0,1,0,0,1,0,0,0,0,0,12.383948,50.802202
24,16,8,4,13,5,3,2,6,0,0,1,1,0,0,0,0,12.383672,50.802312
24,17,9,28,9,5,2,5,3,0,0,1,1,0,0,0,0,12.374687,50.788551
24,17,12,11,7,2,3,5,2,2,1,1,1,0,0,0,0,12.383728,50.802297
24,19,4,4,14,5,3,0,3,0,0,1,1,0,0,0,0,12.376838,50.791916
24,19,11,2,17,7,3,9,1,2,0,1,0,0,0,0,0,12.3785,50.784563
24,21,4,25,15,1,2,9,1,0,0,1,0,0,0,0,0,12.383091,50.802451
24,21,7,23,15,6,3,1,5,0,0,1,1,0,0,0,0,12.384715,50.795027
24,22,4,18,14,2,3,8,1,0,0,1,0,0,0,0,0,12.384626,50.802771
24,22,7,22,10,6,2,8,1,0,0,1,0,0,0,0,0,12.362721,50.790086
24,22,11,13,17,1,3,5,2,2,0,1,1,0,0,0,0,12.382686,50.800016
24,22,11,28,7,2,3,5,7,1,0,1,1,0,0,0,0,12.384515,50.801982
24,23,11,8,17,4,3,4,6,2,0,1,1,0,0,0,0,12.362373,50.791925
24,24,4,11,16,5,3,5,3,0,0,1,1,0,0,0,0,12.376977,50.789088
24,24,8,4,10,1,3,1,5,0,0,1,1,0,0,0,0,12.388292,50.79923
24,24,10,7,16,2,2,0,7,0,1,1,0,0,0,0,0,12.369962,50.786537
24,25,2,8,20,7,2,9,7,2,0,1,0,0,0,0,0,12.385621,50.796576
24,25,9,11,18,5,3,2,6,0,0,1,1,0,0,0,0,12.384383,50.802036
24,16,5,2,14,2,3,2,6,0,0,1,1,0,0,0,0,12.751308,50.866775
24,20,1,8,7,4,3,4,7,1,1,1,1,0,0,0,0,12.751645,50.86629
24,20,8,11,12,3,3,5,3,0,0,1,1,0,0,0,0,12.749468,50.870873
24,20,9,22,18,3,3,5,3,0,0,1,1,0,0,0,0,12.745749,50.879811
24,20,12,15,16,3,2,4,2,2,1,1,1,0,0,0,0,12.731923,50.902803
24,23,2,23,15,5,3,0,7,0,0,1,0,0,0,0,0,12.744317,50.877668
24,23,4,19,9,4,3,0,7,0,0,1,0,0,0,0,0,12.722697,50.892616
24,25,7,18,19,6,3,1,7,0,0,1,1,0,0,0,0,12.72125,50.896929
24,25,7,22,13,3,3,4,6,0,0,1,1,0,0,0,0,12.744477,50.882925
24,25,7,25,16,6,3,5,7,0,0,1,1,0,0,0,0,12.745808,50.88102
24,16,4,6,11,4,2,4,2,0,0,1,1,0,0,0,0,12.69144,50.783215
24,16,6,1,11,4,3,5,3,0,0,1,1,0,0,0,0,12.717774,50.784504
24,16,7,4,8,2,2,0,5,0,0,1,1,0,0,0,0,12.742054,50.790651
24,16,9,6,14,3,3,5,3,0,0,1,1,0,0,0,0,12.755074,50.79232
24,16,11,5,9,7,3,6,1,0,0,1,0,1,0,0,0,12.732842,50.789189
24,18,6,6,7,4,2,8,1,0,0,1,0,0,0,0,0,12.717735,50.784621
24,18,7,1,0,1,3,8,1,2,0,1,0,0,0,0,0,12.730017,50.787153
24,18,8,1,8,4,3,4,1,0,0,1,1,0,0,0,0,12.701802,50.782064
24,18,8,3,17,6,2,8,1,0,0,1,0,0,0,0,0,12.693249,50.786597
24,19,3,6,13,4,3,5,3,0,0,1,0,0,0,0,1,12.72988,50.787542
24,19,5,2,13,5,3,6,7,0,0,1,0,1,0,0,0,12.760559,50.79121
24,19,12,1,1,1,2,0,7,2,0,1,0,0,0,0,0,12.720605,50.791859
24,20,6,12,13,6,3,2,6,0,0,1,1,0,0,0,0,12.762168,50.790848
24,20,6,15,15,2,2,3,6,0,0,1,1,0,0,0,0,12.68722,50.790699
24,20,8,12,16,4,2,3,6,0,0,1,0,0,0,0,1,12.693438,50.787299
24,20,12,16,14,4,2,8,7,0,0,1,0,0,0,0,0,12.69526,50.782709
24,21,6,1,17,3,2,5,3,0,0,1,1,0,0,0,0,12.723231,50.783993
24,21,7,9,19,6,2,3,6,0,1,1,1,0,0,0,0,12.740889,50.797844
24,21,9,4,17,7,3,5,3,0,0,1,1,0,0,0,0,12.739737,50.790303
24,21,9,28,22,3,2,0,1,2,0,1,0,0,0,0,0,12.764823,50.789188
24,21,10,4,11,2,3,0,1,0,1,1,0,0,0,0,0,12.740182,50.790446
24,22,1,19,14,4,3,3,6,0,0,1,1,0,0,0,0,12.711216,50.783309
24,22,7,11,11,2,3,0,1,0,0,1,0,0,0,0,0,12.696947,50.790541
24,22,8,23,15,3,3,0,1,0,0,1,0,0,0,0,0,12.701534,50.782326
24,22,10,5,5,4,3,5,3,2,0,1,1,0,0,0,0,12.723772,50.786405
24,23,6,17,10,7,3,0,7,0,0,1,0,0,0,0,0,12.702301,50.782539
24,23,8,17,10,5,3,5,3,0,0,1,1,0,0,0,0,12.723618,50.784135
24,24,4,30,18,3,3,3,6,0,0,1,0,0,0,0,1,12.708484,50.783116
24,24,5,4,15,7,2,8,7,0,0,1,0,0,0,0,0,12.696729,50.782574
24,24,5,13,17,2,3,5,3,0,0,1,1,0,0,0,0,12.734508,50.789221
24,24,5,14,16,3,2,0,7,0,0,1,0,0,0,0,0,12.742904,50.790522
24,25,3,23,17,1,3,0,7,0,0,1,0,0,0,0,0,12.751472,50.791701
24,25,6,13,18,6,2,0,7,0,0,1,0,0,0,0,0,12.723857,50.786453
24,25,6,23,10,2,3,5,7,0,0,1,1,0,0,0,0,12.721085,50.785583
24,25,8,6,6,4,3,2,2,0,0,1,1,0,0,0,0,12.69574,50.789186
24,25,8,24,11,1,2,0,7,0,0,1,0,0,0,0,0,12.756029,50.795915
24,25,12,27,18,7,3,8,1,2,2,1,0,0,0,0,0,12.703109,50.780328
24,24,7,28,17,1,2,0,7,0,0,1,0,0,0,0,0,12.596949,50.89027
24,16,6,7,14,3,2,5,3,0,0,1,1,0,0,0,0,12.557343,50.699449
24,16,8,3,12,4,3,5,3,0,0,1,1,0,0,0,0,12.533158,50.675467
24,17,2,2,5,5,3,5,3,2,1,1,1,0,0,0,0,12.535312,50.694386
24,17,3,28,7,3,2,5,3,0,0,1,1,0,0,0,0,12.543553,50.693328
24,17,10,26,15,5,3,0,7,0,0,1,0,0,0,0,0,12.535285,50.698518
24,18,5,4,12,6,3,4,6,0,0,1,0,0,1,0,0,12.552275,50.690225
24,19,4,7,12,1,3,4,6,0,0,1,1,0,0,0,0,12.532523,50.69961
24,19,8,2,6,6,3,5,3,0,0,1,1,0,0,0,0,12.567347,50.687596
24,19,11,1,16,6,3,5,3,1,0,1,1,0,0,0,0,12.541221,50.693708
24,20,3,16,16,2,3,5,2,0,0,1,1,0,0,0,0,12.587268,50.679193
24,20,5,18,16,2,3,4,6,0,0,1,1,0,0,0,0,12.536835,50.691199
24,20,6,4,10,5,3,5,3,0,0,1,1,0,0,0,0,12.561587,50.684031
24,20,7,1,17,4,3,4,6,0,0,1,0,0,0,0,0,12.571402,50.694522
24,21,6,1,9,3,3,5,3,0,0,1,1,0,0,0,0,12.542768,50.693517
24,21,7,4,10,1,2,5,7,0,0,1,1,0,0,0,0,12.551715,50.690689
24,22,7,6,14,4,3,5,7,0,0,1,1,0,0,0,0,12.540924,50.679906
24,22,8,30,22,3,3,8,1,2,0,1,0,0,0,0,0,12.561432,50.685475
24,22,8,30,23,3,2,0,1,2,0,1,0,0,0,0,0,12.581234,50.693515
24,22,9,14,6,4,3,0,1,1,1,1,0,0,0,0,0,12.533066,50.694752
24,22,9,30,14,6,2,8,7,0,0,1,0,0,0,0,0,12.533793,50.704462
24,22,11,25,4,6,3,0,7,2,1,1,1,0,0,0,0,12.533865,50.704325
24,23,2,17,15,6,2,0,7,0,1,1,0,0,0,0,0,12.556678,50.699065
24,23,3,16,7,5,3,0,1,0,2,1,0,0,0,0,0,12.533577,50.684424
24,23,3,28,15,3,3,3,7,0,0,1,1,0,0,0,0,12.565248,50.688233
24,23,5,22,12,2,2,8,7,0,0,1,0,0,0,0,0,12.537614,50.704997
24,23,5,26,11,6,3,5,7,0,0,1,1,0,0,0,0,12.552437,50.684342
24,23,7,11,14,3,3,5,3,0,0,1,1,0,0,0,0,12.535059,50.6911
24,23,8,2,16,4,2,5,3,0,1,1,0,0,0,0,1,12.561841,50.685865
24,24,7,7,14,1,3,5,7,0,0,1,1,0,0,0,0,12.574962,50.683682
24,24,8,18,2,1,3,0,7,2,0,1,0,0,0,0,0,12.530725,50.704333
24,24,9,27,12,6,3,3,6,0,0,1,1,0,0,0,0,12.531196,50.684346
24,25,4,9,13,4,3,5,7,0,0,1,1,0,0,0,0,12.561071,50.68802
24,25,10,9,17,5,3,5,3,0,0,1,1,0,0,0,0,12.555572,50.691655
24,16,4,5,5,3,3,5,3,2,0,1,1,0,0,0,0,12.539453,50.846813
24,19,5,2,14,5,2,8,1,0,0,1,0,0,0,0,0,12.559792,50.863105
24,21,7,15,20,5,2,3,2,0,0,1,1,0,0,0,0,12.54366,50.841548
24,23,3,29,17,4,3,5,3,0,0,1,1,0,0,0,0,12.574827,50.85532
24,23,7,20,18,5,2,0,7,0,0,1,1,0,0,0,0,12.570699,50.854811
24,24,5,1,0,4,3,8,1,2,0,1,0,0,0,0,0,12.533792,50.849006
24,19,9,6,17,6,2,5,3,0,0,1,1,0,0,0,0,12.481801,50.878168
24,20,3,18,12,4,2,0,1,0,0,1,0,0,0,0,0,12.5375,50.863387
24,25,11,4,16,3,3,5,3,1,0,1,1,0,0,0,0,12.496663,50.885559
24,16,5,7,11,7,2,5,3,0,0,1,1,0,0,0,0,12.632837,50.784865
24,16,7,2,13,7,3,4,1,0,0,1,1,0,0,0,0,12.616565,50.817077
24,16,7,3,9,1,2,8,1,0,0,1,0,0,0,0,0,12.632836,50.784876
24,16,8,2,6,3,3,3,6,0,0,1,0,0,0,0,1,12.624421,50.787945