UKREIS,UJAHR,UMONAT,UTAG,USTUNDE,UWOCHENTAG,UKATEGORIE,UART,UTYP,LICHT,USTRZUSTAND,IstRad,IstPKW,IstFuss,IstKrad,IstGkfz,IstSonstige,@lon,@lat
24,17,6,23,13,6,3,3,6,0,0,1,1,0,0,0,0,12.622134,50.771173
24,17,9,28,19,5,2,8,1,2,0,1,0,0,0,0,0,12.618588,50.77668
24,18,8,6,10,2,2,6,4,0,0,1,0,1,0,0,0,12.629819,50.784379
24,18,9,7,5,6,3,0,7,1,0,1,0,0,0,0,0,12.621251,50.787675
24,18,10,6,12,7,2,1,5,0,0,1,0,0,0,0,1,12.628659,50.784103
24,19,5,3,7,6,3,0,1,0,0,1,0,0,0,0,0,12.632318,50.78281
24,19,10,7,12,2,2,5,3,0,0,1,0,0,0,0,1,12.627523,50.771142
24,20,2,25,14,3,3,1,5,0,0,1,1,0,0,0,0,12.608594,50.789451
24,20,6,2,18,3,2,8,7,0,0,1,0,0,0,0,0,12.613537,50.814652
24,20,8,24,14,2,3,1,5,0,0,1,1,0,0,0,0,12.633071,50.778353
24,21,6,26,18,7,3,5,2,0,0,1,1,0,0,0,0,12.607844,50.792499
24,22,10,24,16,2,2,0,1,0,0,1,0,0,0,0,0,12.632239,50.783281
24,23,4,21,11,6,2,8,7,0,0,1,0,0,0,0,0,12.622932,50.772459
24,23,5,8,18,2,3,0,7,0,0,1,0,0,0,0,0,12.599143,50.800058
24,23,9,12,9,3,3,0,7,0,0,1,0,0,0,0,0,12.606705,50.790675
24,24,5,14,15,3,3,5,3,0,0,1,0,0,0,0,1,12.632842,50.784825
24,24,9,30,6,2,3,3,2,2,0,1,1,0,0,0,0,12.621803,50.784254
24,25,6,18,10,4,2,8,1,0,0,1,0,0,0,0,0,12.632258,50.783116
24,25,10,29,10,4,1,0,7,0,0,1,0,0,0,0,1,12.632399,50.784121
24,16,3,2,17,4,2,4,3,0,0,1,1,0,0,0,0,12.618286,50.872319
24,16,7,2,15,7,2,0,1,0,0,1,0,0,0,0,0,12.63092,50.870642
24,18,6,2,14,7,3,0,3,0,1,1,1,0,0,0,0,12.604714,50.87566
24,19,5,3,7,6,3,5,3,0,0,1,1,0,0,0,0,12.597138,50.871588
24,19,6,5,18,4,2,5,3,0,0,1,1,0,0,0,0,12.58697,50.881313
24,20,7,31,15,6,2,5,3,0,0,1,1,0,0,0,0,12.60891,50.874474
24,21,3,1,19,2,3,4,2,2,0,1,1,0,0,0,0,12.591214,50.880734
24,21,5,15,13,7,3,5,3,0,0,1,0,0,0,0,1,12.577841,50.897647
24,21,11,30,18,3,2,5,3,2,1,1,1,0,0,0,0,12.599019,50.875888
24,22,8,24,11,4,3,1,6,0,0,1,1,0,0,0,0,12.599954,50.857756
24,22,11,22,8,3,2,0,1,0,2,1,0,0,0,0,0,12.618569,50.864255
24,23,3,7,16,3,2,3,6,0,1,1,1,0,0,0,0,12.595298,50.889609
24,23,4,7,16,6,2,0,1,0,0,1,0,0,0,0,0,12.63431,50.882589
24,23,5,21,17,1,3,4,2,0,0,1,1,0,0,0,0,12.603151,50.874521
24,23,7,22,18,7,3,0,7,0,0,1,0,0,0,0,0,12.597073,50.871577
24,25,7,6,16,1,3,3,6,0,0,1,0,0,0,0,0,12.613169,50.872585
24,25,9,26,16,6,3,5,3,0,1,1,1,0,0,0,0,12.595081,50.877
24,16,5,2,13,2,3,5,7,0,0,1,1,0,0,0,0,12.416579,50.710902
24,16,5,2,18,2,3,1,1,0,0,1,1,0,0,0,0,12.375998,50.732688
24,16,5,4,14,4,3,5,3,0,0,1,1,0,0,0,0,12.376412,50.733994
24,16,7,4,16,2,3,3,2,0,0,1,1,0,0,0,0,12.357101,50.742907
24,16,7,5,10,3,3,0,4,0,0,1,0,1,0,0,0,12.375968,50.733038
24,16,8,1,15,2,3,5,3,0,0,1,0,0,0,0,0,12.377528,50.719968
24,16,8,6,16,7,3,2,2,0,0,1,1,0,0,0,0,12.376972,50.740528
24,16,9,2,13,6,3,5,3,0,0,1,1,0,0,0,0,12.388683,50.742418
24,16,10,5,15,4,3,5,3,0,0,1,1,0,0,0,0,12.374315,50.722749
24,16,12,1,14,5,2,0,7,0,1,1,0,0,0,0,0,12.373958,50.732701
24,16,12,1,20,5,2,5,3,2,1,1,1,0,0,0,0,12.374729,50.721482
24,16,12,2,11,6,3,5,3,0,0,1,0,0,0,0,1,12.371862,50.761814
24,16,12,7,14,4,3,5,3,0,0,1,1,0,0,0,0,12.373485,50.727125
24,17,3,6,14,2,3,0,1,0,1,1,1,0,0,0,0,12.376317,50.739777
24,17,3,21,16,3,2,0,7,0,1,1,1,0,0,0,0,12.373141,50.739567
24,17,4,15,22,7,3,5,7,2,1,1,0,0,0,0,0,12.374037,50.728348
24,17,4,24,16,2,2,3,2,0,0,1,1,0,0,0,0,12.361183,50.723008
24,17,5,17,16,4,2,4,6,0,0,1,1,0,0,0,0,12.377581,50.719929
24,17,5,22,14,2,2,6,4,0,0,1,0,1,0,0,0,12.376759,50.740315
24,17,5,28,18,1,2,3,6,0,0,1,1,0,0,0,0,12.355834,50.767078
24,17,6,14,20,4,3,5,6,0,0,1,1,0,0,0,0,12.365232,50.722827
24,17,7,12,14,4,3,0,7,0,0,1,1,0,0,0,0,12.374191,50.728484
24,17,8,4,13,6,3,5,7,0,0,1,1,0,0,0,0,12.378087,50.73517
24,17,8,30,17,4,3,5,3,0,0,1,1,0,0,0,0,12.373986,50.732604
24,17,9,11,17,2,3,8,1,2,0,1,0,0,0,0,0,12.385886,50.725891
24,17,9,23,9,7,2,0,1,0,0,1,0,0,0,0,0,12.403767,50.736526
24,18,4,3,15,3,3,3,2,0,0,1,1,0,0,0,0,12.413538,50.712559
24,18,5,1,15,3,3,2,6,0,0,1,0,0,0,0,0,12.374673,50.722149
24,18,5,1,17,3,3,5,3,0,0,1,1,0,0,0,0,12.374848,50.735353
24,18,6,3,14,1,2,0,7,0,0,1,0,0,0,0,0,12.295657,50.734161
24,18,6,7,7,5,3,5,3,0,0,1,1,0,0,0,0,12.377368,50.741009
24,18,10,1,19,2,2,0,7,2,0,1,0,0,0,0,0,12.378462,50.730802
24,19,2,7,6,5,3,0,3,1,0,1,1,0,0,0,0,12.38398,50.715585
24,19,3,1,10,6,2,0,7,0,0,1,0,0,0,0,0,12.371553,50.775282
24,19,4,2,9,3,1,0,1,0,0,1,0,0,0,0,0,12.366833,50.752781
24,19,4,2,14,3,3,6,4,0,0,1,0,1,0,0,0,12.376353,50.738575
24,19,6,1,21,7,2,4,6,0,0,1,0,0,0,0,0,12.376832,50.735083
24,19,6,5,6,4,3,5,3,0,0,1,1,0,0,0,0,12.37399,50.732593
24,19,7,1,17,2,3,5,3,0,0,1,1,0,0,0,0,12.366369,50.722925
24,19,7,1,21,2,3,8,1,2,0,1,0,0,0,0,0,12.386958,50.714303
24,19,8,2,19,6,2,9,1,2,0,1,0,0,0,0,0,12.378985,50.731844
24,19,8,4,12,1,3,3,6,0,0,1,0,0,1,0,0,12.376992,50.740475
24,19,8,6,15,3,3,0,7,0,0,1,0,0,0,0,0,12.376686,50.734367
24,19,8,7,15,4,3,5,3,0,1,1,1,0,0,0,0,12.374397,50.722648
24,19,8,7,15,4,3,5,3,0,0,1,1,0,0,0,0,12.386183,50.714466
24,19,10,5,18,7,3,5,3,0,1,1,1,0,0,0,0,12.371222,50.754133
24,20,3,24,14,3,3,3,6,0,0,1,1,0,0,0,0,12.371435,50.748329
24,20,4,9,20,5,2,3,6,0,0,1,1,0,0,0,0,12.376682,50.734361
24,20,4,28,7,3,3,0,7,0,0,1,0,0,0,0,0,12.376829,50.73892
24,20,5,14,9,5,2,5,3,0,0,1,1,0,0,0,0,12.372246,50.733721
24,20,5,28,9,5,3,5,3,0,0,1,1,0,0,0,0,12.369382,50.769101
24,20,6,24,7,4,2,0,1,0,0,1,0,0,0,0,0,12.374191,50.731805
24,20,7,14,13,3,3,5,3,0,0,1,1,0,0,0,0,12.376393,50.733969
24,20,7,19,11,1,3,3,6,0,0,1,1,0,0,0,0,12.371352,50.753716
24,20,7,23,14,5,3,0,1,0,0,1,0,0,0,0,0,12.374884,50.755712
24,20,8,5,14,4,3,5,2,0,0,1,1,0,0,0,0,12.372675,50.727584
24,20,12,14,18,2,3,0,1,2,1,1,0,0,0,0,0,12.375707,50.726119
24,21,1,7,7,5,2,5,3,0,1,1,1,0,0,0,0,12.371222,50.754133
24,21,2,18,14,5,3,5,3,0,0,1,1,0,0,0,0,12.373544,50.755556
24,21,3,11,6,5,2,5,3,0,0,1,1,0,0,0,0,12.373747,50.754245
24,21,3,30,12,3,3,5,3,0,0,1,1,0,0,0,0,12.366895,50.767938
24,21,4,13,18,3,2,0,1,0,0,1,0,0,0,0,0,12.380813,50.736196
24,21,4,21,15,4,3,0,1,0,0,1,0,0,0,0,0,12.371233,50.75408
24,21,4,26,18,2,3,0,1,0,0,1,0,0,0,0,0,12.373593,50.723457
24,21,7,6,11,3,2,0,1,0,0,1,0,0,0,0,0,12.371232,50.754472
24,21,7,13,16,3,3,5,2,0,0,1,0,0,0,0,1,12.373424,50.736855
24,21,7,23,6,6,3,5,3,0,0,1,1,0,0,0,0,12.373248,50.724144
24,21,8,23,19,2,2,0,7,0,1,1,0,0,0,0,0,12.373687,50.734303
24,21,9,5,18,1,3,5,3,0,0,1,1,0,0,0,0,12.373063,50.726101
24,22,5,19,8,5,3,0,7,0,0,1,0,0,0,0,0,12.374759,50.721843
24,22,5,26,16,5,2,9,1,0,0,1,0,0,0,0,0,12.362895,50.741747
24,22,6,3,13,6,3,5,7,0,0,1,0,0,0,0,1,12.375034,50.731701
24,22,6,8,17,4,2,5,3,0,0,1,1,0,0,0,0,12.357179,50.742887
24,22,6,8,18,4,2,0,7,0,0,1,1,0,0,0,0,12.377695,50.738583
24,22,10,12,15,4,2,0,1,0,1,1,0,0,0,0,0,12.37621,50.727253
24,22,12,8,15,5,3,5,2,0,0,1,1,0,0,0,0,12.420674,50.730491
24,23,3,17,11,6,3,0,7,0,0,1,0,0,0,0,0,12.381215,50.716908
24,23,3,31,12,6,3,5,3,0,1,1,1,0,0,0,0,12.371757,50.749918
24,23,4,14,10,6,3,5,3,0,1,1,1,0,0,0,0,12.376039,50.732459
24,23,5,4,18,5,3,5,2,0,0,1,1,0,0,0,0,12.353405,50.76713
24,23,5,25,16,5,2,0,1,0,0,1,0,0,0,0,0,12.382078,50.736379
24,23,5,31,21,4,3,0,1,1,0,1,0,0,0,0,0,12.37433,50.722767
24,23,6,4,8,1,1,9,7,0,0,1,0,0,0,0,0,12.361751,50.733473
24,23,6,10,9,7,3,5,3,0,0,1,1,0,0,0,0,12.376059,50.732456
24,23,9,3,22,1,2,0,7,2,0,1,0,0,0,0,0,12.373543,50.755576
24,23,9,18,15,2,3,5,3,0,1,1,1,0,0,0,0,12.377134,50.736525
24,23,9,21,17,5,3,1,5,0,0,1,1,0,0,0,0,12.377565,50.746309
24,23,10,17,17,3,3,1,7,0,0,1,1,0,0,0,0,12.373529,50.756065
24,23,10,27,16,6,3,0,7,0,1,1,0,0,0,0,0,12.37467,50.721229
24,24,1,24,22,4,3,7,7,2,0,1,0,0,0,0,0,12.3839,50.730538
24,24,1,31,17,4,2,3,6,2,1,1,0,0,0,0,1,12.37784,50.736832
24,24,2,29,18,5,3,5,3,2,0,1,1,0,0,0,0,12.377381,50.740981
24,24,4,25,7,5,3,7,7,0,1,1,1,0,0,0,0,12.371236,50.754133
24,24,4,28,11,1,3,1,5,0,0,1,0,0,0,1,0,12.351712,50.767505
24,24,4,29,15,2,3,0,6,0,0,1,1,0,0,0,0,12.376941,50.741418
24,24,5,2,18,5,3,5,3,0,0,1,1,0,0,0,0,12.377905,50.745284
24,24,5,3,18,6,3,0,7,0,0,1,0,0,0,0,0,12.374613,50.722356
24,24,7,26,22,6,3,0,7,2,0,1,0,0,0,0,0,12.373175,50.724908
24,24,8,4,19,1,3,2,6,0,0,1,0,0,0,0,1,12.373961,50.732687
24,24,8,10,20,7,2,0,1,1,0,1,0,0,0,0,0,12.370433,50.732523
24,24,9,4,16,4,3,1,5,0,0,1,1,0,0,0,0,12.37627,50.738501
24,24,10,11,15,6,2,2,6,0,1,1,1,0,0,0,0,12.366882,50.767932
24,24,10,30,11,4,3,5,3,0,0,1,1,0,0,0,0,12.377365,50.741014
24,24,11,6,14,4,3,0,7,0,0,1,0,1,0,0,0,12.375572,50.738737
24,24,11,25,8,2,2,0,1,0,1,1,0,0,0,0,0,12.373814,50.735176
24,24,12,7,3,7,3,0,7,2,0,1,0,0,0,0,0,12.378554,50.740794
24,24,12,31,13,3,3,6,4,0,1,1,0,1,0,0,0,12.376096,50.731714
24,25,3,3,15,2,2,5,3,0,0,1,1,0,0,0,0,12.362248,50.766206
24,25,3,23,15,1,2,0,1,0,0,1,0,0,0,0,0,12.31216,50.685431
24,25,6,3,7,3,2,5,3,0,0,1,1,0,0,0,0,12.386455,50.722982
24,25,6,12,7,5,3,2,2,0,0,1,1,0,0,0,0,12.388141,50.727756
24,25,6,12,13,5,2,0,1,0,0,1,0,0,0,0,0,12.412114,50.753273
24,25,6,16,19,2,3,0,7,0,0,1,0,0,0,0,0,12.379802,50.732252
24,25,7,1,6,3,3,4,2,0,0,1,1,0,0,0,0,12.381552,50.736279
24,25,9,9,17,3,3,5,2,0,0,1,1,0,0,0,0,12.39576,50.713239
24,25,10,18,13,7,3,5,3,0,0,1,1,0,0,0,0,12.379998,50.73279
24,25,10,19,17,1,3,2,6,0,0,1,0,0,0,0,0,12.411704,50.725136
24,25,11,18,5,3,2,5,3,2,2,1,1,0,0,0,0,12.373813,50.735183
24,25,11,19,16,4,3,0,7,1,0,1,0,0,0,0,0,12.373714,50.727491
24,25,11,26,8,4,3,6,7,0,1,1,0,1,0,0,0,12.376815,50.735002
24,25,11,28,20,6,3,0,7,2,1,1,0,0,0,0,0,12.37342,50.73684
24,18,8,7,7,3,3,5,3,0,0,1,1,0,0,0,0,12.604151,50.668803
24,19,3,4,11,2,2,8,1,0,0,1,0,0,0,0,0,12.564547,50.646063
24,19,9,6,14,6,3,3,6,0,0,1,0,0,0,0,1,12.609894,50.668179
24,20,3,26,13,5,3,1,6,0,0,1,1,0,0,0,0,12.59923,50.663352
24,20,7,28,16,3,2,8,7,0,0,1,0,0,0,0,0,12.554224,50.643028
24,20,8,20,17,5,3,5,3,0,0,1,1,0,0,0,0,12.607704,50.664951
24,21,6,3,16,5,3,4,6,0,0,1,1,0,0,0,0,12.564133,50.655255
24,22,5,6,20,6,2,5,3,1,0,1,0,0,0,0,1,12.565797,50.644333
24,22,6,14,16,3,3,5,3,0,0,1,1,0,0,0,0,12.609766,50.668153
24,24,4,6,16,7,2,0,1,0,0,1,0,0,0,0,0,12.569805,50.653999
24,24,5,7,18,3,3,0,7,0,0,1,0,0,0,0,0,12.610384,50.668328
24,16,6,1,21,4,3,5,3,1,0,1,1,0,0,0,0,12.515822,50.677293
24,16,7,4,12,2,2,5,3,0,0,1,1,0,0,0,0,12.511658,50.675938
24,16,8,2,20,3,3,0,3,0,0,1,1,0,0,0,0,12.519145,50.678411
24,16,8,7,10,1,3,5,2,0,0,1,1,0,0,0,0,12.498347,50.686817
24,17,6,3,21,7,3,0,7,2,0,1,0,0,0,0,0,12.515657,50.67394
24,17,7,8,18,7,3,2,2,0,0,1,1,0,0,0,0,12.534678,50.670496
24,18,9,6,14,5,2,2,1,0,0,1,1,0,0,0,0,12.514175,50.687313
24,18,11,5,11,2,2,5,3,0,0,1,1,0,0,0,0,12.515638,50.674388
24,18,12,7,17,6,2,0,1,2,1,1,0,0,0,0,0,12.514883,50.672147
24,19,4,6,0,7,2,5,3,2,1,1,1,0,0,0,0,12.508527,50.670886
24,19,6,4,7,3,2,0,1,0,0,1,0,0,0,0,0,12.51198,50.669412
24,19,8,5,18,2,3,4,6,0,0,1,0,0,0,0,0,12.52063,50.675204
24,19,9,5,7,5,3,5,7,0,0,1,1,0,0,0,0,12.515266,50.676226
24,19,12,4,11,4,3,5,3,0,0,1,1,0,0,0,0,12.515523,50.676179
24,20,2,20,19,5,3,2,2,2,0,1,1,0,0,0,0,12.512429,50.677229
24,20,2,24,18,2,3,6,6,2,1,1,0,1,0,0,0,12.506743,50.672038
24,20,6,29,12,2,3,4,6,0,0,1,1,0,0,0,0,12.552512,50.669783
24,21,2,25,16,5,3,5,7,0,0,1,1,0,0,0,0,12.507749,50.678965
24,21,6,4,13,6,3,5,7,0,0,1,1,0,0,0,0,12.507713,50.678981
24,21,8,2,15,2,3,4,6,0,1,1,1,0,0,0,0,12.521802,50.67474
24,22,6,5,13,1,2,0,7,0,0,1,0,0,0,0,0,12.553189,50.662167
24,23,3,24,16,6,3,5,7,0,0,1,1,0,0,0,0,12.508212,50.678791
24,23,4,26,19,4,3,2,1,0,0,1,1,0,0,0,0,12.515303,50.676287
24,23,6,11,18,1,3,5,3,0,0,1,1,0,0,0,0,12.550765,50.661721
24,23,7,25,18,3,2,5,7,0,1,1,0,0,0,0,0,12.515797,50.67613
24,23,8,21,16,2,3,3,2,0,0,1,1,0,0,0,0,12.510682,50.688659
24,23,9,10,18,1,2,8,1,0,0,1,1,0,0,0,0,12.518301,50.678283
24,24,6,21,0,6,3,1,5,2,0,1,1,0,0,0,0,12.520048,50.671877
24,24,8,29,11,5,3,0,2,0,0,1,1,0,0,0,0,12.513007,50.667757
24,24,12,11,14,4,2,3,6,0,0,1,1,0,0,0,0,12.523959,50.660148
24,25,5,30,17,6,3,3,7,0,0,1,1,0,0,0,0,12.515727,50.676143
24,25,7,29,21,3,3,0,7,0,0,1,0,0,0,0,0,12.512426,50.67705
24,25,8,17,19,1,2,5,3,0,0,1,1,0,0,0,0,12.513559,50.678322
24,16,1,1,10,6,2,5,3,0,1,1,1,0,0,0,0,12.438241,50.720791
24,16,1,5,5,3,3,5,3,2,1,1,1,0,0,0,0,12.485417,50.7034
24,16,2,3,19,4,3,4,2,2,1,1,1,0,0,0,0,12.524948,50.734177
24,16,2,4,5,5,3,5,3,2,2,1,1,0,0,0,0,12.491833,50.724001
24,16,2,5,11,6,2,0,3,0,0,1,0,0,0,0,1,12.45902,50.707015
24,16,3,1,15,3,3,5,3,0,0,1,1,0,0,0,0,12.481054,50.718378
24,16,3,1,20,3,2,0,1,2,1,1,0,0,0,0,0,12.503656,50.725626
24,16,3,5,14,7,3,5,3,0,0,1,0,0,0,0,1,12.484743,50.720276
24,16,4,1,16,6,3,0,7,0,0,1,1,0,0,0,0,12.492704,50.702877
24,16,4,2,12,7,3,2,6,0,0,1,1,0,0,0,0,12.498614,50.708982
24,16,4,4,8,2,2,3,2,0,0,1,1,0,0,0,0,12.469758,50.685324
24,16,4,4,22,2,3,3,6,2,0,1,0,0,1,0,0,12.47913,50.796152
24,16,4,6,16,4,3,5,3,0,0,1,1,0,0,0,0,12.488071,50.685131
24,16,5,2,7,2,3,5,3,0,0,1,1,0,0,0,0,12.482217,50.731334
24,16,5,2,17,2,2,0,1,0,0,1,0,0,0,0,0,12.5039,50.716302
24,16,5,2,18,2,3,5,3,0,0,1,1,0,0,0,0,12.454288,50.720327
24,16,5,3,13,3,3,5,2,0,0,1,1,0,0,0,0,12.472319,50.736118
24,16,5,5,16,5,3,5,2,0,0,1,1,0,0,0,0,12.480979,50.736862
24,16,5,6,15,6,2,0,1,0,0,1,0,0,0,0,0,12.499623,50.730264
24,16,5,6,17,6,2,5,3,0,0,1,1,0,0,0,0,12.457857,50.709805
24,16,5,7,19,7,3,4,2,0,0,1,1,0,0,0,0,12.483727,50.71614
24,16,5,7,22,7,3,4,2,2,0,1,1,0,0,0,0,12.488195,50.720201
24,16,6,1,8,4,3,0,7,0,0,1,0,1,0,0,0,12.49537,50.713997
24,16,6,1,13,4,2,0,1,0,0,1,0,0,0,0,0,12.436533,50.73165
24,16,6,1,16,4,3,5,3,0,0,1,1,0,0,0,0,12.463853,50.697589
24,16,6,1,16,4,2,5,2,0,0,1,1,0,0,0,0,12.489993,50.718292
24,16,6,2,21,5,3,5,3,2,1,1,1,0,0,0,0,12.498141,50.702303
24,16,6,3,11,6,3,1,5,0,1,1,1,0,0,0,0,12.494047,50.725293
24,16,6,3,15,6,2,5,3,0,0,1,1,0,0,0,0,12.488737,50.718973
24,16,6,4,14,7,3,5,2,0,0,1,1,0,0,0,0,12.457763,50.714532
24,16,6,5,16,1,2,5,3,0,0,1,1,0,0,0,0,12.492662,50.738521
24,16,6,6,6,2,3,6,7,0,0,1,0,1,0,0,0,12.472007,50.721291
24,16,6,6,13,2,2,5,3,0,0,1,1,0,0,0,0,12.486915,50.73966
24,16,6,6,18,2,3,3,6,0,0,1,0,0,0,0,1,12.449116,50.7206
24,16,6,7,14,3,3,0,1,0,0,1,0,0,0,0,0,12.484701,50.727107
24,16,7,1,13,6,3,5,3,0,0,1,1,0,0,0,0,12.471855,50.710783
24,16,7,1,17,6,3,1,1,0,0,1,1,0,0,0,0,12.473716,50.735123
24,16,7,2,19,7,3,0,7,0,0,1,0,0,0,0,0,12.520624,50.732232
24,16,7,4,14,2,3,5,3,0,0,1,1,0,0,0,0,12.486723,50.719349
24,16,7,7,13,5,1,0,1,0,0,1,0,0,0,0,0,12.463783,50.719119
24,16,8,1,13,2,3,5,3,0,0,1,1,0,0,0,0,12.464641,50.708853
24,16,8,1,13,2,3,5,3,0,0,1,1,0,0,0,0,12.530226,50.762322
24,16,8,1,15,2,3,5,3,0,0,1,1,0,0,0,0,12.48474,50.719024
24,16,8,2,18,3,3,3,6,0,0,1,1,0,0,0,0,12.487405,50.758896
24,16,8,3,6,4,3,0,1,0,0,1,0,0,0,0,0,12.464219,50.708734
24,16,8,5,11,6,3,3,6,0,1,1,0,0,0,1,0,12.475683,50.677442
24,16,8,5,21,6,3,3,6,1,0,1,1,0,0,0,0,12.464119,50.701223
24,16,8,6,15,7,3,5,3,0,0,1,1,0,0,0,0,12.487705,50.686178
24,16,8,6,16,7,3,0,1,0,0,1,0,0,0,0,0,12.470552,50.684834
24,16,8,7,15,1,3,5,3,0,0,1,1,0,0,0,0,12.473913,50.720564
24,16,8,7,17,1,2,5,3,0,0,1,1,0,0,0,0,12.500387,50.704703
24,16,9,1,10,5,3,5,3,0,0,1,1,0,0,0,0,12.475622,50.724369
24,16,9,1,16,5,3,6,4,0,0,1,0,1,0,0,0,12.507113,50.732222
24,16,9,1,18,5,2,0,2,0,0,1,1,0,0,0,0,12.498264,50.686791
24,16,9,1,21,5,3,3,6,2,0,1,1,0,0,0,0,12.436854,50.757632
24,16,9,2,10,6,3,5,3,0,0,1,1,0,0,0,0,12.441887,50.722394
24,16,9,2,15,6,3,0,2,0,0,1,1,0,0,0,0,12.483682,50.720303
24,16,9,2,23,6,3,0,7,2,0,1,0,0,0,0,0,12.471525,50.710698
24,16,9,4,11,1,3,3,7,0,0,1,1,0,0,0,0,12.488194,50.81107
24,16,9,6,11,3,3,1,7,0,0,1,1,0,0,0,0,12.472508,50.721107
24,16,9,7,19,4,3,3,2,2,0,1,1,0,0,0,0,12.488751,50.696098
24,16,10,2,7,1,3,3,2,1,1,1,1,0,0,0,0,12.494948,50.728173
24,16,10,3,13,2,3,3,2,0,0,1,0,0,1,0,0,12.426338,50.729287
24,16,10,7,12,6,2,0,7,0,1,1,0,0,0,0,0,12.483698,50.734648
24,16,10,7,13,6,3,5,3,0,0,1,1,0,0,0,0,12.497183,50.713511
24,16,11,2,6,4,3,0,3,2,1,1,1,0,0,0,0,12.490382,50.72578
24,16,11,3,9,5,3,5,3,0,0,1,1,0,0,0,0,12.480228,50.73676
24,16,11,4,15,6,3,5,3,0,0,1,1,0,0,0,0,12.480979,50.736862
24,16,12,1,7,5,3,5,3,1,1,1,1,0,0,0,0,12.491826,50.72401
24,16,12,1,12,5,3,0,5,0,0,1,1,0,0,0,0,12.476866,50.737494
24,16,12,2,6,6,2,6,7,2,1,1,0,1,0,0,0,12.484103,50.784649
24,16,12,7,10,4,3,5,3,0,1,1,1,0,0,0,0,12.50932,50.72589
24,16,12,7,16,4,2,5,3,1,1,1,1,0,0,0,0,12.466218,50.719727
24,17,2,10,6,6,3,4,1,2,1,1,1,0,0,0,0,12.477322,50.766636
24,17,3,14,11,3,2,4,2,0,0,1,1,0,0,0,0,12.485417,50.700534
24,17,3,15,15,4,2,5,3,0,0,1,1,0,0,0,0,12.478459,50.736562
24,17,3,22,17,4,2,1,5,0,0,1,1,0,0,0,0,12.491574,50.730332
24,17,3,22,18,4,3,2,6,2,0,1,1,0,0,0,0,12.43453,50.715548
24,17,3,25,12,7,2,5,3,0,0,1,1,0,0,0,0,12.503785,50.70122
24,17,3,26,15,1,3,5,3,0,0,1,1,0,0,0,0,12.464089,50.7087
24,17,3,30,15,5,2,5,3,0,0,1,1,0,0,0,0,12.47509,50.681035
24,17,3,31,15,6,3,5,3,0,0,1,1,0,0,0,0,12.478185,50.780083
24,17,4,1,17,7,3,0,7,0,0,1,0,1,0,0,0,12.481577,50.69507
24,17,4,22,17,7,3,3,7,0,0,1,1,0,0,0,0,12.491612,50.730285
24,17,4,24,17,2,2,5,3,0,0,1,1,0,0,0,0,12.483245,50.714075
24,17,5,1,11,2,3,0,7,0,0,1,1,0,0,0,0,12.495047,50.717367
24,17,5,5,15,6,3,2,7,0,0,1,1,0,0,0,0,12.47802,50.72013
24,17,5,12,10,6,2,0,1,0,0,1,0,0,0,0,0,12.491463,50.727438
24,17,5,14,19,1,2,0,1,0,0,1,0,0,0,0,0,12.479552,50.71724
24,17,5,15,9,2,3,5,3,0,0,1,0,0,0,0,1,12.457577,50.713327
24,17,5,22,15,2,2,5,2,0,0,1,1,0,0,0,0,12.472324,50.736156
24,17,5,25,23,5,3,3,3,2,0,1,0,0,1,0,0,12.492512,50.703643
24,17,6,2,18,6,3,5,3,0,0,1,1,0,0,0,0,12.492756,50.70894
24,17,6,3,14,7,3,0,1,0,0,1,1,0,0,0,0,12.466349,50.685575
24,17,6,7,15,4,2,4,6,0,0,1,0,0,0,0,0,12.499576,50.728053
24,17,6,26,6,2,2,5,3,0,0,1,1,0,0,0,0,12.461845,50.717792
24,17,6,27,14,3,3,5,2,0,0,1,1,0,0,0,0,12.495651,50.704589
24,17,6,29,11,5,2,6,7,0,1,1,0,1,0,0,0,12.479614,50.715996
24,17,7,4,15,3,3,5,3,0,0,1,1,0,0,0,0,12.478499,50.715513
24,17,7,5,10,4,3,3,2,0,0,1,1,0,0,0,0,12.489518,50.738246
24,17,7,6,16,5,3,0,1,0,0,1,0,0,0,0,0,12.489652,50.71993
24,17,7,21,19,6,3,0,1,0,0,1,0,0,0,0,0,12.502324,50.741558
24,17,7,25,10,3,3,5,3,0,0,1,1,0,0,0,0,12.467096,50.7095
24,17,8,5,15,7,3,8,7,0,0,1,1,0,0,0,0,12.468927,50.721084
24,17,8,16,17,4,3,5,3,0,0,1,1,0,0,0,0,12.471986,50.710823
24,17,8,17,12,5,3,1,1,0,0,1,1,0,0,0,0,12.496062,50.722989
24,17,9,4,14,2,3,5,3,0,0,1,1,0,0,0,0,12.486567,50.720239
24,17,9,6,12,4,3,5,3,0,0,1,1,0,0,0,0,12.484775,50.737315
24,17,9,15,19,6,3,0,1,0,0,1,0,0,0,0,0,12.458324,50.669929
24,17,9,20,6,4,2,5,3,1,0,1,0,0,0,0,1,12.488618,50.71889
24,17,9,22,21,6,3,1,1,2,0,1,1,0,0,0,0,12.495899,50.717621
24,17,9,27,15,4,3,5,3,0,0,1,1,0,0,0,0,12.48686,50.72237
24,17,9,27,15,4,2,6,4,0,0,1,0,1,0,0,0,12.495458,50.722785
24,17,9,28,7,5,3,0,1,0,0,1,0,0,0,0,0,12.489555,50.738269