UKREIS,UJAHR,UMONAT,UTAG,USTUNDE,UWOCHENTAG,UKATEGORIE,UART,UTYP,LICHT,USTRZUSTAND,IstRad,IstPKW,IstFuss,IstKrad,IstGkfz,IstSonstige,@lon,@lat
24,17,9,28,15,5,3,8,1,0,0,1,0,0,0,0,0,12.496764,50.715629
24,17,9,30,12,7,3,4,2,0,0,1,1,0,0,0,0,12.507442,50.74082
24,17,9,30,20,7,3,5,3,2,0,1,1,0,0,0,0,12.516215,50.7005
24,17,10,10,4,3,3,0,1,2,1,1,0,0,0,0,0,12.47662,50.736239
24,17,10,11,19,4,2,7,1,2,0,1,0,0,0,0,0,12.477327,50.725661
24,17,10,13,8,6,3,6,6,0,0,1,0,1,0,0,0,12.464792,50.692278
24,17,10,21,11,7,3,5,3,0,0,1,1,0,0,0,0,12.474325,50.689288
24,17,10,24,15,3,3,0,7,0,0,1,0,0,0,0,0,12.481338,50.71436
24,17,10,26,11,5,2,4,2,0,0,1,1,0,0,0,0,12.503302,50.738241
24,17,10,26,15,5,2,5,3,0,0,1,1,0,0,0,0,12.480631,50.736815
24,17,11,4,11,7,3,0,1,0,0,1,0,0,0,0,0,12.49744,50.721291
24,17,11,20,11,2,3,5,3,0,1,1,1,0,0,0,0,12.486975,50.722163
24,17,12,21,11,5,3,4,2,0,1,1,1,0,0,0,0,12.523092,50.725402
24,18,1,5,7,6,3,0,1,1,0,1,0,0,0,0,0,12.508334,50.702009
24,18,1,7,11,1,2,0,7,0,0,1,0,0,0,0,0,12.469932,50.753446
24,18,2,1,10,5,3,3,7,0,0,1,1,0,0,0,0,12.491835,50.723998
24,18,2,3,17,7,2,0,1,2,1,1,0,0,0,0,0,12.466743,50.689567
24,18,3,1,11,5,3,6,7,0,0,1,0,1,0,0,0,12.49128,50.733303
24,18,3,6,15,3,3,5,3,0,1,1,1,0,0,0,0,12.464289,50.719167
24,18,4,2,10,2,2,5,3,0,0,1,1,0,0,0,0,12.457946,50.717962
24,18,4,2,16,2,3,5,3,0,0,1,1,0,0,0,0,12.475744,50.681484
24,18,4,3,22,3,3,5,3,2,0,1,1,0,0,0,0,12.467149,50.709514
24,18,4,4,7,4,3,4,2,0,0,1,1,0,0,0,0,12.501574,50.741423
24,18,4,4,14,4,3,3,6,0,0,1,1,0,0,0,0,12.477322,50.76664
24,18,4,4,16,4,2,5,3,0,0,1,1,0,0,0,0,12.47201,50.720375
24,18,4,5,0,5,2,0,1,2,0,1,0,0,0,0,0,12.499688,50.705078
24,18,4,5,14,5,3,2,6,0,0,1,1,0,0,0,0,12.49327,50.727893
24,18,4,5,14,5,2,0,7,0,0,1,0,0,0,0,0,12.497078,50.718773
24,18,4,5,19,5,3,0,1,0,0,1,0,0,0,0,0,12.500636,50.718043
24,18,4,6,13,6,2,0,1,0,0,1,0,0,0,0,0,12.512059,50.737435
24,18,4,6,16,6,3,6,1,0,0,1,0,1,0,0,0,12.521234,50.735831
24,18,5,1,8,3,1,5,6,0,0,1,0,0,0,1,0,12.484919,50.727239
24,18,5,1,10,3,3,0,1,0,0,1,0,0,0,0,0,12.454472,50.721363
24,18,5,2,12,4,3,2,7,0,0,1,1,0,0,0,0,12.488067,50.720205
24,18,5,3,7,5,3,0,1,0,1,1,0,0,0,0,0,12.483245,50.729859
24,18,5,3,17,5,2,9,1,0,0,1,0,0,0,0,0,12.466936,50.723104
24,18,5,4,19,6,3,5,2,0,0,1,1,0,0,0,0,12.497111,50.721902
24,18,5,4,21,6,3,5,3,2,0,1,1,0,0,0,0,12.494264,50.724777
24,18,5,7,21,2,2,5,3,2,0,1,1,0,0,0,0,12.49159,50.727335
24,18,6,1,14,6,2,5,3,0,0,1,1,0,0,0,0,12.484079,50.715597
24,18,6,1,22,6,3,5,3,2,0,1,1,0,0,0,0,12.493366,50.720637
24,18,6,3,16,1,2,0,1,0,0,1,0,0,0,0,0,12.490267,50.736179
24,18,6,4,15,2,3,5,3,0,0,1,0,0,0,0,1,12.493372,50.722088
24,18,6,4,19,2,3,2,2,0,0,1,1,0,0,0,0,12.496184,50.75815
24,18,6,4,19,2,3,5,3,0,0,1,1,0,0,0,0,12.496598,50.714812
24,18,6,4,23,2,2,5,3,2,1,1,1,0,0,0,0,12.473403,50.720456
24,18,6,6,7,4,2,2,2,0,0,1,1,0,0,0,0,12.488057,50.68509
24,18,6,6,16,4,3,5,3,0,0,1,1,0,0,0,0,12.494269,50.724778
24,18,6,7,14,5,3,5,3,0,0,1,1,0,0,0,0,12.481287,50.714338
24,18,7,1,10,1,3,0,7,0,0,1,0,0,0,0,0,12.485498,50.700458
24,18,7,1,19,1,2,0,1,0,0,1,0,0,0,0,0,12.512253,50.73209
24,18,7,2,22,2,2,0,1,1,0,1,0,0,0,0,0,12.484307,50.737258
24,18,7,3,7,3,3,5,3,0,0,1,1,0,0,0,0,12.485433,50.703413
24,18,7,3,15,3,3,5,3,0,0,1,0,0,1,0,0,12.487673,50.72602
24,18,7,7,17,7,3,5,2,0,0,1,1,0,0,0,0,12.499223,50.707413
24,18,8,1,13,4,3,3,6,0,0,1,1,0,0,0,0,12.509018,50.788116
24,18,8,1,18,4,3,5,3,0,0,1,1,0,0,0,0,12.457962,50.717966
24,18,8,2,23,5,2,8,1,2,0,1,0,0,0,0,0,12.524777,50.726139
24,18,9,3,7,2,3,0,1,0,0,1,0,0,0,0,0,12.484697,50.727601
24,18,9,3,12,2,2,5,3,0,0,1,1,0,0,0,0,12.507436,50.740826
24,18,9,3,13,2,2,5,2,0,0,1,1,0,0,0,0,12.476495,50.720409
24,18,9,4,13,3,3,3,2,0,0,1,1,0,0,0,0,12.488751,50.696097
24,18,9,5,6,4,3,5,3,0,0,1,1,0,0,0,0,12.502031,50.701
24,18,9,5,14,4,3,0,7,0,0,1,0,0,0,0,0,12.49798,50.717215
24,18,9,5,16,4,3,3,6,0,0,1,1,0,0,0,0,12.487961,50.742846
24,18,9,5,17,4,3,2,6,0,0,1,1,0,0,0,0,12.433056,50.735742
24,18,9,6,23,5,3,0,7,2,0,1,0,0,0,0,0,12.49782,50.717608
24,18,9,7,7,6,3,4,3,0,0,1,1,0,0,0,0,12.497086,50.686136
24,18,10,4,11,5,2,3,2,0,0,1,0,0,0,0,1,12.436942,50.721646
24,18,10,4,17,5,3,5,7,0,0,1,1,0,0,0,0,12.430816,50.723351
24,18,10,4,17,5,2,4,2,0,0,1,1,0,0,0,0,12.47869,50.736589
24,18,10,5,9,6,3,5,3,0,0,1,1,0,0,0,0,12.48757,50.7378
24,18,10,6,16,7,2,5,3,0,0,1,1,0,0,0,0,12.523464,50.732364
24,18,10,7,6,1,3,0,1,2,1,1,0,0,0,0,0,12.517664,50.754094
24,18,10,7,13,1,2,0,1,0,1,1,0,0,0,0,0,12.492122,50.784346
24,18,11,1,16,5,3,2,6,1,0,1,1,0,0,0,0,12.448267,50.721354
24,18,11,2,11,6,3,5,3,0,1,1,1,0,0,0,0,12.464266,50.719164
24,18,11,2,19,6,3,5,3,2,0,1,1,0,0,0,0,12.491425,50.760399
24,18,11,3,12,7,3,5,3,0,0,1,1,0,0,0,0,12.443047,50.723961
24,18,11,5,9,2,2,3,6,0,0,1,1,0,0,0,0,12.494278,50.720981
24,18,11,6,7,3,3,5,2,0,0,1,1,0,0,0,0,12.49159,50.727335
24,18,11,6,7,3,3,0,1,2,0,1,0,0,0,0,0,12.500342,50.685148
24,18,11,6,17,3,3,4,2,2,0,1,1,0,0,0,0,12.457218,50.720082
24,18,11,6,17,3,3,2,6,2,1,1,1,0,0,0,0,12.501866,50.702565
24,18,12,3,19,2,2,1,1,2,0,1,1,0,0,0,0,12.485595,50.728506
24,18,12,3,21,2,3,0,1,2,0,1,0,0,0,0,0,12.483773,50.715458
24,18,12,5,12,4,3,0,7,0,1,1,0,0,0,0,0,12.49862,50.709288
24,18,12,7,18,6,1,2,6,2,0,1,0,0,0,0,1,12.49229,50.73039
24,19,1,1,9,3,3,1,3,0,1,1,1,0,0,0,0,12.459819,50.720063
24,19,1,7,7,2,2,0,1,1,2,1,0,0,0,0,0,12.48907,50.733936
24,19,3,1,14,6,2,5,3,0,0,1,1,0,0,0,0,12.522413,50.725138
24,19,3,1,16,6,3,0,1,1,1,1,0,0,0,0,0,12.496915,50.717575
24,19,3,4,18,2,3,5,3,2,1,1,1,0,0,0,0,12.481941,50.714622
24,19,3,5,14,3,3,1,1,0,0,1,0,0,0,0,1,12.469236,50.66878
24,19,3,6,14,4,3,0,1,0,0,1,0,0,0,0,0,12.496713,50.714804
24,19,4,1,17,2,3,3,6,0,0,1,1,0,0,0,0,12.468385,50.67774
24,19,4,3,19,4,3,0,7,0,0,1,0,0,0,0,0,12.474798,50.711748
24,19,4,4,9,5,2,4,2,0,0,1,1,0,0,0,0,12.50744,50.740822
24,19,4,4,16,5,3,5,3,0,0,1,1,0,0,0,0,12.480979,50.736862
24,19,4,6,6,7,2,4,2,2,0,1,1,0,0,0,0,12.476566,50.720396
24,19,5,1,14,4,3,5,3,0,0,1,1,0,0,0,0,12.483716,50.720302
24,19,5,2,7,5,3,5,3,0,0,1,1,0,0,0,0,12.489512,50.732866
24,19,5,3,6,6,3,5,2,0,0,1,1,0,0,0,0,12.493918,50.70534
24,19,5,3,23,6,3,0,1,2,0,1,1,0,0,0,0,12.484223,50.714319
24,19,5,4,18,7,2,0,7,0,0,1,0,0,0,0,0,12.507612,50.734798
24,19,5,4,22,7,3,0,1,2,0,1,0,0,0,0,0,12.449374,50.72032
24,19,5,5,13,1,3,5,3,0,0,1,1,0,0,0,0,12.467336,50.673386
24,19,6,2,4,1,1,1,1,2,0,1,1,0,0,0,0,12.485254,50.702141
24,19,6,2,22,1,3,5,3,2,0,1,1,0,0,0,0,12.49335,50.720629
24,19,6,3,8,2,3,4,2,0,0,1,1,0,0,0,0,12.478187,50.678728
24,19,6,3,8,2,3,0,7,0,0,1,0,0,0,0,1,12.491335,50.718816
24,19,7,1,10,2,3,5,3,0,0,1,1,0,0,0,0,12.473622,50.694098
24,19,7,1,19,2,3,0,1,0,0,1,0,0,0,0,0,12.490238,50.736279
24,19,7,2,17,3,2,5,3,0,0,1,1,0,0,0,0,12.489724,50.737802
24,19,7,3,14,4,3,0,1,0,0,1,0,0,0,0,0,12.472704,50.753876
24,19,7,4,0,5,3,0,1,2,0,1,0,0,0,0,0,12.497159,50.720145
24,19,7,4,16,5,3,3,6,0,0,1,0,0,0,1,0,12.456679,50.697914
24,19,8,1,13,5,3,1,7,0,0,1,1,0,0,0,0,12.488758,50.738072
24,19,8,1,14,5,3,6,4,0,0,1,0,1,0,0,0,12.476008,50.722925
24,19,8,2,19,6,2,8,7,1,0,1,0,0,0,0,0,12.441388,50.722304
24,19,8,3,20,7,3,9,1,2,0,1,0,0,0,0,0,12.500088,50.721658
24,19,8,4,15,1,3,0,7,0,0,1,0,0,0,0,0,12.486599,50.740853
24,19,8,6,16,3,3,5,3,0,1,1,1,0,0,0,0,12.476489,50.720439
24,19,8,7,15,4,3,5,5,0,0,1,1,0,0,0,0,12.471862,50.689599
24,19,9,1,13,1,3,0,1,0,0,1,0,0,0,0,0,12.47796,50.737597
24,19,9,2,7,2,2,0,2,0,0,1,0,0,0,1,0,12.478839,50.713234
24,19,9,4,13,4,3,5,3,0,0,1,1,0,0,0,0,12.494552,50.739332
24,19,9,4,13,4,2,6,6,0,0,1,0,1,0,0,0,12.526814,50.729897
24,19,9,5,11,5,3,0,2,0,0,1,1,0,0,0,0,12.486872,50.722348
24,19,9,5,14,5,3,0,7,0,0,1,0,0,0,1,0,12.523598,50.752002
24,19,9,6,18,6,2,5,3,0,0,1,1,0,0,0,0,12.459277,50.706993
24,19,10,1,22,3,2,7,7,2,1,1,0,0,0,0,0,12.482231,50.796293
24,19,10,7,8,2,3,8,7,0,0,1,0,0,0,0,0,12.474812,50.720481
24,19,10,7,13,2,3,4,2,0,0,1,1,0,0,0,0,12.469702,50.720225
24,19,11,1,5,6,2,5,3,2,1,1,1,0,0,0,0,12.464981,50.70894
24,19,11,1,14,6,3,0,1,0,0,1,0,0,0,0,0,12.484465,50.760207
24,19,11,1,14,6,2,1,7,0,1,1,1,0,0,0,0,12.488351,50.729775
24,19,11,1,19,6,2,8,1,2,1,1,1,0,0,0,0,12.449737,50.720028
24,19,11,4,7,2,3,4,2,0,1,1,1,0,0,0,0,12.485603,50.731571
24,19,11,4,20,2,3,0,1,2,1,1,0,0,0,0,0,12.490263,50.736193
24,19,11,7,13,5,3,3,6,0,0,1,0,0,0,0,0,12.498289,50.789193
24,19,12,3,6,3,3,4,2,2,1,1,1,0,0,0,0,12.476608,50.720388
24,20,1,15,13,4,3,5,3,0,0,1,1,0,0,0,0,12.481191,50.7318
24,20,1,21,6,3,3,5,3,2,0,1,1,0,0,0,0,12.474605,50.71168
24,20,1,23,14,5,3,5,3,0,0,1,1,0,0,0,0,12.485412,50.70341
24,20,2,3,9,2,3,6,7,0,0,1,0,1,0,0,0,12.499444,50.719808
24,20,3,1,18,1,3,3,2,1,0,1,1,0,0,0,0,12.487662,50.737819
24,20,3,2,15,2,3,5,2,0,0,1,1,0,0,0,0,12.495718,50.728273
24,20,4,1,10,4,2,5,2,0,0,1,1,0,0,0,0,12.491933,50.721582
24,20,4,17,14,6,2,3,3,0,0,1,1,0,0,0,0,12.468111,50.722688
24,20,4,23,13,5,3,5,3,0,0,1,1,0,0,0,0,12.493381,50.720645
24,20,5,4,19,2,3,5,3,1,1,1,1,0,0,0,0,12.490625,50.735246
24,20,5,13,9,4,3,4,2,0,0,1,1,0,0,0,0,12.50378,50.727963
24,20,6,3,7,4,3,4,6,0,0,1,0,0,0,0,0,12.442746,50.711221
24,20,6,6,2,7,3,0,1,2,0,1,0,0,0,0,0,12.486695,50.717268
24,20,6,7,15,1,3,3,6,0,1,1,1,0,0,0,0,12.449377,50.720317
24,20,6,9,2,3,3,9,1,2,0,1,1,0,0,0,0,12.488532,50.672582
24,20,6,10,9,4,3,0,7,0,1,1,0,0,0,0,0,12.449366,50.720329
24,20,6,14,20,1,2,0,1,0,1,1,0,0,0,0,0,12.497492,50.721283
24,20,6,18,15,5,3,1,3,0,0,1,1,0,0,0,0,12.471544,50.720348
24,20,6,27,9,7,2,0,7,0,0,1,0,0,0,0,0,12.502939,50.701357
24,20,6,27,13,7,2,9,7,0,0,1,0,0,0,0,0,12.492276,50.730427
24,20,6,27,21,7,3,4,7,0,0,1,0,0,0,0,0,12.458216,50.695894
24,20,7,2,12,5,2,5,3,0,0,1,1,0,0,0,0,12.495683,50.704618
24,20,7,2,14,5,2,5,3,0,0,1,1,0,0,0,0,12.441974,50.721997
24,20,7,10,13,6,2,5,2,0,0,1,1,0,0,0,0,12.479178,50.781276
24,20,7,22,23,4,3,3,6,2,0,1,1,0,0,0,0,12.45077,50.719377
24,20,7,24,11,6,2,0,1,0,0,1,0,0,0,0,0,12.449433,50.720261
24,20,7,29,11,4,3,0,7,0,0,1,0,0,0,0,0,12.486928,50.717372
24,20,7,30,21,5,3,1,7,2,0,1,1,0,0,0,0,12.474391,50.782245
24,20,8,12,8,4,3,4,2,0,0,1,1,0,0,0,0,12.503621,50.715575
24,20,8,15,12,7,3,5,3,0,0,1,1,0,0,0,0,12.463466,50.719099
24,20,8,16,13,1,3,9,1,0,0,1,0,0,0,0,0,12.5054,50.732189
24,20,9,4,9,6,3,0,1,0,0,1,0,0,0,0,0,12.464974,50.693447
24,20,9,4,22,6,3,1,5,2,0,1,1,0,0,0,0,12.472571,50.680318
24,20,9,5,13,7,3,0,1,0,1,1,0,0,0,0,0,12.50747,50.74077
24,20,9,5,17,7,3,4,2,0,1,1,1,0,0,0,0,12.493962,50.71581
24,20,9,9,11,4,3,3,2,0,0,1,1,0,0,0,0,12.48457,50.701208
24,20,9,17,16,5,3,2,6,0,0,1,1,0,0,0,0,12.475453,50.692458
24,20,10,8,7,5,3,0,7,0,0,1,1,0,0,0,0,12.491293,50.729392
24,20,10,12,17,2,3,3,6,0,0,1,0,0,0,1,0,12.476818,50.712462
24,20,10,12,23,2,3,0,1,2,1,1,0,0,0,0,0,12.458504,50.717133
24,20,10,15,16,5,3,1,3,0,1,1,1,0,0,0,0,12.486546,50.720239
24,20,10,23,12,6,3,0,1,0,0,1,0,0,0,0,0,12.479249,50.717161
24,20,10,27,16,3,3,0,1,1,0,1,0,0,0,0,0,12.476999,50.762901
24,20,11,3,11,3,3,6,7,0,0,1,0,1,0,0,0,12.466979,50.700759
24,20,11,6,18,6,3,1,2,2,0,1,1,0,0,0,0,12.495685,50.704623
24,20,11,19,15,5,2,0,1,0,0,1,0,0,0,0,0,12.483848,50.717985
24,20,11,22,15,1,2,0,1,0,0,1,0,0,0,0,0,12.486873,50.717929
24,20,12,21,14,2,2,5,3,0,1,1,1,0,0,0,0,12.464885,50.708915
24,20,12,29,8,3,3,0,1,0,2,1,0,0,0,0,0,12.500483,50.721539
24,21,1,22,12,6,3,5,3,0,0,1,1,0,0,0,0,12.486536,50.72024
24,21,2,5,13,6,3,5,7,0,0,1,1,0,0,0,0,12.491871,50.738418
24,21,2,23,14,3,3,4,2,0,0,1,1,0,0,0,0,12.490965,50.734202
24,21,2,26,6,6,3,3,2,2,0,1,1,0,0,0,0,12.478034,50.75824
24,21,3,25,13,5,3,0,7,0,0,1,0,0,0,0,0,12.49138,50.733006
24,21,3,26,11,6,2,0,1,0,0,1,0,0,0,0,0,12.490845,50.728237
24,21,3,29,10,2,3,5,2,0,0,1,1,0,0,0,0,12.499735,50.730394
24,21,4,5,23,2,3,0,1,2,2,1,0,0,0,0,0,12.458694,50.721236
24,21,4,22,12,5,3,5,3,0,0,1,1,0,0,0,0,12.47461,50.711681
24,21,5,15,14,7,3,3,7,0,1,1,0,0,0,0,0,12.501605,50.798493
24,21,5,19,17,4,3,5,3,0,1,1,1,0,0,0,0,12.457756,50.718917
24,21,6,3,6,5,2,5,3,0,0,1,0,0,0,0,1,12.499508,50.706848
24,21,6,4,11,6,3,6,4,0,0,1,0,1,0,0,0,12.488882,50.740199
24,21,6,14,14,2,3,5,3,0,0,1,0,0,0,0,1,12.487022,50.745481
24,21,6,16,11,4,3,1,7,0,0,1,1,0,0,0,0,12.46566,50.694001
24,21,6,21,7,2,3,1,5,0,0,1,0,0,0,1,0,12.48124,50.708568
24,21,6,22,23,3,3,0,7,2,0,1,0,0,0,0,0,12.462374,50.720363
24,21,7,2,20,6,3,5,3,1,0,1,0,0,0,0,1,12.460671,50.718794
24,21,7,5,9,2,3,5,2,0,0,1,1,0,0,0,0,12.496466,50.740584
24,21,7,5,11,2,3,2,5,0,0,1,1,0,0,0,0,12.477157,50.740261
24,21,7,7,10,4,3,0,7,0,1,1,0,0,0,0,0,12.479092,50.717121
24,21,7,8,16,5,3,0,1,0,0,1,0,0,0,0,0,12.502793,50.731687
24,21,7,9,12,6,3,0,1,0,1,1,0,0,0,0,0,12.485936,50.717347
24,21,7,12,20,2,3,5,3,0,0,1,1,0,0,0,0,12.498551,50.704695
24,21,7,15,17,5,3,3,6,0,0,1,1,0,0,0,0,12.50677,50.789305
24,21,7,17,12,7,3,5,7,0,1,1,1,0,0,0,0,12.473094,50.711173
24,21,8,1,14,1,2,5,3,0,0,1,1,0,0,0,0,12.445117,50.722548
24,21,8,12,9,5,3,5,2,0,0,1,1,0,0,0,0,12.48744,50.721283
24,21,8,17,5,3,3,0,7,1,1,1,0,0,0,0,0,12.458468,50.718096
24,21,8,20,14,6,3,3,2,0,1,1,1,0,0,0,0,12.482426,50.731051
24,21,8,24,15,3,2,5,3,0,0,1,1,0,0,0,0,12.479469,50.7181
24,21,9,6,20,2,2,0,7,2,0,1,0,0,0,0,0,12.474289,50.76825
24,21,9,9,14,5,3,4,2,0,0,1,1,0,0,0,0,12.462085,50.702856
24,21,9,15,15,4,2,4,2,0,0,1,1,0,0,0,0,12.499183,50.707342
24,21,9,25,13,7,3,5,2,0,0,1,1,0,0,0,0,12.487976,50.720206
24,21,9,25,17,7,3,4,7,0,0,1,1,0,0,0,0,12.485058,50.71822
24,21,9,28,5,3,3,5,2,2,0,1,1,0,0,0,0,12.480195,50.736756
24,21,9,30,16,5,3,8,1,0,0,1,0,0,0,0,0,12.492583,50.729576
24,21,10,4,15,2,3,5,3,0,1,1,1,0,0,0,0,12.488622,50.718892
24,21,10,4,17,2,3,5,3,0,1,1,1,0,0,0,0,12.486674,50.719327
24,21,10,6,9,4,3,0,1,0,0,1,0,0,0,0,0,12.507425,50.738541
24,21,10,10,11,1,2,0,6,0,0,1,0,0,0,0,0,12.498605,50.69887
24,21,10,15,6,6,3,5,3,2,0,1,1,0,0,0,0,12.479177,50.781275
24,21,10,15,19,6,3,0,1,2,1,1,0,0,0,0,0,12.453532,50.719074
24,21,10,27,13,4,3,5,7,0,0,1,1,0,0,0,0,12.495734,50.727998
24,21,10,27,17,4,3,6,4,1,0,1,0,1,0,0,0,12.497059,50.713838
24,21,10,28,16,5,3,0,1,0,0,1,0,0,0,0,0,12.479162,50.717139
24,21,10,29,14,6,3,5,3,0,0,1,1,0,0,0,0,12.496918,50.696337
24,21,11,2,13,3,3,5,2,0,0,1,1,0,0,0,0,12.482444,50.731027
24,21,11,2,19,3,3,5,3,2,0,1,1,0,0,0,0,12.482285,50.714781
24,21,11,10,7,4,3,5,3,1,0,1,1,0,0,0,0,12.49388,50.725789
24,21,11,12,10,6,3,5,3,0,0,1,0,0,0,0,1,12.462235,50.696715
24,21,11,12,20,6,3,4,2,2,0,1,1,0,0,0,0,12.444126,50.745306
24,21,11,16,12,3,3,0,1,0,0,1,0,0,0,0,0,12.470537,50.692396
24,21,11,18,5,5,3,5,3,2,0,1,1,0,0,0,0,12.514275,50.718271
24,21,11,29,7,2,3,0,1,2,1,1,0,0,0,0,0,12.488639,50.736126
24,21,12,8,13,4,3,5,2,0,0,1,1,0,0,0,0,12.478656,50.736585
24,21,12,10,21,6,3,5,3,2,0,1,1,0,0,0,0,12.488375,50.725157
24,21,12,12,19,1,2,9,1,2,1,1,0,0,0,0,0,12.504768,50.737886
24,22,1,6,7,5,3,5,3,2,0,1,1,0,0,0,0,12.479707,50.715859
24,22,2,11,5,6,2,5,3,2,1,1,1,0,0,0,0,12.48223,50.798087
24,22,2,16,17,4,2,0,1,2,1,1,0,0,0,0,0,12.490683,50.722395
24,22,3,1,4,3,3,5,3,2,0,1,1,0,0,0,0,12.502285,50.709009
24,22,3,7,11,2,2,5,3,0,0,1,1,0,0,0,0,12.488261,50.736064
24,22,3,8,15,3,3,3,6,0,0,1,1,0,0,0,0,12.479253,50.683145
24,22,3,9,18,4,3,5,7,1,0,1,1,0,0,0,0,12.479666,50.683411
24,22,3,10,21,5,2,0,1,2,0,1,0,0,0,0,0,12.458101,50.708684
24,22,3,23,18,4,3,4,7,0,0,1,0,0,0,0,0,12.499491,50.73017
24,22,3,24,14,5,2,6,4,0,0,1,0,1,0,0,0,12.445744,50.722355
24,22,4,6,12,4,3,8,1,0,0,1,0,0,0,0,0,12.496477,50.740588
24,22,4,8,21,6,3,6,4,2,1,1,0,1,0,0,0,12.491179,50.733592
24,22,4,13,14,4,3,5,3,0,0,1,1,0,0,0,0,12.479489,50.718102
24,22,4,13,16,4,3,5,2,0,0,1,1,0,0,0,0,12.471469,50.674751
24,22,4,22,16,6,3,1,6,0,1,1,1,0,0,0,0,12.488256,50.736075
24,22,4,26,13,3,3,2,6,0,0,1,1,0,0,0,0,12.49505,50.686017
24,22,5,10,5,3,3,5,3,0,0,1,1,0,0,0,0,12.495768,50.699616
24,22,5,10,9,3,3,5,3,0,0,1,1,0,0,0,0,12.499562,50.717974
24,22,5,12,11,5,2,5,3,0,0,1,1,0,0,0,0,12.484737,50.720276
24,22,5,12,11,5,2,5,2,0,0,1,1,0,0,0,0,12.499021,50.741061
24,22,5,12,14,5,2,9,1,0,0,1,0,0,0,0,0,12.472028,50.692283
24,22,5,15,13,1,2,0,1,0,0,1,0,0,0,0,0,12.449364,50.720331
24,22,5,16,18,2,3,0,1,0,0,1,0,0,0,0,0,12.501579,50.741425
24,22,5,18,11,4,3,3,6,0,0,1,1,0,0,0,0,12.452025,50.719112
24,22,5,19,20,5,3,5,2,1,0,1,1,0,0,0,0,12.487149,50.712497
24,22,5,31,18,3,2,5,3,0,0,1,0,0,1,0,0,12.480465,50.719883
24,22,6,22,11,4,3,5,3,0,0,1,1,0,0,0,0,12.45711,50.722764
24,22,6,27,17,2,3,0,1,0,0,1,1,0,0,0,0,12.475724,50.681473
24,22,6,30,7,5,3,3,6,0,0,1,1,0,0,0,0,12.460632,50.725434
24,22,6,30,21,5,3,5,3,0,0,1,1,0,0,0,0,12.471016,50.73574
24,22,7,1,18,6,2,0,1,0,0,1,0,0,0,0,0,12.474509,50.727171
24,22,7,2,16,7,3,0,7,0,0,1,0,0,0,0,0,12.490124,50.720971
24,22,7,4,13,2,3,5,6,0,0,1,1,0,0,0,0,12.473534,50.735153
24,22,7,16,21,7,3,7,1,1,0,1,0,0,0,0,0,12.456124,50.718155
24,22,8,2,13,3,3,5,3,0,0,1,1,0,0,0,0,12.496927,50.717556
24,22,8,3,15,4,3,0,1,0,0,1,0,0,0,0,0,12.489974,50.720126
24,22,8,5,9,6,3,6,4,0,0,1,0,1,0,0,0,12.46872,50.718855
24,22,8,6,0,7,2,5,2,2,1,1,1,0,0,0,0,12.459218,50.706973
24,22,8,6,14,7,3,0,7,0,0,1,0,0,0,0,0,12.48774,50.720852
24,22,8,16,14,3,3,0,6,0,0,1,0,0,0,0,1,12.494605,50.723655
24,22,8,18,19,5,3,8,1,0,0,1,0,0,0,0,0,12.470754,50.660596
24,22,8,22,14,2,3,5,3,0,0,1,1,0,0,0,0,12.479175,50.781266
24,22,8,22,21,2,3,0,1,2,0,1,0,0,0,0,0,12.492908,50.73857
24,22,8,23,19,3,3,0,1,0,0,1,0,0,0,0,0,12.495245,50.709071
24,22,9,3,11,7,3,1,5,0,0,1,1,0,0,0,0,12.470798,50.68901
24,22,9,4,17,1,3,5,3,0,0,1,0,0,1,0,0,12.475096,50.666722
24,22,9,8,12,5,3,3,6,0,1,1,0,0,0,0,1,12.486604,50.720238
24,22,9,10,23,7,3,5,2,2,0,1,1,0,0,0,0,12.457416,50.698334
24,22,9,12,13,2,3,1,1,0,0,1,1,0,0,0,0,12.479383,50.717196
24,22,9,21,14,4,3,2,6,0,0,1,0,0,0,1,0,12.489543,50.738304
24,22,9,27,6,3,3,2,2,0,1,1,1,0,0,0,0,12.490234,50.736292
24,22,10,4,16,3,3,0,1,0,0,1,0,0,0,0,0,12.485828,50.718325
24,22,10,10,0,2,2,0,1,2,0,1,0,0,0,0,0,12.470853,50.684641
24,22,10,10,14,2,3,5,3,0,0,1,0,0,1,0,0,12.5122,50.733733
24,22,10,11,22,3,3,5,3,2,0,1,1,0,0,0,0,12.494647,50.7237
24,22,10,13,12,5,3,5,2,0,0,1,1,0,0,0,0,12.476509,50.720407
24,22,10,13,15,5,3,5,3,0,0,1,1,0,0,0,0,12.490878,50.728178
24,22,10,17,8,2,2,4,1,0,0,1,1,0,0,0,0,12.48482,50.722092
24,22,10,17,14,2,3,4,2,0,0,1,1,0,0,0,0,12.482089,50.781907
24,22,10,29,12,7,2,0,7,0,0,1,1,0,0,0,0,12.466262,50.685568
24,22,11,4,12,6,3,5,3,0,1,1,1,0,0,0,0,12.478863,50.713245
24,22,11,4,13,6,3,5,3,0,1,1,1,0,0,0,0,12.489702,50.737864
24,22,11,6,14,1,3,5,3,0,0,1,1,0,0,0,0,12.523043,50.725365
24,22,11,18,20,6,3,1,1,2,1,1,1,0,0,0,0,12.481767,50.717616
24,22,11,25,8,6,2,0,1,0,2,1,0,0,0,0,0,12.514019,50.699129
24,22,11,27,1,1,3,7,1,2,0,1,0,0,0,0,0,12.496371,50.719365