UKREIS,UJAHR,UMONAT,UTAG,USTUNDE,UWOCHENTAG,UKATEGORIE,UART,UTYP,LICHT,USTRZUSTAND,IstRad,IstPKW,IstFuss,IstKrad,IstGkfz,IstSonstige,@lon,@lat
24,22,11,29,7,3,3,5,3,1,1,1,1,0,0,0,0,12.478192,50.780086
24,23,1,24,12,3,3,6,4,0,0,1,0,1,0,0,0,12.495693,50.728373
24,23,1,27,11,6,2,0,7,0,1,1,0,0,0,0,0,12.462908,50.71796
24,23,2,15,15,4,3,5,3,0,0,1,1,0,0,0,0,12.436875,50.719912
24,23,2,17,19,6,3,5,2,2,1,1,1,0,0,0,0,12.493055,50.721972
24,23,2,23,7,5,3,5,2,0,0,1,1,0,0,0,0,12.494482,50.715254
24,23,3,3,19,6,3,0,1,2,0,1,0,0,0,0,0,12.494405,50.717732
24,23,3,8,7,4,3,5,3,0,1,1,1,0,0,0,0,12.482719,50.730652
24,23,3,9,6,5,3,2,6,1,0,1,1,0,0,0,0,12.45331,50.739537
24,23,3,9,13,5,3,3,6,0,1,1,1,0,0,0,0,12.474298,50.769429
24,23,3,14,13,3,3,2,6,0,0,1,0,0,0,1,0,12.479162,50.71336
24,23,3,15,14,4,3,3,2,0,0,1,1,0,0,0,0,12.455922,50.720259
24,23,3,27,17,2,3,3,6,0,0,1,1,0,0,0,0,12.492755,50.720992
24,23,3,28,5,3,3,5,3,2,0,1,1,0,0,0,0,12.507377,50.7375
24,23,4,7,17,6,3,5,3,0,0,1,0,0,0,0,0,12.478494,50.719381
24,23,4,10,13,2,2,0,7,0,0,1,0,0,0,0,0,12.461015,50.750677
24,23,4,12,10,4,3,5,2,0,0,1,1,0,0,0,0,12.458076,50.719996
24,23,4,17,5,2,3,5,3,2,1,1,1,0,0,0,0,12.487358,50.738757
24,23,4,17,6,2,3,2,2,1,1,1,1,0,0,0,0,12.469021,50.690397
24,23,4,29,13,7,3,4,6,0,1,1,1,0,0,0,0,12.497517,50.712372
24,23,5,1,15,2,3,5,3,0,0,1,0,0,1,0,0,12.469449,50.693962
24,23,5,4,11,5,3,5,3,0,0,1,1,0,0,0,0,12.477699,50.722908
24,23,5,8,13,2,3,0,7,0,0,1,1,0,0,0,0,12.496745,50.717897
24,23,5,10,15,4,3,5,7,0,1,1,1,0,0,0,0,12.478265,50.678977
24,23,5,11,12,5,2,0,7,0,0,1,0,0,0,0,0,12.488817,50.693883
24,23,5,12,12,6,3,5,7,0,0,1,1,0,0,0,0,12.473089,50.720891
24,23,5,26,20,6,2,0,7,1,0,1,0,0,0,0,0,12.497287,50.728428
24,23,5,27,15,7,3,5,3,0,0,1,1,0,0,0,0,12.498417,50.741012
24,23,5,29,18,2,3,3,6,0,0,1,0,0,0,0,0,12.468602,50.671173
24,23,5,30,7,3,3,5,7,0,0,1,1,0,0,0,0,12.459538,50.71743
24,23,6,2,13,6,3,4,2,0,0,1,1,0,0,0,0,12.480197,50.736761
24,23,6,7,16,4,3,0,7,0,0,1,0,0,0,0,0,12.490017,50.720712
24,23,6,15,15,5,3,5,2,0,0,1,1,0,0,0,1,12.495428,50.721355
24,23,6,22,1,5,2,0,7,2,0,1,0,0,0,0,0,12.453861,50.719048
24,23,6,27,10,3,2,5,2,0,0,1,1,0,0,0,0,12.482496,50.720366
24,23,7,3,6,2,3,5,3,0,0,1,1,0,0,0,0,12.470059,50.685167
24,23,7,7,13,6,3,5,3,0,0,1,1,0,0,0,0,12.495922,50.712338
24,23,7,23,13,1,2,0,7,0,0,1,0,0,0,0,0,12.499362,50.700432
24,23,7,31,22,2,3,0,7,2,1,1,0,0,0,0,0,12.466545,50.696394
24,23,8,9,5,4,3,5,3,1,1,1,1,0,0,0,0,12.470172,50.685215
24,23,8,16,17,4,3,0,7,0,0,1,0,0,0,0,0,12.492297,50.719438
24,23,8,17,16,5,3,5,2,0,1,1,1,0,0,0,0,12.485285,50.700447
24,23,9,3,13,1,3,4,2,0,0,1,1,0,0,0,0,12.480204,50.736762
24,23,9,4,20,2,3,2,2,2,0,1,1,0,0,0,0,12.484729,50.719022
24,23,9,7,10,5,3,2,3,0,0,1,1,0,0,0,0,12.495128,50.698865
24,23,9,10,17,1,3,0,2,0,0,1,1,0,0,0,0,12.489859,50.718202
24,23,9,16,10,7,3,3,6,0,0,1,1,0,0,0,0,12.458142,50.706603
24,23,9,18,17,2,3,4,2,0,1,1,1,0,0,0,0,12.47888,50.71323
24,23,9,19,10,3,2,1,5,0,0,1,1,0,0,0,0,12.475763,50.734549
24,23,9,28,14,5,3,5,3,0,0,1,1,0,0,0,0,12.462103,50.702872
24,23,10,2,20,2,2,0,7,2,0,1,0,0,0,0,0,12.489394,50.721969
24,23,10,10,17,3,3,0,7,0,0,1,0,0,0,0,0,12.459745,50.706358
24,23,10,19,12,5,3,0,7,0,1,1,0,0,0,0,0,12.489913,50.719933
24,23,10,19,16,5,3,5,7,0,0,1,1,0,0,0,0,12.462085,50.702856
24,23,10,23,19,2,3,4,3,2,1,1,1,0,0,0,0,12.476563,50.720278
24,23,11,17,16,6,3,5,3,0,0,1,1,0,0,0,0,12.486371,50.73754
24,23,11,21,13,3,3,0,7,0,1,1,0,0,0,0,0,12.474296,50.769266
24,24,1,12,13,6,2,2,6,0,1,1,1,0,0,0,0,12.448545,50.702874
24,24,1,16,7,3,3,6,4,2,1,1,0,1,0,0,0,12.49128,50.738376
24,24,1,29,5,2,3,3,6,2,0,1,1,0,0,0,0,12.484745,50.737314
24,24,1,29,6,2,2,2,6,1,0,1,1,0,0,0,0,12.479036,50.713302
24,24,2,7,13,4,3,5,3,0,0,1,1,0,0,0,0,12.490682,50.722397
24,24,2,9,13,6,3,5,7,0,0,1,1,0,0,0,0,12.484573,50.737294
24,24,2,14,18,4,3,0,2,2,0,1,1,0,0,0,0,12.494985,50.710493
24,24,3,1,15,6,3,5,3,0,0,1,1,0,0,0,0,12.479176,50.781267
24,24,3,9,13,7,3,5,3,0,0,1,1,0,0,0,0,12.496933,50.717546
24,24,3,12,6,3,3,1,6,1,0,1,1,0,0,0,0,12.478797,50.713194
24,24,3,12,14,3,3,5,7,0,0,1,1,0,0,0,0,12.49148,50.73839
24,24,3,15,21,6,2,0,7,2,1,1,0,0,0,0,0,12.500573,50.730768
24,24,3,17,17,1,2,5,7,0,0,1,1,0,0,0,0,12.48795,50.754775
24,24,3,31,14,1,2,3,7,0,0,1,0,0,0,0,0,12.500627,50.702086
24,24,4,2,7,3,3,5,3,0,0,1,1,0,0,0,0,12.48543,50.703413
24,24,4,9,18,3,3,5,7,0,0,1,0,0,0,0,0,12.493993,50.713115
24,24,4,11,11,5,3,0,3,0,0,1,1,0,0,0,0,12.486672,50.72024
24,24,4,11,15,5,3,1,5,0,0,1,1,0,0,0,0,12.486214,50.71839
24,24,4,11,17,5,2,5,3,0,0,1,1,0,0,0,0,12.506864,50.734985
24,24,4,14,16,1,3,6,7,0,0,1,0,1,0,0,0,12.502112,50.722112
24,24,4,14,18,1,3,5,3,0,0,1,1,0,0,0,0,12.435037,50.732462
24,24,4,26,13,6,3,3,1,0,0,1,1,0,0,0,0,12.490267,50.736234
24,24,4,29,13,2,2,0,7,0,0,1,0,0,0,0,0,12.520867,50.723855
24,24,5,4,6,7,3,0,1,1,1,1,0,0,0,0,0,12.490863,50.721227
24,24,5,23,6,5,3,5,3,0,0,1,1,0,0,0,0,12.500344,50.704794
24,24,6,8,15,7,3,3,7,0,0,1,0,0,0,0,0,12.48591,50.750848
24,24,6,11,13,3,3,0,7,0,0,1,0,0,0,0,0,12.471601,50.720345
24,24,6,17,11,2,3,5,7,0,1,1,1,0,0,0,0,12.487029,50.73966
24,24,6,26,9,4,3,0,7,0,0,1,0,0,0,0,0,12.482547,50.723337
24,24,6,27,15,5,3,0,7,0,0,1,1,0,0,0,0,12.468285,50.670922
24,24,7,4,10,5,3,6,7,0,0,1,0,1,0,0,0,12.491161,50.733662
24,24,7,6,15,7,3,5,7,0,0,1,1,0,0,0,0,12.458785,50.718177
24,24,7,13,16,7,3,3,2,0,0,1,1,0,0,0,0,12.470239,50.686651
24,24,7,13,18,7,3,0,7,0,0,1,0,0,0,0,0,12.436686,50.710118
24,24,7,18,14,5,3,5,3,0,0,1,1,0,0,0,0,12.482713,50.71967
24,24,7,25,13,5,2,0,3,0,0,1,1,0,0,0,0,12.557504,50.726192
24,24,8,9,14,6,3,1,5,0,0,1,1,0,0,0,0,12.462474,50.720376
24,24,8,11,23,1,3,3,6,2,0,1,1,0,0,0,0,12.492584,50.729572
24,24,8,14,15,4,3,0,7,0,0,1,0,0,0,0,0,12.494099,50.712784
24,24,8,21,10,4,3,5,3,0,0,1,1,0,0,0,0,12.476118,50.678426
24,24,8,21,16,4,2,4,2,0,0,1,1,0,0,0,0,12.490669,50.722407
24,24,8,29,5,5,2,5,2,2,0,1,1,0,0,0,0,12.486101,50.7255
24,24,8,29,18,5,3,5,3,0,0,1,1,0,0,0,0,12.481952,50.714627
24,24,8,30,16,6,3,0,7,0,0,1,1,0,0,0,0,12.463887,50.672544
24,24,8,31,20,7,3,6,4,2,0,1,0,1,0,0,0,12.498952,50.718767
24,24,9,1,18,1,3,5,3,0,0,1,1,0,0,0,0,12.445296,50.72527
24,24,9,2,14,2,3,0,7,0,0,1,0,0,0,0,0,12.489145,50.719283
24,24,9,23,19,2,2,9,7,2,0,1,0,0,0,0,0,12.463648,50.672756
24,24,9,25,14,4,2,5,2,0,0,1,1,0,0,0,0,12.488068,50.685095
24,24,10,1,19,3,3,1,7,2,0,1,1,0,0,0,0,12.470442,50.721556
24,24,10,4,15,6,3,0,7,0,1,1,0,0,0,0,0,12.490214,50.736391
24,24,10,14,15,2,2,0,7,0,0,1,0,0,0,0,1,12.481681,50.682945
24,24,10,19,13,7,3,1,7,0,0,1,1,0,0,0,0,12.44246,50.724208
24,24,10,22,6,3,3,5,3,2,0,1,1,0,0,0,0,12.484758,50.719027
24,24,10,24,12,5,3,0,7,0,0,1,1,0,0,0,0,12.457911,50.716998
24,24,10,29,15,3,3,5,7,0,0,1,1,0,0,0,0,12.490438,50.707225
24,24,11,15,23,6,3,0,7,2,0,1,0,0,0,0,0,12.494879,50.707886
24,24,11,24,9,1,3,0,7,0,1,1,0,0,0,0,0,12.490705,50.717591
24,24,11,30,14,7,3,0,7,0,0,1,0,0,0,0,0,12.499435,50.728754
24,24,12,3,21,3,3,5,3,2,1,1,1,0,0,0,0,12.479166,50.781254
24,24,12,6,11,6,3,3,7,0,1,1,1,0,0,0,0,12.458861,50.717172
24,24,12,6,16,6,3,0,7,2,1,1,0,0,0,0,0,12.494678,50.732428
24,24,12,13,12,6,3,5,7,0,0,1,1,0,0,0,0,12.500723,50.706776
24,24,12,14,12,7,3,5,3,0,0,1,1,0,0,0,0,12.486098,50.69968
24,24,12,27,12,6,3,2,6,0,0,1,1,0,0,0,0,12.468262,50.689111
24,25,1,3,11,6,3,5,7,0,0,1,1,0,0,0,0,12.488084,50.685115
24,25,1,6,15,2,2,5,7,0,0,1,1,0,0,0,0,12.479655,50.683403
24,25,1,8,15,4,3,5,3,0,0,1,1,0,0,0,0,12.483196,50.718735
24,25,1,17,10,6,3,2,6,0,0,1,1,0,0,0,0,12.462039,50.68518
24,25,1,25,15,7,3,4,2,0,0,1,1,0,0,0,0,12.471469,50.674751
24,25,1,25,16,7,3,0,5,0,0,1,1,0,0,0,0,12.487848,50.741768
24,25,1,30,9,5,3,5,2,0,0,1,1,0,0,0,0,12.46429,50.719167
24,25,2,8,12,7,3,3,6,0,0,1,1,0,0,0,0,12.499322,50.795233
24,25,3,10,15,2,3,3,2,0,0,1,1,0,0,0,0,12.473156,50.720867
24,25,3,11,17,3,3,0,7,0,0,1,0,0,0,0,0,12.480489,50.720221
24,25,3,27,6,5,3,2,2,1,0,1,0,0,0,0,0,12.497772,50.79081
24,25,3,27,14,5,3,0,1,0,0,1,0,0,0,0,0,12.472183,50.73617
24,25,4,10,17,5,3,0,3,0,0,1,1,0,0,0,0,12.435023,50.732458
24,25,4,17,21,5,3,5,3,2,0,1,1,0,0,0,0,12.472331,50.736205
24,25,4,20,7,1,3,0,7,0,0,1,0,0,0,0,0,12.51248,50.718116
24,25,4,25,16,6,3,1,5,0,0,1,1,0,0,0,0,12.498098,50.724811
24,25,4,27,9,1,2,0,7,0,0,1,0,0,0,0,0,12.469342,50.785516
24,25,4,30,15,4,3,5,3,0,0,1,1,0,0,0,0,12.493361,50.704471
24,25,5,3,14,7,3,5,7,0,0,1,1,0,0,0,0,12.471323,50.720326
24,25,5,8,16,5,3,0,2,0,0,1,1,0,0,0,0,12.498952,50.670409
24,25,5,17,17,7,3,3,6,0,0,1,1,0,0,0,0,12.488272,50.685181
24,25,5,22,13,5,3,4,2,0,0,1,1,0,0,0,0,12.488791,50.694413
24,25,5,23,15,6,2,5,7,0,0,1,1,0,0,0,0,12.506617,50.789211
24,25,5,27,21,3,2,0,7,1,0,1,0,0,0,0,0,12.48541,50.74435
24,25,6,5,15,5,3,5,1,0,0,1,0,0,0,0,1,12.483461,50.717943
24,25,6,6,22,6,3,2,6,2,0,1,1,0,0,0,0,12.48653,50.720165
24,25,6,16,8,2,3,0,7,0,0,1,0,0,0,0,0,12.49365,50.726448
24,25,6,19,14,5,3,1,7,0,0,1,1,0,0,0,0,12.485544,50.717279
24,25,6,21,18,7,2,7,7,0,0,1,0,0,0,0,0,12.489401,50.738715
24,25,6,21,19,7,3,6,6,0,0,1,0,1,0,0,0,12.493628,50.711606
24,25,6,23,4,2,3,4,6,2,1,1,0,0,0,0,0,12.478598,50.71938
24,25,6,23,12,2,2,7,7,0,0,1,0,0,0,0,0,12.486499,50.720245
24,25,6,24,14,3,3,4,6,0,0,1,0,0,0,0,0,12.489956,50.783129
24,25,7,1,11,3,3,2,2,0,0,1,1,0,0,0,0,12.443508,50.745577
24,25,7,8,14,3,3,5,7,0,0,1,1,0,0,0,0,12.473659,50.711362
24,25,7,20,10,1,3,0,1,0,0,1,0,0,0,0,0,12.482973,50.720335
24,25,7,20,17,1,3,3,6,0,0,1,0,0,0,0,0,12.515347,50.704564
24,25,7,24,12,5,3,6,4,0,0,1,0,1,0,0,0,12.500794,50.715744
24,25,7,24,17,5,3,5,7,0,0,1,1,0,0,0,0,12.488075,50.685126
24,25,7,25,20,6,3,8,7,0,0,1,0,0,0,0,0,12.499143,50.794982
24,25,7,31,17,5,2,0,7,0,0,1,0,0,0,0,0,12.476328,50.763786
24,25,8,9,18,7,3,5,7,0,0,1,1,0,0,0,0,12.486545,50.720244
24,25,8,9,22,7,3,3,6,2,0,1,0,0,0,0,0,12.475163,50.693673
24,25,8,10,3,1,3,8,7,1,0,1,0,0,0,0,0,12.49458,50.710219
24,25,8,18,19,2,3,5,3,0,0,1,0,0,0,0,0,12.4939,50.725815
24,25,8,20,13,4,3,5,7,0,0,1,1,0,0,0,0,12.484383,50.750157
24,25,8,20,20,4,2,8,1,2,0,1,0,0,0,0,0,12.462462,50.704827
24,25,8,28,11,5,3,0,7,0,1,1,0,0,0,0,0,12.464379,50.718286
24,25,8,31,16,1,3,3,6,0,0,1,0,0,0,0,0,12.486498,50.783211
24,25,9,2,16,3,3,0,7,0,0,1,1,0,0,0,0,12.486081,50.735831
24,25,9,8,15,2,3,5,2,0,0,1,1,0,0,0,0,12.47273,50.711043
24,25,9,8,15,2,3,5,7,0,0,1,1,0,0,0,0,12.473168,50.711193
24,25,9,10,5,4,3,0,1,2,1,1,0,0,0,0,0,12.50113,50.731339
24,25,9,17,22,4,3,2,6,2,0,1,1,0,0,0,0,12.543466,50.721774
24,25,9,19,14,6,2,2,2,0,0,1,1,0,0,0,0,12.475362,50.71195
24,25,9,21,1,1,3,0,7,2,0,1,0,0,0,0,0,12.489685,50.719923
24,25,9,24,11,4,3,0,6,0,0,1,0,1,0,0,0,12.497979,50.725454
24,25,10,7,15,3,3,5,7,0,0,1,1,0,0,0,0,12.496735,50.714805
24,25,10,8,21,4,3,8,1,2,1,1,0,0,0,0,0,12.495932,50.686152
24,25,10,9,13,5,3,6,7,0,1,1,0,1,0,0,0,12.50858,50.736209
24,25,10,13,10,2,3,0,7,0,1,1,0,0,0,0,0,12.485632,50.74856
24,25,10,13,22,2,2,0,7,2,0,1,0,0,0,0,0,12.485126,50.732096
24,25,10,23,12,5,2,5,3,0,1,1,1,0,0,0,0,12.486565,50.720243
24,25,11,3,5,2,3,5,3,2,1,1,1,0,0,0,0,12.505252,50.732095
24,25,11,13,17,5,2,0,7,2,1,1,0,0,0,0,0,12.495012,50.734633
24,25,11,17,9,2,3,0,7,0,1,1,0,0,0,0,0,12.492524,50.729758
24,25,12,16,14,3,2,0,7,0,0,1,0,0,0,0,0,12.504038,50.717242
24,25,12,24,13,4,3,6,6,0,0,1,0,1,0,0,0,12.495128,50.722481
24,25,12,28,8,1,2,0,1,0,2,1,0,0,0,0,0,12.4941,50.706131
12,16,1,1,2,6,3,0,1,2,1,1,0,0,0,0,0,13.69158,51.051003
12,16,1,1,6,6,2,0,1,2,2,1,0,0,0,0,0,13.739349,51.084954
12,16,1,1,7,6,3,0,1,1,2,1,0,0,0,0,0,13.748451,51.053589
12,16,1,1,9,6,3,1,6,0,0,1,1,0,0,0,0,13.807379,51.043816
12,16,1,1,14,6,3,5,3,0,2,1,0,0,0,0,1,13.745557,51.062413
12,16,1,1,17,6,3,5,2,1,0,1,1,0,0,0,0,13.74262,51.061471
12,16,1,1,18,6,2,5,3,2,1,1,1,0,0,0,0,13.826764,51.040259
12,16,1,2,10,7,2,0,1,0,1,1,0,0,0,0,0,13.70014,51.044916
12,16,1,2,13,7,3,1,5,0,0,1,1,0,0,0,0,13.719129,51.077409
12,16,1,2,19,7,3,5,2,2,1,1,1,0,0,0,0,13.746977,51.051711
12,16,1,3,20,1,3,5,3,2,0,1,1,0,0,0,0,13.696873,51.043422
12,16,1,4,1,2,3,0,7,2,1,1,1,0,0,0,0,13.749623,51.071571
12,16,1,4,7,2,3,5,2,1,0,1,1,0,0,0,0,13.689942,51.079139
12,16,1,4,7,2,1,0,7,1,1,1,1,0,0,0,0,13.742648,51.072965
12,16,1,4,15,2,3,5,2,0,0,1,1,0,0,0,0,13.740344,51.064711
12,16,1,4,18,2,2,0,1,2,2,1,0,0,0,0,0,13.731109,51.039619
12,16,1,5,6,3,3,5,2,2,1,1,0,0,0,0,1,13.825166,51.003398
12,16,1,5,7,3,3,5,3,2,1,1,1,0,0,0,0,13.775194,51.032837
12,16,1,5,8,3,3,5,2,0,1,1,1,0,0,0,0,13.760688,51.049201
12,16,1,5,20,3,3,0,1,2,1,1,0,0,0,0,0,13.761638,51.036625
12,16,1,6,10,4,2,5,3,0,0,1,1,0,0,0,0,13.800259,51.034112
12,16,1,6,11,4,3,5,2,0,1,1,1,0,0,0,0,13.71845,51.029039
12,16,1,6,18,4,3,7,1,2,1,1,0,0,0,0,0,13.795232,51.042869
12,16,1,7,6,5,3,3,6,1,0,1,0,0,0,0,1,13.719252,51.095663
12,16,1,7,11,5,3,0,2,0,1,1,0,0,0,0,1,13.728392,51.060982
12,16,1,7,11,5,3,5,3,0,0,1,1,0,0,0,0,13.822267,50.99778
12,16,1,7,15,5,1,5,3,0,0,1,0,0,0,0,1,13.697084,51.049089
12,16,2,1,6,2,3,5,3,0,1,1,1,0,0,0,0,13.848476,51.010697
12,16,2,1,7,2,3,5,3,1,1,1,1,0,0,0,0,13.752658,51.060466
12,16,2,1,8,2,3,5,3,0,0,1,1,0,0,0,0,13.73883,51.07404
12,16,2,1,10,2,3,3,2,0,1,1,1,0,0,0,0,13.687376,51.042514
12,16,2,1,11,2,3,5,3,0,0,1,1,0,0,0,0,13.75163,51.047235
12,16,2,1,11,2,3,5,3,0,0,1,1,0,0,0,0,13.797963,50.997081
12,16,2,1,16,2,1,3,6,0,1,1,0,0,0,1,0,13.751787,51.062983
12,16,2,1,17,2,3,3,6,2,0,1,1,0,0,0,0,13.814573,51.054175
12,16,2,1,18,2,3,5,3,2,1,1,1,0,0,0,0,13.727828,51.084619
12,16,2,1,18,2,3,5,3,2,0,1,1,0,0,0,0,13.75093,51.031012
12,16,2,1,19,2,3,2,3,2,2,1,1,0,0,0,0,13.708777,51.047145
12,16,2,2,0,3,3,6,6,2,1,1,0,1,0,0,0,13.753006,51.073924
12,16,2,2,17,3,2,5,3,0,0,1,1,0,0,0,0,13.80013,51.057415
12,16,2,3,5,4,3,6,6,2,1,1,0,1,0,0,0,13.767747,51.075522
12,16,2,3,6,4,3,5,2,2,0,1,0,0,0,0,1,13.814192,51.054309
12,16,2,3,7,4,3,6,4,0,0,1,0,1,0,0,0,13.77815,51.044729
12,16,2,3,8,4,3,5,3,0,0,1,1,0,0,0,0,13.68926,51.055843
12,16,2,3,12,4,3,5,3,0,0,1,1,0,0,0,0,13.732643,51.029572
12,16,2,3,12,4,3,0,7,0,1,1,1,0,0,0,0,13.789956,51.058546
12,16,2,3,13,4,2,5,3,0,0,1,0,0,0,0,1,13.759009,51.08007
12,16,2,3,15,4,3,5,2,0,0,1,1,0,0,0,0,13.746543,51.03833
12,16,2,3,15,4,3,5,3,0,0,1,1,0,0,0,0,13.790559,51.119145
12,16,2,3,16,4,3,0,7,0,0,1,1,0,0,0,0,13.749036,51.067651
12,16,2,3,16,4,3,5,3,0,1,1,1,0,0,0,0,13.778489,51.02054
12,16,2,3,17,4,3,5,3,2,0,1,1,0,0,0,0,13.724866,51.056162
12,16,2,3,17,4,3,5,3,1,1,1,1,0,0,0,0,13.731868,51.056844
12,16,2,3,18,4,3,5,3,2,1,1,1,0,0,0,0,13.719656,51.03081
12,16,2,4,5,5,3,5,3,2,0,1,1,0,0,0,0,13.752187,51.054417
12,16,2,4,8,5,3,5,3,0,0,1,1,0,0,0,0,13.722637,51.033468
12,16,2,4,8,5,3,6,7,0,0,1,0,1,0,0,0,13.774585,51.022555
12,16,2,4,10,5,3,3,5,0,0,1,1,0,0,0,0,13.830524,51.023428
12,16,2,4,11,5,3,5,3,0,0,1,1,0,0,0,0,13.760689,51.049204
12,16,2,4,16,5,2,0,7,0,0,1,1,0,0,0,0,13.715042,51.036297
12,16,2,4,17,5,3,0,1,2,1,1,0,0,0,0,0,13.725158,51.057893
12,16,2,4,18,5,3,2,2,2,1,1,1,0,0,0,0,13.705137,51.038339
12,16,2,4,18,5,3,5,3,2,0,1,1,0,0,0,0,13.747537,51.051684
12,16,2,5,7,6,3,0,1,1,2,1,0,0,0,0,0,13.718844,51.051345
12,16,2,5,11,6,3,5,3,0,0,1,1,0,0,0,0,13.808913,51.052754
12,16,2,5,14,6,3,5,3,0,0,1,1,0,0,0,0,13.702983,51.088526
12,16,2,5,15,6,2,3,6,0,0,1,1,0,0,0,0,13.675409,51.06235
12,16,2,5,15,6,2,5,3,0,0,1,1,0,0,0,0,13.772278,51.127051
12,16,2,6,6,7,2,0,1,1,0,1,0,0,0,0,0,13.760312,51.081969
12,16,2,6,9,7,3,2,6,0,0,1,1,0,0,0,0,13.738259,51.063907
12,16,2,6,9,7,3,5,2,0,0,1,0,0,0,0,1,13.750748,51.047263
12,16,2,6,12,7,3,5,3,0,0,1,1,0,0,0,0,13.797448,51.023207
12,16,2,6,17,7,2,0,7,2,1,1,1,0,0,0,0,13.749861,51.070473
12,16,2,6,17,7,3,0,1,2,1,1,0,0,0,0,0,13.809072,51.028014
12,16,2,7,11,1,2,6,6,0,0,1,0,1,0,0,0,13.763167,51.065235
12,16,2,7,16,1,3,2,6,0,0,1,1,0,0,0,1,13.823407,51.033947
12,16,2,7,17,1,2,4,6,2,0,1,0,0,0,0,0,13.690207,51.074747
12,16,3,1,10,3,3,0,1,0,1,1,0,0,0,0,0,13.754983,51.045955
12,16,3,1,11,3,3,5,3,0,0,1,1,0,0,0,0,13.71515,51.056394
12,16,3,1,12,3,2,5,3,0,0,1,1,0,0,0,0,13.745495,51.081421
12,16,3,1,17,3,3,5,3,0,0,1,1,0,0,0,0,13.787245,51.120002
12,16,3,1,19,3,3,6,6,2,0,1,0,1,0,0,0,13.744685,51.082439
12,16,3,2,7,4,3,1,5,0,0,1,1,0,0,0,0,13.752288,51.058837
12,16,3,2,8,4,2,0,1,0,1,1,0,0,0,0,0,13.708,51.08437
12,16,3,2,8,4,3,6,6,0,0,1,0,1,0,0,0,13.760953,51.046591
12,16,3,2,9,4,3,5,2,0,0,1,1,0,0,0,0,13.793215,51.049042
12,16,3,2,10,4,3,4,6,0,0,1,0,0,0,0,0,13.705087,51.044417
12,16,3,2,10,4,3,5,3,0,1,1,1,0,0,0,0,13.718662,51.087724
12,16,3,2,16,4,3,5,2,0,0,1,1,0,0,0,0,13.77896,51.031606
12,16,3,2,17,4,3,5,3,0,0,1,1,0,0,0,0,13.719601,51.077372
12,16,3,2,18,4,3,5,3,0,0,1,1,0,0,0,0,13.748582,51.058572
12,16,3,2,20,4,3,5,3,2,0,1,1,0,0,0,0,13.752221,51.077769
12,16,3,3,6,5,3,5,3,0,0,1,1,0,0,0,0,13.680303,51.04723
12,16,3,3,6,5,3,8,1,1,1,1,0,0,0,0,0,13.704504,51.040065
12,16,3,3,7,5,3,0,1,0,2,1,0,0,0,0,0,13.679273,51.034927
12,16,3,3,7,5,3,5,2,0,0,1,1,0,0,0,0,13.732531,51.052074
12,16,3,3,9,5,2,3,3,0,1,1,1,0,0,0,0,13.799294,50.998287
12,16,3,3,15,5,3,5,3,0,0,1,1,0,0,0,0,13.762651,51.064257
12,16,3,3,16,5,3,4,2,0,0,1,1,0,0,0,0,13.729271,51.082408
12,16,3,3,18,5,2,5,3,0,0,1,1,0,0,0,0,13.754807,51.02655
12,16,3,4,7,6,3,5,3,0,0,1,1,0,0,0,0,13.749602,51.033592
12,16,3,4,9,6,2,0,1,0,0,1,0,0,0,0,0,13.701828,51.090918
12,16,3,4,12,6,3,5,3,0,0,1,1,0,0,0,0,13.789,51.058704
12,16,3,4,14,6,3,5,3,0,0,1,1,0,0,0,0,13.782602,51.067027
12,16,3,4,15,6,3,0,1,0,0,1,0,0,0,0,0,13.734738,51.047184
12,16,3,4,18,6,3,3,2,1,0,1,0,0,0,0,0,13.69476,51.053289
12,16,3,4,22,6,3,2,6,2,0,1,1,0,0,0,0,13.768572,51.06591
12,16,3,5,10,7,3,6,6,0,0,1,0,1,0,0,0,13.723468,51.056712
12,16,3,5,13,7,3,5,3,0,0,1,1,0,0,0,0,13.718559,51.054293
12,16,3,6,13,1,2,0,1,0,0,1,0,0,0,0,0,13.755662,51.076753
12,16,3,6,15,1,3,0,7,0,0,1,0,0,0,0,0,13.786322,51.072638
12,16,3,7,8,2,3,0,3,0,1,1,1,0,0,0,0,13.71959,51.077409
12,16,3,7,11,2,3,5,3,0,0,1,1,0,0,0,0,13.722555,51.090759
12,16,3,7,13,2,3,1,5,0,0,1,1,0,0,0,0,13.690882,51.091443
12,16,3,7,17,2,3,0,1,0,1,1,0,0,0,0,0,13.682788,51.042415
12,16,4,1,9,6,3,5,3,0,0,1,1,0,0,0,0,13.77112,51.06817
12,16,4,1,10,6,3,5,3,0,0,1,1,0,0,0,0,13.74944,51.063426
12,16,4,1,10,6,3,5,3,0,0,1,0,0,0,0,1,13.757745,51.053979
12,16,4,1,11,6,3,0,7,0,0,1,0,0,0,0,0,13.734231,51.061572
12,16,4,1,11,6,3,5,3,0,0,1,0,0,0,1,0,13.806616,51.037409
12,16,4,1,11,6,3,5,3,0,0,1,1,0,0,0,0,13.830612,51.017627
12,16,4,1,13,6,3,5,3,0,0,1,1,0,0,0,0,13.749613,51.033786
12,16,4,1,14,6,3,5,2,0,0,1,1,0,0,0,0,13.741478,51.073294
12,16,4,1,15,6,3,0,3,0,0,1,1,0,0,0,0,13.750559,51.060934
12,16,4,1,16,6,3,3,2,0,0,1,1,0,0,0,0,13.743146,51.04724