UKREIS,UJAHR,UMONAT,UTAG,USTUNDE,UWOCHENTAG,UKATEGORIE,UART,UTYP,LICHT,USTRZUSTAND,IstRad,IstPKW,IstFuss,IstKrad,IstGkfz,IstSonstige,@lon,@lat
12,16,4,1,16,6,3,5,2,0,0,1,1,0,0,0,0,13.76089,51.074844
12,16,4,1,17,6,3,5,3,0,0,1,1,0,0,0,0,13.709232,51.033116
12,16,4,1,17,6,3,0,1,0,1,1,0,0,0,0,0,13.747189,51.078865
12,16,4,1,17,6,3,0,3,0,0,1,1,0,0,0,0,13.757873,51.019195
12,16,4,1,17,6,2,5,2,0,0,1,1,0,0,0,0,13.804609,51.039919
12,16,4,1,18,6,3,5,3,0,0,1,1,0,0,0,0,13.781184,51.035948
12,16,4,1,19,6,3,0,7,0,0,1,1,0,0,0,0,13.769957,51.067657
12,16,4,1,20,6,3,0,1,2,0,1,0,0,0,0,0,13.738517,51.053909
12,16,4,1,21,6,3,0,3,2,0,1,1,0,0,0,0,13.736761,51.093763
12,16,4,2,16,7,3,0,7,0,0,1,0,0,0,0,0,13.74582,51.046702
12,16,4,2,16,7,3,3,7,0,1,1,0,0,0,0,0,13.791527,50.99887
12,16,4,2,17,7,3,5,3,0,1,1,1,0,0,0,0,13.763619,51.068267
12,16,4,3,0,1,3,1,1,2,0,1,1,0,0,0,0,13.780878,51.054235
12,16,4,3,1,1,3,0,1,2,0,1,0,0,0,0,0,13.753063,51.064924
12,16,4,3,8,1,3,5,3,0,1,1,1,0,0,0,0,13.75723,51.049735
12,16,4,3,11,1,3,5,3,0,1,1,1,0,0,0,0,13.79494,51.132992
12,16,4,3,17,1,3,5,3,0,0,1,1,0,0,0,0,13.769018,51.121378
12,16,4,4,7,2,3,1,1,0,0,1,1,0,0,0,0,13.696265,51.04555
12,16,4,4,7,2,3,5,3,0,0,1,1,0,0,0,0,13.702264,51.045834
12,16,4,4,7,2,3,5,2,0,0,1,1,0,0,0,0,13.752971,51.073885
12,16,4,4,7,2,3,5,3,0,0,1,1,0,0,0,0,13.775255,51.038392
12,16,4,4,8,2,3,5,3,0,0,1,1,0,0,0,0,13.736562,51.117841
12,16,4,4,8,2,2,5,3,0,0,1,1,0,0,0,0,13.886151,51.00491
12,16,4,4,9,2,3,5,2,0,0,1,1,0,0,0,0,13.745355,51.048992
12,16,4,4,9,2,3,5,3,0,0,1,1,0,0,0,0,13.805873,51.052352
12,16,4,4,10,2,3,2,6,0,0,1,1,0,0,0,0,13.736301,51.06393
12,16,4,4,14,2,3,5,5,0,0,1,1,0,0,0,0,13.777538,51.046656
12,16,4,4,14,2,2,0,1,0,0,1,0,0,0,0,0,13.784126,51.001564
12,16,4,4,17,2,3,5,2,0,0,1,1,0,0,0,0,13.809133,51.050179
12,16,4,4,19,2,3,3,5,0,0,1,1,0,0,0,0,13.751246,51.071212
12,16,4,4,20,2,3,0,1,2,0,1,0,0,0,0,0,13.751883,51.062974
12,16,4,5,5,3,2,0,1,1,1,1,0,0,0,0,0,13.684221,51.061969
12,16,4,5,7,3,3,0,1,0,1,1,0,0,0,0,0,13.728431,51.056623
12,16,4,5,7,3,2,3,2,0,0,1,0,0,0,0,0,13.778155,51.036783
12,16,4,5,7,3,3,2,6,0,0,1,1,0,0,0,0,13.812238,51.046664
12,16,4,5,8,3,3,5,3,0,0,1,1,0,0,0,0,13.718123,51.059901
12,16,4,5,8,3,3,5,3,0,0,1,1,0,0,0,0,13.749964,51.063355
12,16,4,5,12,3,3,5,3,0,0,1,0,0,0,1,0,13.648564,51.090801
12,16,4,5,14,3,2,5,3,0,0,1,1,0,0,0,0,13.746071,51.051747
12,16,4,5,15,3,3,5,2,0,0,1,1,0,0,0,0,13.757369,51.027258
12,16,4,5,16,3,3,5,3,0,1,1,1,0,0,0,0,13.711167,51.045368
12,16,4,5,16,3,3,4,6,0,0,1,0,0,0,0,0,13.842003,51.019158
12,16,4,5,17,3,3,5,3,0,0,1,1,0,0,0,0,13.686677,51.056056
12,16,4,5,19,3,3,5,3,0,0,1,1,0,0,0,0,13.747537,51.051684
12,16,4,5,22,3,3,0,3,2,0,1,1,0,0,0,0,13.765837,51.065791
12,16,4,6,6,4,3,5,3,1,1,1,1,0,0,0,0,13.765565,51.048376
12,16,4,6,6,4,3,3,2,0,0,1,0,0,0,1,0,13.806025,51.039008
12,16,4,6,7,4,3,5,3,0,0,1,1,0,0,0,0,13.700883,51.043836
12,16,4,6,8,4,2,6,6,0,0,1,0,1,0,0,0,13.742129,51.064664
12,16,4,6,9,4,3,0,7,0,0,1,1,0,0,0,0,13.698756,51.043582
12,16,4,6,10,4,3,0,7,0,0,1,0,0,0,0,0,13.776661,51.065818
12,16,4,6,12,4,3,5,3,0,1,1,1,0,0,0,0,13.795843,51.040524
12,16,4,6,13,4,3,5,3,0,0,1,1,0,0,0,0,13.688956,51.057947
12,16,4,6,13,4,3,5,3,0,0,1,1,0,0,0,0,13.779781,51.112386
12,16,4,6,14,4,3,0,1,0,0,1,0,0,0,0,0,13.670173,51.033343
12,16,4,6,14,4,3,0,1,0,1,1,0,0,0,0,0,13.761579,51.063993
12,16,4,6,15,4,3,4,2,0,0,1,1,0,0,0,0,13.761298,51.083375
12,16,4,6,16,4,3,5,3,0,0,1,1,0,0,0,0,13.840947,51.133067
12,16,4,6,18,4,3,5,2,0,0,1,1,0,0,0,0,13.743636,51.035589
12,16,4,6,18,4,3,3,6,0,1,1,1,0,0,0,0,13.795105,51.053482
12,16,4,6,20,4,3,6,4,0,0,1,0,1,0,0,0,13.764958,51.112346
12,16,4,7,6,5,3,0,1,0,0,1,0,0,0,0,0,13.735058,51.046695
12,16,4,7,7,5,3,0,3,0,0,1,0,0,0,0,1,13.730444,51.022215
12,16,4,7,7,5,3,5,3,0,0,1,1,0,0,0,0,13.738076,51.089981
12,16,4,7,9,5,3,5,3,0,0,1,1,0,0,0,0,13.706997,51.041407
12,16,4,7,12,5,3,2,2,0,1,1,1,0,0,0,0,13.7861,51.016384
12,16,4,7,15,5,3,4,6,0,0,1,0,0,0,0,0,13.738082,51.029018
12,16,4,7,15,5,3,0,7,0,1,1,1,0,0,0,0,13.748468,51.06342
12,16,4,7,15,5,3,6,4,0,0,1,0,1,0,0,0,13.770508,51.045525
12,16,4,7,16,5,3,5,2,0,0,1,1,0,0,0,0,13.75248,51.06293
12,16,4,7,17,5,2,5,3,0,1,1,1,0,0,0,0,13.725209,51.050198
12,16,4,7,17,5,3,5,2,0,0,1,1,0,0,0,0,13.761318,51.083404
12,16,4,7,17,5,3,5,2,0,0,1,1,0,0,0,0,13.777308,51.058716
12,16,5,1,0,1,2,0,1,2,0,1,0,0,0,0,0,13.741117,51.057503
12,16,5,1,5,1,2,5,3,0,0,1,1,0,0,0,0,13.734614,51.040479
12,16,5,1,12,1,3,3,6,0,0,1,0,0,0,0,1,13.707378,51.078832
12,16,5,1,12,1,3,3,5,0,0,1,1,0,0,0,0,13.73523,51.072737
12,16,5,1,12,1,3,6,4,0,0,1,0,1,0,0,0,13.86093,51.009146
12,16,5,1,14,1,3,5,3,0,0,1,1,0,0,0,0,13.83862,51.03363
12,16,5,1,14,1,2,5,2,0,0,1,0,0,0,0,0,13.850469,50.997339
12,16,5,1,15,1,3,4,2,0,0,1,0,0,0,0,0,13.643789,51.092931
12,16,5,1,15,1,3,8,1,0,0,1,0,0,0,0,0,13.82323,51.057546
12,16,5,1,17,1,3,5,2,0,0,1,1,0,0,0,0,13.777082,51.06008
12,16,5,1,17,1,3,6,6,0,0,1,0,1,0,0,0,13.798776,51.025596
12,16,5,1,20,1,3,5,3,0,0,1,1,0,0,0,0,13.710154,51.083819
12,16,5,2,7,2,3,5,3,0,0,1,0,0,0,1,0,13.707544,51.052844
12,16,5,2,7,2,3,2,6,0,0,1,1,0,0,0,0,13.761702,51.068052
12,16,5,2,7,2,3,5,3,0,0,1,1,0,0,0,0,13.775817,51.121186
12,16,5,2,8,2,2,5,3,0,0,1,1,0,0,0,0,13.698609,51.074191
12,16,5,2,8,2,3,2,2,0,0,1,0,0,0,1,0,13.722183,51.054064
12,16,5,2,8,2,3,0,7,0,0,1,1,0,0,0,0,13.733374,51.03895
12,16,5,2,8,2,3,0,7,0,0,1,1,0,0,0,0,13.734086,51.038729
12,16,5,2,8,2,3,5,3,0,0,1,1,0,0,0,0,13.742029,51.064674
12,16,5,2,8,2,3,0,5,0,0,1,1,0,0,0,0,13.778068,51.041868
12,16,5,2,11,2,3,0,5,0,0,1,1,0,0,0,0,13.722823,51.034088
12,16,5,2,13,2,3,0,1,0,0,1,0,0,0,0,0,13.740357,51.049924
12,16,5,2,14,2,3,3,6,0,0,1,0,0,0,0,0,13.743592,51.047759
12,16,5,2,14,2,3,0,3,0,0,1,1,0,0,0,0,13.812697,51.019871
12,16,5,2,15,2,3,5,3,0,0,1,1,0,0,0,0,13.603741,51.093403
12,16,5,2,16,2,2,4,2,0,0,1,1,0,0,0,0,13.708778,51.047145
12,16,5,2,16,2,3,5,3,0,0,1,0,0,0,0,0,13.722179,51.054055
12,16,5,2,16,2,3,0,1,0,0,1,0,0,0,0,0,13.760493,51.068395
12,16,5,2,17,2,3,0,1,0,0,1,0,0,0,0,0,13.722347,51.046143
12,16,5,2,17,2,3,6,6,0,0,1,0,1,0,0,0,13.759625,51.053588
12,16,5,2,17,2,3,5,3,0,0,1,1,0,0,0,0,13.80414,51.053429
12,16,5,2,17,2,3,5,2,0,0,1,1,0,0,0,0,13.818739,51.013367
12,16,5,2,19,2,2,0,2,0,0,1,0,0,0,0,0,13.723289,51.062901
12,16,5,2,19,2,3,5,2,0,0,1,1,0,0,0,0,13.741352,51.045929
12,16,5,2,19,2,3,1,5,0,0,1,1,0,0,0,0,13.813846,51.05369
12,16,5,2,21,2,2,0,6,2,1,1,0,0,0,0,0,13.733125,51.076341
12,16,5,2,22,2,3,0,3,2,0,1,0,0,0,0,1,13.833879,51.028456
12,16,5,3,6,3,3,5,2,0,0,1,0,0,0,0,1,13.733338,51.051023
12,16,5,3,7,3,3,1,5,0,0,1,1,0,0,0,0,13.739443,51.050057
12,16,5,3,7,3,3,2,6,0,0,1,1,0,0,0,0,13.769004,51.009243
12,16,5,3,7,3,3,5,3,0,0,1,1,0,0,0,0,13.785356,51.035975
12,16,5,3,8,3,3,5,3,0,0,1,1,0,0,0,0,13.699149,51.059538
12,16,5,3,8,3,3,5,2,0,0,1,0,0,0,0,1,13.777588,51.056502
12,16,5,3,8,3,2,3,6,0,0,1,1,0,0,0,0,13.814191,51.05431
12,16,5,3,9,3,3,5,3,0,0,1,1,0,0,0,0,13.803034,51.030058
12,16,5,3,10,3,3,5,3,0,0,1,1,0,0,0,0,13.804609,51.039919
12,16,5,3,11,3,3,0,7,0,0,1,1,0,0,0,0,13.757849,51.067045
12,16,5,3,14,3,3,5,3,0,0,1,1,0,0,0,0,13.727408,51.05802
12,16,5,3,14,3,3,0,7,0,1,1,0,0,0,0,0,13.747755,51.028537
12,16,5,3,15,3,3,0,7,0,0,1,1,0,0,0,0,13.747012,51.071748
12,16,5,3,15,3,3,0,1,0,1,1,0,0,0,0,0,13.826117,51.060093
12,16,5,3,16,3,3,1,5,0,0,1,1,0,0,0,0,13.702011,51.074511
12,16,5,3,16,3,3,5,2,0,1,1,1,0,0,0,0,13.72466,51.088027
12,16,5,3,16,3,3,5,3,0,0,1,1,0,0,0,0,13.738077,51.089983
12,16,5,3,16,3,3,1,5,0,0,1,1,0,0,0,0,13.739601,51.036908
12,16,5,3,16,3,2,5,2,0,1,1,1,0,0,0,0,13.753515,51.03436
12,16,5,3,17,3,3,5,3,0,1,1,1,0,0,0,0,13.712369,51.082331
12,16,5,3,19,3,3,6,6,0,0,1,0,1,0,0,0,13.717402,51.077232
12,16,5,3,20,3,2,0,1,0,0,1,0,0,0,0,0,13.80654,51.0423
12,16,5,3,21,3,3,5,3,1,0,1,0,0,0,1,0,13.747036,51.066579
12,16,5,4,6,4,3,5,3,0,0,1,1,0,0,0,0,13.682838,51.042416
12,16,5,4,15,4,3,6,6,0,0,1,0,1,0,0,0,13.762337,51.037505
12,16,5,4,15,4,3,0,3,0,0,1,1,0,0,0,0,13.776308,51.055996
12,16,5,4,15,4,3,5,3,0,0,1,1,0,0,0,0,13.783077,51.043451
12,16,5,4,16,4,2,1,1,0,0,1,1,0,0,0,0,13.708987,51.084345
12,16,5,4,16,4,3,5,2,0,1,1,1,0,0,0,0,13.719766,51.094136
12,16,5,4,16,4,3,5,3,0,0,1,1,0,0,0,0,13.729596,51.052806
12,16,5,4,16,4,3,5,3,0,0,1,0,0,0,0,1,13.876484,51.060224
12,16,5,4,17,4,3,5,2,0,0,1,1,0,0,0,0,13.746542,51.03833
12,16,5,4,20,4,3,5,3,1,0,1,0,0,0,0,0,13.748186,51.068608
12,16,5,5,7,5,3,5,3,0,0,1,1,0,0,0,0,13.775821,51.050917
12,16,5,5,8,5,3,5,3,0,0,1,1,0,0,0,0,13.688324,51.046927
12,16,5,5,8,5,3,5,2,0,0,1,1,0,0,0,0,13.771848,51.046905
12,16,5,5,10,5,3,5,3,0,0,1,1,0,0,0,0,13.728957,51.059328
12,16,5,5,12,5,3,0,7,0,0,1,0,0,0,1,0,13.765952,51.056306
12,16,5,5,12,5,2,5,3,0,0,1,0,0,0,0,0,13.844237,51.127694
12,16,5,5,14,5,2,5,2,0,0,1,1,0,0,0,0,13.736989,51.0377
12,16,5,5,14,5,3,5,3,0,0,1,1,0,0,0,0,13.785356,51.035975
12,16,5,5,15,5,3,2,6,0,0,1,0,0,0,1,0,13.708128,51.018365
12,16,5,5,16,5,2,5,3,0,0,1,0,0,1,0,0,13.688947,51.057957
12,16,5,5,17,5,3,5,3,0,0,1,1,0,0,0,0,13.67478,51.090648
12,16,5,5,17,5,2,9,1,0,0,1,0,0,0,0,0,13.698133,51.099217
12,16,5,5,18,5,3,5,3,0,0,1,1,0,0,0,0,13.673582,51.043132
12,16,5,5,18,5,3,5,2,0,0,1,1,0,0,0,0,13.768348,51.015754
12,16,5,5,19,5,2,5,3,0,0,1,1,0,0,0,0,13.648583,51.090791
12,16,5,5,19,5,2,5,7,1,0,1,1,0,0,0,0,13.807686,51.026423
12,16,5,6,6,6,3,3,5,0,0,1,1,0,0,0,0,13.684215,51.040964
12,16,5,6,6,6,3,5,3,0,0,1,0,0,0,0,1,13.806741,51.0521
12,16,5,6,8,6,3,3,5,0,0,1,1,0,0,0,0,13.671374,51.065884
12,16,5,6,8,6,3,5,2,0,0,1,0,0,0,0,1,13.775359,51.03299
12,16,5,6,10,6,3,1,5,0,0,1,1,0,0,0,0,13.681291,51.047339
12,16,5,6,11,6,3,0,2,0,0,1,0,0,1,0,0,13.680564,51.052494
12,16,5,6,14,6,3,0,7,0,0,1,1,0,0,0,0,13.731167,51.09108
12,16,5,6,14,6,2,5,3,0,0,1,1,0,0,0,0,13.781414,51.127893
12,16,5,6,15,6,3,7,7,0,0,1,0,0,0,0,0,13.737304,51.024017
12,16,5,6,16,6,3,5,2,0,1,1,1,0,0,0,0,13.75134,51.060001
12,16,5,6,16,6,3,0,1,0,0,1,0,0,0,0,0,13.822032,51.047084
12,16,5,6,17,6,2,5,3,0,0,1,1,0,0,0,0,13.745392,51.049036
12,16,5,6,17,6,3,5,2,0,1,1,1,0,0,0,0,13.773663,51.048746
12,16,5,6,19,6,3,0,1,0,1,1,0,0,0,0,0,13.736404,51.063837
12,16,5,6,19,6,3,2,6,0,0,1,1,0,0,0,0,13.820133,51.064116
12,16,5,7,10,7,3,5,3,0,0,1,1,0,0,0,0,13.831651,51.00219
12,16,5,7,12,7,2,5,3,0,0,1,1,0,0,0,0,13.738072,51.086713
12,16,5,7,13,7,3,9,5,0,0,1,1,0,0,0,0,13.758122,51.064674
12,16,5,7,14,7,3,5,3,0,0,1,0,0,0,0,0,13.768467,51.014452
12,16,5,7,15,7,3,1,7,0,0,1,1,0,0,0,0,13.752254,51.052682
12,16,5,7,15,7,3,0,1,0,0,1,0,0,0,0,0,13.753093,51.041732
12,16,5,7,17,7,3,5,3,0,0,1,1,0,0,0,0,13.742009,51.064676
12,16,5,7,19,7,3,3,5,1,0,1,1,0,0,0,0,13.848563,51.004581
12,16,5,7,22,7,3,8,1,2,0,1,0,0,0,0,0,13.847365,51.129068
12,16,6,1,6,4,3,0,7,0,0,1,0,0,0,0,1,13.774958,51.016794
12,16,6,1,7,4,3,3,5,0,0,1,1,0,0,0,0,13.789058,51.044343
12,16,6,1,8,4,3,5,3,0,0,1,1,0,0,0,0,13.742008,51.064676
12,16,6,1,8,4,3,4,2,0,0,1,1,0,0,0,0,13.753323,51.050366
12,16,6,1,8,4,3,5,2,0,0,1,1,0,0,0,0,13.753327,51.050375
12,16,6,1,8,4,3,5,2,0,0,1,1,0,0,0,0,13.828613,51.010884
12,16,6,1,9,4,3,2,2,0,0,1,1,0,0,0,0,13.743138,51.047233
12,16,6,1,9,4,3,3,5,0,1,1,1,0,0,0,0,13.758364,51.027668
12,16,6,1,10,4,3,5,3,0,0,1,1,0,0,0,0,13.732642,51.029573
12,16,6,1,10,4,3,5,3,0,0,1,1,0,0,0,0,13.737542,51.054035
12,16,6,1,11,4,3,5,3,0,0,1,1,0,0,0,0,13.773663,51.048746
12,16,6,1,12,4,2,0,3,0,0,1,1,0,0,0,0,13.703771,51.084977
12,16,6,1,13,4,3,0,7,0,0,1,0,0,0,0,1,13.798775,51.056823
12,16,6,1,13,4,3,5,3,0,0,1,0,0,1,0,0,13.806794,51.052108
12,16,6,1,13,4,3,0,7,0,0,1,0,0,0,0,0,13.808865,51.0055
12,16,6,1,15,4,3,1,5,0,0,1,0,0,0,0,1,13.712898,51.028573
12,16,6,1,15,4,3,5,3,0,1,1,1,0,0,0,0,13.72153,51.041768
12,16,6,1,16,4,3,3,6,0,0,1,0,0,0,0,0,13.683047,51.061829
12,16,6,1,16,4,3,5,7,0,1,1,1,0,0,0,0,13.745893,51.057194
12,16,6,1,16,4,3,1,5,0,0,1,1,0,0,0,0,13.785045,51.049571
12,16,6,1,17,4,3,5,3,0,0,1,1,0,0,0,0,13.748085,51.068488
12,16,6,1,18,4,3,0,7,0,0,1,1,0,0,0,0,13.715288,51.036507
12,16,6,1,19,4,3,0,1,0,0,1,0,0,0,0,0,13.703969,51.028023
12,16,6,1,19,4,3,5,2,0,0,1,1,0,0,0,0,13.706458,51.04553
12,16,6,1,19,4,3,5,2,0,0,1,0,0,1,0,0,13.734466,51.061616
12,16,6,2,7,5,3,5,3,0,0,1,1,0,0,0,0,13.70306,51.089318
12,16,6,2,7,5,3,3,5,0,0,1,1,0,0,0,0,13.708115,51.095879
12,16,6,2,7,5,3,5,3,0,0,1,1,0,0,0,0,13.775268,51.038405
12,16,6,2,8,5,3,3,2,0,0,1,0,0,0,1,0,13.798141,51.023838
12,16,6,2,11,5,2,0,1,0,0,1,0,0,0,0,0,13.714565,51.079544
12,16,6,2,11,5,3,3,7,0,0,1,1,0,0,0,0,13.745311,51.06795
12,16,6,2,13,5,2,5,3,0,0,1,1,0,0,0,0,13.71966,51.030814
12,16,6,2,13,5,3,3,6,0,0,1,1,0,0,0,0,13.746753,51.062459
12,16,6,2,14,5,3,5,3,0,0,1,1,0,0,0,0,13.746563,51.038447
12,16,6,2,15,5,3,6,7,0,0,1,0,1,0,0,0,13.784156,51.034752
12,16,6,2,16,5,3,2,7,0,0,1,0,0,0,0,1,13.760456,51.082163
12,16,6,2,16,5,3,0,5,0,0,1,1,0,0,0,0,13.862841,51.01433
12,16,6,2,17,5,3,5,2,0,1,1,1,0,0,0,0,13.722553,51.090763
12,16,6,2,17,5,3,5,3,0,0,1,1,0,0,0,0,13.770087,51.109074
12,16,6,2,18,5,2,0,1,0,0,1,0,0,0,0,0,13.640845,51.039406
12,16,6,2,18,5,2,5,3,0,0,1,0,0,0,0,0,13.736939,51.047265
12,16,6,2,19,5,3,6,7,0,0,1,0,1,0,0,0,13.729033,51.012711
12,16,6,2,19,5,3,5,3,0,0,1,0,0,0,0,0,13.737172,51.050551
12,16,6,2,19,5,3,4,2,0,0,1,1,0,0,0,0,13.798142,51.023838
12,16,6,2,19,5,3,2,6,0,0,1,0,0,1,0,0,13.799794,51.041578
12,16,6,2,20,5,3,0,7,0,0,1,1,0,0,0,0,13.719211,51.036881
12,16,6,2,20,5,3,9,1,0,0,1,0,0,0,0,0,13.76645,51.041459
12,16,6,2,20,5,3,0,7,0,0,1,1,0,0,0,0,13.80908,51.047228
12,16,6,2,21,5,3,3,6,1,0,1,0,0,0,0,0,13.715128,51.077511
12,16,6,3,10,6,3,1,7,0,1,1,1,0,0,0,0,13.728072,51.076505
12,16,6,3,10,6,3,5,2,0,0,1,1,0,0,0,0,13.808178,51.00611
12,16,6,3,10,6,3,5,3,0,0,1,1,0,0,0,0,13.842003,51.019158
12,16,6,3,12,6,3,0,1,0,0,1,0,0,0,0,0,13.730578,51.023063
12,16,6,3,16,6,3,5,2,0,1,1,1,0,0,0,0,13.793843,51.043008
12,16,6,3,17,6,3,5,3,0,1,1,1,0,0,0,0,13.755296,51.017549
12,16,6,3,18,6,3,5,3,0,0,1,1,0,0,0,0,13.737002,51.037729
12,16,6,3,22,6,3,5,2,1,0,1,1,0,0,0,0,13.760125,51.023306
12,16,6,3,23,6,3,5,3,2,0,1,1,0,0,0,0,13.796929,51.050001
12,16,6,4,0,7,2,1,1,2,0,1,1,0,0,0,0,13.75194,51.063401
12,16,6,4,7,7,3,5,3,0,1,1,1,0,0,0,0,13.759137,51.024047
12,16,6,4,8,7,3,0,2,0,0,1,1,0,0,0,0,13.731224,51.034355
12,16,6,4,8,7,2,0,1,0,0,1,0,0,0,0,0,13.765158,51.121469
12,16,6,4,9,7,3,4,6,0,0,1,0,0,0,0,0,13.743149,51.072865
12,16,6,4,10,7,3,3,2,0,0,1,1,0,0,0,0,13.733329,51.075979
12,16,6,4,11,7,3,5,3,0,0,1,1,0,0,0,0,13.681978,51.086522
12,16,6,4,11,7,3,5,3,0,0,1,1,0,0,0,0,13.851905,51.061819
12,16,6,4,12,7,2,5,3,0,0,1,0,0,0,0,1,13.789845,51.118941
12,16,6,4,18,7,3,6,7,0,0,1,0,1,0,0,0,13.742023,51.053509
12,16,6,4,18,7,3,5,2,0,0,1,1,0,0,0,0,13.799577,51.041694
12,16,6,4,19,7,3,6,6,0,0,1,0,1,0,0,0,13.807538,51.035089
12,16,6,4,20,7,2,3,2,1,0,1,1,0,0,0,0,13.719766,51.094136
12,16,6,4,22,7,3,5,3,2,0,1,1,0,0,0,0,13.791363,51.046772
12,16,6,4,22,7,3,3,6,2,0,1,1,0,0,0,0,13.796122,51.007447
12,16,6,5,0,1,2,0,1,2,0,1,0,0,0,0,0,13.716069,51.014672
12,16,6,5,7,1,2,0,1,0,1,1,0,0,0,0,0,13.805988,51.052187
12,16,6,6,5,2,3,5,3,0,0,1,1,0,0,0,0,13.767731,51.02609
12,16,6,6,8,2,3,2,6,0,0,1,0,0,0,0,0,13.694811,51.043161
12,16,6,6,9,2,3,3,5,0,0,1,0,0,0,0,1,13.719608,51.094577
12,16,6,6,9,2,3,5,3,0,0,1,0,0,0,0,1,13.755705,51.026462
12,16,6,6,9,2,3,6,4,0,0,1,0,1,0,0,0,13.756871,51.025575
12,16,6,6,9,2,3,6,4,0,0,1,0,1,0,0,0,13.771861,51.046919
12,16,6,6,14,2,3,5,3,0,0,1,1,0,0,0,0,13.721497,51.054269
12,16,6,6,15,2,3,5,2,0,0,1,1,0,0,0,0,13.72911,51.05096
12,16,6,6,15,2,3,5,3,0,0,1,1,0,0,0,0,13.743587,51.035605
12,16,6,6,15,2,3,0,5,0,0,1,1,0,0,0,0,13.801749,51.038593
12,16,6,6,16,2,3,5,2,0,0,1,0,0,1,0,0,13.733338,51.051023
12,16,6,6,16,2,3,5,3,0,0,1,1,0,0,0,0,13.790686,51.029742
12,16,6,6,17,2,3,5,3,0,0,1,1,0,0,0,0,13.720992,51.084557
12,16,6,6,17,2,3,2,6,0,0,1,1,0,0,0,0,13.802706,51.030164
12,16,6,6,18,2,3,5,2,0,0,1,1,0,0,0,0,13.707161,51.041738
12,16,6,6,19,2,2,0,1,0,0,1,0,0,0,0,0,13.740615,51.056779
12,16,6,7,5,3,3,3,6,0,0,1,1,0,0,0,0,13.693369,51.022687
12,16,6,7,5,3,2,0,1,1,1,1,0,0,0,0,0,13.771035,51.046086
12,16,6,7,6,3,3,5,3,0,0,1,1,0,0,0,0,13.839691,51.000341
12,16,6,7,7,3,3,0,6,0,0,1,0,1,0,0,0,13.721345,51.041815
12,16,6,7,7,3,2,0,1,0,1,1,0,0,0,0,0,13.743239,51.110762
12,16,6,7,8,3,3,5,3,0,0,1,1,0,0,0,0,13.719193,51.0349
12,16,6,7,8,3,3,2,6,0,0,1,0,0,0,0,1,13.792111,51.052576
12,16,6,7,10,3,2,5,3,0,0,1,1,0,0,0,0,13.726453,51.055485
12,16,6,7,10,3,3,4,6,0,0,1,1,0,0,0,0,13.750755,51.063241
12,16,6,7,12,3,3,3,2,0,0,1,0,0,0,0,1,13.788791,51.005232
12,16,6,7,13,3,3,5,3,0,0,1,0,0,1,0,0,13.754736,51.04595
12,16,6,7,14,3,3,5,2,0,0,1,0,0,0,0,1,13.733338,51.051023
12,16,6,7,15,3,3,5,3,0,0,1,1,0,0,0,0,13.713238,51.093105
12,16,6,7,15,3,3,1,5,0,0,1,1,0,0,0,0,13.715366,51.096771
12,16,6,7,15,3,3,5,2,0,0,1,0,0,0,0,1,13.786293,51.028555
12,16,6,7,16,3,3,3,2,0,0,1,1,0,0,0,0,13.819937,51.006547
12,16,6,7,17,3,3,5,3,0,0,1,1,0,0,0,0,13.735176,51.07341
12,16,6,7,17,3,3,5,3,0,0,1,1,0,0,0,0,13.78033,51.030869
12,16,6,7,18,3,3,6,4,0,0,1,0,1,0,0,0,13.780236,51.030905
12,16,7,1,5,6,2,5,3,1,0,1,1,0,0,0,0,13.784751,51.049738
12,16,7,1,7,6,3,5,3,0,1,1,1,0,0,0,0,13.696167,51.037877
12,16,7,1,8,6,3,5,3,0,0,1,1,0,0,0,0,13.797686,51.042324
12,16,7,1,9,6,3,3,2,0,0,1,1,0,0,0,0,13.743604,51.035655
12,16,7,1,9,6,3,5,3,0,0,1,1,0,0,0,0,13.773584,51.04873
12,16,7,1,9,6,3,3,2,0,0,1,1,0,0,0,0,13.790618,51.119168
12,16,7,1,10,6,3,2,6,0,0,1,0,0,0,0,0,13.755455,51.157256
12,16,7,1,11,6,3,5,3,0,0,1,1,0,0,0,0,13.687439,51.083627
12,16,7,1,12,6,3,5,3,0,0,1,1,0,0,0,0,13.721505,51.041913
12,16,7,1,12,6,3,6,4,0,0,1,0,1,0,0,0,13.730282,51.046185
12,16,7,1,14,6,3,6,6,0,0,1,0,1,0,0,0,13.715376,51.037043
12,16,7,1,15,6,3,5,2,0,0,1,1,0,0,0,0,13.718952,51.09664
12,16,7,1,15,6,3,0,1,0,0,1,0,0,0,0,0,13.7507,51.071381
12,16,7,1,16,6,3,5,3,0,0,1,0,0,0,0,0,13.755987,51.055857
12,16,7,1,16,6,3,5,3,0,0,1,1,0,0,0,0,13.783845,51.123894
12,16,7,1,17,6,3,5,3,0,0,1,1,0,0,0,0,13.766793,51.041818
12,16,7,1,19,6,3,5,3,0,0,1,1,0,0,0,0,13.730941,51.081378
12,16,7,1,19,6,3,0,1,0,0,1,0,0,0,0,0,13.816742,51.055964
12,16,7,2,0,7,2,0,1,2,0,1,0,0,0,0,0,13.691557,51.05138
12,16,7,2,9,7,3,5,2,0,0,1,1,0,0,0,0,13.808396,51.045279
12,16,7,2,10,7,2,5,3,0,0,1,1,0,0,0,0,13.711986,51.025569
12,16,7,2,14,7,3,5,3,0,0,1,1,0,0,0,0,13.77152,51.015713
12,16,7,2,15,7,3,5,3,0,0,1,1,0,0,0,0,13.78078,51.116129
12,16,7,2,19,7,2,0,1,0,0,1,0,0,0,0,0,13.824592,51.013743
12,16,7,3,9,1,2,0,7,0,1,1,1,0,0,0,0,13.726586,51.082713
12,16,7,3,10,1,3,0,7,0,0,1,0,0,0,0,0,13.738633,51.029097