UKREIS,UJAHR,UMONAT,UTAG,USTUNDE,UWOCHENTAG,UKATEGORIE,UART,UTYP,LICHT,USTRZUSTAND,IstRad,IstPKW,IstFuss,IstKrad,IstGkfz,IstSonstige,@lon,@lat
12,16,7,3,15,1,3,0,3,0,0,1,1,0,0,0,0,13.742017,51.064676
12,16,7,3,18,1,3,0,1,0,0,1,0,0,0,0,0,13.734708,51.072501
12,16,7,3,18,1,2,0,1,0,1,1,0,0,0,0,0,13.832562,51.029495
12,16,7,3,19,1,3,1,2,0,0,1,1,0,0,0,0,13.673977,51.081811
12,16,7,4,6,2,3,0,1,1,0,1,0,0,0,0,0,13.756036,51.045956
12,16,7,4,6,2,3,2,2,0,0,1,0,0,0,0,1,13.835669,51.027037
12,16,7,4,8,2,3,0,3,0,0,1,0,0,0,0,0,13.729543,51.082976
12,16,7,4,8,2,3,3,7,0,0,1,1,0,0,0,0,13.749095,51.052126
12,16,7,4,8,2,3,3,6,0,0,1,0,0,0,0,0,13.786722,51.046282
12,16,7,4,9,2,3,5,2,0,0,1,0,0,0,0,1,13.745045,51.049455
12,16,7,4,9,2,2,0,6,0,0,1,0,0,0,0,1,13.745355,51.03895
12,16,7,4,9,2,2,0,1,0,0,1,0,0,0,0,0,13.776355,51.067401
12,16,7,4,11,2,3,3,6,0,0,1,0,0,0,0,1,13.7995,50.99855
12,16,7,4,13,2,3,1,7,0,0,1,1,0,0,0,0,13.700881,51.043783
12,16,7,4,15,2,3,5,3,0,0,1,1,0,0,0,0,13.71665,51.037804
12,16,7,4,15,2,3,5,3,0,0,1,1,0,0,0,0,13.734717,51.040809
12,16,7,4,16,2,3,2,2,0,0,1,1,0,0,0,0,13.813153,51.083826
12,16,7,4,18,2,2,0,7,0,0,1,1,0,0,0,0,13.739018,51.044609
12,16,7,4,19,2,2,0,1,0,1,1,0,0,0,0,0,13.699393,51.031907
12,16,7,4,21,2,2,5,3,1,0,1,1,0,0,0,0,13.74847,51.053534
12,16,7,5,12,3,3,5,2,0,0,1,1,0,0,0,0,13.777401,51.058731
12,16,7,5,14,3,3,0,1,0,0,1,0,0,0,0,0,13.755584,51.056229
12,16,7,5,14,3,2,6,4,0,0,1,0,1,0,0,0,13.795528,51.04284
12,16,7,5,16,3,3,5,2,0,0,1,1,0,0,0,0,13.767805,51.026093
12,16,7,5,17,3,3,0,7,0,0,1,0,0,0,0,0,13.721435,51.034374
12,16,7,5,18,3,3,5,3,0,0,1,1,0,0,0,0,13.887779,51.035219
12,16,7,5,21,3,3,0,1,1,1,1,0,0,0,0,0,13.75046,51.050944
12,16,7,6,2,4,3,3,6,2,0,1,1,0,0,0,0,13.713576,51.080781
12,16,7,6,7,4,3,0,5,0,0,1,1,0,0,0,0,13.768953,51.018988
12,16,7,6,8,4,3,0,1,0,0,1,0,0,0,0,0,13.750465,51.073654
12,16,7,6,9,4,3,5,3,0,0,1,1,0,0,0,0,13.742105,51.064798
12,16,7,6,10,4,3,5,2,0,1,1,1,0,0,0,0,13.725384,51.04379
12,16,7,6,10,4,3,5,3,0,0,1,1,0,0,0,0,13.828058,51.026542
12,16,7,6,14,4,3,5,3,0,0,1,1,0,0,0,0,13.793711,51.043021
12,16,7,6,14,4,2,5,2,0,0,1,1,0,0,0,0,13.798139,51.023839
12,16,7,6,15,4,3,0,1,0,1,1,0,0,0,0,0,13.682822,51.045953
12,16,7,6,16,4,2,3,6,0,0,1,1,0,0,0,1,13.770092,51.057191
12,16,7,6,18,4,3,5,3,0,0,1,1,0,0,0,0,13.719192,51.076469
12,16,7,6,19,4,3,5,2,0,0,1,1,0,0,0,0,13.70743,51.042445
12,16,7,6,19,4,3,5,3,0,0,1,1,0,0,0,0,13.71865,51.076688
12,16,7,6,19,4,3,5,2,0,0,1,0,0,0,0,1,13.746468,51.115439
12,16,7,6,19,4,2,5,3,0,1,1,1,0,0,0,0,13.785356,51.035975
12,16,7,7,13,5,3,3,2,0,1,1,1,0,0,0,0,13.704343,51.043719
12,16,7,7,14,5,3,5,3,0,0,1,1,0,0,0,0,13.728969,51.05932
12,16,7,7,14,5,3,0,1,0,1,1,0,0,0,0,0,13.804017,51.011871
12,16,7,7,15,5,3,0,1,0,1,1,0,0,0,0,0,13.874843,51.060527
12,16,7,7,16,5,2,5,2,0,1,1,1,0,0,0,0,13.702267,51.045859
12,16,7,7,19,5,3,3,7,1,0,1,1,0,0,0,0,13.838081,51.004779
12,16,7,7,20,5,3,3,6,0,0,1,1,0,0,0,0,13.757694,51.056609
12,16,7,7,23,5,3,0,1,2,0,1,0,0,0,0,0,13.757625,51.046875
12,16,8,1,6,2,3,5,3,0,0,1,1,0,0,0,0,13.719711,51.094286
12,16,8,1,7,2,2,5,3,0,0,1,1,0,0,0,0,13.704244,51.096672
12,16,8,1,7,2,3,5,3,0,0,1,1,0,0,0,0,13.806909,51.036596
12,16,8,1,8,2,3,0,7,0,0,1,1,0,0,0,0,13.729503,51.076356
12,16,8,1,8,2,3,1,5,0,0,1,1,0,0,0,0,13.759703,51.065909
12,16,8,1,8,2,3,5,3,0,0,1,1,0,0,0,0,13.765341,51.04698
12,16,8,1,9,2,3,3,6,0,0,1,1,0,0,0,0,13.704783,51.039662
12,16,8,1,9,2,3,5,3,0,0,1,1,0,0,0,0,13.721503,51.041913
12,16,8,1,9,2,3,5,2,0,0,1,1,0,0,0,0,13.774733,51.04977
12,16,8,1,11,2,3,5,2,0,0,1,1,0,0,0,0,13.748477,51.053525
12,16,8,1,11,2,3,4,6,0,0,1,0,0,0,0,0,13.802637,51.029893
12,16,8,1,13,2,3,5,3,0,0,1,1,0,0,0,0,13.723022,51.074545
12,16,8,1,13,2,3,0,6,0,0,1,0,0,0,0,1,13.807739,51.005641
12,16,8,1,15,2,3,5,3,0,0,1,1,0,0,0,0,13.742008,51.064676
12,16,8,1,15,2,3,0,6,0,0,1,0,0,0,0,1,13.74697,51.051703
12,16,8,1,15,2,3,0,3,0,0,1,1,0,0,0,0,13.78943,51.01816
12,16,8,1,16,2,2,5,2,0,0,1,1,0,0,0,0,13.743478,51.047617
12,16,8,1,16,2,3,5,2,0,0,1,1,0,0,0,0,13.777308,51.058716
12,16,8,1,17,2,2,5,3,0,0,1,0,0,0,0,0,13.711322,51.117303
12,16,8,1,17,2,2,0,1,0,0,1,0,0,0,0,0,13.72697,51.059579
12,16,8,1,18,2,3,1,7,0,0,1,1,0,0,0,0,13.702044,51.033284
12,16,8,1,19,2,3,5,3,0,0,1,1,0,0,0,0,13.748748,51.048253
12,16,8,1,21,2,3,5,3,2,0,1,1,0,0,0,0,13.722576,51.087749
12,16,8,2,0,3,3,1,1,2,0,1,1,0,0,0,0,13.792628,51.047939
12,16,8,2,4,3,2,4,6,2,0,1,0,0,0,0,0,13.692671,51.082889
12,16,8,2,7,3,3,5,3,0,0,1,1,0,0,0,0,13.74892,51.027819
12,16,8,2,7,3,3,5,3,0,0,1,0,0,0,0,0,13.753508,51.05294
12,16,8,2,7,3,3,5,2,0,0,1,1,0,0,0,0,13.777096,51.060081
12,16,8,2,7,3,3,5,2,0,0,1,0,0,0,0,1,13.823779,51.057747
12,16,8,2,7,3,2,5,3,0,0,1,0,0,0,0,1,13.839687,51.00371
12,16,8,2,9,3,3,3,6,0,0,1,1,0,0,0,0,13.743574,51.053448
12,16,8,2,10,3,2,0,7,0,0,1,1,0,0,0,0,13.661765,51.068294
12,16,8,2,10,3,3,5,3,0,0,1,1,0,0,0,0,13.776071,51.039209
12,16,8,2,12,3,3,5,3,0,1,1,1,0,0,0,0,13.728963,51.059324
12,16,8,2,13,3,3,0,7,0,0,1,1,0,0,0,0,13.696047,51.043286
12,16,8,2,14,3,3,5,3,0,1,1,1,0,0,0,0,13.736456,51.043468
12,16,8,2,15,3,3,1,5,0,0,1,1,0,0,0,0,13.715243,51.078549
12,16,8,2,16,3,3,4,6,0,0,1,0,0,0,0,0,13.636562,51.087279
12,16,8,2,16,3,3,3,6,0,0,1,0,0,0,0,0,13.750754,51.063241
12,16,8,2,16,3,3,5,3,0,0,1,0,0,0,0,0,13.806382,51.037759
12,16,8,2,16,3,2,5,2,0,0,1,1,0,0,0,0,13.811505,51.012815
12,16,8,2,18,3,3,2,6,0,0,1,1,0,0,0,0,13.787014,51.032376
12,16,8,2,20,3,3,5,2,1,0,1,1,0,0,0,0,13.735737,51.099747
12,16,8,2,20,3,3,3,6,1,0,1,1,0,0,0,0,13.765943,51.015717
12,16,8,2,22,3,3,5,3,2,0,1,1,0,0,0,0,13.694206,51.043099
12,16,8,2,22,3,3,5,3,2,0,1,1,0,0,0,0,13.748959,51.033791
12,16,8,2,23,3,3,5,2,2,1,1,0,0,1,0,0,13.749429,51.074528
12,16,8,3,7,4,3,0,3,0,0,1,0,0,0,0,1,13.689678,51.069433
12,16,8,3,7,4,3,3,6,0,0,1,1,0,0,0,0,13.717658,51.087572
12,16,8,3,7,4,2,3,6,0,0,1,0,0,0,0,0,13.71994,51.040538
12,16,8,3,7,4,3,5,6,0,0,1,1,0,0,0,0,13.810201,51.032407
12,16,8,3,7,4,3,5,7,0,0,1,1,0,0,0,0,13.831754,51.00221
12,16,8,3,8,4,2,0,5,0,0,1,1,0,0,0,0,13.70319,51.046192
12,16,8,3,8,4,3,3,2,0,0,1,1,0,0,0,0,13.731857,51.025559
12,16,8,3,12,4,3,5,3,0,0,1,1,0,0,0,0,13.714896,51.09549
12,16,8,3,13,4,3,1,6,0,0,1,1,0,0,0,0,13.714671,51.096611
12,16,8,3,13,4,3,0,1,0,0,1,0,0,0,0,0,13.728519,51.07643
12,16,8,3,14,4,3,5,3,0,0,1,1,0,0,0,0,13.772869,51.014528
12,16,8,3,15,4,3,5,3,0,0,1,1,0,0,0,0,13.747031,51.063692
12,16,8,3,17,4,3,5,2,0,1,1,1,0,0,0,0,13.702132,51.034917
12,16,8,3,17,4,3,7,1,0,0,1,0,0,0,0,0,13.724416,51.088295
12,16,8,3,17,4,3,5,3,0,0,1,1,0,0,0,0,13.77931,51.066929
12,16,8,3,17,4,3,5,3,0,0,1,1,0,0,0,0,13.782161,51.113433
12,16,8,3,17,4,3,4,2,0,0,1,1,0,0,0,0,13.793346,51.043057
12,16,8,3,18,4,3,3,6,0,0,1,0,0,0,0,1,13.666575,51.075404
12,16,8,3,18,4,2,5,3,2,0,1,1,0,0,0,0,13.703422,51.088602
12,16,8,3,18,4,3,5,2,0,0,1,1,0,0,0,0,13.753326,51.050373
12,16,8,3,21,4,3,5,3,2,0,1,0,0,0,0,0,13.710486,51.077552
12,16,8,3,22,4,3,0,1,2,0,1,0,0,0,0,0,13.699057,51.04361
12,16,8,4,7,5,3,5,3,0,0,1,1,0,0,0,0,13.720005,51.029246
12,16,8,4,7,5,3,0,1,0,0,1,0,0,0,0,0,13.766556,51.04157
12,16,8,4,8,5,3,5,3,0,0,1,1,0,0,0,0,13.680506,51.042364
12,16,8,4,9,5,3,5,2,0,0,1,1,0,0,0,0,13.715174,51.078651
12,16,8,4,9,5,3,0,7,0,0,1,1,0,0,0,0,13.729885,51.055
12,16,8,4,10,5,3,1,5,0,0,1,0,0,0,0,1,13.835983,51.002498
12,16,8,4,11,5,3,5,3,0,0,1,1,0,0,0,0,13.711971,51.080939
12,16,8,4,11,5,3,3,2,0,0,1,1,0,0,0,0,13.72237,51.049727
12,16,8,4,11,5,3,0,7,0,0,1,1,0,0,0,0,13.763664,51.110518
12,16,8,4,12,5,3,4,6,0,0,1,0,0,0,0,0,13.746533,51.038458
12,16,8,4,14,5,2,5,3,0,0,1,1,0,0,0,0,13.723374,51.074289
12,16,8,4,15,5,3,3,5,0,0,1,1,0,0,0,0,13.723526,51.118183
12,16,8,4,15,5,2,5,3,0,0,1,1,0,0,0,0,13.726579,51.031546
12,16,8,4,15,5,3,5,2,0,0,1,1,0,0,0,0,13.744562,51.037069
12,16,8,4,15,5,3,8,1,0,0,1,0,0,0,0,0,13.777706,50.993427
12,16,8,4,16,5,3,0,7,0,0,1,1,0,0,0,0,13.723183,51.047693
12,16,8,4,16,5,3,5,2,0,0,1,1,0,0,0,0,13.733363,51.038927
12,16,8,4,16,5,3,5,3,0,0,1,1,0,0,0,0,13.746486,51.05742
12,16,8,4,16,5,3,5,2,0,0,1,0,0,0,0,1,13.760692,51.049212
12,16,8,4,16,5,3,5,7,0,0,1,1,0,0,0,0,13.77575,51.050822
12,16,8,4,16,5,3,0,2,0,0,1,1,0,0,0,0,13.789635,51.118642
12,16,8,4,16,5,3,5,3,0,0,1,1,0,0,0,0,13.791452,51.013322
12,16,8,4,16,5,3,0,1,0,0,1,0,0,0,0,0,13.80187,51.043983
12,16,8,4,17,5,3,5,2,0,0,1,1,0,0,0,0,13.749394,51.035983
12,16,8,4,17,5,3,5,3,0,0,1,0,0,0,0,1,13.77682,51.047978
12,16,8,4,17,5,3,5,3,0,0,1,1,0,0,0,0,13.840239,51.06217
12,16,8,4,18,5,3,5,3,0,0,1,1,0,0,0,0,13.69243,51.042869
12,16,8,4,19,5,3,6,4,0,0,1,0,1,0,0,0,13.720139,51.088318
12,16,8,4,20,5,2,5,3,2,0,1,0,0,0,0,0,13.727223,51.058011
12,16,8,4,22,5,2,5,3,2,0,1,1,0,0,0,0,13.740684,51.04727
12,16,8,5,7,6,3,0,1,0,0,1,0,0,0,0,0,13.736269,51.072115
12,16,8,5,7,6,3,5,3,2,1,1,1,0,0,0,0,13.777098,51.060081
12,16,8,5,8,6,3,5,3,0,0,1,1,0,0,0,0,13.702625,51.033434
12,16,8,5,8,6,2,5,2,0,0,1,0,0,0,0,1,13.741103,51.019247
12,16,8,5,11,6,2,5,3,0,1,1,1,0,0,0,0,13.746122,51.060339
12,16,8,5,12,6,3,5,3,0,0,1,0,0,0,0,1,13.798177,51.0454
12,16,8,5,13,6,3,5,2,0,0,1,1,0,0,0,0,13.748895,51.037493
12,16,8,5,14,6,3,5,3,0,0,1,1,0,0,0,0,13.688957,51.057946
12,16,8,5,14,6,3,0,2,0,0,1,1,0,0,0,0,13.731269,51.024856
12,16,8,5,14,6,2,3,2,0,0,1,1,0,0,0,0,13.747243,51.051257
12,16,8,5,16,6,3,5,2,0,0,1,1,0,0,0,0,13.708904,51.047263
12,16,8,5,17,6,3,5,2,0,0,1,1,0,0,0,0,13.603681,51.093378
12,16,8,5,17,6,3,2,6,0,0,1,1,0,0,0,0,13.866624,50.998658
12,16,8,5,19,6,3,5,3,0,1,1,1,0,0,0,0,13.795815,50.990173
12,16,8,5,19,6,3,8,1,0,0,1,0,0,0,0,0,13.816402,51.055501
12,16,8,5,23,6,3,0,1,2,0,1,0,0,0,0,0,13.78926,51.04544
12,16,8,6,1,7,3,1,7,2,0,1,1,0,0,0,0,13.743427,51.048825
12,16,8,6,1,7,3,5,3,2,0,1,0,0,0,0,1,13.7771,51.060081
12,16,8,6,11,7,3,5,3,0,0,1,1,0,0,0,0,13.744189,51.063675
12,16,8,6,12,7,2,5,3,0,0,1,1,0,0,0,0,13.691326,51.052146
12,16,8,6,14,7,3,4,6,0,0,1,1,0,0,0,0,13.775323,51.032942
12,16,8,6,19,7,3,6,6,0,0,1,0,1,0,0,0,13.767629,51.056659
12,16,8,7,1,1,3,0,1,2,0,1,0,0,0,0,0,13.750703,51.071384
12,16,8,7,2,1,3,5,3,2,0,1,0,0,0,0,0,13.727232,51.058007
12,16,8,7,19,1,3,0,1,0,0,1,0,0,0,0,0,13.840766,51.0209
12,16,8,7,21,1,2,0,1,2,0,1,0,0,0,0,0,13.812956,51.045922
12,16,9,1,6,5,3,5,3,0,0,1,0,0,0,1,0,13.743634,51.03559
12,16,9,1,7,5,3,5,3,0,0,1,1,0,0,0,0,13.774655,51.033273
12,16,9,1,7,5,3,5,3,0,0,1,1,0,0,0,0,13.787455,51.059056
12,16,9,1,7,5,3,5,3,0,0,1,1,0,0,0,0,13.810026,51.015443
12,16,9,1,8,5,3,3,2,0,0,1,1,0,0,0,0,13.736867,51.063107
12,16,9,1,8,5,3,5,2,0,0,1,1,0,0,0,0,13.736868,51.063108
12,16,9,1,8,5,3,3,6,0,0,1,1,0,0,0,0,13.777727,51.052864
12,16,9,1,8,5,3,5,2,0,0,1,1,0,0,0,0,13.777899,51.053946
12,16,9,1,8,5,3,2,3,0,0,1,0,0,0,0,0,13.821353,51.003025
12,16,9,1,9,5,3,2,3,0,0,1,1,0,0,0,0,13.720354,51.054674
12,16,9,1,9,5,2,6,4,0,0,1,0,1,0,0,0,13.770869,51.039752
12,16,9,1,10,5,2,4,6,0,0,1,0,0,0,0,0,13.741047,51.0536
12,16,9,1,10,5,3,5,2,0,0,1,0,0,0,1,0,13.741222,51.046326
12,16,9,1,12,5,3,5,3,0,0,1,1,0,0,0,0,13.72743,51.052475
12,16,9,1,12,5,3,5,2,0,0,1,0,0,0,0,1,13.745651,51.049328
12,16,9,1,12,5,3,5,2,0,0,1,1,0,0,0,0,13.77271,51.047765
12,16,9,1,13,5,3,5,2,0,0,1,1,0,0,0,0,13.783695,51.009574
12,16,9,1,14,5,3,5,3,0,0,1,1,0,0,0,0,13.756589,51.055093
12,16,9,1,14,5,3,5,2,0,0,1,0,0,0,0,1,13.794275,51.066508
12,16,9,1,15,5,3,5,2,0,0,1,1,0,0,0,0,13.715782,51.078032
12,16,9,1,15,5,2,5,3,0,0,1,1,0,0,0,0,13.727576,51.08424
12,16,9,1,15,5,3,5,3,0,0,1,1,0,0,0,0,13.801172,51.048257
12,16,9,1,16,5,3,5,3,0,0,1,1,0,0,0,0,13.692478,51.042285
12,16,9,1,16,5,3,5,3,0,0,1,1,0,0,0,0,13.723161,51.033961
12,16,9,1,16,5,3,4,6,0,0,1,0,0,0,0,0,13.754309,51.057384
12,16,9,1,16,5,2,5,3,0,0,1,0,0,0,0,1,13.775687,51.045346
12,16,9,1,17,5,3,3,6,0,0,1,1,0,0,0,0,13.778743,51.058854
12,16,9,1,18,5,2,0,7,0,0,1,0,0,0,0,0,13.728927,51.052054
12,16,9,1,19,5,3,5,3,1,0,1,1,0,0,0,0,13.715234,51.078561
12,16,9,1,19,5,2,5,3,1,0,1,0,0,0,0,0,13.743218,51.068352
12,16,9,1,19,5,3,2,6,2,0,1,0,0,0,0,1,13.747296,51.071947
12,16,9,1,20,5,2,4,1,2,0,1,1,0,0,0,0,13.747156,51.071973
12,16,9,1,23,5,2,1,5,2,0,1,1,0,0,0,0,13.763289,51.03251
12,16,9,2,5,6,3,8,1,2,0,1,0,0,0,0,0,13.701911,51.090861
12,16,9,2,6,6,3,3,6,1,0,1,1,0,0,0,0,13.71284,51.086075
12,16,9,2,7,6,3,5,3,0,0,1,0,0,0,0,1,13.803183,51.033063
12,16,9,2,7,6,3,1,5,0,0,1,1,0,0,0,0,13.843047,51.059435
12,16,9,2,8,6,2,4,6,0,0,1,0,0,0,0,0,13.751857,51.077985
12,16,9,2,9,6,2,5,3,0,0,1,1,0,0,0,0,13.743507,51.040255
12,16,9,2,9,6,3,5,3,0,0,1,1,0,0,0,0,13.833836,51.022596
12,16,9,2,10,6,3,3,2,0,0,1,1,0,0,0,0,13.743477,51.047616
12,16,9,2,10,6,2,3,2,0,0,1,1,0,0,0,0,13.796375,51.13548
12,16,9,2,10,6,3,0,6,0,0,1,1,0,0,0,0,13.823352,51.045222
12,16,9,2,12,6,3,6,7,0,0,1,0,1,0,0,0,13.729359,51.083157
12,16,9,2,12,6,3,5,3,0,0,1,1,0,0,0,0,13.738476,51.039547
12,16,9,2,12,6,3,5,2,0,0,1,1,0,0,0,0,13.755453,51.026391
12,16,9,2,14,6,3,5,3,0,0,1,1,0,0,0,0,13.678166,51.042194
12,16,9,2,14,6,2,8,1,0,0,1,0,0,0,0,0,13.723715,51.045277
12,16,9,2,14,6,3,5,3,0,0,1,1,0,0,0,0,13.787714,51.035934
12,16,9,2,14,6,3,0,6,0,1,1,0,0,0,0,1,13.795147,51.015849
12,16,9,2,15,6,3,5,3,0,0,1,1,0,0,0,0,13.709915,51.028586
12,16,9,2,16,6,2,2,2,0,0,1,1,0,0,0,0,13.728967,51.059321
12,16,9,2,16,6,3,5,3,0,0,1,0,0,0,0,0,13.740633,51.049813
12,16,9,2,16,6,2,0,1,0,0,1,0,0,0,0,0,13.741423,51.053545
12,16,9,2,17,6,3,5,3,0,0,1,1,0,0,0,0,13.716488,51.02993
12,16,9,2,18,6,3,0,1,0,0,1,0,0,0,0,0,13.718688,51.056529
12,16,9,2,18,6,3,5,3,1,0,1,1,0,0,0,0,13.741848,51.046159
12,16,9,2,20,6,3,5,2,2,0,1,1,0,0,0,0,13.724896,51.073148
12,16,9,2,22,6,2,0,1,2,0,1,0,0,0,0,0,13.691742,51.042779
12,16,9,3,4,7,3,4,3,1,0,1,1,0,0,0,0,13.747141,51.062993
12,16,9,3,6,7,3,5,3,1,0,1,1,0,0,0,0,13.814156,51.054321
12,16,9,3,7,7,3,5,3,0,0,1,0,0,0,0,0,13.672174,51.083964
12,16,9,3,8,7,3,5,3,0,1,1,1,0,0,0,0,13.743535,51.040226
12,16,9,3,9,7,3,0,7,0,0,1,1,0,0,0,0,13.731442,51.057227
12,16,9,3,14,7,3,1,1,0,0,1,1,0,0,0,0,13.700685,51.051851
12,16,9,3,16,7,3,6,2,0,0,1,0,1,0,0,0,13.800239,51.034091
12,16,9,3,19,7,3,1,1,1,0,1,1,0,0,0,0,13.731362,51.03065
12,16,9,3,19,7,3,1,5,2,0,1,1,0,0,0,0,13.766464,51.014904
12,16,9,4,10,1,3,0,1,0,0,1,0,0,0,0,0,13.884194,51.058286
12,16,9,4,16,1,3,5,2,0,0,1,1,0,0,0,0,13.79376,51.001823
12,16,9,4,17,1,2,5,3,0,1,1,1,0,0,0,0,13.739278,51.066794
12,16,9,4,18,1,3,5,3,0,0,1,1,0,0,0,0,13.767802,51.059767
12,16,9,5,5,2,3,7,7,1,0,1,0,0,0,0,0,13.79364,51.059226
12,16,9,5,7,2,3,5,2,0,1,1,1,0,0,0,0,13.77731,51.058716
12,16,9,5,9,2,3,3,2,0,1,1,1,0,0,0,0,13.777529,51.057115
12,16,9,5,9,2,3,2,6,0,0,1,1,0,0,0,0,13.805805,51.040907
12,16,9,5,16,2,3,1,5,0,0,1,1,0,0,0,0,13.662087,51.051009
12,16,9,5,16,2,3,0,1,0,0,1,0,0,0,0,0,13.715523,51.08835
12,16,9,5,16,2,3,0,1,0,0,1,0,0,0,0,0,13.756203,51.07287
12,16,9,5,16,2,3,5,2,0,0,1,1,0,0,0,0,13.768325,51.019778
12,16,9,5,17,2,3,0,7,0,0,1,1,0,0,0,0,13.752756,51.06665
12,16,9,5,17,2,3,5,7,0,1,1,1,0,0,0,0,13.838265,51.025191
12,16,9,5,18,2,3,5,3,0,0,1,1,0,0,0,0,13.68752,51.057028
12,16,9,5,18,2,3,1,1,0,0,1,1,0,0,0,0,13.788371,51.049529
12,16,9,5,21,2,3,5,3,2,1,1,1,0,0,0,0,13.74847,51.053534
12,16,9,5,21,2,3,5,3,2,1,1,1,0,0,0,0,13.749001,51.033768
12,16,9,6,6,3,3,5,3,0,0,1,1,0,0,0,0,13.743041,51.028692
12,16,9,6,7,3,2,3,2,0,0,1,1,0,0,0,0,13.690532,51.054349
12,16,9,6,9,3,3,5,3,0,0,1,1,0,0,0,0,13.732652,51.02957
12,16,9,6,12,3,3,0,5,0,0,1,0,0,0,0,1,13.767885,51.042419
12,16,9,6,12,3,3,2,6,0,0,1,0,0,0,0,1,13.827126,50.997952
12,16,9,6,13,3,3,5,3,0,0,1,1,0,0,0,0,13.68972,51.06178
12,16,9,6,14,3,3,0,5,0,0,1,1,0,0,0,0,13.72151,51.09188
12,16,9,6,14,3,3,5,2,0,0,1,1,0,0,0,0,13.733028,51.03402
12,16,9,6,15,3,3,5,2,0,0,1,1,0,0,0,0,13.805888,51.03941
12,16,9,6,16,3,3,3,6,0,0,1,1,0,0,0,0,13.751328,51.042435
12,16,9,6,17,3,2,5,3,0,0,1,0,0,1,0,0,13.678502,51.06109
12,16,9,6,17,3,3,5,3,0,0,1,1,0,0,0,0,13.732814,51.049329
12,16,9,6,18,3,3,0,1,0,0,1,0,0,0,0,0,13.747672,51.067974
12,16,9,6,18,3,3,4,2,0,0,1,1,0,0,0,0,13.833893,51.028495
12,16,9,6,19,3,3,5,3,2,0,1,1,0,0,0,0,13.768246,51.047972
12,16,9,7,5,4,3,5,3,2,0,1,1,0,0,0,0,13.712865,51.061591
12,16,9,7,6,4,3,5,3,1,0,1,1,0,0,0,0,13.725147,51.050263
12,16,9,7,7,4,2,4,3,0,0,1,1,0,0,0,0,13.760688,51.049201
12,16,9,7,7,4,3,5,2,0,0,1,0,0,0,0,1,13.874874,51.010241
12,16,9,7,8,4,3,5,3,0,0,1,1,0,0,0,0,13.777286,51.060086
12,16,9,7,9,4,3,0,3,0,0,1,1,0,0,0,0,13.743039,51.028692
12,16,9,7,9,4,3,0,1,0,0,1,0,0,0,0,0,13.775686,51.045346
12,16,9,7,11,4,2,0,1,0,0,1,0,0,0,0,0,13.754172,51.045359
12,16,9,7,12,4,2,5,3,0,0,1,0,0,0,0,1,13.735592,51.064551
12,16,9,7,12,4,2,1,7,0,0,1,0,0,0,0,1,13.820198,51.027693
12,16,9,7,13,4,3,5,3,0,0,1,1,0,0,0,0,13.747546,51.031008
12,16,9,7,14,4,3,5,3,0,0,1,1,0,0,0,0,13.692565,51.041744
12,16,9,7,14,4,3,5,3,0,0,1,0,0,0,0,1,13.720605,51.049349
12,16,9,7,14,4,3,5,3,0,0,1,0,0,0,0,1,13.727702,51.043738
12,16,9,7,15,4,3,4,2,0,0,1,1,0,0,0,0,13.71465,51.092745
12,16,9,7,16,4,3,0,7,0,0,1,0,0,0,0,0,13.71077,51.032541
12,16,9,7,16,4,2,0,1,0,0,1,0,0,0,0,0,13.752877,51.064739
12,16,9,7,18,4,3,1,5,0,0,1,1,0,0,0,0,13.710008,51.083472
12,16,9,7,22,4,2,3,6,2,0,1,0,0,0,0,0,13.721827,51.054177
12,16,10,1,5,7,3,0,1,1,1,1,0,0,0,0,0,13.75602,51.077059
12,16,10,1,9,7,3,5,3,0,0,1,1,0,0,0,0,13.822513,51.011097
12,16,10,1,15,7,3,3,6,0,1,1,1,0,0,0,0,13.753412,51.065583
12,16,10,1,15,7,3,0,5,0,0,1,0,0,0,0,1,13.765697,51.015717
12,16,10,2,7,1,3,0,1,1,0,1,0,0,0,0,0,13.755379,51.076486
12,16,10,2,11,1,2,5,3,0,0,1,1,0,0,0,0,13.784084,51.047203
12,16,10,2,16,1,3,5,3,0,0,1,1,0,0,0,0,13.777111,51.060081
12,16,10,3,7,2,3,5,3,0,0,1,1,0,0,0,0,13.729832,51.082691
12,16,10,3,7,2,2,5,3,1,1,1,1,0,0,0,0,13.760361,51.053372
12,16,10,3,13,2,3,3,6,0,0,1,1,0,0,0,0,13.833067,51.064728
12,16,10,3,14,2,3,0,1,0,1,1,0,0,0,0,0,13.750703,51.071385
12,16,10,3,16,2,3,5,3,1,1,1,1,0,0,0,0,13.671714,51.048583
12,16,10,3,16,2,3,5,2,0,0,1,1,0,0,0,0,13.671848,51.017046
12,16,10,3,16,2,3,5,3,1,0,1,1,0,0,0,0,13.69556,51.016623
12,16,10,3,16,2,3,4,6,0,0,1,0,0,0,0,0,13.723185,51.074427
12,16,10,3,17,2,3,0,1,1,1,1,0,0,0,0,0,13.748697,51.071714
12,16,10,3,18,2,2,5,2,1,1,1,0,0,0,0,1,13.738278,51.063919
12,16,10,3,19,2,3,5,3,2,0,1,1,0,0,0,0,13.713882,51.080359
12,16,10,4,7,3,3,5,2,1,1,1,0,0,0,0,1,13.748625,51.071746
12,16,10,4,8,3,3,5,3,0,1,1,1,0,0,0,0,13.756588,51.055094
12,16,10,4,8,3,3,1,3,0,1,1,1,0,0,0,0,13.822196,51.125812
12,16,10,4,11,3,3,0,7,0,0,1,0,0,0,0,1,13.761828,51.045654
12,16,10,4,12,3,2,0,3,0,1,1,0,0,1,0,0,13.792904,51.021078
12,16,10,4,13,3,3,5,3,0,0,1,1,0,0,0,0,13.787456,51.059056