UKREIS,UJAHR,UMONAT,UTAG,USTUNDE,UWOCHENTAG,UKATEGORIE,UART,UTYP,LICHT,USTRZUSTAND,IstRad,IstPKW,IstFuss,IstKrad,IstGkfz,IstSonstige,@lon,@lat
12,16,10,4,16,3,3,5,3,0,1,1,1,0,0,0,0,13.717651,51.078025
12,16,10,4,17,3,3,5,3,1,1,1,1,0,0,0,0,13.700447,51.111198
12,16,10,4,19,3,3,5,3,2,0,1,1,0,0,0,0,13.676563,51.062178
12,16,10,4,21,3,3,5,2,2,1,1,1,0,0,0,0,13.694257,51.043106
12,16,10,5,6,4,3,5,3,0,1,1,1,0,0,0,0,13.768101,51.015767
12,16,10,5,7,4,3,5,3,2,1,1,1,0,0,0,0,13.701998,51.032503
12,16,10,5,8,4,3,3,6,0,0,1,1,0,0,0,0,13.729061,51.051233
12,16,10,5,9,4,2,0,1,0,1,1,0,0,0,0,0,13.776504,51.11092
12,16,10,5,12,4,3,4,6,0,0,1,0,0,0,0,0,13.737424,51.051498
12,16,10,5,14,4,2,5,3,0,0,1,1,0,0,0,0,13.755705,51.026462
12,16,10,5,15,4,3,5,3,0,1,1,1,0,0,0,0,13.722043,51.046294
12,16,10,5,16,4,3,0,3,0,1,1,1,0,0,0,0,13.70218,51.034929
12,16,10,5,18,4,3,4,6,2,0,1,1,0,0,0,0,13.750842,51.071325
12,16,10,5,19,4,3,0,1,2,1,1,0,0,0,0,0,13.687239,51.042511
12,16,10,5,20,4,3,3,2,2,0,1,1,0,0,0,0,13.74944,51.035696
12,16,10,6,6,5,3,3,6,2,0,1,1,0,0,0,0,13.773305,51.046263
12,16,10,6,10,5,2,5,3,0,1,1,1,0,0,0,0,13.669248,51.040024
12,16,10,6,11,5,3,2,2,0,0,1,1,0,0,0,0,13.767788,51.026102
12,16,10,6,11,5,3,0,1,0,1,1,0,0,0,0,0,13.781232,51.053238
12,16,10,6,15,5,2,0,1,0,0,1,0,0,0,0,0,13.757223,51.060721
12,16,10,6,15,5,3,5,3,0,0,1,1,0,0,0,0,13.794601,51.041993
12,16,10,6,16,5,3,5,3,0,1,1,1,0,0,0,0,13.693278,51.061127
12,16,10,6,16,5,3,5,2,0,0,1,1,0,0,0,0,13.760125,51.023306
12,16,10,6,16,5,3,3,7,0,0,1,1,0,0,0,0,13.763226,51.086323
12,16,10,6,17,5,3,0,1,0,0,1,0,0,0,0,0,13.721281,51.041735
12,16,10,6,18,5,3,5,2,1,1,1,1,0,0,0,0,13.76194,51.053097
12,16,10,7,5,6,3,5,3,2,1,1,1,0,0,0,0,13.742015,51.064676
12,16,10,7,6,6,3,5,3,0,0,1,1,0,0,0,0,13.70452,51.040041
12,16,10,7,6,6,3,5,3,1,0,1,1,0,0,0,0,13.746731,51.063768
12,16,10,7,10,6,2,5,3,0,0,1,1,0,0,0,0,13.704102,51.087207
12,16,10,7,13,6,2,5,2,0,0,1,1,0,0,0,0,13.728764,51.049263
12,16,10,7,14,6,2,0,1,0,0,1,0,0,0,0,0,13.731878,51.035817
12,16,10,7,14,6,3,5,2,0,0,1,1,0,0,0,0,13.753005,51.077424
12,16,10,7,15,6,3,5,3,0,1,1,1,0,0,0,0,13.707735,51.046458
12,16,10,7,15,6,3,5,3,0,1,1,1,0,0,0,0,13.773395,51.127522
12,16,10,7,17,6,3,5,3,1,1,1,1,0,0,0,0,13.748978,51.033781
12,16,10,7,19,6,3,0,3,1,0,1,0,0,0,0,1,13.745878,51.062122
12,16,11,1,6,3,3,7,1,2,0,1,0,0,0,0,0,13.770075,51.012277
12,16,11,1,10,3,3,1,5,0,1,1,1,0,0,0,0,13.7572,51.066099
12,16,11,1,11,3,3,1,6,0,0,1,0,0,0,0,0,13.731211,51.034332
12,16,11,1,14,3,3,5,3,0,0,1,1,0,0,0,0,13.674782,51.090647
12,16,11,1,15,3,3,5,2,0,0,1,1,0,0,0,0,13.710023,51.083542
12,16,11,1,16,3,3,5,2,1,0,1,1,0,0,0,0,13.64945,51.083603
12,16,11,1,19,3,3,5,3,2,0,1,1,0,0,0,0,13.79795,51.035107
12,16,11,2,6,4,3,5,3,1,1,1,1,0,0,0,0,13.756402,51.026673
12,16,11,2,6,4,3,5,3,2,1,1,1,0,0,0,0,13.761374,51.083351
12,16,11,2,7,4,3,5,2,1,1,1,0,0,0,1,0,13.68184,51.036088
12,16,11,2,7,4,3,0,1,0,1,1,0,0,0,0,0,13.792493,51.037306
12,16,11,2,7,4,2,0,1,0,1,1,0,0,0,0,0,13.841253,51.124527
12,16,11,2,8,4,3,5,3,0,1,1,1,0,0,0,0,13.792382,51.053824
12,16,11,2,9,4,3,0,1,0,1,1,0,0,0,0,0,13.772507,51.047566
12,16,11,2,11,4,3,6,6,0,0,1,0,1,0,0,0,13.82155,51.034388
12,16,11,2,12,4,3,6,6,0,1,1,0,1,0,0,0,13.752238,51.058711
12,16,11,2,14,4,3,5,3,0,0,1,1,0,0,0,0,13.768944,51.049565
12,16,11,2,14,4,3,0,6,0,1,1,1,0,0,0,0,13.804929,51.032424
12,16,11,2,16,4,3,5,3,2,1,1,1,0,0,0,0,13.74457,51.051178
12,16,11,2,16,4,3,5,3,0,0,1,1,0,0,0,0,13.748919,51.051247
12,16,11,2,16,4,3,5,3,2,1,1,1,0,0,0,0,13.755176,51.055533
12,16,11,2,17,4,3,0,7,2,1,1,1,0,0,0,0,13.782227,51.047744
12,16,11,3,5,5,3,5,3,2,0,1,0,0,0,0,1,13.721404,51.088965
12,16,11,3,7,5,3,5,3,0,0,1,1,0,0,0,0,13.76421,51.064661
12,16,11,3,9,5,2,5,3,0,1,1,1,0,0,0,0,13.720204,51.05479
12,16,11,3,13,5,3,5,2,0,0,1,1,0,0,0,0,13.82767,51.011396
12,16,11,3,15,5,3,5,2,0,1,1,1,0,0,0,0,13.774614,51.033128
12,16,11,3,22,5,3,6,3,2,0,1,1,1,0,0,0,13.738551,51.053925
12,16,11,4,7,6,3,6,4,0,0,1,0,1,0,0,0,13.757501,51.039975
12,16,11,4,7,6,3,5,2,0,0,1,1,0,0,0,0,13.774655,51.033273
12,16,11,4,8,6,3,5,3,0,0,1,1,0,0,0,0,13.756262,51.064136
12,16,11,4,10,6,3,2,6,0,0,1,1,0,0,0,0,13.720237,51.054662
12,16,11,4,11,6,3,0,1,0,0,1,0,0,0,0,0,13.732786,51.03811
12,16,11,4,12,6,2,6,4,0,0,1,0,1,0,0,0,13.701953,51.032331
12,16,11,4,14,6,2,5,3,0,0,1,1,0,0,0,0,13.788502,51.036912
12,16,11,4,14,6,3,5,3,0,1,1,1,0,0,0,0,13.795448,51.042848
12,16,11,4,18,6,3,5,3,2,0,1,1,0,0,0,0,13.786188,51.049068
12,16,11,4,19,6,3,5,3,2,0,1,1,0,0,0,0,13.785357,51.035975
12,16,11,4,20,6,2,5,2,2,1,1,1,0,0,0,0,13.743587,51.035636
12,16,11,5,11,7,3,1,5,0,0,1,1,0,0,0,0,13.860586,50.994639
12,16,11,5,15,7,3,5,3,0,0,1,1,0,0,0,0,13.70159,51.039221
12,16,11,5,17,7,3,1,5,2,0,1,1,0,0,0,0,13.78033,51.041879
12,16,11,6,0,1,3,3,6,2,1,1,0,0,0,0,1,13.729201,51.083309
12,16,11,6,3,1,3,0,1,2,1,1,0,0,0,0,0,13.745412,51.02734
12,16,11,6,11,1,3,1,3,0,0,1,1,0,0,0,0,13.751872,51.037061
12,16,11,7,7,2,3,5,2,0,1,1,1,0,0,0,0,13.71897,51.096585
12,16,11,7,8,2,3,5,3,0,0,1,1,0,0,0,0,13.706994,51.041408
12,16,11,7,8,2,3,0,2,0,1,1,1,0,0,0,0,13.711615,51.082986
12,16,11,7,9,2,3,5,2,0,0,1,1,0,0,0,0,13.737012,51.087495
12,16,11,7,9,2,3,5,3,0,0,1,1,0,0,0,0,13.777107,51.060081
12,16,11,7,12,2,3,0,5,0,0,1,1,0,0,0,0,13.763452,51.019956
12,16,11,7,12,2,3,5,3,0,0,1,1,0,0,0,0,13.793853,51.00181
12,16,11,7,15,2,3,5,3,0,0,1,1,0,0,0,0,13.71957,51.035239
12,16,11,7,15,2,2,0,3,0,0,1,0,0,0,0,1,13.731113,51.039629
12,16,11,7,17,2,2,0,1,2,0,1,0,0,0,0,0,13.697822,51.088261
12,16,11,7,18,2,3,5,2,2,1,1,1,0,0,0,0,13.731946,51.079618
12,16,12,1,6,5,3,5,2,2,1,1,1,0,0,0,0,13.781241,51.054272
12,16,12,1,7,5,3,3,6,1,1,1,1,0,0,0,0,13.718661,51.087663
12,16,12,1,7,5,3,5,3,2,1,1,1,0,0,0,0,13.803052,51.03693
12,16,12,1,8,5,3,5,3,0,1,1,1,0,0,0,0,13.786116,51.118832
12,16,12,1,11,5,3,5,3,0,1,1,1,0,0,0,0,13.719077,51.081064
12,16,12,1,11,5,2,0,6,0,0,1,0,1,0,0,0,13.723931,51.056982
12,16,12,1,13,5,3,5,3,0,0,1,1,0,0,0,0,13.793759,51.001824
12,16,12,1,14,5,3,3,6,0,1,1,0,0,0,0,1,13.714787,51.093109
12,16,12,2,7,6,3,3,7,0,1,1,1,0,0,0,0,13.697262,51.037934
12,16,12,2,8,6,3,5,2,0,0,1,1,0,0,0,0,13.747714,51.08231
12,16,12,2,8,6,3,5,3,0,1,1,1,0,0,0,0,13.789764,51.03008
12,16,12,2,9,6,3,0,1,0,2,1,0,0,0,0,0,13.819134,51.026588
12,16,12,2,11,6,2,5,3,0,1,1,1,0,0,0,0,13.807247,51.034692
12,16,12,2,15,6,3,0,5,0,0,1,1,0,0,0,0,13.844344,51.003054
12,16,12,2,17,6,3,5,3,2,0,1,1,0,0,0,0,13.729578,51.070481
12,16,12,2,19,6,3,5,2,2,0,1,1,0,0,0,0,13.706522,51.028715
12,16,12,3,13,7,2,6,4,0,0,1,0,1,0,0,0,13.761445,51.025484
12,16,12,4,0,1,3,5,3,2,0,1,1,0,0,0,0,13.69685,51.043372
12,16,12,4,3,1,3,0,1,2,0,1,0,0,0,0,0,13.750525,51.07141
12,16,12,5,6,2,3,0,3,2,1,1,1,0,0,0,0,13.682922,51.061825
12,16,12,5,7,2,3,5,3,0,1,1,1,0,0,0,0,13.766188,51.065245
12,16,12,5,7,2,3,5,3,2,1,1,1,0,0,0,0,13.769716,51.04481
12,16,12,5,8,2,3,5,3,0,1,1,1,0,0,0,0,13.723786,51.045185
12,16,12,5,9,2,3,3,6,0,0,1,0,0,0,0,1,13.738687,51.044373
12,16,12,5,9,2,3,0,1,0,1,1,0,0,0,0,0,13.744575,51.025343
12,16,12,5,10,2,3,5,3,0,1,1,1,0,0,0,0,13.802994,51.030072
12,16,12,5,12,2,3,1,1,0,1,1,1,0,0,0,0,13.76099,51.050091
12,16,12,5,17,2,3,5,2,2,0,1,1,0,0,0,0,13.785827,51.007841
12,16,12,6,6,3,3,3,2,2,1,1,1,0,0,0,0,13.833552,51.021654
12,16,12,6,7,3,2,7,1,1,0,1,0,0,0,0,0,13.736064,51.06414
12,16,12,6,11,3,3,5,3,0,0,1,1,0,0,0,0,13.741837,51.046154
12,16,12,6,14,3,3,5,3,0,0,1,1,0,0,0,0,13.841121,51.003956
12,16,12,6,15,3,3,0,7,0,0,1,0,0,0,0,0,13.760291,51.075046
12,16,12,6,16,3,3,5,2,2,1,1,0,0,0,0,1,13.741363,51.045933
12,16,12,7,6,4,3,5,3,2,1,1,1,0,0,0,0,13.758059,51.052308
12,16,12,7,6,4,2,0,2,2,0,1,0,0,0,0,1,13.76131,51.031247
12,16,12,7,7,4,3,3,5,1,1,1,1,0,0,0,0,13.770911,51.115738
12,16,12,7,8,4,3,0,1,0,2,1,0,0,0,0,1,13.700524,51.082282
12,16,12,7,8,4,3,5,3,1,0,1,1,0,0,0,0,13.701993,51.03654
12,16,12,7,8,4,3,0,1,1,2,1,0,0,0,0,0,13.769836,51.025005
12,16,12,7,8,4,3,3,6,0,1,1,1,0,0,0,0,13.788725,51.041731
12,16,12,7,9,4,3,0,1,0,2,1,0,0,0,0,0,13.742585,51.033734
12,16,12,7,9,4,3,5,3,0,0,1,1,0,0,0,0,13.75658,51.055102
12,16,12,7,15,4,3,5,3,0,1,1,1,0,0,0,0,13.768246,51.047973
12,17,1,3,17,3,2,5,3,2,1,1,1,0,0,0,0,13.700313,51.044957
12,17,1,4,8,4,3,5,3,0,1,1,1,0,0,0,0,13.783111,51.029883
12,17,1,4,16,4,3,5,2,1,1,1,1,0,0,0,0,13.724422,51.057846
12,17,1,6,14,6,3,5,2,0,1,1,1,0,0,0,0,13.732363,51.052257
12,17,1,6,15,6,3,0,1,0,2,1,0,0,0,0,0,13.710783,51.084403
12,17,1,13,16,6,3,5,3,2,1,1,1,0,0,0,0,13.742022,51.064675
12,17,1,19,16,5,3,5,2,0,0,1,1,0,0,0,0,13.747862,51.05151
12,17,1,21,13,7,3,3,6,0,0,1,1,0,0,0,0,13.724094,51.084456
12,17,1,23,9,2,3,5,3,0,0,1,1,0,0,0,0,13.778485,51.020537
12,17,1,23,15,2,2,0,1,0,2,1,0,0,0,0,0,13.76636,51.051418
12,17,1,23,16,2,3,0,1,1,2,1,0,0,0,0,0,13.815498,51.027987
12,17,1,25,11,4,2,5,3,0,1,1,0,0,0,0,1,13.758723,51.049533
12,17,1,25,13,4,3,2,6,0,1,1,0,0,0,0,1,13.714571,51.079535
12,17,1,27,5,6,3,5,3,2,0,1,1,0,0,0,0,13.789525,51.018317
12,17,1,27,10,6,3,5,3,0,2,1,1,0,0,0,0,13.770234,51.066323
12,17,1,30,19,2,3,2,2,2,2,1,1,0,0,0,0,13.777869,51.053965
12,17,1,31,17,3,3,5,3,1,2,1,1,0,0,0,0,13.748234,51.11774
12,17,2,3,12,6,3,5,3,0,2,1,1,0,0,0,0,13.755345,51.063581
12,17,2,4,8,7,2,0,1,0,2,1,0,0,0,0,0,13.845546,51.128285
12,17,2,4,11,7,3,3,6,0,1,1,1,0,0,0,0,13.750572,51.041808
12,17,2,7,7,3,3,5,2,2,1,1,1,0,0,0,0,13.776359,51.067402
12,17,2,7,8,3,3,5,2,0,2,1,1,0,0,0,0,13.739149,51.06426
12,17,2,8,16,4,3,0,1,0,2,1,0,0,0,0,0,13.749558,51.072702
12,17,2,8,16,4,3,5,2,0,0,1,1,0,0,0,0,13.796539,51.02448
12,17,2,13,8,2,3,0,3,0,0,1,1,0,0,0,0,13.760687,51.049197
12,17,2,13,23,2,3,0,7,2,0,1,0,0,0,0,0,13.806577,51.039091
12,17,2,14,6,3,3,5,3,2,0,1,1,0,0,0,0,13.74202,51.064675
12,17,2,15,15,4,3,6,6,0,0,1,0,1,0,0,0,13.752371,51.042027
12,17,2,16,9,5,3,4,2,0,0,1,1,0,0,0,0,13.700541,51.082283
12,17,2,17,7,6,2,5,2,0,1,1,1,0,0,0,0,13.77561,51.045424
12,17,2,17,18,6,3,5,3,2,1,1,1,0,0,0,0,13.775189,51.032833
12,17,2,17,19,6,2,5,7,2,1,1,1,0,0,0,0,13.79882,51.043393
12,17,2,20,7,2,2,8,1,0,1,1,0,0,0,0,0,13.767951,51.100265
12,17,2,20,10,2,3,5,3,0,0,1,0,0,0,0,1,13.833962,51.008418
12,17,2,22,6,4,3,5,3,1,1,1,1,0,0,0,0,13.761538,51.051905
12,17,2,22,9,4,3,5,3,0,0,1,1,0,0,0,0,13.748964,51.033788
12,17,2,23,9,5,3,5,3,0,1,1,1,0,0,0,0,13.76601,51.070307
12,17,2,23,11,5,3,5,3,0,1,1,1,0,0,0,0,13.799672,51.04695
12,17,2,27,9,2,2,5,3,0,0,1,1,0,0,0,0,13.690448,51.082457
12,17,2,27,16,2,3,5,2,0,0,1,0,0,0,0,1,13.693529,51.061066
12,17,2,27,17,2,3,5,3,1,0,1,1,0,0,0,0,13.760606,51.043821
12,17,3,1,7,4,3,4,2,0,0,1,1,0,0,0,0,13.824629,51.05796
12,17,3,1,8,4,3,4,2,0,0,1,1,0,0,0,0,13.758743,51.061296
12,17,3,2,18,5,3,3,6,1,0,1,1,0,0,0,0,13.776288,51.067992
12,17,3,3,7,6,3,5,2,0,0,1,1,0,0,0,0,13.702332,51.043756
12,17,3,3,17,6,2,6,4,0,0,1,0,1,0,0,0,13.738867,51.039213
12,17,3,3,23,6,3,0,1,2,0,1,0,0,0,0,0,13.765744,51.022224
12,17,3,4,8,7,3,5,3,0,0,1,1,0,0,0,0,13.777089,51.060081
12,17,3,6,8,2,3,5,3,0,0,1,0,0,0,0,1,13.729358,51.083158
12,17,3,6,12,2,3,0,7,0,1,1,1,0,0,0,0,13.701943,51.059162
12,17,3,7,7,3,3,5,3,0,1,1,1,0,0,0,0,13.779081,51.037977
12,17,3,7,16,3,3,5,3,0,1,1,1,0,0,0,0,13.786338,51.028537
12,17,3,7,16,3,2,5,3,0,1,1,1,0,0,0,0,13.83,50.999335
12,17,3,7,18,3,3,0,1,1,1,1,0,0,0,0,0,13.74948,51.035682
12,17,3,8,10,4,3,3,6,0,0,1,1,0,0,0,0,13.777408,51.05816
12,17,3,8,15,4,3,3,6,0,1,1,0,0,0,0,0,13.683071,51.06183
12,17,3,8,17,4,3,0,7,1,0,1,0,0,0,0,0,13.756247,51.025857
12,17,3,8,17,4,2,5,2,0,0,1,1,0,0,0,0,13.772845,51.066798
12,17,3,8,21,4,3,5,2,2,1,1,1,0,0,0,0,13.780981,51.019192
12,17,3,8,22,4,3,5,3,2,1,1,1,0,0,0,0,13.77275,51.047783
12,17,3,10,9,6,3,5,3,0,1,1,1,0,0,0,0,13.732404,51.050931
12,17,3,10,12,6,2,5,2,0,1,1,1,0,0,0,0,13.824707,50.997874
12,17,3,13,6,2,3,5,3,0,0,1,1,0,0,0,0,13.760687,51.049197
12,17,3,13,17,2,3,5,2,0,0,1,1,0,0,0,0,13.718069,51.035882
12,17,3,15,7,4,2,5,2,0,0,1,1,0,0,0,0,13.71329,51.081199
12,17,3,16,10,5,3,1,5,0,0,1,0,0,0,0,1,13.858517,51.009942
12,17,3,16,11,5,3,1,1,0,0,1,1,0,0,0,0,13.76062,51.02652
12,17,3,16,12,5,3,5,3,0,0,1,1,0,0,0,0,13.842228,51.01892
12,17,3,17,15,6,2,5,3,0,0,1,1,0,0,0,0,13.759865,51.081335
12,17,3,17,16,6,3,0,1,0,1,1,0,0,0,0,0,13.702533,51.090335
12,17,3,18,14,7,3,5,3,0,1,1,1,0,0,0,0,13.769793,51.044779
12,17,3,20,10,2,3,5,3,0,1,1,1,0,0,0,0,13.746978,51.066039
12,17,3,20,15,2,3,5,2,0,0,1,1,0,0,0,0,13.739054,51.073933
12,17,3,20,15,2,3,2,2,0,0,1,1,0,0,0,0,13.831401,51.030518
12,17,3,21,7,3,3,2,3,0,0,1,1,0,0,0,0,13.72062,51.049233
12,17,3,21,10,3,3,5,3,0,0,1,1,0,0,0,0,13.721484,51.041905
12,17,3,21,13,3,3,6,4,0,0,1,0,1,0,0,0,13.686323,51.047137
12,17,3,21,19,3,3,0,1,2,1,1,0,0,0,0,0,13.71912,51.036799
12,17,3,21,22,3,3,0,1,2,1,1,0,0,0,0,0,13.737579,51.053997
12,17,3,22,7,4,2,5,3,0,1,1,1,0,0,0,0,13.752244,51.077792
12,17,3,22,11,4,3,3,2,0,0,1,0,0,0,0,0,13.718842,51.051347
12,17,3,22,11,4,3,3,2,0,0,1,1,0,0,0,0,13.747667,51.053457
12,17,3,22,14,4,3,5,3,0,0,1,1,0,0,0,0,13.676608,51.064773
12,17,3,22,14,4,3,5,2,0,0,1,1,0,0,0,0,13.737169,51.063252
12,17,3,22,15,4,3,1,1,0,0,1,1,0,0,0,0,13.758755,51.061347
12,17,3,22,17,4,3,1,5,0,0,1,1,0,0,0,0,13.721846,51.032758
12,17,3,23,6,5,3,5,3,0,0,1,1,0,0,0,0,13.775609,51.045422
12,17,3,23,6,5,3,6,7,1,1,1,0,1,0,0,0,13.793034,51.051796
12,17,3,23,7,5,3,5,3,0,0,1,1,0,0,0,0,13.749602,51.033591
12,17,3,23,15,5,3,5,3,0,0,1,1,0,0,0,0,13.778488,51.020539
12,17,3,23,20,5,3,5,3,2,0,1,1,0,0,0,0,13.721435,51.034374
12,17,3,24,14,6,3,5,3,0,0,1,1,0,0,0,0,13.838364,51.02372
12,17,3,24,15,6,2,6,6,0,0,1,1,1,0,0,0,13.838825,51.062259
12,17,3,25,11,7,3,5,3,0,0,1,1,0,0,0,0,13.711363,51.090333
12,17,3,26,14,1,3,5,3,0,0,1,1,0,0,0,0,13.71649,51.07762
12,17,3,26,16,1,3,0,4,0,0,1,0,1,0,0,0,13.784383,51.015808
12,17,3,26,17,1,3,8,1,0,0,1,0,0,0,0,0,13.819112,51.065443
12,17,3,27,5,2,3,4,6,2,0,1,0,0,0,0,0,13.763256,51.120653
12,17,3,27,8,2,3,5,3,0,0,1,1,0,0,0,0,13.800803,51.041232
12,17,3,27,16,2,3,6,4,0,0,1,0,1,0,0,0,13.673646,51.06176
12,17,3,27,16,2,3,0,7,0,0,1,1,0,0,0,0,13.73251,51.03924
12,17,3,27,16,2,3,5,2,0,0,1,1,0,0,0,0,13.779855,51.044274
12,17,3,28,8,3,3,3,3,0,0,1,0,0,0,0,1,13.727952,51.043377
12,17,3,28,8,3,3,5,3,0,0,1,1,0,0,0,0,13.744961,51.072328
12,17,3,28,14,3,2,0,1,0,0,1,0,0,0,0,0,13.767846,51.059806
12,17,3,28,18,3,2,5,3,0,0,1,1,0,0,0,0,13.767514,51.042566
12,17,3,29,7,4,3,3,2,0,0,1,0,0,0,0,1,13.783094,51.043514
12,17,3,30,7,5,3,5,2,0,1,1,0,0,0,0,1,13.774186,51.109367
12,17,3,30,12,5,3,9,1,0,0,1,1,0,0,0,0,13.797047,51.149411
12,17,3,30,16,5,3,2,6,0,0,1,1,0,0,0,0,13.736942,51.093257
12,17,3,30,17,5,3,5,3,0,0,1,0,0,1,0,0,13.800843,51.050621
12,17,3,30,18,5,3,0,7,0,0,1,0,0,0,0,0,13.739733,51.046984
12,17,3,30,19,5,3,5,3,1,0,1,1,0,0,0,0,13.756562,51.055094
12,17,3,31,6,6,3,5,2,1,0,1,0,0,0,0,1,13.756573,51.055119
12,17,3,31,10,6,3,5,7,0,0,1,1,0,0,0,0,13.777021,51.047931
12,17,3,31,13,6,3,6,6,0,0,1,0,1,0,0,0,13.858743,51.009856
12,17,3,31,14,6,3,5,3,0,0,1,1,0,0,0,0,13.711286,51.117304
12,17,3,31,20,6,2,2,6,2,0,1,1,0,0,0,0,13.747242,51.071933
12,17,4,1,23,7,3,7,1,2,0,1,0,0,0,0,0,13.70269,51.061371
12,17,4,2,1,1,3,4,6,2,0,1,1,0,0,0,0,13.751835,51.067116
12,17,4,2,12,1,3,5,3,0,0,1,1,0,0,0,0,13.701648,51.038809
12,17,4,2,19,1,3,5,3,0,0,1,1,0,0,0,0,13.77021,51.028894
12,17,4,3,13,2,3,5,3,0,0,1,0,0,1,0,0,13.72053,51.093032
12,17,4,3,15,2,3,5,3,0,0,1,1,0,0,0,0,13.786974,51.015771
12,17,4,3,16,2,3,5,3,0,0,1,1,0,0,0,0,13.844001,51.017602
12,17,4,3,17,2,3,5,3,0,0,1,1,0,0,0,0,13.788235,51.035947
12,17,4,4,5,3,3,5,3,2,0,1,1,0,0,0,0,13.760686,51.049196
12,17,4,4,9,3,3,5,2,0,1,1,1,0,0,0,0,13.802057,51.039607
12,17,4,4,11,3,3,5,2,0,1,1,1,0,0,0,0,13.791004,51.037877
12,17,4,5,6,4,3,5,2,0,0,1,1,0,0,0,0,13.626249,51.06161
12,17,4,5,8,4,3,5,2,0,0,1,0,0,0,0,1,13.71329,51.081199
12,17,4,6,6,5,2,2,2,0,0,1,0,0,0,0,0,13.723642,51.045314
12,17,4,6,7,5,3,5,3,0,0,1,1,0,0,0,0,13.709352,51.081658
12,17,4,6,11,5,2,5,3,0,0,1,1,0,0,0,0,13.768169,51.015858
12,17,4,6,20,5,3,3,6,2,0,1,1,0,0,0,0,13.753709,51.066397
12,17,4,7,10,6,3,5,2,0,1,1,1,0,0,0,0,13.765549,51.073207
12,17,4,7,11,6,3,5,2,0,1,1,1,0,0,0,0,13.798145,51.023837
12,17,4,8,14,7,3,5,3,0,0,1,1,0,0,0,0,13.847224,50.99778
12,17,4,9,12,1,2,5,3,0,0,1,1,0,0,0,0,13.792512,51.037298
12,17,4,10,7,2,3,5,2,0,0,1,1,0,0,0,0,13.729455,51.045707
12,17,4,10,7,2,3,5,3,0,0,1,1,0,0,0,0,13.768245,51.047972
12,17,4,10,7,2,3,5,3,0,0,1,0,0,0,0,1,13.778273,51.036927
12,17,4,10,19,2,3,5,2,2,0,1,1,0,0,0,0,13.756573,51.055118
12,17,4,11,21,3,3,3,6,2,0,1,0,0,1,0,0,13.739663,51.0738
12,17,4,12,5,4,3,5,3,2,1,1,1,0,0,0,0,13.745213,51.062835
12,17,4,12,5,4,2,5,3,2,1,1,1,0,0,0,0,13.774712,51.049806
12,17,4,12,14,4,3,5,3,0,0,1,1,0,0,0,0,13.745213,51.062835
12,17,4,13,10,5,3,5,3,0,0,1,1,0,0,0,0,13.756561,51.055094
12,17,4,14,14,6,3,4,3,0,0,1,1,0,0,0,0,13.671394,51.053614
12,17,4,14,14,6,3,5,3,0,0,1,1,0,0,0,0,13.761247,51.06393
12,17,4,14,18,6,3,0,1,0,0,1,0,0,0,0,0,13.747135,51.054454
12,17,4,15,18,7,3,1,7,1,1,1,1,0,0,0,0,13.79932,51.043864
12,17,4,16,12,1,3,3,6,0,0,1,1,0,0,0,0,13.767157,51.042159
12,17,4,18,10,3,3,5,3,0,0,1,1,0,0,0,0,13.706541,51.028699
12,17,4,18,15,3,3,5,2,0,1,1,0,0,0,0,1,13.741207,51.046313
12,17,4,19,18,4,3,5,2,0,0,1,1,0,0,0,0,13.733358,51.038917
12,17,4,19,18,4,3,5,3,0,0,1,1,0,0,0,0,13.777291,51.060086
12,17,4,19,20,4,3,0,1,1,0,1,0,0,0,0,0,13.713833,51.08042
12,17,4,20,16,5,3,5,3,0,0,1,1,0,0,0,0,13.79334,51.006876
12,17,4,20,16,5,1,5,2,0,0,1,0,0,0,0,1,13.830977,51.009907
12,17,4,20,18,5,3,5,3,0,0,1,1,0,0,0,0,13.75158,51.059695
12,17,4,24,10,2,3,5,2,0,0,1,1,0,0,0,0,13.723629,51.058112
12,17,4,24,13,2,3,5,2,0,0,1,1,0,0,0,0,13.734004,51.074983
12,17,4,24,17,2,3,5,3,0,0,1,1,0,0,0,0,13.838118,51.018353
12,17,4,25,19,3,2,4,7,0,0,1,1,0,0,0,1,13.759325,51.116728
12,17,4,26,14,4,2,9,1,0,1,1,0,0,0,0,0,13.816639,51.054654
12,17,4,27,1,5,2,0,3,2,0,1,1,0,0,0,0,13.830757,50.987174
12,17,4,27,19,5,3,5,3,0,0,1,1,0,0,0,0,13.785361,51.035973
12,17,4,28,7,6,2,0,7,0,0,1,1,0,0,0,0,13.759091,51.024079
12,17,4,28,10,6,3,5,2,0,0,1,1,0,0,0,0,13.788556,51.070225
12,17,4,28,11,6,3,5,2,0,0,1,1,0,0,0,0,13.817651,51.021209
12,17,4,28,13,6,2,0,1,0,0,1,0,0,0,0,0,13.763362,51.023748
12,17,4,28,16,6,3,5,2,0,0,1,1,0,0,0,0,13.750694,51.071376
12,17,5,1,15,2,2,5,3,0,0,1,1,0,0,0,0,13.779538,51.066934
12,17,5,2,7,3,3,3,5,0,0,1,1,0,0,0,0,13.757614,51.028638
12,17,5,2,23,3,3,9,1,2,0,1,0,0,0,0,0,13.84879,50.995935
12,17,5,3,14,4,3,3,5,0,0,1,0,0,0,0,1,13.757492,51.03241
12,17,5,3,21,4,3,5,3,2,0,1,1,0,0,0,0,13.756562,51.055094
12,17,5,4,17,5,3,5,3,0,0,1,1,0,0,0,0,13.752591,51.060443