UKREIS,UJAHR,UMONAT,UTAG,USTUNDE,UWOCHENTAG,UKATEGORIE,UART,UTYP,LICHT,USTRZUSTAND,IstRad,IstPKW,IstFuss,IstKrad,IstGkfz,IstSonstige,@lon,@lat
12,17,10,19,7,5,3,5,3,2,0,1,1,0,0,0,0,13.70936,51.081605
12,17,10,19,9,5,3,1,5,0,0,1,0,0,0,0,1,13.673236,51.06339
12,17,10,19,10,5,3,5,3,0,0,1,1,0,0,0,0,13.789341,51.030232
12,17,10,20,6,6,3,0,1,2,0,1,0,0,0,0,0,13.736426,51.117893
12,17,10,20,6,6,3,2,2,2,0,1,1,0,0,0,0,13.805494,51.025611
12,17,10,20,11,6,3,2,2,0,0,1,1,0,0,0,0,13.726363,51.047077
12,17,10,20,15,6,3,2,3,0,0,1,1,0,0,0,1,13.761511,51.055114
12,17,10,20,20,6,3,0,1,2,0,1,0,0,0,0,0,13.784219,51.066979
12,17,10,22,0,1,3,5,2,2,0,1,1,0,0,0,0,13.737554,51.087277
12,17,10,22,8,1,3,0,1,0,1,1,0,0,0,0,0,13.735815,51.041697
12,17,10,22,14,1,3,0,2,0,0,1,0,0,0,0,0,13.819823,51.050872
12,17,10,22,18,1,3,8,1,2,0,1,0,0,0,0,0,13.735401,51.04128
12,17,10,23,6,2,3,5,3,2,1,1,1,0,0,0,0,13.789534,51.018313
12,17,10,23,7,2,3,5,2,0,1,1,1,0,0,0,0,13.775793,51.050821
12,17,10,23,7,2,3,1,1,1,1,1,1,0,0,0,0,13.77717,51.060347
12,17,10,23,15,2,2,5,3,0,1,1,0,0,1,0,0,13.757621,51.063329
12,17,10,23,17,2,3,5,2,0,0,1,1,0,0,0,0,13.751703,51.066971
12,17,10,24,9,3,3,5,3,0,0,1,1,0,0,0,0,13.77894,51.031586
12,17,10,24,12,3,3,3,2,0,0,1,0,0,0,0,1,13.768224,51.019899
12,17,10,24,13,3,3,5,2,0,0,1,1,0,0,0,0,13.740344,51.064711
12,17,10,25,7,4,3,5,3,1,1,1,0,0,0,0,1,13.794664,51.041982
12,17,10,25,8,4,3,5,2,0,0,1,1,0,0,0,0,13.78804,51.011706
12,17,10,25,8,4,3,5,3,0,1,1,1,0,0,0,0,13.7928,51.059327
12,17,10,25,9,4,3,5,2,0,0,1,0,0,0,0,1,13.719006,51.049042
12,17,10,25,19,4,3,5,2,2,0,1,1,0,0,0,0,13.763756,51.051687
12,17,10,26,8,5,3,3,2,0,0,1,0,0,0,0,1,13.760127,51.023306
12,17,10,26,18,5,3,3,2,2,1,1,1,0,0,0,0,13.710743,51.104287
12,17,10,27,8,6,3,5,3,0,1,1,1,0,0,0,0,13.728397,51.056636
12,17,10,27,13,6,3,5,3,0,1,1,1,0,0,0,0,13.702054,51.033492
12,17,10,28,16,7,2,0,1,0,0,1,0,0,0,0,0,13.83127,51.031052
12,17,10,28,23,7,3,7,7,2,1,1,0,0,0,0,0,13.655886,51.081148
12,17,10,29,10,1,2,0,1,0,1,1,0,0,0,0,0,13.744822,51.067032
12,17,10,30,13,2,3,5,3,0,0,1,0,0,0,0,1,13.725192,51.050212
12,17,10,30,17,2,3,5,3,2,0,1,1,0,0,0,0,13.822263,50.997777
12,17,11,1,7,4,3,5,3,1,1,1,1,0,0,0,0,13.720672,51.049281
12,17,11,1,7,4,3,0,1,1,1,1,0,0,0,0,0,13.745036,51.053419
12,17,11,1,11,4,3,0,1,0,1,1,0,0,0,0,0,13.83738,51.024835
12,17,11,1,13,4,3,5,3,0,1,1,1,0,0,0,0,13.658789,51.079769
12,17,11,2,7,5,3,5,3,0,1,1,0,0,0,0,1,13.720589,51.083414
12,17,11,2,8,5,3,5,3,0,1,1,1,0,0,0,0,13.702888,51.038217
12,17,11,2,9,5,3,0,1,0,1,1,0,0,0,0,0,13.790615,51.053804
12,17,11,2,20,5,3,5,3,2,0,1,1,0,0,0,0,13.757974,51.05227
12,17,11,3,5,6,3,1,5,2,1,1,1,0,0,0,0,13.793625,51.00357
12,17,11,3,8,6,3,5,3,0,0,1,1,0,0,0,0,13.735116,51.03837
12,17,11,3,12,6,3,1,7,0,0,1,1,0,0,0,0,13.784173,51.053735
12,17,11,4,1,7,3,0,1,2,0,1,0,0,0,0,0,13.724265,51.043567
12,17,11,4,14,7,3,6,4,0,0,1,0,1,0,0,0,13.750786,51.076101
12,17,11,4,17,7,3,5,3,2,0,1,1,0,0,0,0,13.771002,51.046056
12,17,11,6,8,2,3,0,1,0,1,1,0,0,0,0,0,13.727605,51.058163
12,17,11,6,12,2,3,0,1,0,1,1,0,0,0,0,0,13.754207,51.062042
12,17,11,6,13,2,3,4,6,0,0,1,0,0,0,0,0,13.769733,51.071863
12,17,11,7,8,3,3,5,2,0,0,1,0,0,0,0,1,13.704741,51.046323
12,17,11,7,17,3,2,0,1,2,0,1,0,0,0,0,0,13.732297,51.036695
12,17,11,7,17,3,3,5,2,2,0,1,1,0,0,0,0,13.808428,51.045254
12,17,11,7,22,3,3,5,3,2,0,1,1,0,0,0,0,13.756561,51.055094
12,17,11,8,14,4,3,0,3,0,0,1,1,0,0,0,0,13.698505,51.074236
12,17,11,8,17,4,3,6,4,2,0,1,0,1,0,0,0,13.791135,51.031711
12,17,11,10,6,6,2,5,3,1,0,1,0,0,0,0,1,13.746954,51.051684
12,17,11,10,8,6,3,5,3,0,0,1,1,0,0,0,0,13.781546,51.053281
12,17,11,10,18,6,3,5,2,2,1,1,1,0,0,0,0,13.715066,51.078821
12,17,11,11,12,7,2,5,3,0,0,1,1,0,0,0,0,13.783853,51.014584
12,17,11,12,22,1,3,5,3,2,1,1,0,0,0,0,0,13.771786,51.057552
12,17,11,13,5,2,3,5,3,2,1,1,1,0,0,0,0,13.770164,51.045177
12,17,11,13,9,2,3,1,5,0,1,1,1,0,0,0,0,13.703042,51.046165
12,17,11,13,10,2,3,5,3,0,1,1,1,0,0,0,0,13.679602,51.058986
12,17,11,13,17,2,3,6,4,2,1,1,0,1,0,0,0,13.749763,51.06505
12,17,11,13,17,2,2,4,2,2,0,1,0,0,0,0,1,13.783684,51.00957
12,17,11,14,7,3,2,5,3,1,1,1,1,0,0,0,0,13.748917,51.027819
12,17,11,14,9,3,3,5,3,0,0,1,1,0,0,0,0,13.781212,51.054269
12,17,11,14,12,3,3,5,2,0,0,1,1,0,0,0,0,13.712438,51.034
12,17,11,14,16,3,3,5,3,1,0,1,1,0,0,0,0,13.732403,51.050929
12,17,11,15,15,4,3,0,1,0,0,1,0,0,0,0,0,13.668449,51.09319
12,17,11,15,17,4,3,5,2,2,0,1,1,0,0,0,0,13.777115,51.060082
12,17,11,16,8,5,3,3,6,0,0,1,1,0,0,0,0,13.777197,51.059999
12,17,11,16,15,5,2,4,2,0,0,1,1,0,0,0,0,13.776222,51.051322
12,17,11,16,19,5,3,5,3,2,0,1,1,0,0,0,0,13.689939,51.079117
12,17,11,17,5,6,3,3,6,2,1,1,1,0,0,0,0,13.760645,51.082435
12,17,11,17,7,6,3,4,1,0,1,1,1,0,0,0,0,13.751833,51.066896
12,17,11,17,9,6,3,0,1,0,1,1,0,0,0,0,0,13.728619,51.085849
12,17,11,17,13,6,3,5,3,0,0,1,0,0,0,0,1,13.748742,51.048241
12,17,11,20,11,2,3,5,2,0,1,1,1,0,0,0,0,13.745497,51.068286
12,17,11,20,14,2,3,5,2,0,0,1,1,0,0,0,0,13.757135,51.049752
12,17,11,20,14,2,3,0,1,0,1,1,0,0,0,0,0,13.806266,51.011467
12,17,11,20,16,2,3,5,3,2,1,1,1,0,0,0,0,13.678134,51.042236
12,17,11,21,13,3,3,0,1,0,1,1,0,0,0,0,0,13.710162,51.04499
12,17,11,21,14,3,3,5,3,0,1,1,1,0,0,0,0,13.801088,51.038725
12,17,11,21,17,3,3,5,3,2,1,1,1,0,0,0,0,13.751496,51.050782
12,17,11,22,5,4,3,0,1,2,0,1,0,0,0,0,0,13.702883,51.043739
12,17,11,22,13,4,2,5,3,0,0,1,1,0,0,0,0,13.70377,51.094196
12,17,11,23,6,5,3,1,1,1,0,1,1,0,0,0,0,13.812635,51.036797
12,17,11,23,7,5,2,5,3,0,0,1,1,0,0,0,1,13.793607,51.12919
12,17,11,23,12,5,3,6,6,0,0,1,0,1,0,0,0,13.792415,51.119825
12,17,11,23,14,5,2,0,1,0,0,1,0,0,0,0,0,13.802316,51.144062
12,17,11,23,17,5,2,0,7,2,0,1,0,0,0,0,0,13.757182,51.025206
12,17,11,23,19,5,3,1,7,2,0,1,1,0,0,0,0,13.786919,51.034558
12,17,11,25,9,7,3,5,3,0,1,1,1,0,0,0,0,13.757957,51.075829
12,17,11,27,11,2,3,5,3,0,0,1,1,0,0,0,0,13.886753,51.062895
12,17,11,27,17,2,3,5,2,2,1,1,1,0,0,0,0,13.734714,51.074034
12,17,11,27,18,2,3,4,6,2,1,1,0,0,0,0,0,13.731589,51.122084
12,17,11,28,8,3,3,3,6,0,1,1,1,0,0,0,0,13.754345,51.045543
12,17,11,28,10,3,3,5,3,0,1,1,1,0,0,0,0,13.729377,51.070397
12,17,11,28,16,3,3,5,3,2,1,1,1,0,0,0,0,13.733358,51.038918
12,17,11,28,16,3,3,5,2,2,1,1,1,0,0,0,0,13.782161,51.113433
12,17,11,28,17,3,3,0,1,2,0,1,0,0,0,0,0,13.753671,51.066005
12,17,11,29,15,4,3,8,7,0,0,1,0,0,0,0,0,13.648432,51.091627
12,17,11,29,16,4,3,5,3,2,0,1,1,0,0,0,0,13.738289,51.039257
12,17,11,29,17,4,3,5,2,2,0,1,1,0,0,0,0,13.743958,51.04729
12,17,11,29,17,4,3,2,2,2,0,1,1,0,0,0,0,13.808977,51.047258
12,17,11,30,8,5,3,5,3,0,0,1,0,0,0,0,1,13.718853,51.08782
12,17,12,1,11,6,3,0,1,0,0,1,0,0,0,0,0,13.807601,51.034873
12,17,12,2,13,7,3,5,2,0,0,1,1,0,0,0,0,13.674272,51.093425
12,17,12,4,17,2,3,1,1,2,1,1,1,0,0,0,0,13.729785,51.044707
12,17,12,5,6,3,3,5,3,2,1,1,1,0,0,0,0,13.777092,51.060081
12,17,12,5,7,3,3,5,3,2,1,1,1,0,0,0,0,13.721311,51.054334
12,17,12,5,12,3,2,0,1,0,1,1,0,0,0,0,0,13.721319,51.058877
12,17,12,5,13,3,3,5,3,0,1,1,1,0,0,0,0,13.760687,51.049199
12,17,12,5,15,3,3,1,5,0,1,1,1,0,0,0,0,13.713937,51.027715
12,17,12,5,17,3,3,3,2,2,1,1,1,0,0,0,0,13.80296,51.040486
12,17,12,6,7,4,3,4,2,1,0,1,1,0,0,0,0,13.771219,51.029873
12,17,12,6,17,4,3,5,3,1,0,1,1,0,0,0,0,13.790644,51.013064
12,17,12,7,7,5,3,5,3,0,0,1,1,0,0,0,0,13.748742,51.04824
12,17,12,7,8,5,3,5,3,0,0,1,1,0,0,0,0,13.796837,51.041483
12,17,12,7,11,5,3,5,3,0,0,1,1,0,0,0,0,13.779894,51.044329
12,17,12,8,6,6,2,5,3,2,1,1,1,0,0,0,0,13.700312,51.044958
12,17,12,8,8,6,3,5,3,0,0,1,1,0,0,0,0,13.864904,50.993374
12,17,12,8,10,6,3,5,3,0,0,1,1,0,0,0,0,13.874754,51.060543
12,17,12,8,19,6,3,6,4,2,1,1,0,1,0,0,0,13.811919,51.056747
12,17,12,9,7,7,2,0,1,0,2,1,0,0,0,0,0,13.662789,51.049457
12,17,12,9,9,7,3,5,2,0,2,1,1,0,0,0,0,13.729454,51.045708
12,17,12,9,9,7,3,5,2,0,0,1,1,0,0,0,0,13.74961,51.074738
12,17,12,9,18,7,3,1,5,2,0,1,1,0,0,0,0,13.794057,51.049247
12,17,12,11,10,2,3,0,7,0,1,1,1,0,0,0,0,13.722222,51.026125
12,17,12,11,12,2,3,5,3,0,1,1,1,0,0,0,0,13.769717,51.044809
12,17,12,11,17,2,3,5,3,2,1,1,1,0,0,0,0,13.747668,51.053457
12,17,12,12,9,3,3,5,2,0,0,1,1,0,0,0,0,13.729455,51.045707
12,17,12,13,8,4,3,5,3,0,0,1,1,0,0,0,0,13.772277,51.127048
12,17,12,13,15,4,2,3,2,0,0,1,1,0,0,0,0,13.792533,51.047782
12,17,12,14,9,5,2,0,1,0,1,1,0,0,0,0,0,13.744941,51.072333
12,17,12,14,9,5,3,0,1,0,1,1,0,0,0,0,0,13.80051,51.040181
12,17,12,15,8,6,3,5,3,0,1,1,0,0,0,0,1,13.749602,51.033592
12,17,12,15,17,6,3,3,6,2,1,1,1,0,0,0,0,13.647287,51.088936
12,17,12,18,8,2,3,5,3,0,1,1,1,0,0,0,0,13.776955,51.032324
12,17,12,18,12,2,3,0,7,0,0,1,1,0,0,0,0,13.874607,51.009778
12,17,12,18,14,2,3,5,3,0,0,1,1,0,0,0,0,13.769815,51.044771
12,17,12,18,14,2,3,5,3,0,0,1,1,0,0,0,0,13.792544,51.047708
12,17,12,19,9,3,3,5,2,0,1,1,1,0,0,0,0,13.779856,51.044276
12,17,12,20,6,4,3,3,2,2,1,1,1,0,0,0,0,13.757828,51.051451
12,17,12,21,7,5,3,5,2,2,1,1,1,0,0,0,0,13.80296,51.042054
12,17,12,23,11,7,2,0,2,0,0,1,1,0,0,0,0,13.733561,51.045232
12,17,12,24,12,1,3,3,6,0,0,1,1,0,0,0,0,13.748712,51.051247
12,17,12,24,16,1,3,5,2,0,0,1,1,0,0,0,0,13.713832,51.080422
12,17,12,26,12,3,3,6,4,0,0,1,0,1,0,0,0,13.724963,51.080916
12,17,12,26,17,3,3,5,3,2,1,1,1,0,0,0,0,13.724938,51.04395
12,17,12,27,15,4,3,0,7,0,0,1,1,0,0,0,0,13.740458,51.064744
12,17,12,30,14,7,3,2,6,0,1,1,1,0,0,0,0,13.705738,51.090517
12,17,12,31,15,1,2,5,2,0,0,1,1,0,0,0,0,13.731641,51.026522
12,18,1,1,8,2,3,0,1,0,2,1,0,0,0,0,0,13.763618,51.026982
12,18,1,1,9,2,3,4,6,0,0,1,1,0,0,0,0,13.745458,51.068213
12,18,1,1,17,2,3,3,6,2,1,1,0,0,0,0,0,13.744473,51.064317
12,18,1,1,17,2,3,5,2,2,0,1,1,0,0,0,0,13.752928,51.073838
12,18,1,1,18,2,2,6,4,2,1,1,0,1,0,0,0,13.75021,51.061293
12,18,1,2,10,3,3,2,6,0,0,1,0,0,0,0,1,13.774926,51.069668
12,18,1,2,15,3,3,5,3,0,1,1,1,0,0,0,0,13.748718,51.04825
12,18,1,2,17,3,3,6,4,2,0,1,0,1,0,0,0,13.744088,51.047456
12,18,1,2,17,3,3,5,3,2,0,1,1,0,0,0,0,13.762627,51.016507
12,18,1,2,18,3,3,5,3,2,0,1,1,0,0,0,0,13.688934,51.057972
12,18,1,2,18,3,2,5,3,2,1,1,1,0,0,0,0,13.760678,51.049206
12,18,1,2,19,3,3,5,3,2,1,1,1,0,0,0,0,13.787714,51.03592
12,18,1,3,5,4,2,0,1,2,1,1,0,0,0,0,0,13.768877,51.027487
12,18,1,3,5,4,3,5,3,2,1,1,0,0,0,0,1,13.774718,51.049813
12,18,1,3,6,4,3,0,3,1,1,1,0,0,0,0,1,13.707734,51.046459
12,18,1,3,6,4,3,0,7,2,0,1,0,1,0,0,0,13.725482,51.087112
12,18,1,3,7,4,3,5,3,2,0,1,1,0,0,0,0,13.736591,51.063671
12,18,1,3,7,4,3,5,2,2,1,1,1,0,0,0,0,13.765652,51.073208
12,18,1,3,9,4,3,5,3,0,1,1,1,0,0,0,0,13.770295,51.028866
12,18,1,3,11,4,3,5,3,0,1,1,1,0,0,0,0,13.728778,51.037678
12,18,1,3,13,4,3,5,2,0,0,1,1,0,0,0,0,13.747701,51.053473
12,18,1,3,14,4,2,0,1,0,1,1,0,0,0,0,0,13.632977,51.058195
12,18,1,3,14,4,3,1,1,0,1,1,1,0,0,0,0,13.684735,51.051026
12,18,1,3,14,4,3,5,3,0,1,1,1,0,0,0,0,13.72029,51.03782
12,18,1,3,14,4,3,5,3,0,0,1,1,0,0,0,0,13.748717,51.048248
12,18,1,3,14,4,3,5,3,0,0,1,1,0,0,0,0,13.769783,51.044754
12,18,1,3,16,4,3,5,3,0,0,1,0,0,0,0,1,13.723385,51.055031
12,18,1,3,16,4,3,5,2,0,1,1,0,0,0,1,0,13.733519,51.0469
12,18,1,3,16,4,3,0,1,0,1,1,0,0,0,0,0,13.808993,51.011925
12,18,1,3,17,4,2,5,3,0,0,1,1,0,0,0,0,13.719579,51.077361
12,18,1,3,17,4,3,5,3,2,0,1,1,0,0,0,0,13.749015,51.033761
12,18,1,3,18,4,2,5,3,2,0,1,1,0,0,0,0,13.708156,51.033425
12,18,1,3,19,4,3,5,3,2,1,1,1,0,0,0,0,13.7452,51.062835
12,18,1,4,4,5,2,0,1,2,1,1,0,0,0,0,0,13.739131,51.065749
12,18,1,4,5,5,3,5,3,2,0,1,1,0,0,0,0,13.688955,51.057948
12,18,1,4,7,5,3,5,3,1,0,1,1,0,0,0,0,13.7772,51.060056
12,18,1,4,10,5,3,1,7,0,0,1,0,0,0,1,0,13.747824,51.067975
12,18,1,4,13,5,3,0,7,0,0,1,0,0,0,0,0,13.731727,51.067871
12,18,1,4,14,5,3,5,3,0,1,1,0,0,0,0,1,13.752359,51.070918
12,18,1,4,17,5,3,5,3,2,1,1,1,0,0,0,0,13.775259,51.032844
12,18,1,4,18,5,3,5,3,2,0,1,1,0,0,0,0,13.777711,51.044834
12,18,1,4,20,5,3,5,3,2,1,1,1,0,0,0,0,13.755999,51.055834
12,18,1,5,6,6,2,5,3,2,0,1,1,0,0,0,0,13.700307,51.044966
12,18,1,5,7,6,3,5,2,0,1,1,0,0,0,0,1,13.736987,51.063201
12,18,1,5,7,6,3,4,2,1,1,1,1,0,0,0,0,13.745667,51.036909
12,18,1,5,7,6,3,0,1,0,1,1,0,0,0,0,0,13.837445,51.024886
12,18,1,5,11,6,3,5,3,0,1,1,0,0,0,0,1,13.727496,51.044807
12,18,1,5,14,6,2,0,7,0,0,1,1,0,0,0,0,13.726234,51.049602
12,18,1,5,14,6,3,0,2,0,0,1,1,0,0,0,0,13.761605,51.051967
12,18,1,5,14,6,3,0,7,0,0,1,1,0,0,0,0,13.798051,51.047672
12,18,1,5,16,6,2,5,3,2,0,1,1,0,0,0,0,13.702165,51.03493
12,18,1,5,16,6,3,5,3,1,0,1,1,0,0,0,0,13.785326,51.035946
12,18,1,5,16,6,3,3,6,1,1,1,1,0,0,0,0,13.788226,51.03046
12,18,1,5,17,6,3,5,3,2,0,1,1,0,0,0,0,13.670361,51.047117
12,18,1,5,17,6,3,5,2,2,0,1,1,0,0,0,0,13.731066,51.034422
12,18,1,5,19,6,3,6,4,2,0,1,0,1,0,0,0,13.734911,51.050606
12,18,1,6,8,7,3,0,1,0,1,1,0,0,0,0,0,13.753087,51.064918
12,18,1,6,16,7,3,5,3,1,0,1,1,0,0,0,0,13.687901,51.083459
12,18,1,6,16,7,3,0,3,1,0,1,0,0,0,0,1,13.738588,51.044307
12,18,1,7,10,1,2,0,7,0,0,1,1,0,0,0,0,13.68149,51.058922
12,18,2,1,12,5,3,0,1,0,0,1,0,0,0,0,0,13.690679,51.078324
12,18,2,1,17,5,3,6,4,2,0,1,1,1,0,0,0,13.802922,51.040499
12,18,2,2,7,6,3,0,1,0,2,1,0,0,0,0,0,13.736689,51.053656
12,18,2,2,8,6,3,0,1,0,2,1,0,0,0,0,0,13.777725,51.044831
12,18,2,2,9,6,3,0,1,0,1,1,0,0,0,0,0,13.76249,51.037448
12,18,2,2,10,6,3,1,5,0,0,1,1,0,0,0,0,13.706321,51.090408
12,18,2,2,11,6,3,0,1,0,0,1,0,0,0,0,0,13.677534,51.04256
12,18,2,2,11,6,3,4,2,0,0,1,1,0,0,0,0,13.779918,51.044281
12,18,2,3,13,7,3,3,6,0,0,1,0,0,0,0,0,13.844105,51.001382
12,18,2,3,18,7,3,0,3,2,0,1,0,0,0,0,1,13.711968,51.094832
12,18,2,4,8,1,3,0,1,0,1,1,0,0,0,0,0,13.694063,51.043619
12,18,2,4,9,1,3,6,4,0,0,1,0,1,0,0,0,13.768867,51.099436
12,18,2,4,20,1,2,0,1,2,2,1,0,0,0,0,0,13.73065,51.076826
12,18,2,5,7,2,3,0,1,0,2,1,0,0,0,0,0,13.715983,51.027124
12,18,2,5,7,2,2,0,1,0,2,1,0,0,0,0,0,13.718636,51.028777
12,18,2,5,7,2,3,5,3,0,0,1,1,0,0,0,0,13.71896,51.096615
12,18,2,5,9,2,3,6,7,0,0,1,0,1,0,0,0,13.722211,51.054095
12,18,2,5,12,2,3,5,3,0,0,1,0,0,0,0,1,13.672117,51.083975
12,18,2,5,15,2,3,5,3,0,0,1,0,0,1,0,0,13.795772,51.035941
12,18,2,5,20,2,3,5,2,2,0,1,1,0,0,0,0,13.755964,51.055891
12,18,2,6,6,3,3,5,3,1,0,1,1,0,0,0,0,13.686354,51.042494
12,18,2,6,7,3,3,1,1,0,2,1,1,0,0,0,0,13.800915,51.033925
12,18,2,6,8,3,3,5,2,0,0,1,0,0,0,0,1,13.720355,51.054673
12,18,2,6,8,3,2,5,2,0,0,1,0,0,0,1,0,13.726879,51.031939
12,18,2,6,13,3,3,3,6,0,0,1,1,0,0,0,0,13.785381,51.016789
12,18,2,6,17,3,3,5,2,2,0,1,1,0,0,0,0,13.761594,51.051931
12,18,2,6,18,3,3,5,3,1,0,1,1,0,0,0,0,13.692445,51.042871
12,18,2,6,18,3,3,4,2,1,0,1,1,0,0,0,0,13.763701,51.08713
12,18,2,6,18,3,3,0,1,2,2,1,0,0,0,0,0,13.776947,51.112412
12,18,2,6,20,3,3,4,6,2,0,1,0,0,0,0,0,13.715206,51.053694
12,18,2,7,7,4,3,5,2,0,0,1,1,0,0,0,0,13.714128,51.035476
12,18,2,7,7,4,3,5,2,0,0,1,1,0,0,0,0,13.751166,51.042506
12,18,2,7,7,4,3,5,2,0,0,1,1,0,0,0,0,13.761035,51.082989
12,18,2,7,7,4,3,5,3,0,0,1,1,0,0,0,0,13.803234,51.021733
12,18,2,7,15,4,2,5,3,0,0,1,1,0,0,0,0,13.721077,51.080094
12,18,2,7,15,4,3,5,2,0,0,1,1,0,0,0,0,13.725204,51.050218
12,18,2,7,15,4,3,0,7,0,0,1,1,0,0,0,0,13.745909,51.034849
12,18,2,7,18,4,3,5,3,2,0,1,1,0,0,0,0,13.721435,51.034374
12,18,3,1,7,5,3,4,2,0,0,1,1,0,0,0,0,13.737541,51.087246
12,18,3,1,8,5,3,4,2,0,0,1,0,0,0,0,1,13.731409,51.035205
12,18,3,1,8,5,3,5,2,0,0,1,1,0,0,0,0,13.775598,51.045437
12,18,3,1,17,5,3,0,1,1,0,1,0,0,0,0,0,13.737028,51.061507
12,18,3,1,18,5,3,0,7,1,0,1,1,0,0,0,0,13.763078,51.066651
12,18,3,1,18,5,3,5,2,2,1,1,1,0,0,0,0,13.808352,51.045307
12,18,3,2,8,6,3,5,2,0,0,1,1,0,0,0,0,13.746785,51.063763
12,18,3,2,9,6,3,0,7,0,1,1,1,0,0,0,0,13.762057,51.024681
12,18,3,2,11,6,3,5,3,0,1,1,1,0,0,0,0,13.712737,51.046287
12,18,3,2,14,6,3,5,2,0,0,1,1,0,0,0,0,13.727281,51.057996
12,18,3,2,15,6,3,5,3,0,0,1,1,0,0,0,0,13.747564,51.067819
12,18,3,2,18,6,3,0,1,0,0,1,0,0,0,0,0,13.721381,51.055658
12,18,3,2,18,6,3,5,2,0,0,1,1,0,0,0,0,13.725097,51.080939
12,18,3,3,7,7,3,2,2,0,1,1,1,0,0,0,0,13.733508,51.066231
12,18,3,3,11,7,3,6,6,0,0,1,0,1,0,0,0,13.762521,51.05464
12,18,3,3,17,7,3,1,5,0,0,1,1,0,0,0,0,13.770194,51.01573
12,18,3,4,11,1,3,5,3,0,0,1,1,0,0,0,0,13.743275,51.019311
12,18,3,5,8,2,3,0,1,0,1,1,0,0,0,0,0,13.751532,51.072305
12,18,3,5,13,2,3,5,3,0,0,1,1,0,0,0,0,13.690053,51.075083
12,18,3,5,14,2,3,0,6,0,0,1,0,0,0,0,1,13.714242,51.035576
12,18,3,5,15,2,3,5,3,0,1,1,1,0,0,0,0,13.770294,51.028866
12,18,3,5,17,2,3,0,1,0,0,1,0,0,0,0,0,13.678024,51.049468
12,18,3,5,17,2,3,4,6,0,0,1,1,0,0,0,0,13.727095,51.076767
12,18,3,6,5,3,2,0,3,2,0,1,1,0,0,0,0,13.763481,51.120627
12,18,3,6,6,3,3,5,3,0,1,1,1,0,0,0,0,13.745636,51.049309
12,18,3,6,6,3,3,5,3,1,1,1,1,0,0,0,0,13.777574,51.056045
12,18,3,6,7,3,3,2,6,0,0,1,1,0,0,0,0,13.730422,51.088977
12,18,3,6,7,3,3,2,2,0,0,1,1,0,0,0,0,13.733351,51.038903
12,18,3,6,7,3,3,5,3,1,0,1,1,0,0,0,0,13.840937,51.004034
12,18,3,6,8,3,3,0,7,0,0,1,0,0,0,0,0,13.699562,51.078174
12,18,3,6,9,3,3,5,3,0,0,1,1,0,0,0,0,13.755532,51.068915
12,18,3,6,16,3,3,5,2,0,1,1,1,0,0,0,0,13.756017,51.055914
12,18,3,6,17,3,3,0,2,0,0,1,0,0,0,0,1,13.755551,51.076655
12,18,3,6,17,3,3,3,6,0,0,1,0,0,0,0,1,13.824463,51.043318
12,18,3,6,18,3,3,5,3,2,1,1,1,0,0,0,0,13.773575,51.048732
12,18,3,7,7,4,3,5,2,0,1,1,1,0,0,0,0,13.733142,51.076302
12,18,3,7,7,4,3,5,3,0,1,1,1,0,0,0,0,13.761082,51.068216
12,18,3,7,10,4,3,0,7,0,0,1,1,0,0,0,0,13.749643,51.043105
12,18,3,7,16,4,3,0,1,0,1,1,0,0,0,0,0,13.759997,51.117734
12,18,3,7,16,4,3,0,1,0,1,1,0,0,0,0,0,13.760626,51.06835
12,18,3,7,17,4,2,5,3,0,1,1,1,0,0,0,0,13.702434,51.090489
12,18,3,7,17,4,3,5,3,0,0,1,1,0,0,0,0,13.712335,51.079315
12,18,3,7,18,4,3,1,5,2,0,1,1,0,0,0,0,13.700478,51.0389
12,18,3,7,22,4,3,5,2,2,1,1,1,0,0,0,0,13.720568,51.049465
12,18,4,1,3,1,3,1,5,2,0,1,0,0,0,1,0,13.709098,51.051988
12,18,4,1,7,1,3,5,3,0,0,1,1,0,0,0,0,13.74202,51.064675
12,18,4,1,11,1,3,0,1,0,0,1,0,0,0,0,0,13.6967,51.043355
12,18,4,1,11,1,3,0,1,0,0,1,0,0,0,0,0,13.7715,51.046556
12,18,4,1,13,1,2,0,1,0,0,1,1,0,0,0,0,13.706895,51.019996
12,18,4,1,14,1,3,5,3,0,0,1,1,0,0,0,0,13.692654,51.08568
12,18,4,1,16,1,3,5,3,0,0,1,1,0,0,0,0,13.745512,51.068313
12,18,4,1,16,1,3,6,6,0,0,1,0,1,0,0,0,13.765669,51.036454
12,18,4,1,17,1,3,0,1,0,0,1,0,0,0,0,0,13.65542,51.048176
12,18,4,1,18,1,3,5,3,0,0,1,1,0,0,0,0,13.767535,51.042557
12,18,4,1,19,1,2,6,4,0,0,1,0,1,0,0,0,13.776619,51.042085
12,18,4,1,22,1,3,5,3,2,1,1,1,0,0,0,0,13.718954,51.096632
12,18,4,2,9,2,3,0,1,0,0,1,0,0,0,0,0,13.789704,51.045276
12,18,4,2,9,2,3,5,2,0,0,1,1,0,0,0,0,13.797367,51.024204
12,18,4,2,10,2,3,5,2,0,0,1,1,0,0,0,0,13.708163,51.033434
12,18,4,2,13,2,3,5,3,0,1,1,1,0,0,0,0,13.779846,51.044299
12,18,4,2,15,2,3,6,4,0,0,1,0,1,0,0,0,13.716863,51.05565