UKREIS,UJAHR,UMONAT,UTAG,USTUNDE,UWOCHENTAG,UKATEGORIE,UART,UTYP,LICHT,USTRZUSTAND,IstRad,IstPKW,IstFuss,IstKrad,IstGkfz,IstSonstige,@lon,@lat
12,18,6,6,14,4,3,0,6,0,0,1,0,0,0,0,1,13.823281,51.057584
12,18,6,6,15,4,3,0,1,0,0,1,0,0,0,0,0,13.699993,51.015933
12,18,6,6,15,4,2,0,1,0,0,1,0,0,0,0,0,13.77331,51.046261
12,18,6,6,15,4,3,5,3,0,0,1,1,0,0,0,0,13.807972,51.024039
12,18,6,6,16,4,3,5,6,0,0,1,1,0,0,0,0,13.779242,51.037934
12,18,6,6,16,4,3,0,3,0,0,1,0,0,0,0,0,13.874082,51.008943
12,18,6,6,17,4,3,5,3,0,0,1,1,0,0,0,0,13.694873,51.043167
12,18,6,6,17,4,3,5,3,0,0,1,1,0,0,0,0,13.783748,51.029707
12,18,6,6,18,4,3,3,2,0,0,1,1,0,0,0,0,13.691938,51.049067
12,18,6,6,18,4,3,2,2,0,0,1,1,0,0,0,0,13.80673,51.052101
12,18,6,6,19,4,2,3,2,0,0,1,1,0,0,0,0,13.718952,51.096637
12,18,6,6,19,4,3,5,2,0,0,1,1,0,0,0,0,13.721862,51.117687
12,18,6,7,6,5,3,4,2,0,0,1,1,0,0,0,0,13.761298,51.083375
12,18,6,7,7,5,3,5,7,0,0,1,1,0,0,0,0,13.767766,51.018614
12,18,6,7,8,5,3,5,2,0,0,1,1,0,0,0,0,13.745362,51.049002
12,18,6,7,8,5,3,5,2,0,0,1,1,0,0,0,0,13.833898,51.028491
12,18,6,7,9,5,3,5,3,0,0,1,1,0,0,0,0,13.799731,50.998422
12,18,6,7,9,5,2,8,1,0,0,1,0,0,0,0,0,13.803563,50.99537
12,18,6,7,10,5,3,2,7,0,0,1,1,0,0,0,0,13.725279,51.057986
12,18,6,7,10,5,3,5,2,0,0,1,1,0,0,0,0,13.745637,51.04931
12,18,6,7,14,5,2,3,2,0,0,1,1,0,0,0,0,13.718433,51.087718
12,18,6,7,14,5,3,5,3,0,0,1,1,0,0,0,0,13.757966,51.075826
12,18,6,7,15,5,3,1,5,0,0,1,1,0,0,0,0,13.73449,51.033725
12,18,6,7,15,5,2,3,6,0,0,1,1,0,0,0,0,13.830447,51.002742
12,18,6,7,16,5,3,0,7,0,0,1,1,0,0,0,0,13.776912,51.038851
12,18,6,7,16,5,3,6,4,0,0,1,0,1,0,0,0,13.803353,51.022942
12,18,6,7,17,5,2,5,3,0,0,1,0,0,0,0,0,13.76569,51.073195
12,18,6,7,18,5,3,5,2,0,1,1,1,0,0,0,0,13.762773,51.064276
12,18,7,1,3,1,3,8,1,2,0,1,0,0,0,0,0,13.753434,51.070547
12,18,7,1,10,1,3,0,1,0,0,1,0,0,0,0,0,13.704431,51.043832
12,18,7,1,10,1,3,0,1,0,0,1,0,0,0,0,0,13.825274,51.062438
12,18,7,1,13,1,3,5,3,0,0,1,0,0,0,0,0,13.874297,51.006316
12,18,7,1,17,1,3,5,3,0,0,1,1,0,0,0,0,13.731917,51.079672
12,18,7,1,18,1,2,5,2,0,0,1,1,0,0,0,0,13.748618,51.07174
12,18,7,1,19,1,3,1,7,0,0,1,1,0,0,0,0,13.640292,51.089084
12,18,7,1,19,1,3,8,1,0,0,1,0,0,0,0,0,13.687957,51.056457
12,18,7,2,7,2,2,0,7,0,0,1,0,0,0,0,0,13.784343,51.060596
12,18,7,2,8,2,3,5,3,0,0,1,1,0,0,0,0,13.71823,51.031423
12,18,7,2,10,2,3,5,2,0,0,1,1,0,0,0,0,13.775655,51.045353
12,18,7,2,11,2,3,6,4,0,0,1,0,1,0,0,0,13.723105,51.089986
12,18,7,2,11,2,3,0,2,0,0,1,1,0,0,0,0,13.724811,51.073208
12,18,7,2,11,2,3,0,1,0,0,1,0,0,0,0,0,13.741608,51.023625
12,18,7,2,11,2,3,1,7,0,0,1,0,0,0,0,1,13.804368,51.049652
12,18,7,2,12,2,3,0,1,0,0,1,0,0,0,0,0,13.772852,51.046441
12,18,7,2,13,2,3,5,3,0,0,1,1,0,0,0,0,13.726846,51.033299
12,18,7,2,13,2,3,0,7,0,0,1,1,0,0,0,0,13.809608,51.045892
12,18,7,2,14,2,2,6,3,0,0,1,0,1,0,0,0,13.749691,51.064977
12,18,7,2,14,2,3,4,6,0,0,1,1,0,0,0,0,13.789635,51.033381
12,18,7,2,15,2,3,5,3,0,0,1,1,0,0,0,0,13.791134,51.029577
12,18,7,2,16,2,3,5,3,0,0,1,0,0,0,0,0,13.763268,51.086393
12,18,7,2,16,2,3,5,3,0,0,1,1,0,0,0,0,13.780471,51.031
12,18,7,2,16,2,2,5,3,0,0,1,1,0,0,0,0,13.838452,51.005847
12,18,7,2,17,2,2,0,3,0,0,1,1,0,0,0,0,13.761594,51.05193
12,18,7,2,17,2,3,4,6,0,0,1,0,0,0,0,0,13.770094,51.045134
12,18,7,2,20,2,3,5,3,0,0,1,1,0,0,0,0,13.785191,51.067029
12,18,7,2,21,2,3,5,3,2,0,1,0,0,0,0,1,13.781111,51.035759
12,18,7,3,4,3,3,4,6,1,0,1,0,0,0,0,0,13.737713,51.039487
12,18,7,3,5,3,3,5,3,0,0,1,1,0,0,0,0,13.771271,51.024269
12,18,7,3,6,3,2,6,4,0,0,1,0,1,0,0,0,13.777364,51.058758
12,18,7,3,7,3,3,0,1,0,0,1,0,0,0,0,0,13.701218,51.016584
12,18,7,3,8,3,3,6,6,0,0,1,0,1,0,0,0,13.689083,51.047688
12,18,7,3,8,3,3,2,6,0,0,1,1,0,0,0,0,13.770332,51.057242
12,18,7,3,9,3,3,0,1,0,1,1,0,0,0,0,0,13.741534,51.023632
12,18,7,3,9,3,3,5,2,0,0,1,1,0,0,0,0,13.773986,51.112773
12,18,7,3,10,3,3,5,3,0,0,1,1,0,0,0,0,13.704762,51.046324
12,18,7,3,14,3,3,0,1,0,0,1,0,0,0,0,0,13.741649,51.02362
12,18,7,3,15,3,3,5,3,0,0,1,1,0,0,0,0,13.741284,51.057643
12,18,7,3,15,3,3,5,3,0,0,1,0,0,0,0,0,13.787013,51.006582
12,18,7,3,16,3,3,5,3,0,0,1,1,0,0,0,0,13.741938,51.064683
12,18,7,3,16,3,2,0,1,0,0,1,0,0,0,0,0,13.766772,51.041794
12,18,7,3,16,3,3,5,3,0,0,1,1,0,0,0,0,13.797099,51.006971
12,18,7,3,17,3,3,4,6,0,0,1,0,0,0,0,0,13.784175,51.009259
12,18,7,3,17,3,3,3,2,0,0,1,0,0,0,0,1,13.828619,51.010866
12,18,7,3,20,3,3,8,1,0,0,1,0,0,0,0,0,13.816204,51.016226
12,18,7,3,21,3,3,1,5,1,0,1,1,0,0,0,0,13.761578,51.049032
12,18,7,4,6,4,3,5,2,0,0,1,1,0,0,0,0,13.709305,51.089622
12,18,7,4,7,4,2,5,3,0,0,1,1,0,0,0,0,13.725687,51.073685
12,18,7,4,7,4,2,0,1,0,0,1,0,0,0,0,0,13.809014,51.062572
12,18,7,4,8,4,3,0,7,0,0,1,0,0,0,0,0,13.757717,51.066853
12,18,7,4,11,4,3,0,1,0,0,1,0,0,0,0,0,13.87434,51.009353
12,18,7,4,13,4,3,5,3,0,0,1,1,0,0,0,0,13.689939,51.079116
12,18,7,4,13,4,3,5,2,0,0,1,0,0,0,0,1,13.711602,51.028165
12,18,7,4,14,4,3,5,3,0,0,1,0,0,0,1,0,13.684615,51.062083
12,18,7,4,14,4,3,0,1,0,0,1,1,0,0,0,0,13.691842,51.050512
12,18,7,4,15,4,3,5,3,0,0,1,1,0,0,0,0,13.611726,51.044669
12,18,7,4,15,4,2,5,3,0,0,1,1,0,0,0,0,13.700595,51.082239
12,18,7,4,15,4,3,5,3,0,0,1,1,0,0,0,0,13.719278,51.038287
12,18,7,4,15,4,2,0,1,0,0,1,0,0,0,0,0,13.786923,51.015812
12,18,7,4,16,4,2,1,5,0,1,1,1,0,0,0,0,13.713887,51.058735
12,18,7,4,16,4,3,5,3,0,0,1,1,0,0,0,0,13.731021,51.118155
12,18,7,4,17,4,2,5,3,0,0,1,1,0,0,0,0,13.756566,51.055094
12,18,7,4,18,4,3,6,6,0,0,1,0,1,0,0,0,13.661194,51.049338
12,18,7,4,19,4,3,0,7,0,0,1,1,0,0,0,0,13.756472,51.065682
12,18,7,4,19,4,3,5,2,0,0,1,1,0,0,0,0,13.830056,50.999347
12,18,7,4,20,4,3,5,3,0,0,1,1,0,0,0,0,13.722174,51.054046
12,18,7,4,21,4,3,5,3,1,0,1,1,0,0,0,0,13.800461,50.999266
12,18,7,5,6,5,3,5,3,0,0,1,1,0,0,0,0,13.672723,51.052889
12,18,7,5,7,5,3,5,3,0,0,1,1,0,0,0,0,13.745201,51.062835
12,18,7,5,7,5,3,5,1,0,0,1,1,0,0,0,0,13.763715,51.110606
12,18,7,5,7,5,3,5,3,0,0,1,1,0,0,0,0,13.885133,51.056222
12,18,7,5,8,5,3,6,4,0,1,1,0,1,0,0,0,13.750235,51.065527
12,18,7,5,9,5,3,5,2,0,0,1,1,0,0,0,0,13.739218,51.065868
12,18,7,5,9,5,3,5,3,0,0,1,1,0,0,0,0,13.742018,51.064675
12,18,7,5,9,5,2,5,2,0,0,1,0,0,0,0,1,13.887468,51.05751
12,18,7,5,10,5,3,8,1,0,0,1,0,0,0,0,0,13.856009,51.005232
12,18,7,5,11,5,3,5,3,0,0,1,0,0,0,0,1,13.745061,51.049473
12,18,7,5,15,5,2,5,2,0,0,1,1,0,0,0,0,13.693159,51.081708
12,18,7,5,16,5,3,8,1,0,0,1,0,0,0,0,0,13.735236,51.046717
12,18,7,5,16,5,3,3,1,0,0,1,1,0,0,0,0,13.73659,51.062925
12,18,7,5,17,5,3,5,2,0,0,1,1,0,0,0,0,13.782337,51.047625
12,18,7,5,17,5,3,1,7,0,0,1,1,0,0,0,0,13.827965,50.994988
12,18,7,5,18,5,3,5,3,0,0,1,1,0,0,0,0,13.76796,51.065732
12,18,7,5,18,5,3,2,2,0,0,1,1,0,0,0,0,13.776313,51.067453
12,18,7,5,20,5,2,7,7,0,0,1,0,0,0,0,0,13.731134,51.034577
12,18,7,6,5,6,3,5,2,0,0,1,1,0,0,0,0,13.74665,51.057141
12,18,7,6,7,6,3,5,3,0,0,1,1,0,0,0,0,13.692008,51.049063
12,18,7,6,7,6,3,5,3,0,0,1,0,0,0,1,0,13.744126,51.047498
12,18,7,6,8,6,3,3,6,0,0,1,0,0,0,0,1,13.757688,51.069259
12,18,7,6,15,6,3,0,1,0,0,1,0,0,0,0,0,13.700129,51.016013
12,18,7,6,16,6,2,5,2,0,0,1,1,0,0,0,0,13.722224,51.054106
12,18,7,6,17,6,3,5,3,0,0,1,1,0,0,0,0,13.737003,51.037731
12,18,7,6,17,6,3,3,2,0,0,1,0,0,0,0,0,13.807559,51.151207
12,18,7,7,9,7,3,5,3,0,0,1,1,0,0,0,0,13.746716,51.053399
12,18,7,7,10,7,3,5,3,0,0,1,1,0,0,0,0,13.710578,51.104478
12,18,7,7,10,7,3,5,3,0,0,1,1,0,0,0,0,13.785326,51.035946
12,18,7,7,11,7,3,5,3,0,0,1,1,0,0,0,0,13.732484,51.077942
12,18,7,7,12,7,3,0,3,0,0,1,0,0,0,0,0,13.733167,51.076244
12,18,7,7,16,7,3,0,1,0,0,1,1,0,0,0,0,13.682809,51.05991
12,18,7,7,18,7,3,5,3,0,0,1,1,0,0,0,0,13.692656,51.085674
12,18,7,7,21,7,3,4,6,2,0,1,0,0,0,0,0,13.751284,51.066552
12,18,7,7,23,7,3,0,1,2,0,1,0,0,0,0,0,13.738665,51.048491
12,18,8,1,5,4,3,5,2,0,0,1,1,0,0,0,0,13.731939,51.079631
12,18,8,1,7,4,3,5,2,0,0,1,1,0,0,0,0,13.757369,51.027233
12,18,8,1,8,4,3,2,6,0,0,1,1,0,0,0,0,13.72465,51.053295
12,18,8,1,8,4,3,5,3,0,0,1,0,0,0,1,0,13.736805,51.047854
12,18,8,1,8,4,3,0,7,0,0,1,0,0,0,0,0,13.77664,51.04687
12,18,8,1,9,4,3,5,3,0,0,1,1,0,0,0,0,13.759072,51.044435
12,18,8,1,12,4,3,5,2,0,0,1,1,0,0,0,0,13.830022,51.010265
12,18,8,1,12,4,3,3,2,0,0,1,1,0,0,0,0,13.854936,51.061851
12,18,8,1,13,4,3,5,2,0,0,1,0,0,0,1,0,13.78799,51.005664
12,18,8,1,13,4,3,0,1,0,0,1,0,0,0,0,0,13.804823,51.032564
12,18,8,1,13,4,3,1,1,0,0,1,0,0,0,0,1,13.80965,50.997842
12,18,8,1,14,4,3,0,1,0,0,1,0,0,0,0,0,13.701827,51.090918
12,18,8,1,15,4,3,3,6,0,0,1,1,0,0,0,0,13.763783,51.087274
12,18,8,1,15,4,3,5,2,0,0,1,1,0,0,0,0,13.793777,51.025581
12,18,8,1,16,4,3,1,7,0,0,1,1,0,0,0,0,13.719905,51.037487
12,18,8,1,16,4,2,0,1,0,0,1,0,0,0,0,0,13.741608,51.023625
12,18,8,1,16,4,3,4,3,0,0,1,1,0,0,0,0,13.757781,51.047254
12,18,8,1,16,4,3,5,3,0,0,1,0,0,0,0,1,13.870489,51.068966
12,18,8,1,17,4,3,0,1,0,0,1,0,0,0,0,0,13.694123,51.012766
12,18,8,1,17,4,3,5,6,0,0,1,1,0,0,0,0,13.758204,51.05396
12,18,8,1,17,4,3,2,2,0,0,1,1,0,0,0,0,13.763535,51.120598
12,18,8,1,20,4,3,5,3,1,0,1,1,0,0,0,0,13.721485,51.041906
12,18,8,2,6,5,3,5,3,0,0,1,1,0,0,0,0,13.728137,51.04334
12,18,8,2,7,5,3,0,3,0,1,1,1,0,0,0,0,13.7496,51.0336
12,18,8,2,8,5,3,0,1,0,1,1,0,0,0,0,0,13.691404,51.051674
12,18,8,2,8,5,2,0,2,0,1,1,1,0,0,0,0,13.746174,51.063921
12,18,8,2,8,5,2,5,3,0,0,1,1,0,0,0,0,13.831952,51.027273
12,18,8,2,9,5,3,5,3,0,1,1,1,0,0,0,0,13.773575,51.048732
12,18,8,2,10,5,2,0,1,0,1,1,0,0,0,0,0,13.719504,51.059472
12,18,8,2,12,5,3,5,3,0,1,1,1,0,0,0,0,13.720095,51.040858
12,18,8,2,13,5,3,4,1,0,0,1,0,0,0,0,0,13.720444,51.093147
12,18,8,2,14,5,2,6,4,0,0,1,0,1,0,0,0,13.774134,51.048603
12,18,8,2,15,5,3,5,2,0,0,1,1,0,0,0,0,13.727496,51.044807
12,18,8,2,16,5,3,5,2,0,0,1,1,0,0,0,0,13.73105,51.042424
12,18,8,2,16,5,3,5,3,0,0,1,1,0,0,0,0,13.757792,51.051457
12,18,8,2,16,5,2,5,2,0,0,1,1,0,0,0,0,13.823715,51.057731
12,18,8,2,17,5,3,3,2,0,0,1,1,0,0,0,0,13.683401,51.042429
12,18,8,2,17,5,3,5,2,0,0,1,1,0,0,0,0,13.721458,51.05563
12,18,8,2,17,5,2,2,6,0,0,1,1,0,0,0,0,13.742349,51.068356
12,18,8,2,17,5,3,3,6,0,0,1,0,0,0,0,0,13.787104,51.043328
12,18,8,2,17,5,3,5,2,0,0,1,1,0,0,0,0,13.7928,51.059326
12,18,8,2,17,5,3,2,6,0,0,1,0,0,0,0,0,13.811303,51.050258
12,18,8,2,17,5,3,4,6,0,0,1,0,0,0,0,0,13.845672,51.017492
12,18,8,2,22,5,3,7,7,2,0,1,0,0,0,0,0,13.689607,51.011508
12,18,8,2,23,5,2,0,1,2,1,1,0,0,0,0,0,13.676601,51.04171
12,18,8,3,7,6,2,7,1,0,0,1,0,0,0,0,0,13.732511,51.056253
12,18,8,3,7,6,3,5,3,0,0,1,1,0,0,0,0,13.796856,51.049985
12,18,8,3,9,6,2,5,2,0,0,1,0,0,0,0,1,13.754768,51.046281
12,18,8,3,9,6,3,3,2,0,0,1,0,0,0,0,0,13.781714,51.011004
12,18,8,3,9,6,3,5,3,0,0,1,1,0,0,0,0,13.791445,51.050705
12,18,8,3,10,6,3,5,2,0,0,1,1,0,0,0,0,13.736441,51.063804
12,18,8,3,11,6,3,6,4,0,0,1,0,1,0,0,0,13.754545,51.069797
12,18,8,3,12,6,2,5,3,0,0,1,1,0,0,0,0,13.635322,51.087323
12,18,8,3,12,6,3,5,3,0,0,1,1,0,0,0,0,13.687905,51.042489
12,18,8,3,12,6,3,6,7,0,0,1,0,1,0,0,0,13.732284,51.088698
12,18,8,3,14,6,3,5,2,0,0,1,1,0,0,0,0,13.78526,51.008571
12,18,8,3,15,6,3,5,2,0,0,1,1,0,0,0,0,13.747702,51.053474
12,18,8,3,15,6,3,0,1,0,0,1,0,0,0,0,0,13.806536,51.039113
12,18,8,3,16,6,3,3,6,0,0,1,1,0,0,0,0,13.75262,51.043831
12,18,8,3,17,6,3,0,7,0,0,1,1,0,0,0,0,13.686595,51.05574
12,18,8,3,17,6,3,8,1,0,0,1,0,0,0,0,0,13.724083,51.075809
12,18,8,3,17,6,3,0,1,0,0,1,0,0,0,0,0,13.7536,51.070497
12,18,8,3,18,6,2,5,3,0,0,1,1,0,0,0,0,13.690448,51.082457
12,18,8,3,18,6,3,0,7,0,0,1,0,0,0,0,0,13.708763,51.078965
12,18,8,3,20,6,3,5,2,2,0,1,1,0,0,0,0,13.74665,51.057141
12,18,8,3,22,6,2,5,3,2,0,1,1,0,0,0,0,13.741089,51.019246
12,18,8,4,3,7,2,0,7,2,1,1,0,0,0,0,0,13.824178,51.04367
12,18,8,4,5,7,3,0,1,2,0,1,0,0,0,0,0,13.753266,51.065345
12,18,8,4,5,7,2,0,1,1,1,1,0,0,0,0,0,13.778057,51.052914
12,18,8,4,9,7,3,5,3,0,0,1,1,0,0,0,0,13.746476,51.038444
12,18,8,4,11,7,3,5,2,0,0,1,1,0,0,0,0,13.75577,51.047248
12,18,8,4,11,7,3,5,2,0,0,1,1,0,0,0,0,13.807504,51.034954
12,18,8,4,12,7,3,5,3,0,0,1,1,0,0,0,0,13.748921,51.051259
12,18,8,4,13,7,3,0,1,0,0,1,0,0,0,0,0,13.768976,51.043994
12,18,8,4,18,7,2,6,4,0,0,1,0,1,0,0,0,13.736661,51.046908
12,18,8,4,21,7,2,0,1,2,0,1,0,0,0,0,0,13.722374,51.074945
12,18,8,5,0,1,3,0,1,2,0,1,0,0,0,0,0,13.809748,51.049249
12,18,8,5,1,1,3,0,1,2,0,1,0,0,0,0,0,13.74681,51.063819
12,18,8,5,8,1,3,0,1,0,0,1,0,0,0,0,0,13.751063,51.071788
12,18,8,5,11,1,3,0,3,0,0,1,0,0,0,0,1,13.701756,51.031369
12,18,8,5,12,1,3,5,3,0,0,1,1,0,0,0,0,13.728086,51.084384
12,18,8,5,14,1,3,6,4,0,0,1,0,1,0,0,0,13.805276,51.051553
12,18,8,5,16,1,3,9,1,0,0,1,0,0,0,0,0,13.793562,51.154212
12,18,8,5,16,1,3,0,1,0,0,1,0,0,0,0,0,13.846348,51.007815
12,18,8,5,18,1,3,1,5,0,0,1,1,0,0,0,0,13.75389,51.066525
12,18,8,6,7,2,1,0,7,0,0,1,1,0,0,0,0,13.739179,51.044729
12,18,8,6,7,2,3,6,6,0,0,1,0,1,0,0,0,13.820041,51.050176
12,18,8,6,7,2,2,5,3,0,0,1,0,0,0,1,0,13.831319,50.999653
12,18,8,6,8,2,3,5,3,0,0,1,1,0,0,0,0,13.785442,51.035948
12,18,8,6,9,2,3,3,6,0,0,1,0,0,0,0,0,13.727356,51.058039
12,18,8,6,10,2,3,5,3,0,0,1,1,0,0,0,0,13.757834,51.05145
12,18,8,6,10,2,3,5,2,0,0,1,1,0,0,0,0,13.828291,51.02473
12,18,8,6,14,2,3,5,3,0,0,1,1,0,0,0,0,13.808889,51.052747
12,18,8,6,15,2,2,0,7,0,0,1,1,0,0,0,0,13.687043,51.039868
12,18,8,6,15,2,3,5,3,0,0,1,0,0,0,0,0,13.793497,51.025692
12,18,8,6,16,2,3,4,6,0,0,1,1,0,0,0,0,13.681142,51.042377
12,18,8,6,16,2,3,0,1,0,0,1,0,0,0,0,0,13.717541,51.028382
12,18,8,6,16,2,3,3,6,0,0,1,0,0,0,0,1,13.741375,51.023649
12,18,8,6,17,2,3,5,3,0,0,1,1,0,0,0,0,13.70885,51.027337
12,18,8,6,17,2,3,5,3,0,0,1,1,0,0,0,0,13.742016,51.064676
12,18,8,6,17,2,3,0,7,0,0,1,1,0,0,0,0,13.749634,51.043108
12,18,8,6,17,2,3,5,3,0,0,1,1,0,0,0,0,13.756565,51.055093
12,18,8,6,19,2,2,3,6,1,0,1,1,0,0,0,0,13.747099,51.071293
12,18,8,6,21,2,2,0,1,2,0,1,0,0,0,0,0,13.696478,51.043331
12,18,8,6,23,2,2,0,1,2,0,1,0,0,0,0,0,13.738753,51.064105
12,18,8,7,7,3,3,3,6,0,0,1,1,0,0,0,0,13.748696,51.044372
12,18,8,7,7,3,3,3,6,0,0,1,1,0,0,0,0,13.768954,51.09918
12,18,8,7,7,3,3,5,3,0,0,1,1,0,0,0,0,13.782788,51.042582
12,18,8,7,7,3,3,9,1,0,0,1,0,0,0,0,0,13.811369,51.057181
12,18,8,7,8,3,3,5,3,0,0,1,0,0,0,0,0,13.692656,51.053662
12,18,8,7,8,3,3,5,3,0,0,1,0,0,0,1,0,13.783622,51.057323
12,18,8,7,9,3,2,3,3,0,0,1,0,0,0,1,0,13.705392,51.04336
12,18,8,7,9,3,3,5,3,0,0,1,1,0,0,0,0,13.721486,51.041906
12,18,8,7,9,3,3,5,3,0,0,1,0,0,0,0,0,13.751198,51.067064
12,18,8,7,11,3,2,5,2,0,0,1,1,0,0,0,0,13.745247,51.026828
12,18,8,7,11,3,3,5,3,0,0,1,0,0,0,0,1,13.773812,51.046026
12,18,8,7,13,3,3,5,2,0,0,1,1,0,0,1,0,13.782241,51.113468
12,18,8,7,13,3,3,3,6,0,0,1,1,0,0,0,0,13.796742,51.022793
12,18,8,7,14,3,2,0,1,0,0,1,0,0,0,0,0,13.725764,51.044009
12,18,8,7,14,3,3,0,1,0,0,1,0,0,0,0,0,13.728413,51.061014
12,18,8,7,15,3,3,4,1,0,0,1,0,0,0,0,0,13.745698,51.057469
12,18,8,7,15,3,3,6,6,0,0,1,0,1,0,0,0,13.80066,51.006199
12,18,8,7,15,3,3,5,3,0,0,1,1,0,0,0,0,13.802848,51.040301
12,18,8,7,16,3,3,0,1,0,0,1,1,0,0,0,0,13.722845,51.090349
12,18,8,7,16,3,3,1,1,0,0,1,1,0,0,0,0,13.729171,51.05581
12,18,8,7,16,3,2,5,3,0,0,1,1,0,0,0,0,13.738297,51.039265
12,18,8,7,16,3,3,0,1,0,0,1,0,0,0,0,0,13.757917,51.024698
12,18,8,7,16,3,3,5,2,0,0,1,1,0,0,0,1,13.757935,51.032867
12,18,8,7,16,3,3,2,6,0,0,1,1,0,0,0,0,13.769783,51.044754
12,18,8,7,17,3,3,5,3,0,0,1,1,0,0,0,0,13.732529,51.043515
12,18,8,7,17,3,3,5,3,0,0,1,0,0,0,0,0,13.776589,51.067288
12,18,8,7,17,3,3,5,2,0,0,1,1,0,0,0,0,13.792273,51.043159
12,18,8,7,18,3,3,5,2,0,0,1,1,0,0,0,0,13.744988,51.072314
12,18,8,7,18,3,3,5,3,0,0,1,1,0,0,0,0,13.775195,51.032836
12,18,8,7,18,3,3,0,1,1,0,1,0,0,0,0,1,13.791945,50.999369
12,18,8,7,18,3,2,0,1,0,0,1,0,0,0,0,0,13.823828,51.012918
12,18,8,7,19,3,3,5,2,0,0,1,1,0,0,0,0,13.718427,51.087718
12,18,8,7,22,3,3,2,2,2,0,1,1,0,0,0,0,13.727862,51.084589
12,18,8,7,22,3,3,0,1,2,0,1,0,0,0,0,0,13.739944,51.064554
12,18,8,7,22,3,3,4,1,2,0,1,0,0,0,0,0,13.746919,51.054875
12,18,9,1,2,7,3,0,1,2,0,1,0,0,0,0,0,13.727735,51.058265
12,18,9,1,3,7,2,0,1,2,0,1,0,0,0,0,0,13.717304,51.077271
12,18,9,1,13,7,3,5,3,0,0,1,1,0,0,0,0,13.693467,51.061081
12,18,9,1,13,7,3,5,3,0,0,1,1,0,0,0,0,13.751549,51.047207
12,18,9,1,13,7,3,5,2,0,0,1,1,0,0,0,0,13.760124,51.023306
12,18,9,1,16,7,3,0,1,0,1,1,0,0,0,0,0,13.702784,51.033622
12,18,9,1,17,7,3,5,3,0,0,1,1,0,0,0,0,13.634089,51.087407
12,18,9,1,17,7,3,0,1,0,0,1,0,0,0,0,0,13.72626,51.093931
12,18,9,1,17,7,3,0,1,0,0,1,0,0,0,0,0,13.744972,51.072421
12,18,9,1,20,7,3,5,3,2,0,1,1,0,0,0,0,13.775626,51.045361
12,18,9,2,3,1,2,0,1,2,1,1,0,0,0,0,0,13.753266,51.065346
12,18,9,2,9,1,3,5,3,0,0,1,0,0,0,0,0,13.683758,51.061891
12,18,9,2,11,1,3,0,1,0,0,1,0,0,0,0,0,13.693653,51.043028
12,18,9,2,11,1,3,5,2,0,0,1,1,0,0,0,0,13.695432,51.053175
12,18,9,2,13,1,2,0,1,0,1,1,0,0,0,0,0,13.851178,51.061659
12,18,9,3,5,2,3,5,3,2,0,1,0,0,0,0,1,13.707542,51.041262
12,18,9,3,7,2,3,5,3,0,0,1,1,0,0,0,0,13.766511,51.071282
12,18,9,3,8,2,3,5,3,0,0,1,1,0,0,0,0,13.740724,51.047272
12,18,9,3,9,2,3,0,2,0,0,1,1,0,0,0,0,13.698177,51.044019
12,18,9,3,9,2,2,5,2,0,0,1,0,0,0,0,1,13.744674,51.116314
12,18,9,3,10,2,3,0,1,0,0,1,0,0,0,0,0,13.769037,51.013497
12,18,9,3,11,2,3,5,2,0,0,1,0,0,0,0,1,13.746979,51.066053
12,18,9,3,11,2,2,0,1,0,0,1,0,0,0,0,0,13.753085,51.034496
12,18,9,3,11,2,3,5,2,0,0,1,1,0,0,0,0,13.823592,51.012447
12,18,9,3,14,2,3,5,2,0,0,1,1,0,0,0,0,13.720421,51.051165
12,18,9,3,14,2,2,5,3,0,0,1,0,0,0,0,0,13.747119,51.076183
12,18,9,3,15,2,3,5,3,0,1,1,0,0,0,0,0,13.709674,51.061595
12,18,9,3,15,2,3,5,3,0,0,1,1,0,0,0,0,13.756671,51.065631
12,18,9,3,15,2,3,5,2,0,0,1,0,0,0,1,0,13.765621,51.073294
12,18,9,3,15,2,3,3,6,0,0,1,0,0,0,0,0,13.790389,51.02692
12,18,9,3,16,2,3,5,2,0,0,1,0,0,0,0,1,13.755931,51.055877
12,18,9,3,16,2,3,5,3,0,0,1,1,0,0,0,0,13.787562,51.006037
12,18,9,3,16,2,3,6,4,0,0,1,0,1,0,0,0,13.808889,51.052747
12,18,9,3,18,2,3,2,2,1,0,1,1,0,0,0,0,13.70482,51.039585
12,18,9,3,18,2,3,0,7,0,0,1,0,0,0,0,0,13.798368,51.138437
12,18,9,3,18,2,3,5,3,0,0,1,0,0,0,0,0,13.80617,51.038299
12,18,9,3,19,2,3,0,1,0,0,1,0,0,0,0,0,13.780698,51.116132
12,18,9,3,19,2,3,1,1,2,0,1,1,0,0,0,0,13.788336,51.037192
12,18,9,3,22,2,2,0,1,2,0,1,0,0,0,0,0,13.706323,51.033987
12,18,9,4,6,3,3,5,2,0,0,1,1,0,0,0,0,13.732229,51.052403
12,18,9,4,6,3,3,5,3,0,0,1,1,0,0,0,0,13.768257,51.015701
12,18,9,4,6,3,3,5,2,1,0,1,1,0,0,0,0,13.783797,51.009541
12,18,9,4,7,3,3,6,6,0,0,1,0,1,0,0,0,13.730932,51.07695
12,18,9,4,7,3,3,5,2,0,0,1,1,0,0,0,0,13.788552,51.043281
12,18,9,4,9,3,3,5,3,0,0,1,0,0,0,0,0,13.719234,51.094345
12,18,9,4,9,3,3,5,3,0,0,1,1,0,0,0,0,13.728952,51.059332
12,18,9,4,11,3,2,5,3,0,0,1,1,0,0,0,0,13.705766,51.090559
12,18,9,4,11,3,3,0,1,0,0,1,0,0,0,0,0,13.741254,51.057652