UKREIS,UJAHR,UMONAT,UTAG,USTUNDE,UWOCHENTAG,UKATEGORIE,UART,UTYP,LICHT,USTRZUSTAND,IstRad,IstPKW,IstFuss,IstKrad,IstGkfz,IstSonstige,@lon,@lat
12,18,9,4,13,3,3,3,6,0,0,1,1,0,0,1,0,13.752184,51.058961
12,18,9,4,14,3,3,4,6,0,0,1,0,0,0,0,0,13.733063,51.038707
12,18,9,4,15,3,3,5,2,0,0,1,0,0,0,1,0,13.689314,51.067773
12,18,9,4,15,3,2,0,1,0,0,1,0,0,0,0,0,13.716189,51.065413
12,18,9,4,15,3,3,5,3,0,0,1,1,0,0,0,0,13.771555,51.01573
12,18,9,4,15,3,3,0,1,0,0,1,0,0,0,0,0,13.81206,50.990658
12,18,9,4,16,3,2,5,3,0,0,1,0,0,0,0,0,13.707772,51.020827
12,18,9,4,16,3,3,5,2,0,0,1,1,0,0,0,0,13.75593,51.055876
12,18,9,4,16,3,2,5,3,0,0,1,1,0,0,0,0,13.773597,51.048727
12,18,9,4,16,3,3,5,2,0,0,1,1,0,0,0,0,13.828134,50.997344
12,18,9,4,16,3,3,5,3,0,0,1,0,0,0,0,1,13.85009,51.061778
12,18,9,4,17,3,3,5,3,0,0,1,1,0,0,0,0,13.695383,51.072846
12,18,9,4,17,3,3,5,2,0,0,1,1,0,0,0,0,13.746717,51.06378
12,18,9,4,17,3,3,3,2,0,0,1,1,0,0,0,0,13.754801,51.046275
12,18,9,4,17,3,3,5,3,0,0,1,1,0,0,0,0,13.781193,51.035958
12,18,9,4,18,3,3,3,1,0,0,1,1,0,0,0,0,13.730664,51.068963
12,18,9,4,18,3,3,5,3,1,0,1,1,0,0,0,0,13.793607,51.129189
12,18,9,4,19,3,3,0,1,0,0,1,0,0,0,0,0,13.702887,51.038226
12,18,9,4,20,3,3,1,5,2,0,1,1,0,0,0,0,13.720268,51.03928
12,18,9,4,21,3,3,0,1,2,0,1,1,0,0,0,0,13.715852,51.080656
12,18,9,5,4,4,3,0,1,2,0,1,0,0,0,0,0,13.700779,51.043774
12,18,9,5,7,4,2,3,6,0,0,1,0,0,0,0,1,13.785148,51.029002
12,18,9,5,7,4,3,0,1,0,0,1,0,0,0,0,0,13.848932,51.053301
12,18,9,5,8,4,3,4,2,0,0,1,1,0,0,0,0,13.802521,50.994832
12,18,9,5,9,4,3,5,2,0,0,1,1,0,0,0,0,13.777364,51.058758
12,18,9,5,9,4,2,0,1,0,0,1,0,0,0,0,0,13.843208,51.020328
12,18,9,5,11,4,3,0,2,0,0,1,1,0,0,0,0,13.767776,51.026084
12,18,9,5,15,4,3,1,1,0,0,1,1,0,0,0,0,13.721429,51.094524
12,18,9,5,15,4,3,0,1,0,0,1,0,0,0,0,0,13.771469,51.046525
12,18,9,5,15,4,3,5,3,0,0,1,0,0,0,0,1,13.783738,51.017716
12,18,9,5,16,4,3,0,3,0,0,1,0,0,0,0,1,13.736246,51.042363
12,18,9,5,16,4,3,5,2,0,0,1,1,0,0,0,0,13.762435,51.085008
12,18,9,5,16,4,3,0,7,0,0,1,1,0,0,0,0,13.789203,51.027391
12,18,9,5,17,4,3,3,2,0,0,1,1,0,0,0,0,13.655349,51.081387
12,18,9,5,17,4,3,5,3,0,0,1,0,0,0,0,0,13.702208,51.045826
12,18,9,5,17,4,3,5,3,0,0,1,1,0,0,0,0,13.752235,51.077782
12,18,9,5,17,4,3,0,1,0,0,1,0,0,0,0,0,13.767897,51.042879
12,18,9,5,17,4,2,5,2,0,0,1,1,0,0,0,0,13.792803,51.059335
12,18,9,5,18,4,3,4,3,0,0,1,0,0,0,0,0,13.71841,51.053409
12,18,9,6,5,5,3,5,3,2,0,1,1,0,0,0,0,13.742018,51.064675
12,18,9,6,5,5,3,5,3,2,0,1,1,0,0,0,0,13.757977,51.052259
12,18,9,6,6,5,3,5,2,1,0,1,0,0,0,1,0,13.722174,51.054046
12,18,9,6,9,5,3,0,1,0,0,1,0,0,0,0,0,13.77773,51.052881
12,18,9,6,10,5,2,0,1,0,0,1,0,0,0,0,0,13.851077,51.061644
12,18,9,6,12,5,3,4,6,0,0,1,0,0,0,0,0,13.730381,51.08213
12,18,9,6,12,5,3,4,6,0,0,1,0,0,0,0,0,13.730419,51.082091
12,18,9,6,13,5,3,0,2,0,0,1,0,0,0,1,0,13.728329,51.043551
12,18,9,6,13,5,3,0,7,0,0,1,1,0,0,0,0,13.742916,51.072889
12,18,9,6,14,5,3,1,5,0,0,1,1,0,0,0,0,13.697896,51.014839
12,18,9,6,16,5,3,4,6,0,0,1,0,0,0,0,0,13.64898,51.043076
12,18,9,6,16,5,3,2,6,0,0,1,1,0,0,0,0,13.726247,51.081793
12,18,9,6,16,5,3,4,1,0,0,1,0,0,0,0,0,13.753991,51.057675
12,18,9,6,16,5,3,5,3,0,0,1,1,0,0,0,0,13.795394,51.045091
12,18,9,6,17,5,3,0,2,0,0,1,0,0,0,0,1,13.727966,51.060202
12,18,9,6,17,5,3,0,7,0,0,1,1,0,0,0,0,13.748412,51.076144
12,18,9,6,17,5,3,0,1,0,0,1,0,0,0,0,0,13.752304,51.070891
12,18,9,6,18,5,3,0,7,0,0,1,1,0,0,0,0,13.68459,51.048695
12,18,9,7,5,6,3,6,6,0,0,1,0,1,0,0,0,13.738844,51.083766
12,18,9,7,5,6,3,6,2,2,1,1,0,1,0,0,0,13.777364,51.058756
12,18,9,7,8,6,3,5,3,0,0,1,1,0,0,0,0,13.702133,51.034932
12,18,9,7,8,6,2,5,3,0,0,1,1,0,0,0,0,13.725158,51.05026
12,18,9,7,8,6,3,5,3,2,1,1,0,0,0,0,1,13.757837,51.075869
12,18,9,7,8,6,3,3,6,0,1,1,0,0,0,0,1,13.775334,51.069848
12,18,9,7,10,6,3,0,1,0,0,1,0,0,0,0,0,13.728124,51.071148
12,18,9,7,10,6,3,0,1,0,1,1,0,0,0,0,0,13.794494,51.053551
12,18,9,7,10,6,3,3,2,0,0,1,1,0,0,0,0,13.809223,51.047379
12,18,9,7,11,6,3,5,3,0,0,1,0,0,0,0,1,13.746977,51.066028
12,18,9,7,13,6,3,3,6,0,0,1,0,0,0,0,1,13.824378,51.010428
12,18,9,7,14,6,3,0,1,0,1,1,0,0,0,0,0,13.831074,50.999574
12,18,9,7,16,6,3,2,6,0,0,1,1,0,0,0,0,13.743619,51.035673
12,18,9,7,17,6,3,6,4,0,1,1,0,1,0,0,0,13.763272,51.050527
12,18,10,1,7,2,3,5,2,0,1,1,1,0,0,0,0,13.745098,51.072289
12,18,10,1,7,2,3,5,3,0,1,1,1,0,0,0,0,13.779729,51.040936
12,18,10,1,8,2,3,6,4,0,0,1,0,1,0,0,0,13.759918,51.027337
12,18,10,1,8,2,2,3,6,0,0,1,0,0,0,0,1,13.780893,51.031439
12,18,10,1,9,2,3,5,2,0,1,1,1,0,0,0,0,13.714128,51.035476
12,18,10,1,11,2,3,5,3,0,0,1,0,0,0,0,1,13.732484,51.077942
12,18,10,1,12,2,3,5,3,0,0,1,1,0,0,0,0,13.690053,51.075084
12,18,10,1,15,2,2,0,1,0,0,1,0,0,0,0,0,13.708423,51.02895
12,18,10,1,15,2,3,7,1,0,0,1,0,0,0,0,0,13.813488,51.053551
12,18,10,1,16,2,3,5,2,0,0,1,0,0,0,0,1,13.741944,51.116984
12,18,10,1,16,2,3,0,5,1,1,1,0,0,0,0,1,13.757491,51.032409
12,18,10,1,16,2,3,5,2,1,0,1,1,0,0,0,0,13.769388,51.009879
12,18,10,1,17,2,3,0,1,0,0,1,0,0,0,0,0,13.811807,51.020391
12,18,10,1,19,2,3,5,3,2,0,1,1,0,0,0,0,13.77182,51.046876
12,18,10,2,7,3,3,5,3,0,0,1,1,0,0,0,0,13.754147,51.069339
12,18,10,2,7,3,3,2,6,0,1,1,1,0,0,0,0,13.802342,51.012158
12,18,10,2,10,3,2,5,2,0,0,1,0,0,0,0,1,13.715638,51.036918
12,18,10,2,10,3,2,5,3,0,0,1,1,0,0,0,0,13.747319,51.070404
12,18,10,2,11,3,3,5,3,0,0,1,1,0,0,0,0,13.789156,51.005052
12,18,10,2,12,3,3,0,1,0,1,1,0,0,0,0,0,13.75797,51.052259
12,18,10,2,15,3,3,5,2,0,0,1,1,0,0,0,0,13.700313,51.044954
12,18,10,2,15,3,3,0,1,0,0,1,0,0,0,0,0,13.723257,51.04987
12,18,10,2,16,3,3,1,5,0,0,1,1,0,0,0,0,13.664841,51.059371
12,18,10,2,16,3,3,5,3,0,0,1,1,0,0,0,0,13.7048,51.088965
12,18,10,2,16,3,3,3,6,0,0,1,1,0,0,0,0,13.727164,51.047949
12,18,10,2,16,3,3,5,2,0,0,1,1,0,0,0,0,13.734244,51.074664
12,18,10,2,16,3,3,0,1,0,0,1,0,0,0,0,0,13.745447,51.027456
12,18,10,2,16,3,3,5,2,0,0,1,1,0,0,0,0,13.783901,51.009624
12,18,10,2,16,3,3,6,6,0,1,1,0,1,0,0,0,13.790302,51.020504
12,18,10,2,16,3,3,0,1,0,1,1,0,0,0,0,0,13.805615,51.026123
12,18,10,2,18,3,2,5,3,2,0,1,1,0,0,0,0,13.665303,51.040034
12,18,10,2,19,3,3,5,3,2,0,1,1,0,0,0,0,13.745637,51.04931
12,18,10,2,19,3,2,0,1,2,0,1,0,0,0,0,0,13.827033,51.039839
12,18,10,2,22,3,3,0,1,2,0,1,0,0,0,0,0,13.705375,51.051052
12,18,10,3,10,4,3,0,1,0,1,1,0,0,0,0,0,13.690015,51.042572
12,18,10,3,11,4,3,3,2,0,0,1,1,0,0,0,0,13.739035,51.050289
12,18,10,3,13,4,2,5,3,0,0,1,0,0,0,0,1,13.705376,51.034296
12,18,10,3,14,4,3,5,1,0,0,1,1,0,0,0,0,13.741916,51.032236
12,18,10,3,15,4,3,5,2,0,0,1,0,0,1,0,0,13.737032,51.063233
12,18,10,3,16,4,3,5,3,0,0,1,1,0,0,0,0,13.760899,51.033424
12,18,10,3,16,4,3,5,3,0,0,1,1,0,0,0,0,13.803232,51.021732
12,18,10,3,17,4,3,4,6,0,0,1,0,0,0,0,0,13.736907,51.029088
12,18,10,3,17,4,2,5,3,1,0,1,1,0,0,0,0,13.745457,51.068316
12,18,10,3,18,4,3,5,2,1,0,1,1,0,0,0,0,13.739308,51.073976
12,18,10,4,6,5,3,4,1,1,0,1,0,0,0,0,0,13.740414,51.064725
12,18,10,4,6,5,2,0,2,1,0,1,1,0,0,0,0,13.888623,51.064217
12,18,10,4,8,5,3,0,1,0,1,1,0,0,0,0,0,13.706463,51.084661
12,18,10,4,9,5,3,6,4,0,1,1,0,1,0,0,0,13.720546,51.029739
12,18,10,4,10,5,3,0,1,0,0,1,0,0,0,0,0,13.708736,51.044649
12,18,10,4,12,5,3,5,3,0,0,1,1,0,0,0,0,13.719565,51.035208
12,18,10,4,12,5,3,4,6,0,0,1,0,0,0,0,0,13.730976,51.03391
12,18,10,4,13,5,3,0,3,0,0,1,1,0,0,0,0,13.698505,51.074236
12,18,10,4,14,5,3,5,3,0,0,1,1,0,0,0,0,13.736984,51.031349
12,18,10,4,14,5,3,5,3,0,0,1,1,0,0,0,0,13.737328,51.085369
12,18,10,4,15,5,3,5,3,0,0,1,1,0,0,0,0,13.768257,51.015701
12,18,10,4,16,5,3,5,3,0,0,1,1,0,0,0,0,13.740267,51.064673
12,18,10,4,16,5,3,3,2,0,0,1,1,0,0,0,0,13.75866,51.049484
12,18,10,4,16,5,3,1,1,0,0,1,1,0,0,0,0,13.854355,51.008783
12,18,10,4,17,5,3,5,3,0,0,1,1,0,0,0,0,13.768177,51.015866
12,18,10,4,17,5,3,1,3,0,0,1,1,0,0,0,0,13.857943,51.004335
12,18,10,4,19,5,3,4,6,2,0,1,0,0,0,0,0,13.687385,51.083586
12,18,10,4,19,5,3,0,1,2,0,1,0,0,0,0,0,13.731548,51.039554
12,18,10,4,20,5,3,6,4,2,0,1,0,1,0,0,0,13.749267,51.064549
12,18,10,4,20,5,3,5,3,2,0,1,1,0,0,0,0,13.777197,51.060089
12,18,10,5,4,6,3,0,6,2,0,1,1,0,0,0,0,13.811789,51.020509
12,18,10,5,5,6,3,5,3,2,0,1,1,0,0,0,0,13.780156,51.116168
12,18,10,5,7,6,3,5,2,0,0,1,1,0,0,0,0,13.879573,51.059934
12,18,10,5,11,6,3,1,5,0,0,1,1,0,0,0,0,13.835278,51.024867
12,18,10,5,12,6,3,4,6,0,0,1,0,0,0,0,0,13.688861,51.082992
12,18,10,5,12,6,3,0,7,0,0,1,0,0,0,0,0,13.722214,51.049695
12,18,10,5,14,6,3,5,3,0,0,1,1,0,0,0,0,13.735874,51.041757
12,18,10,5,14,6,3,5,3,0,0,1,0,0,0,0,0,13.736257,51.047228
12,18,10,5,15,6,2,5,3,0,0,1,1,0,0,0,0,13.720469,51.082723
12,18,10,5,16,6,2,6,4,0,0,1,0,1,0,0,0,13.825125,51.062498
12,18,10,5,16,6,3,0,3,0,0,1,1,0,0,0,0,13.836637,51.000218
12,18,10,5,18,6,3,3,6,0,0,1,1,0,0,0,0,13.736605,51.042686
12,18,10,6,0,7,3,0,1,2,0,1,0,0,0,0,0,13.714423,51.037685
12,18,10,6,11,7,2,1,1,0,0,1,1,0,0,0,0,13.778172,51.122587
12,18,10,6,14,7,3,0,7,0,0,1,0,0,0,0,0,13.798546,50.993076
12,18,10,6,15,7,2,0,1,0,0,1,0,0,0,0,0,13.769902,51.024985
12,18,10,6,15,7,3,0,1,0,0,1,0,0,0,0,0,13.904937,51.021936
12,18,10,6,20,7,3,3,5,2,0,1,1,0,0,0,0,13.802778,51.040548
12,18,10,6,23,7,2,0,1,2,0,1,0,0,0,0,0,13.750881,51.063223
12,18,10,7,10,1,2,5,3,0,0,1,1,0,0,0,0,13.766871,51.163109
12,18,10,7,11,1,3,4,1,0,0,1,1,0,0,0,0,13.783163,51.070738
12,18,10,7,14,1,3,0,2,0,0,1,0,0,0,0,0,13.815282,51.045332
12,18,10,7,17,1,3,8,1,0,0,1,0,0,0,0,0,13.725418,51.070084
12,18,10,7,17,1,3,2,2,0,0,1,1,0,0,0,0,13.740254,51.064785
12,18,11,1,6,5,3,0,7,1,0,1,1,0,0,0,0,13.714026,51.086404
12,18,11,1,7,5,3,5,3,0,0,1,1,0,0,0,0,13.760673,51.049193
12,18,11,1,7,5,2,4,2,0,0,1,1,0,0,0,0,13.770271,51.028874
12,18,11,1,7,5,3,5,3,0,0,1,1,0,0,0,0,13.77763,51.056048
12,18,11,1,7,5,3,5,3,0,0,1,1,0,0,0,0,13.785329,51.035943
12,18,11,1,7,5,3,3,2,1,1,1,1,0,0,0,0,13.844695,51.003275
12,18,11,1,8,5,3,0,1,0,0,1,0,0,0,0,0,13.746217,51.028999
12,18,11,1,8,5,2,3,6,0,0,1,1,0,0,0,0,13.75091,51.060509
12,18,11,1,8,5,3,5,2,0,0,1,0,0,0,0,1,13.77724,51.059599
12,18,11,1,15,5,3,3,6,0,0,1,0,0,0,0,0,13.732448,51.061023
12,18,11,1,18,5,3,1,5,2,0,1,1,0,0,0,0,13.789289,51.036246
12,18,11,1,18,5,3,3,2,2,0,1,1,0,0,0,0,13.803077,51.04743
12,18,11,1,19,5,3,0,1,2,0,1,0,0,0,0,0,13.733683,51.062956
12,18,11,1,19,5,3,4,2,2,0,1,1,0,0,0,0,13.766453,51.09356
12,18,11,1,19,5,3,3,2,2,0,1,1,0,0,0,0,13.777403,51.058741
12,18,11,1,23,5,3,8,1,2,0,1,0,0,0,0,0,13.73029,51.03181
12,18,11,2,7,6,3,7,1,0,0,1,0,0,0,0,0,13.865875,51.013827
12,18,11,2,8,6,2,4,2,0,0,1,1,0,0,0,0,13.704743,51.046312
12,18,11,2,8,6,3,4,6,0,0,1,0,0,0,0,0,13.720809,51.054512
12,18,11,2,8,6,3,0,7,0,0,1,1,0,0,0,0,13.785428,51.04939
12,18,11,2,8,6,3,3,6,0,0,1,1,0,0,0,0,13.789884,51.047309
12,18,11,2,10,6,3,2,2,0,0,1,1,0,0,0,0,13.733078,51.04848
12,18,11,2,10,6,3,5,3,0,0,1,1,0,0,0,0,13.737896,51.047027
12,18,11,2,11,6,3,5,3,0,0,1,0,0,0,0,1,13.732484,51.077942
12,18,11,2,12,6,3,0,1,0,0,1,0,0,0,0,0,13.741502,51.023636
12,18,11,2,12,6,3,3,6,0,0,1,1,0,0,0,0,13.767238,51.118775
12,18,11,2,13,6,3,5,3,0,1,1,1,0,0,0,0,13.749578,51.033599
12,18,11,2,14,6,3,3,6,0,0,1,1,0,0,0,0,13.710807,51.10422
12,18,11,2,14,6,3,1,5,0,0,1,0,0,0,0,1,13.776225,51.115942
12,18,11,2,14,6,3,0,7,0,0,1,0,0,0,0,0,13.781329,51.127898
12,18,11,2,14,6,3,5,2,0,0,1,1,0,0,0,0,13.830986,51.009917
12,18,11,2,14,6,3,2,6,0,0,1,1,0,0,0,0,13.836187,51.026509
12,18,11,2,15,6,3,5,3,0,0,1,1,0,0,0,0,13.785325,51.035947
12,18,11,2,16,6,2,0,1,2,0,1,0,0,0,0,0,13.816201,51.054304
12,18,11,2,17,6,3,0,1,2,0,1,0,0,0,0,0,13.654221,51.046851
12,18,11,2,17,6,3,5,3,2,0,1,1,0,0,0,0,13.777195,51.060112
12,18,11,2,18,6,3,5,3,2,0,1,0,0,0,0,0,13.749821,51.077631
12,18,11,2,19,6,3,0,1,2,2,1,0,0,0,0,0,13.734264,51.061582
12,18,11,2,19,6,2,5,3,2,0,1,0,0,0,0,1,13.791359,51.046769
12,18,11,3,16,7,3,5,3,2,0,1,1,0,0,0,0,13.770863,51.039753
12,18,11,4,3,1,2,0,1,2,0,1,0,0,0,0,0,13.728258,51.084222
12,18,11,4,13,1,3,4,7,0,1,1,1,0,0,0,0,13.807182,51.006861
12,18,11,4,16,1,3,5,3,2,0,1,1,0,0,0,0,13.728951,51.059333
12,18,11,4,16,1,3,0,1,0,0,1,0,0,0,0,0,13.808992,51.011924
12,18,11,4,18,1,3,1,5,2,0,1,1,0,0,0,0,13.744381,51.072481
12,18,11,5,0,2,2,5,3,2,0,1,1,0,0,0,0,13.783982,51.047176
12,18,11,5,6,2,3,1,7,1,0,1,1,0,0,0,0,13.725716,51.050372
12,18,11,5,6,2,2,0,1,2,0,1,0,0,0,0,0,13.780087,51.116178
12,18,11,5,7,2,2,1,5,0,0,1,1,0,0,0,0,13.718975,51.032199
12,18,11,5,7,2,2,5,3,0,1,1,1,0,0,0,0,13.742017,51.064676
12,18,11,5,7,2,3,3,6,0,0,1,1,0,0,0,0,13.750235,51.071471
12,18,11,5,7,2,3,5,3,0,1,1,1,0,0,0,0,13.757722,51.062717
12,18,11,5,7,2,3,8,6,1,0,1,1,0,0,0,0,13.80961,50.98793
12,18,11,5,8,2,3,1,5,0,0,1,0,0,0,0,1,13.83261,51.002922
12,18,11,5,11,2,2,0,1,0,1,1,0,0,0,0,0,13.720263,51.037856
12,18,11,5,11,2,3,6,4,0,0,1,0,1,0,0,0,13.821071,51.036922
12,18,11,5,12,2,3,1,5,0,0,1,1,0,0,0,0,13.728307,51.056784
12,18,11,5,13,2,3,0,1,0,0,1,0,0,0,0,0,13.709697,51.044884
12,18,11,5,14,2,3,3,6,0,0,1,0,0,0,0,0,13.715519,51.088319
12,18,11,5,16,2,3,5,3,2,0,1,1,0,0,0,0,13.752936,51.073846
12,18,11,5,17,2,3,5,3,2,0,1,1,0,0,0,0,13.720578,51.049438
12,18,11,6,5,3,3,5,3,2,0,1,1,0,0,0,0,13.728955,51.05933
12,18,11,6,7,3,3,5,3,0,0,1,1,0,0,0,0,13.749631,51.033345
12,18,11,6,7,3,3,5,3,1,0,1,1,0,0,0,0,13.752432,51.116166
12,18,11,6,7,3,3,3,2,0,0,1,1,0,0,0,0,13.755946,51.055883
12,18,11,6,7,3,3,5,3,0,0,1,1,0,0,0,0,13.765152,51.064939
12,18,11,6,8,3,3,1,5,0,0,1,1,0,0,0,0,13.726329,51.08462
12,18,11,6,9,3,3,5,3,0,0,1,1,0,0,0,0,13.752642,51.060462
12,18,11,6,9,3,3,5,3,0,0,1,1,0,0,0,0,13.770291,51.028867
12,18,11,6,13,3,3,4,6,0,0,1,0,0,0,0,0,13.720942,51.092485
12,18,11,6,13,3,3,5,3,0,1,1,1,0,0,0,0,13.752602,51.060448
12,18,11,6,16,3,3,5,2,1,0,1,1,0,0,0,0,13.744039,51.064414
12,18,11,7,6,4,3,5,3,2,0,1,1,0,0,0,0,13.755439,51.049999
12,18,11,7,7,4,2,5,3,0,0,1,1,0,0,0,0,13.751353,51.023023
12,18,11,7,7,4,3,2,7,0,0,1,1,0,0,0,0,13.757741,51.062543
12,18,11,7,8,4,3,5,3,0,2,1,1,0,0,0,0,13.704527,51.040032
12,18,11,7,8,4,3,5,2,0,0,1,1,0,0,0,0,13.812504,51.019855
12,18,11,7,9,4,3,5,3,0,0,1,1,0,0,0,0,13.767431,51.066511
12,18,11,7,9,4,3,5,2,0,0,1,1,0,0,0,0,13.798157,51.023833
12,18,11,7,14,4,2,5,3,0,0,1,1,0,0,0,0,13.738474,51.074138
12,18,11,7,15,4,3,0,1,1,0,1,0,0,0,0,0,13.774455,51.033252
12,18,11,7,16,4,3,3,6,0,0,1,1,0,0,0,0,13.756044,51.073598
12,18,11,7,16,4,3,5,3,0,0,1,1,0,0,0,0,13.795437,51.042886
12,18,11,7,17,4,3,5,3,2,0,1,1,0,0,0,0,13.726161,51.086349
12,18,11,7,18,4,2,5,2,2,0,1,1,0,0,0,0,13.72319,51.03395
12,18,12,1,0,7,3,5,3,2,0,1,0,0,0,0,1,13.749889,51.063366
12,18,12,1,22,7,3,2,6,2,0,1,1,0,0,0,0,13.730597,51.069045
12,18,12,2,10,1,3,5,3,0,0,1,1,0,0,0,0,13.777672,51.031882
12,18,12,3,6,2,3,5,3,2,1,1,1,0,0,0,0,13.808411,51.045268
12,18,12,3,10,2,2,0,3,0,1,1,1,0,0,0,0,13.742202,51.065238
12,18,12,3,10,2,2,0,1,0,1,1,0,0,0,0,0,13.765724,51.071181
12,18,12,3,12,2,3,4,2,0,1,1,1,0,0,0,0,13.721448,51.041891
12,18,12,3,13,2,3,5,2,0,1,1,1,0,0,0,0,13.748567,51.071688
12,18,12,3,16,2,3,6,7,2,0,1,0,1,0,0,0,13.75576,51.026415
12,18,12,3,16,2,2,5,3,1,1,1,1,0,0,0,0,13.780961,51.045854
12,18,12,3,17,2,3,3,6,2,0,1,1,0,0,0,0,13.782515,51.033089
12,18,12,3,20,2,3,8,1,2,1,1,0,0,0,0,0,13.705851,51.043533
12,18,12,3,22,2,3,5,3,2,1,1,1,0,0,0,0,13.741836,51.046155
12,18,12,4,5,3,2,4,6,2,1,1,0,0,0,0,0,13.747474,51.053449
12,18,12,4,6,3,3,5,3,2,1,1,0,0,0,0,1,13.705143,51.085195
12,18,12,4,7,3,3,5,3,1,1,1,1,0,0,0,0,13.699863,51.074483
12,18,12,4,9,3,3,5,3,0,0,1,1,0,0,0,0,13.799718,50.99843
12,18,12,4,14,3,3,5,3,0,0,1,1,0,0,0,0,13.739479,51.062824
12,18,12,4,14,3,3,4,2,0,1,1,1,0,0,0,0,13.786895,51.015835
12,18,12,4,15,3,2,5,3,0,0,1,1,0,0,0,0,13.709071,51.084339
12,18,12,4,17,3,3,3,2,2,0,1,1,0,0,0,0,13.779835,51.044302
12,18,12,4,18,3,3,2,6,2,0,1,1,0,0,0,0,13.724271,51.030737
12,18,12,4,19,3,3,5,3,2,1,1,1,0,0,0,0,13.702218,51.032873
12,18,12,4,20,3,3,5,3,2,0,1,1,0,0,0,0,13.727496,51.044807
12,18,12,4,21,3,3,5,3,2,1,1,1,0,0,0,0,13.729467,51.045697
12,18,12,5,7,4,3,5,3,0,0,1,1,0,0,0,0,13.747528,51.051665
12,18,12,5,7,4,3,5,2,1,1,1,0,0,0,0,1,13.755929,51.055876
12,18,12,5,7,4,3,6,4,0,0,1,0,0,0,0,1,13.788504,51.043282
12,18,12,5,9,4,3,5,3,0,1,1,1,0,0,0,0,13.722104,51.091269
12,18,12,5,12,4,3,4,6,0,0,1,1,0,0,0,0,13.69017,51.060516
12,18,12,5,14,4,3,5,3,0,0,1,0,0,1,0,0,13.71927,51.076438
12,18,12,5,15,4,3,0,1,0,0,1,0,0,0,0,0,13.791568,51.006746
12,18,12,5,16,4,3,4,2,2,0,1,1,0,0,0,0,13.770268,51.028922
12,18,12,6,7,5,3,3,6,0,0,1,1,0,0,0,0,13.763746,51.087209
12,18,12,6,11,5,3,0,7,0,0,1,0,0,0,0,0,13.704695,51.036066
12,18,12,6,11,5,3,0,1,0,1,1,1,0,0,0,0,13.708501,51.030512
12,18,12,6,13,5,3,5,3,0,0,1,1,0,0,0,0,13.777927,51.03845
12,18,12,6,16,5,3,1,7,2,1,1,1,0,0,0,0,13.756248,51.068665
12,18,12,6,22,5,2,0,7,2,0,1,0,0,0,0,0,13.744881,51.06833
12,18,12,6,22,5,3,5,2,2,1,1,1,0,0,0,0,13.769032,51.09938
12,18,12,7,1,6,3,0,1,2,0,1,0,0,0,0,0,13.725842,51.032409
12,18,12,7,6,6,3,5,2,2,0,1,1,0,0,0,0,13.759177,51.03415
12,18,12,7,17,6,3,5,3,2,1,1,1,0,0,0,0,13.756566,51.055093
12,18,12,7,19,6,2,5,3,2,1,1,0,0,0,0,1,13.703334,51.050654
12,18,12,7,20,6,2,5,2,2,0,1,1,0,0,0,0,13.671198,51.016772
12,18,12,7,20,6,3,0,1,2,0,1,0,0,0,0,0,13.780535,51.019455
12,19,1,1,5,3,3,6,6,2,0,1,0,1,0,0,0,13.723232,51.040613
12,19,1,1,7,3,3,5,3,2,1,1,1,0,0,0,0,13.757962,51.05226
12,19,1,1,8,3,3,0,1,0,2,1,0,0,0,0,0,13.790711,51.058434
12,19,1,1,14,3,3,5,3,0,1,1,1,0,0,0,0,13.757947,51.075903
12,19,1,1,16,3,3,5,2,1,1,1,1,0,0,0,0,13.752941,51.073851
12,19,1,1,17,3,3,4,2,2,0,1,1,0,0,0,0,13.822732,51.004862
12,19,1,1,18,3,3,5,2,2,1,1,1,0,0,0,0,13.717883,51.053169
12,19,1,1,18,3,3,5,3,2,0,1,1,0,0,0,0,13.725166,51.050253
12,19,1,1,18,3,2,0,1,2,1,1,0,0,0,0,0,13.785019,51.029053
12,19,1,2,4,4,3,0,7,2,0,1,0,0,0,0,0,13.72656,51.031518
12,19,1,2,7,4,3,2,2,2,1,1,1,0,0,0,0,13.746099,51.057482
12,19,1,2,7,4,3,5,3,2,2,1,1,0,0,0,0,13.809205,51.047392
12,19,1,2,7,4,3,5,3,2,1,1,1,0,0,0,0,13.822763,51.004844
12,19,1,2,13,4,3,5,3,0,0,1,1,0,0,0,0,13.733019,51.034021
12,19,1,2,16,4,3,5,2,2,1,1,1,0,0,0,0,13.777627,51.056081
12,19,1,2,19,4,3,0,1,2,0,1,0,0,0,0,0,13.70941,51.022755
12,19,1,3,6,5,3,5,3,2,0,1,1,0,0,0,0,13.756571,51.055095
12,19,1,3,7,5,3,5,3,0,0,1,1,0,0,0,0,13.709913,51.028587
12,19,1,3,8,5,3,3,2,1,2,1,0,0,0,0,1,13.708485,51.046931
12,19,1,3,8,5,3,5,2,0,0,1,1,0,0,0,0,13.729446,51.045716
12,19,1,3,8,5,2,0,7,0,0,1,1,0,0,0,0,13.729847,51.087772
12,19,1,3,10,5,3,5,3,0,1,1,1,0,0,0,0,13.78949,51.018324
12,19,1,3,15,5,3,0,7,0,0,1,1,0,0,0,0,13.76382,51.044043
12,19,1,3,18,5,3,0,7,2,0,1,1,0,0,0,0,13.703089,51.08926
12,19,1,3,18,5,3,2,2,2,0,1,1,0,0,0,0,13.78116,51.043022
12,19,1,4,7,6,3,5,3,1,1,1,1,0,0,0,0,13.803256,51.021745