UKREIS,UJAHR,UMONAT,UTAG,USTUNDE,UWOCHENTAG,UKATEGORIE,UART,UTYP,LICHT,USTRZUSTAND,IstRad,IstPKW,IstFuss,IstKrad,IstGkfz,IstSonstige,@lon,@lat
12,19,1,4,7,6,3,0,1,0,1,1,0,0,0,0,0,13.806171,51.011482
12,19,1,4,13,6,3,0,1,0,1,1,0,0,0,0,0,13.757536,51.068282
12,19,1,4,15,6,3,5,3,0,1,1,1,0,0,0,0,13.749142,51.057671
12,19,1,4,16,6,3,3,2,2,1,1,1,0,0,0,0,13.749178,51.03359
12,19,1,4,18,6,3,6,6,1,0,1,0,1,0,0,0,13.664366,51.04608
12,19,1,5,11,7,3,0,1,0,1,1,0,0,0,0,0,13.784247,51.053546
12,19,1,5,12,7,2,4,3,0,0,1,1,0,0,0,0,13.677454,51.059692
12,19,1,5,17,7,3,5,3,2,1,1,1,0,0,0,0,13.791342,51.046753
12,19,1,6,1,1,3,7,1,2,1,1,0,0,0,0,0,13.748007,51.068744
12,19,1,6,11,1,3,0,1,0,0,1,0,0,0,0,0,13.829022,51.007647
12,19,1,7,6,2,3,5,3,1,1,1,1,0,0,0,0,13.752955,51.073867
12,19,1,7,7,2,3,5,3,2,1,1,1,0,0,0,0,13.705929,51.090847
12,19,1,7,8,2,3,3,2,0,1,1,1,0,0,0,0,13.713697,51.052117
12,19,1,7,8,2,3,2,6,0,0,1,1,0,0,0,0,13.752947,51.073858
12,19,1,7,8,2,2,0,1,0,2,1,0,0,0,0,0,13.769966,51.049373
12,19,1,7,9,2,3,5,3,0,0,1,1,0,0,0,0,13.728944,51.059338
12,19,1,7,9,2,2,5,3,0,0,1,0,0,0,0,1,13.809798,51.023039
12,19,1,7,12,2,3,5,3,0,0,1,1,0,0,0,0,13.701588,51.030593
12,19,1,7,14,2,2,0,7,0,0,1,0,0,0,0,0,13.73897,51.065872
12,19,1,7,14,2,3,5,3,0,1,1,1,0,0,0,0,13.775624,51.045362
12,19,1,7,17,2,3,5,3,2,0,1,1,0,0,0,0,13.723757,51.045383
12,19,1,7,17,2,3,1,5,2,1,1,1,0,0,0,0,13.794545,51.025274
12,19,1,7,20,2,3,5,3,2,0,1,1,0,0,0,0,13.716484,51.077623
12,19,2,1,7,6,3,5,3,0,0,1,1,0,0,0,0,13.74777,51.082351
12,19,2,1,8,6,2,5,3,0,0,1,1,0,0,0,0,13.701251,51.093067
12,19,2,1,12,6,3,2,6,0,1,1,0,0,0,0,1,13.749132,51.033519
12,19,2,1,15,6,3,4,6,0,0,1,1,0,0,0,0,13.880276,51.006776
12,19,2,1,16,6,2,5,3,0,1,1,1,0,0,0,0,13.779442,51.070683
12,19,2,2,12,7,3,4,6,0,0,1,0,0,0,0,0,13.774716,51.033221
12,19,2,2,14,7,3,5,3,0,0,1,1,0,0,0,0,13.724807,51.050745
12,19,2,2,15,7,3,5,3,0,0,1,1,0,0,0,0,13.801679,51.046145
12,19,2,3,15,1,3,0,1,0,0,1,0,0,0,0,0,13.778959,51.0378
12,19,2,3,16,1,3,0,1,0,0,1,0,0,0,0,0,13.677857,51.043188
12,19,2,3,16,1,3,0,1,0,0,1,0,0,0,0,0,13.736873,51.087546
12,19,2,3,22,1,2,1,5,2,0,1,1,0,0,0,0,13.741916,51.073171
12,19,2,4,7,2,3,3,6,0,1,1,0,0,0,0,0,13.74883,51.037464
12,19,2,4,14,2,2,6,7,0,0,1,0,1,0,0,0,13.741297,51.064741
12,19,2,4,14,2,3,5,3,0,0,1,1,0,0,0,0,13.763468,51.000084
12,19,2,4,17,2,3,5,2,1,1,1,1,0,0,0,0,13.740247,51.053739
12,19,2,4,18,2,3,0,1,2,2,1,0,0,0,0,0,13.836759,51.026018
12,19,2,4,22,2,3,5,3,2,0,1,1,0,0,0,0,13.756567,51.055094
12,19,2,5,6,3,3,5,3,2,1,1,0,0,0,0,1,13.705922,51.090834
12,19,2,5,6,3,3,5,3,2,0,1,1,0,0,0,0,13.723094,51.045593
12,19,2,5,10,3,3,5,3,0,0,1,1,0,0,0,0,13.878474,51.05996
12,19,2,5,13,3,3,1,1,0,0,1,1,0,0,0,0,13.749414,51.064698
12,19,2,5,14,3,2,0,1,0,0,1,0,0,0,0,1,13.718741,51.087841
12,19,2,5,14,3,3,0,7,0,1,1,1,0,0,0,0,13.768019,51.051322
12,19,2,5,15,3,3,0,1,0,1,1,0,0,0,0,0,13.757187,51.049818
12,19,2,5,18,3,3,0,1,2,2,1,0,0,0,0,0,13.755313,51.064348
12,19,2,6,10,4,3,5,3,0,0,1,0,0,0,0,0,13.736819,51.063083
12,19,2,6,10,4,3,5,3,0,0,1,1,0,0,0,0,13.747545,51.051699
12,19,2,6,15,4,3,5,3,0,0,1,1,0,0,0,0,13.691235,51.052451
12,19,2,6,16,4,2,5,3,0,0,1,1,0,0,0,0,13.772686,51.047741
12,19,2,6,17,4,3,4,2,0,0,1,1,0,0,0,0,13.705937,51.090861
12,19,2,6,20,4,3,3,6,2,0,1,1,0,0,0,0,13.754144,51.075164
12,19,2,7,5,5,3,5,3,2,0,1,1,0,0,0,0,13.814279,51.017931
12,19,2,7,7,5,3,8,1,0,0,1,0,0,0,0,0,13.855913,51.018849
12,19,2,7,9,5,3,5,3,0,0,1,1,0,0,0,0,13.777199,51.060062
12,19,2,7,9,5,3,3,6,0,2,1,1,0,0,0,0,13.811773,51.020618
12,19,2,7,11,5,3,6,6,0,0,1,0,1,0,0,0,13.751959,51.062427
12,19,2,7,14,5,3,5,3,0,0,1,1,0,0,0,0,13.827739,51.026698
12,19,2,7,19,5,2,5,3,2,1,1,1,0,0,0,0,13.684607,51.042447
12,19,2,7,19,5,3,5,3,2,1,1,1,0,0,0,0,13.745241,51.066219
12,19,2,7,22,5,3,0,7,2,2,1,0,0,0,0,0,13.749499,51.048798
12,19,3,1,7,6,3,0,7,0,0,1,1,0,0,0,0,13.789824,51.058566
12,19,3,1,7,6,3,3,6,0,1,1,0,0,0,0,1,13.811671,51.021388
12,19,3,1,8,6,3,1,5,0,0,1,1,0,0,0,0,13.717277,51.03517
12,19,3,1,10,6,3,5,3,0,0,1,1,0,0,0,0,13.756911,51.055234
12,19,3,1,11,6,3,5,2,0,0,1,1,0,0,0,0,13.769831,51.025001
12,19,3,1,12,6,2,5,3,0,0,1,1,0,0,0,0,13.755186,51.055548
12,19,3,1,12,6,3,5,3,0,0,1,1,0,0,0,0,13.808,51.024054
12,19,3,1,14,6,3,5,3,0,1,1,1,0,0,0,0,13.74697,51.075037
12,19,3,1,15,6,3,7,1,0,1,1,0,0,0,0,0,13.746334,51.069336
12,19,3,1,16,6,3,5,2,0,0,1,1,0,0,0,0,13.69189,51.084306
12,19,3,1,16,6,3,5,3,0,0,1,1,0,0,0,0,13.733752,51.050857
12,19,3,1,16,6,3,0,1,0,1,1,0,0,0,0,0,13.772071,51.045783
12,19,3,1,17,6,3,0,1,0,1,1,0,0,0,0,0,13.707972,51.08437
12,19,3,1,17,6,3,5,3,0,1,1,1,0,0,0,0,13.735347,51.029295
12,19,3,1,17,6,2,6,4,0,0,1,0,1,0,0,0,13.776574,51.066747
12,19,3,1,20,6,3,0,1,2,1,1,0,0,0,0,0,13.704225,51.01813
12,19,3,2,4,7,3,5,3,2,0,1,1,0,0,0,0,13.688395,51.040819
12,19,3,2,12,7,3,5,3,0,0,1,1,0,0,0,0,13.690437,51.082461
12,19,3,2,12,7,3,5,2,0,0,1,1,0,0,0,0,13.736836,51.063095
12,19,3,2,13,7,2,5,2,0,0,1,1,0,0,0,0,13.750748,51.047258
12,19,3,2,15,7,3,5,2,0,0,1,1,0,0,0,0,13.768671,51.117244
12,19,3,2,16,7,3,5,2,0,0,1,1,0,0,0,0,13.779314,51.037926
12,19,3,2,18,7,3,5,3,2,0,1,1,0,0,0,0,13.733026,51.03402
12,19,3,3,15,1,3,5,3,0,0,1,1,0,0,0,0,13.766451,51.056463
12,19,3,4,6,2,3,3,6,1,0,1,1,0,0,0,0,13.704034,51.035203
12,19,3,4,6,2,3,6,4,0,0,1,0,1,0,0,0,13.717445,51.077215
12,19,3,4,11,2,3,5,3,0,0,1,1,0,0,0,0,13.801071,51.05467
12,19,3,4,15,2,3,5,2,0,0,1,1,0,0,0,0,13.705715,51.09057
12,19,3,4,15,2,3,5,2,0,0,1,0,0,0,0,1,13.73993,51.064549
12,19,3,4,16,2,3,5,3,0,0,1,0,0,0,0,1,13.690103,51.072733
12,19,3,4,17,2,3,5,2,1,1,1,1,0,0,0,0,13.741009,51.022443
12,19,3,5,6,3,2,5,3,0,1,1,0,0,0,0,1,13.80325,51.021742
12,19,3,5,7,3,2,5,3,0,0,1,1,0,0,0,0,13.813934,51.01496
12,19,3,5,8,3,2,0,6,0,0,1,0,0,0,0,0,13.71529,51.051599
12,19,3,5,8,3,3,5,2,0,0,1,1,0,0,0,0,13.773563,51.048734
12,19,3,5,8,3,3,5,2,0,0,1,1,0,0,0,0,13.7738,51.046016
12,19,3,5,10,3,2,5,2,0,0,1,1,0,0,0,0,13.705845,51.026939
12,19,3,5,13,3,3,4,6,0,0,1,0,0,0,0,0,13.736836,51.064033
12,19,3,5,14,3,3,5,3,0,0,1,1,0,0,0,0,13.743433,51.064517
12,19,3,5,15,3,3,5,3,0,0,1,1,0,0,0,0,13.757948,51.052261
12,19,3,5,16,3,3,5,2,0,0,1,1,0,0,0,0,13.702253,51.045851
12,19,3,5,16,3,3,3,6,0,0,1,1,0,0,0,0,13.777403,51.058193
12,19,3,5,16,3,3,5,2,0,0,1,0,0,0,0,1,13.786825,51.043336
12,19,3,5,17,3,3,6,1,0,0,1,0,1,0,0,0,13.735574,51.050517
12,19,3,6,1,4,3,5,3,2,0,1,1,0,0,0,0,13.743458,51.047593
12,19,3,6,7,4,3,5,2,0,0,1,0,0,0,0,1,13.697648,51.022528
12,19,3,6,7,4,3,5,3,0,0,1,1,0,0,0,0,13.713859,51.080387
12,19,3,6,7,4,3,3,6,0,0,1,1,0,0,0,0,13.808301,51.052689
12,19,3,6,10,4,3,5,3,0,1,1,1,0,0,0,0,13.731205,51.04237
12,19,3,6,14,4,3,3,5,0,0,1,1,0,0,0,0,13.68228,51.053771
12,19,3,6,15,4,3,5,2,0,0,1,1,0,0,0,0,13.702221,51.032878
12,19,3,6,15,4,3,5,3,0,0,1,1,0,0,0,0,13.748717,51.048247
12,19,3,6,16,4,3,5,2,0,0,1,1,0,0,0,0,13.669209,51.040023
12,19,3,6,16,4,3,5,2,0,0,1,1,0,0,0,0,13.773597,51.042758
12,19,3,6,16,4,3,1,1,0,0,1,1,0,0,0,0,13.780832,51.031375
12,19,3,6,17,4,3,6,4,1,0,1,0,1,0,0,0,13.711281,51.050601
12,19,3,6,17,4,3,5,3,0,0,1,1,0,0,0,0,13.797604,51.042324
12,19,3,6,21,4,3,6,4,2,0,1,0,1,0,0,0,13.716159,51.029709
12,19,3,6,21,4,3,0,7,2,1,1,0,0,0,0,0,13.781617,51.046843
12,19,3,7,7,5,3,1,5,0,0,1,1,0,0,0,0,13.718705,51.088109
12,19,3,7,8,5,3,5,3,0,0,1,0,0,0,0,1,13.774713,51.049807
12,19,3,7,8,5,2,0,1,0,0,1,0,0,0,0,0,13.852567,51.013314
12,19,3,7,10,5,3,5,3,0,0,1,1,0,0,0,0,13.751725,51.066985
12,19,3,7,12,5,3,0,1,0,1,1,0,0,0,0,0,13.807141,51.038797
12,19,3,7,15,5,3,5,3,0,1,1,1,0,0,0,0,13.801151,51.041068
12,19,3,7,17,5,2,5,3,1,1,1,1,0,0,0,0,13.728389,51.060977
12,19,3,7,17,5,3,0,1,0,0,1,0,0,0,0,0,13.728585,51.076419
12,19,3,7,17,5,2,3,6,1,1,1,1,0,0,0,0,13.774413,51.070136
12,19,3,7,17,5,3,5,3,0,0,1,1,0,0,0,0,13.777124,51.035764
12,19,3,7,17,5,3,5,2,1,1,1,1,0,0,0,0,13.793794,51.0018
12,19,4,1,7,2,3,5,3,0,0,1,1,0,0,0,0,13.718005,51.038791
12,19,4,1,8,2,2,5,3,0,1,1,1,0,0,0,0,13.747042,51.063694
12,19,4,1,8,2,3,0,1,0,0,1,0,0,0,0,0,13.806513,51.039126
12,19,4,1,9,2,3,5,3,0,0,1,1,0,0,0,0,13.756571,51.055095
12,19,4,1,10,2,2,6,6,0,1,1,0,1,0,0,0,13.748483,51.063413
12,19,4,1,13,2,3,5,3,0,1,1,1,0,0,0,0,13.734665,51.0741
12,19,4,1,13,2,3,5,2,0,0,1,1,0,0,0,0,13.782518,51.033092
12,19,4,1,14,2,3,0,1,0,0,1,0,0,0,0,0,13.691206,51.052476
12,19,4,1,15,2,3,6,4,0,0,1,0,1,0,0,0,13.790611,51.021092
12,19,4,1,17,2,3,5,3,0,0,1,1,0,0,0,0,13.718903,51.087849
12,19,4,1,17,2,3,5,3,0,0,1,1,0,0,0,0,13.785322,51.035951
12,19,4,1,17,2,3,0,1,0,0,1,0,0,0,0,0,13.808617,51.038029
12,19,4,1,20,2,3,5,3,2,0,1,1,0,0,0,0,13.726523,51.032097
12,19,4,1,20,2,3,0,6,2,0,1,0,0,0,0,0,13.748108,51.051418
12,19,4,2,6,3,2,5,2,0,0,1,0,0,0,1,0,13.735726,51.09973
12,19,4,2,6,3,3,5,3,0,0,1,1,0,0,0,0,13.772733,51.047787
12,19,4,2,7,3,3,5,3,0,0,1,1,0,0,0,0,13.688441,51.056192
12,19,4,2,7,3,3,5,3,0,0,1,1,0,0,0,0,13.688442,51.056193
12,19,4,2,7,3,3,0,3,0,0,1,0,0,0,0,1,13.690696,51.090748
12,19,4,2,7,3,3,5,3,0,0,1,1,0,0,0,0,13.781195,51.042994
12,19,4,2,8,3,2,0,7,0,0,1,0,0,0,0,0,13.741987,51.116983
12,19,4,2,9,3,3,5,3,0,0,1,1,0,0,0,0,13.741911,51.032237
12,19,4,2,10,3,2,0,7,0,0,1,0,0,0,0,0,13.680383,51.023271
12,19,4,2,14,3,3,5,2,0,0,1,1,0,0,0,0,13.68083,51.048679
12,19,4,2,15,3,3,5,2,0,0,1,1,0,0,0,0,13.736829,51.06309
12,19,4,2,16,3,3,5,3,0,0,1,1,0,0,0,0,13.760681,51.049214
12,19,4,2,16,3,3,5,2,0,0,1,1,0,0,0,0,13.878438,51.05996
12,19,4,2,17,3,2,4,6,0,0,1,0,0,0,0,0,13.746479,51.060059
12,19,4,2,17,3,2,6,4,0,0,1,0,1,0,0,0,13.749494,51.052533
12,19,4,2,17,3,3,5,3,0,0,1,1,0,0,0,0,13.75098,51.069224
12,19,4,2,17,3,3,5,3,0,0,1,1,0,0,0,0,13.761521,51.05512
12,19,4,2,17,3,3,3,2,0,0,1,1,0,0,0,0,13.836134,51.026553
12,19,4,2,18,3,3,5,3,0,1,1,1,0,0,0,0,13.704081,51.029618
12,19,4,3,7,4,3,4,6,0,0,1,0,0,0,0,0,13.717636,51.077139
12,19,4,3,7,4,3,5,3,0,0,1,1,0,0,0,0,13.815761,51.054162
12,19,4,3,8,4,3,5,3,0,0,1,1,0,0,0,0,13.74381,51.08798
12,19,4,3,8,4,3,6,7,0,0,1,0,1,0,0,0,13.775636,51.110545
12,19,4,3,8,4,3,5,2,0,0,1,0,0,0,0,1,13.788138,51.005744
12,19,4,3,9,4,3,5,3,0,0,1,1,0,0,0,0,13.759917,51.062702
12,19,4,3,14,4,3,8,1,0,0,1,0,0,0,0,0,13.740388,51.056471
12,19,4,3,16,4,2,5,3,0,0,1,1,0,0,0,0,13.759784,51.052076
12,19,4,3,17,4,3,5,3,0,0,1,1,0,0,0,0,13.741805,51.028902
12,19,4,3,18,4,3,0,1,0,0,1,0,0,0,0,0,13.741307,51.045918
12,19,4,4,9,5,3,3,6,0,0,1,1,0,0,0,0,13.694068,51.043082
12,19,4,4,10,5,2,5,3,0,0,1,1,0,0,0,0,13.775789,51.050895
12,19,4,4,11,5,3,5,2,0,0,1,1,0,0,0,0,13.803679,51.051094
12,19,4,4,12,5,3,5,3,0,0,1,1,0,0,0,0,13.691223,51.052136
12,19,4,4,12,5,3,0,1,0,0,1,0,0,0,0,0,13.834877,51.023422
12,19,4,4,13,5,3,3,2,0,0,1,1,0,0,0,0,13.726057,51.05873
12,19,4,4,13,5,3,5,2,0,0,1,1,0,0,0,0,13.79644,51.000082
12,19,4,4,14,5,3,5,3,0,0,1,1,0,0,0,0,13.776256,51.067441
12,19,4,4,14,5,3,3,6,0,0,1,1,0,0,0,0,13.799241,51.027655
12,19,4,4,15,5,3,5,3,0,0,1,1,0,0,0,0,13.719368,51.0764
12,19,4,4,15,5,3,5,2,0,0,1,0,0,0,0,1,13.761304,51.083384
12,19,4,4,16,5,3,5,3,0,0,1,1,0,0,0,0,13.730759,51.024544
12,19,4,4,16,5,3,1,7,0,0,1,1,0,0,0,0,13.750984,51.066271
12,19,4,4,16,5,3,3,6,2,0,1,1,0,0,0,0,13.849066,51.003057
12,19,4,4,18,5,3,0,2,0,0,1,1,0,0,0,0,13.719563,51.077373
12,19,4,4,18,5,3,5,2,0,0,1,1,0,0,0,0,13.729415,51.045718
12,19,4,4,19,5,3,5,3,0,0,1,1,0,0,0,0,13.727295,51.058004
12,19,4,4,20,5,3,5,2,2,0,1,1,0,0,0,0,13.744701,51.066917
12,19,4,4,20,5,2,3,7,2,0,1,0,0,0,0,0,13.796715,51.075092
12,19,4,5,6,6,3,5,3,0,0,1,1,0,0,0,0,13.716656,51.03781
12,19,4,5,7,6,3,5,2,0,0,1,1,0,0,0,0,13.756559,51.055091
12,19,4,5,7,6,3,5,3,0,0,1,1,0,0,0,0,13.777199,51.06006
12,19,4,5,9,6,3,1,5,0,0,1,1,0,0,0,0,13.724419,51.088292
12,19,4,5,10,6,2,5,3,0,0,1,1,0,0,0,0,13.687951,51.061976
12,19,4,5,12,6,3,5,3,0,0,1,1,0,0,0,0,13.700747,51.088383
12,19,4,5,12,6,3,0,7,0,0,1,1,0,0,0,0,13.786179,51.059392
12,19,4,5,13,6,3,4,2,0,0,1,1,0,0,0,0,13.767764,51.026123
12,19,4,5,16,6,2,5,3,0,0,1,1,0,0,0,0,13.848703,50.996043
12,19,4,5,17,6,3,1,7,0,1,1,1,0,0,0,0,13.726573,51.085888
12,19,4,5,17,6,3,0,7,0,0,1,1,0,0,0,0,13.818651,51.031199
12,19,4,5,18,6,3,5,3,0,0,1,1,0,0,0,0,13.748979,51.03378
12,19,4,5,19,6,3,5,2,0,0,1,1,0,0,0,0,13.7378,51.074325
12,19,4,5,19,6,3,0,6,1,0,1,1,0,0,0,0,13.75009,51.06538
12,19,4,6,5,7,2,0,1,2,0,1,0,0,0,0,0,13.724422,51.043644
12,19,4,6,9,7,3,5,2,0,0,1,1,0,0,0,0,13.739055,51.074025
12,19,4,6,10,7,3,1,5,0,0,1,0,0,0,0,1,13.723746,51.07726
12,19,4,6,14,7,3,5,3,0,0,1,0,0,0,0,1,13.698505,51.074236
12,19,4,6,14,7,3,5,3,0,0,1,1,0,0,0,0,13.783764,51.009566
12,19,4,6,15,7,3,5,3,0,0,1,1,0,0,0,0,13.883374,51.057848
12,19,4,6,16,7,3,5,3,0,0,1,1,0,0,0,0,13.698661,51.074195
12,19,4,6,18,7,3,0,1,0,0,1,0,0,0,0,0,13.836131,51.009281
12,19,4,6,21,7,3,0,1,2,0,1,0,0,0,0,0,13.758814,51.082593
12,19,4,6,22,7,3,1,7,2,0,1,1,0,0,0,0,13.741045,51.036439
12,19,4,7,11,1,3,0,1,0,0,1,0,0,0,0,0,13.728328,51.052255
12,19,4,7,13,1,2,5,3,0,0,1,1,0,0,0,0,13.765587,51.073253
12,19,4,7,23,1,3,0,1,2,0,1,0,0,0,0,0,13.765921,51.006776
12,19,5,1,7,4,3,5,2,0,0,1,1,0,0,0,0,13.695608,51.043239
12,19,5,1,7,4,3,6,6,0,0,1,0,1,0,0,0,13.74038,51.064713
12,19,5,1,7,4,3,5,2,0,0,1,1,0,0,0,0,13.753352,51.05039
12,19,5,1,8,4,3,0,1,0,0,1,0,0,0,0,0,13.745102,51.049522
12,19,5,1,8,4,3,1,5,0,0,1,1,0,0,0,0,13.755123,51.066031
12,19,5,1,8,4,3,0,7,0,0,1,0,0,0,0,0,13.762021,51.067966
12,19,5,1,9,4,2,5,3,0,0,1,1,0,0,0,0,13.682971,51.051781
12,19,5,1,11,4,3,3,1,0,1,1,0,0,0,0,0,13.727356,51.052537
12,19,5,1,11,4,3,5,2,0,1,1,0,0,0,0,1,13.735511,51.072963
12,19,5,1,12,4,3,5,3,0,1,1,1,0,0,0,0,13.822276,50.997788
12,19,5,1,12,4,2,5,3,0,0,1,1,0,0,0,0,13.885011,51.060983
12,19,5,1,14,4,2,0,1,0,0,1,0,0,0,0,0,13.700094,51.015983
12,19,5,1,14,4,3,0,1,0,1,1,0,0,0,0,0,13.715979,51.064214
12,19,5,1,14,4,2,5,3,0,1,1,1,0,0,0,0,13.780372,51.06683
12,19,5,1,15,4,3,2,6,0,1,1,0,0,0,0,1,13.747557,51.014262
12,19,5,1,15,4,3,5,3,0,0,1,1,0,0,0,0,13.762407,51.032847
12,19,5,1,16,4,3,0,1,0,0,1,0,0,0,0,0,13.671636,51.059865
12,19,5,1,16,4,3,5,2,0,0,1,1,0,0,0,0,13.804432,51.03998
12,19,5,1,17,4,3,0,7,0,0,1,0,0,0,0,0,13.72131,51.088257
12,19,5,1,18,4,3,0,1,0,1,1,0,0,0,0,0,13.70525,51.030696
12,19,5,1,19,4,3,5,3,1,0,1,1,0,0,0,0,13.73861,51.039527
12,19,5,2,6,5,3,5,3,0,1,1,1,0,0,0,0,13.721412,51.08896
12,19,5,2,7,5,3,7,1,0,0,1,0,0,0,0,0,13.772639,51.046529
12,19,5,2,8,5,2,4,2,0,0,1,1,0,0,0,0,13.707808,51.046469
12,19,5,2,10,5,3,1,5,0,0,1,1,0,0,0,0,13.732235,51.03933
12,19,5,2,11,5,3,8,7,0,0,1,0,0,0,0,0,13.643889,51.093775
12,19,5,2,12,5,3,5,3,0,0,1,1,0,0,0,0,13.728701,51.085969
12,19,5,2,14,5,3,6,4,0,0,1,0,1,0,0,0,13.705263,51.04179
12,19,5,2,14,5,3,1,5,0,0,1,1,0,0,0,0,13.727549,51.02521
12,19,5,2,14,5,3,5,3,0,0,1,1,0,0,0,0,13.748975,51.033782
12,19,5,2,14,5,1,5,3,0,0,1,0,0,0,1,0,13.752243,51.077791
12,19,5,2,15,5,3,5,3,0,0,1,0,0,0,0,1,13.722928,51.074692
12,19,5,2,15,5,3,0,1,0,1,1,0,0,0,0,0,13.781085,51.052207
12,19,5,2,15,5,3,6,4,0,0,1,0,1,0,0,0,13.789372,51.118296
12,19,5,2,15,5,3,2,1,0,0,1,0,0,0,0,0,13.936237,51.039476
12,19,5,2,16,5,3,0,3,0,0,1,0,0,0,0,1,13.774691,51.033317
12,19,5,2,16,5,2,0,1,0,0,1,0,0,0,0,0,13.802505,50.981939
12,19,5,2,17,5,3,0,3,0,0,1,1,0,0,0,0,13.771329,51.057443
12,19,5,2,18,5,3,5,3,0,0,1,1,0,0,0,0,13.758043,51.052266
12,19,5,2,18,5,3,5,2,0,0,1,1,0,0,0,0,13.800495,51.027392
12,19,5,2,20,5,3,0,1,1,0,1,0,0,0,0,0,13.809773,51.049199
12,19,5,3,7,6,3,0,1,0,0,1,0,0,0,0,0,13.696937,51.043383
12,19,5,3,7,6,3,2,7,0,0,1,1,0,0,0,0,13.730697,51.08316
12,19,5,3,7,6,3,5,2,0,0,1,1,0,0,0,0,13.778601,51.042636
12,19,5,3,7,6,3,5,2,0,0,1,1,0,0,0,0,13.797686,51.042324
12,19,5,3,8,6,3,6,7,0,0,1,0,1,0,0,0,13.746866,51.064862
12,19,5,3,9,6,3,5,3,0,0,1,1,0,0,0,0,13.777936,51.05223
12,19,5,3,10,6,3,0,7,0,0,1,1,0,0,0,0,13.748987,51.067658
12,19,5,3,11,6,3,0,1,0,0,1,0,0,0,0,0,13.690955,51.078451
12,19,5,3,11,6,2,3,6,0,0,1,0,0,0,0,1,13.744762,51.049131
12,19,5,3,13,6,3,3,6,0,0,1,1,0,0,0,0,13.726118,51.058755
12,19,5,3,13,6,3,5,3,0,0,1,1,0,0,0,0,13.761583,51.052001
12,19,5,3,13,6,3,5,3,0,0,1,1,0,0,0,0,13.785323,51.035949
12,19,5,3,14,6,3,1,5,0,0,1,1,0,0,0,0,13.727237,51.070751
12,19,5,3,15,6,3,3,2,0,0,1,1,0,0,0,0,13.71544,51.099332
12,19,5,3,15,6,3,6,6,0,0,1,0,1,0,0,0,13.772309,51.049831
12,19,5,3,15,6,3,5,3,0,0,1,1,0,0,0,0,13.779849,51.044298
12,19,5,3,15,6,2,5,3,0,0,1,1,0,0,0,0,13.791794,51.125536
12,19,5,3,16,6,3,5,2,0,0,1,1,0,0,0,0,13.736812,51.047294
12,19,5,3,17,6,3,5,3,0,0,1,1,0,0,0,0,13.774713,51.049807
12,19,5,3,20,6,3,2,2,1,0,1,1,0,0,0,0,13.724923,51.057713
12,19,5,3,23,6,3,2,6,2,0,1,1,0,0,0,0,13.747855,51.039135
12,19,5,4,2,7,3,0,1,2,0,1,0,0,0,0,0,13.750465,51.071434
12,19,5,4,9,7,3,5,3,0,0,1,1,0,0,0,0,13.682499,51.060267
12,19,5,4,10,7,2,4,6,0,0,1,0,0,0,0,0,13.690413,51.082469
12,19,5,4,12,7,3,8,7,0,0,1,0,0,0,0,0,13.723625,51.04298
12,19,5,4,12,7,3,5,3,0,0,1,1,0,0,0,0,13.827336,51.002105
12,19,5,4,14,7,3,3,2,0,0,1,1,0,0,0,0,13.708957,51.047232
12,19,5,4,16,7,3,5,3,0,0,1,1,0,0,0,0,13.779073,51.038003
12,19,5,4,17,7,2,5,2,0,0,1,1,0,0,0,0,13.825864,51.012075
12,19,5,4,19,7,3,6,4,0,0,1,0,1,0,0,0,13.739256,51.066057
12,19,5,4,21,7,3,5,3,1,0,1,1,0,0,0,0,13.688938,51.057967
12,19,5,5,11,1,3,5,3,0,0,1,1,0,0,0,0,13.785323,51.03595
12,19,5,5,15,1,2,6,7,0,0,1,0,1,0,0,0,13.773332,51.033693
12,19,5,5,16,1,2,5,3,0,0,1,1,0,0,0,0,13.710451,51.104618
12,19,5,5,17,1,2,5,2,0,0,1,1,0,0,0,0,13.773605,51.118233
12,19,5,6,5,2,3,0,7,1,0,1,0,0,0,0,0,13.711215,51.045399
12,19,5,6,7,2,3,1,5,0,0,1,1,0,0,0,0,13.695743,51.077933
12,19,5,6,7,2,3,5,2,0,0,1,1,0,0,0,0,13.749376,51.03561
12,19,5,6,8,2,3,0,7,0,0,1,0,0,0,0,0,13.758067,51.052326
12,19,5,6,12,2,2,5,3,0,0,1,1,0,0,0,0,13.735519,51.072953
12,19,5,6,14,2,3,5,3,0,0,1,1,0,0,0,0,13.774613,51.049707
12,19,5,6,14,2,3,0,6,0,1,1,0,0,0,0,1,13.805597,50.993443
12,19,5,6,16,2,3,3,6,0,0,1,1,0,0,0,0,13.749494,51.03359
12,19,5,6,17,2,3,5,3,0,0,1,0,0,0,0,1,13.702334,51.077929
12,19,5,6,17,2,3,0,7,0,0,1,1,0,0,0,0,13.719108,51.049229
12,19,5,6,17,2,3,5,3,0,1,1,1,0,0,0,0,13.735511,51.072963
12,19,5,6,18,2,3,0,1,0,0,1,0,0,0,0,0,13.685346,51.050719
12,19,5,6,20,2,2,0,1,0,0,1,0,0,0,0,0,13.744453,51.066182
12,19,5,7,6,3,3,5,3,0,0,1,1,0,0,0,0,13.751514,51.047219
12,19,5,7,7,3,3,5,3,0,0,1,1,0,0,0,0,13.804167,51.044622
12,19,5,7,8,3,3,5,2,0,0,1,1,0,0,0,0,13.681252,51.061852
12,19,5,7,8,3,3,5,3,0,1,1,1,0,0,0,0,13.695655,51.043244
12,19,5,7,8,3,3,0,5,0,0,1,0,0,0,0,1,13.701831,51.031758
12,19,5,7,8,3,3,5,3,0,1,1,1,0,0,0,0,13.728949,51.059334
12,19,5,7,11,3,2,0,1,0,1,1,0,0,0,0,0,13.765349,51.056181