UKREIS,UJAHR,UMONAT,UTAG,USTUNDE,UWOCHENTAG,UKATEGORIE,UART,UTYP,LICHT,USTRZUSTAND,IstRad,IstPKW,IstFuss,IstKrad,IstGkfz,IstSonstige,@lon,@lat
12,19,5,7,11,3,3,5,3,0,0,1,1,0,0,0,0,13.781036,51.045866
12,19,5,7,14,3,3,0,1,0,0,1,0,0,0,0,0,13.690982,51.05292
12,19,5,7,14,3,3,4,6,0,0,1,0,0,0,0,0,13.774687,51.110145
12,19,5,7,15,3,3,0,7,0,0,1,1,0,0,0,0,13.803361,51.052293
12,19,5,7,16,3,3,0,1,0,1,1,0,0,0,0,0,13.690617,51.053802
12,19,5,7,16,3,3,2,2,0,0,1,1,0,0,0,0,13.751132,51.06641
12,19,5,7,16,3,2,5,3,0,0,1,1,0,0,0,0,13.802966,51.040484
12,19,5,7,17,3,3,5,3,0,0,1,0,0,0,0,0,13.785674,51.054193
12,19,6,1,0,7,3,0,1,2,0,1,0,0,0,0,0,13.7388,51.039293
12,19,6,1,1,7,3,0,1,2,0,1,0,0,0,0,0,13.786447,51.028493
12,19,6,1,10,7,3,5,3,0,0,1,1,0,0,0,0,13.741521,51.053538
12,19,6,1,10,7,3,5,3,0,0,1,1,0,0,0,0,13.785323,51.03595
12,19,6,1,11,7,3,5,2,0,0,1,1,0,0,0,0,13.705747,51.090531
12,19,6,1,12,7,3,1,5,0,0,1,1,0,0,0,0,13.710169,51.05091
12,19,6,1,12,7,3,0,1,0,0,1,0,0,0,0,0,13.815356,51.016938
12,19,6,1,13,7,3,5,3,0,0,1,1,0,0,0,0,13.727758,51.043764
12,19,6,1,18,7,3,0,3,0,0,1,1,0,0,0,0,13.713492,51.056341
12,19,6,1,19,7,2,5,3,0,0,1,1,0,0,0,0,13.718963,51.096605
12,19,6,1,19,7,3,0,1,0,0,1,0,0,0,0,0,13.831638,51.018607
12,19,6,1,20,7,3,5,2,0,0,1,1,0,0,0,0,13.693102,51.081978
12,19,6,2,1,1,3,2,6,2,0,1,1,0,0,0,0,13.80824,51.050934
12,19,6,2,9,1,2,5,3,0,0,1,1,0,0,0,0,13.751524,51.047215
12,19,6,2,11,1,3,0,1,0,0,1,0,0,0,0,0,13.719869,51.076197
12,19,6,2,14,1,3,0,1,0,0,1,0,0,0,0,0,13.841685,51.094472
12,19,6,2,15,1,3,1,7,0,0,1,1,0,0,0,0,13.780675,51.008247
12,19,6,2,17,1,3,0,1,0,0,1,0,0,0,0,0,13.741811,51.0732
12,19,6,2,19,1,3,3,6,0,0,1,0,0,0,0,0,13.82363,51.044678
12,19,6,2,22,1,2,5,3,2,0,1,1,0,0,0,0,13.688936,51.057969
12,19,6,3,6,2,3,5,3,0,0,1,1,0,0,0,0,13.712547,51.129038
12,19,6,3,6,2,3,3,6,0,0,1,1,0,0,0,0,13.762467,51.085056
12,19,6,3,7,2,3,5,2,0,0,1,1,0,0,0,0,13.72323,51.08981
12,19,6,3,10,2,2,0,5,0,0,1,1,0,0,0,0,13.719734,51.094224
12,19,6,3,10,2,3,5,3,0,0,1,1,0,0,0,0,13.798761,51.052938
12,19,6,3,10,2,3,0,5,0,0,1,1,0,0,0,0,13.825714,50.998789
12,19,6,3,13,2,3,5,2,0,0,1,1,0,0,0,0,13.749164,51.033568
12,19,6,3,13,2,3,7,7,0,0,1,0,0,0,0,0,13.802601,50.994865
12,19,6,3,14,2,3,5,2,0,0,1,1,0,0,0,0,13.746858,51.064661
12,19,6,3,15,2,3,5,3,0,0,1,1,0,0,0,0,13.724619,51.088072
12,19,6,3,15,2,3,0,7,0,0,1,0,0,0,0,0,13.777773,51.053078
12,19,6,3,16,2,3,0,6,0,0,1,0,0,0,0,0,13.739359,51.078319
12,19,6,3,18,2,3,5,2,0,0,1,1,0,0,0,0,13.782517,51.033091
12,19,6,3,20,2,3,5,2,1,0,1,1,0,0,0,0,13.798141,51.02384
12,19,6,3,22,2,3,6,6,2,0,1,0,1,0,0,0,13.748814,51.064094
12,19,6,4,4,3,3,5,3,2,0,1,0,0,0,0,1,13.750809,51.066145
12,19,6,4,6,3,3,6,4,0,0,1,0,1,0,0,0,13.682954,51.051764
12,19,6,4,6,3,2,0,1,0,0,1,0,0,0,0,0,13.718432,51.053391
12,19,6,4,7,3,3,0,1,0,0,1,0,0,0,0,0,13.69774,51.046225
12,19,6,4,7,3,2,5,2,0,0,1,1,0,0,0,0,13.699509,51.044616
12,19,6,4,7,3,3,0,7,0,0,1,0,0,0,0,0,13.720866,51.09258
12,19,6,4,7,3,3,1,5,0,0,1,1,0,0,0,0,13.755031,51.053298
12,19,6,4,7,3,3,5,3,0,0,1,1,0,0,0,0,13.761662,51.051967
12,19,6,4,7,3,3,5,3,0,0,1,1,0,0,0,0,13.792328,51.047658
12,19,6,4,8,3,3,0,1,0,0,1,0,0,0,0,0,13.754613,51.066162
12,19,6,4,10,3,3,4,1,0,0,1,1,0,0,0,0,13.648571,51.090798
12,19,6,4,10,3,3,5,3,0,0,1,1,0,0,0,0,13.724949,51.04389
12,19,6,4,11,3,3,5,3,0,0,1,1,0,0,0,0,13.756568,51.055094
12,19,6,4,13,3,3,5,3,0,0,1,1,0,0,0,0,13.707019,51.041396
12,19,6,4,13,3,3,5,3,0,0,1,1,0,0,0,0,13.742036,51.064674
12,19,6,4,14,3,3,5,3,0,0,1,1,0,0,0,0,13.802662,50.987787
12,19,6,4,15,3,3,5,3,0,0,1,1,0,0,0,0,13.74917,51.0577
12,19,6,4,15,3,3,5,3,0,0,1,1,0,0,0,0,13.771279,51.024265
12,19,6,4,15,3,3,6,1,0,0,1,0,1,0,0,0,13.780083,51.116058
12,19,6,4,16,3,3,3,6,0,0,1,0,0,0,0,0,13.732824,51.061141
12,19,6,4,16,3,3,5,3,0,0,1,1,0,0,0,0,13.842003,51.019158
12,19,6,4,17,3,3,1,5,0,0,1,1,0,0,0,0,13.736619,51.042493
12,19,6,4,17,3,3,6,4,0,0,1,0,1,0,0,0,13.75355,51.065808
12,19,6,4,17,3,3,0,7,0,0,1,0,0,0,0,0,13.772134,51.127196
12,19,6,4,18,3,3,5,3,0,0,1,0,0,1,0,0,13.734349,51.036896
12,19,6,4,18,3,3,0,1,0,0,1,0,0,0,0,0,13.750288,51.068357
12,19,6,4,18,3,2,4,1,0,0,1,1,0,0,0,0,13.751469,51.066992
12,19,6,4,19,3,3,5,1,0,0,1,1,0,0,0,0,13.687722,51.04252
12,19,6,4,20,3,3,1,1,0,0,1,1,0,0,0,0,13.82675,51.02779
12,19,6,5,6,4,2,5,3,0,0,1,1,0,0,0,0,13.705153,51.085177
12,19,6,5,6,4,3,1,5,0,0,1,1,0,0,0,0,13.800398,51.054182
12,19,6,5,7,4,3,1,5,0,0,1,1,0,0,0,0,13.712192,51.050216
12,19,6,5,7,4,3,5,2,0,0,1,1,0,0,0,0,13.723204,51.033943
12,19,6,5,7,4,3,1,5,0,0,1,1,0,0,0,0,13.744705,51.072391
12,19,6,5,7,4,3,1,5,0,0,1,1,0,0,0,0,13.753436,51.053006
12,19,6,5,7,4,3,5,3,0,0,1,1,0,0,0,0,13.755925,51.055874
12,19,6,5,8,4,3,6,4,0,0,1,0,1,0,0,0,13.700404,51.045038
12,19,6,5,8,4,3,5,3,0,0,1,1,0,0,0,0,13.769629,51.051116
12,19,6,5,9,4,3,5,3,0,0,1,1,0,0,0,0,13.801889,51.02235
12,19,6,5,10,4,3,5,3,0,0,1,1,0,0,0,0,13.70702,51.041396
12,19,6,5,10,4,2,6,4,0,0,1,0,1,0,0,0,13.709213,51.084311
12,19,6,5,10,4,3,3,6,0,0,1,1,0,0,0,0,13.74665,51.057155
12,19,6,5,11,4,3,0,1,0,0,1,0,0,0,0,0,13.715363,51.099408
12,19,6,5,11,4,3,0,7,0,0,1,0,0,0,0,0,13.816538,50.998235
12,19,6,5,12,4,2,5,3,0,0,1,1,0,0,0,0,13.742952,51.028686
12,19,6,5,13,4,3,5,3,0,0,1,0,0,0,0,0,13.72911,51.050958
12,19,6,5,15,4,3,3,6,0,0,1,1,0,0,0,0,13.724546,51.04595
12,19,6,5,16,4,3,4,2,0,0,1,1,0,0,0,0,13.710528,51.048429
12,19,6,5,17,4,3,5,3,0,0,1,1,0,0,0,0,13.723834,51.045218
12,19,6,5,17,4,3,2,6,0,1,1,0,0,0,0,0,13.736918,51.050508
12,19,6,5,17,4,3,5,2,0,0,1,1,0,0,0,0,13.777255,51.058719
12,19,6,5,17,4,3,5,3,0,0,1,1,0,0,0,0,13.838473,51.005835
12,19,6,5,18,4,3,8,6,0,0,1,1,0,0,0,0,13.738123,51.050237
12,19,6,5,18,4,3,0,7,0,0,1,0,0,0,0,0,13.748902,51.037265
12,19,6,5,21,4,3,0,1,2,0,1,0,0,0,0,0,13.751183,51.071235
12,19,6,5,23,4,3,0,7,2,0,1,0,0,0,0,0,13.807691,51.011228
12,19,6,6,7,5,3,5,3,0,0,1,0,0,1,0,0,13.797685,51.042324
12,19,6,6,7,5,3,5,2,0,0,1,1,0,0,0,0,13.803118,51.047466
12,19,6,6,8,5,2,5,3,0,0,1,1,0,0,0,0,13.834218,51.025656
12,19,6,6,11,5,2,6,6,0,0,1,0,1,0,0,0,13.768759,51.059974
12,19,6,6,12,5,3,6,7,0,0,1,0,1,0,0,0,13.836761,51.02369
12,19,6,6,15,5,3,0,1,0,1,1,0,0,0,0,0,13.701789,51.090944
12,19,6,6,15,5,3,5,3,0,0,1,1,0,0,0,0,13.738591,51.039518
12,19,6,6,15,5,3,3,6,0,0,1,1,0,0,0,0,13.739121,51.064249
12,19,6,6,15,5,3,4,6,0,0,1,1,0,0,0,0,13.740711,51.081211
12,19,6,6,15,5,3,2,2,0,0,1,0,0,0,0,1,13.753206,51.059118
12,19,6,6,16,5,2,0,1,0,0,1,0,0,0,0,0,13.612004,51.044566
12,19,6,6,16,5,3,0,5,0,0,1,1,0,0,0,0,13.747516,51.071913
12,19,6,6,16,5,3,0,7,0,0,1,0,0,0,0,0,13.75684,51.055207
12,19,6,6,16,5,3,5,2,0,0,1,1,0,0,0,0,13.797037,51.042521
12,19,6,6,16,5,3,1,5,0,0,1,1,0,0,0,0,13.82507,51.02496
12,19,6,6,17,5,2,0,7,0,0,1,0,0,0,0,0,13.692918,51.081784
12,19,6,6,17,5,3,4,2,0,0,1,1,0,0,0,0,13.732618,51.033322
12,19,6,6,17,5,3,5,3,0,0,1,1,0,0,0,0,13.739587,51.038784
12,19,6,6,17,5,3,0,5,0,0,1,1,0,0,0,0,13.752085,51.02368
12,19,6,6,17,5,3,5,7,0,0,1,1,0,0,0,0,13.784173,51.060615
12,19,6,6,18,5,3,2,3,0,0,1,1,0,1,0,0,13.755912,51.055913
12,19,6,6,19,5,3,0,7,0,1,1,0,0,0,0,0,13.74962,51.064905
12,19,6,6,20,5,2,5,2,0,0,1,1,0,0,0,0,13.691997,51.049063
12,19,6,6,21,5,3,0,1,1,1,1,0,0,0,0,0,13.696775,51.043363
12,19,6,6,23,5,3,6,4,2,1,1,0,1,0,0,0,13.804624,51.053095
12,19,6,7,0,6,3,8,1,2,0,1,0,0,0,0,0,13.706204,51.076708
12,19,6,7,8,6,3,5,2,0,0,1,1,0,0,0,0,13.741428,51.023702
12,19,6,7,8,6,3,0,1,0,1,1,0,0,0,0,0,13.748335,51.044022
12,19,6,7,8,6,2,0,1,0,0,1,0,0,0,0,0,13.751604,51.023257
12,19,6,7,8,6,3,5,3,0,0,1,0,0,0,0,1,13.79684,51.135959
12,19,6,7,8,6,3,0,1,0,0,1,1,0,0,0,0,13.813932,51.055544
12,19,6,7,8,6,3,1,5,0,0,1,1,0,0,0,0,13.851769,51.059081
12,19,6,7,9,6,3,0,7,0,0,1,0,0,0,0,0,13.731501,51.034962
12,19,6,7,10,6,3,0,1,0,0,1,0,0,0,0,0,13.707504,51.078845
12,19,6,7,10,6,3,1,5,0,0,1,1,0,0,0,0,13.769114,51.047781
12,19,6,7,11,6,3,5,3,0,0,1,1,0,0,0,0,13.749223,51.05769
12,19,6,7,12,6,3,5,3,0,0,1,1,0,0,0,0,13.718563,51.039471
12,19,6,7,12,6,3,0,1,0,0,1,0,0,0,0,0,13.80759,51.146071
12,19,6,7,13,6,2,3,2,0,0,1,0,0,0,1,0,13.78372,51.009598
12,19,6,7,14,6,2,0,1,0,0,1,0,0,0,0,0,13.763103,51.049803
12,19,6,7,14,6,3,5,7,0,0,1,1,0,0,0,0,13.777869,51.116779
12,19,6,7,14,6,2,5,3,0,0,1,0,0,0,1,0,13.803241,51.021737
12,19,6,7,17,6,2,5,3,0,0,1,1,0,0,0,0,13.757395,51.02523
12,19,6,7,17,6,3,5,3,0,0,1,1,0,0,0,0,13.777581,51.116526
12,19,6,7,20,6,2,0,1,0,0,1,0,0,0,0,0,13.759213,51.082428
12,19,6,7,21,6,3,4,1,2,0,1,1,0,0,0,0,13.727143,51.056843
12,19,6,7,22,6,3,0,1,2,0,1,0,0,0,0,0,13.7084,51.040712
12,19,6,7,22,6,2,6,4,1,0,1,0,1,0,0,0,13.727546,51.071462
12,19,6,7,23,6,3,0,1,2,0,1,0,0,0,0,0,13.742043,51.059267
12,19,7,1,6,2,3,5,2,0,0,1,1,0,0,0,0,13.777364,51.058774
12,19,7,1,8,2,3,0,3,0,0,1,1,0,0,0,0,13.722311,51.030043
12,19,7,1,8,2,3,5,2,0,0,1,1,0,0,0,0,13.75414,51.069341
12,19,7,1,9,2,3,0,1,0,0,1,0,0,0,0,0,13.725707,51.056787
12,19,7,1,10,2,2,6,6,0,0,1,0,1,0,0,0,13.81669,51.015813
12,19,7,1,12,2,2,5,3,0,0,1,1,0,0,0,1,13.803699,51.051117
12,19,7,1,13,2,3,5,2,0,0,1,1,0,0,0,0,13.730684,51.030414
12,19,7,1,14,2,3,0,1,0,0,1,0,0,0,0,0,13.715758,51.036906
12,19,7,1,14,2,3,0,7,0,0,1,1,0,0,0,0,13.777775,51.046598
12,19,7,1,14,2,3,1,5,0,0,1,1,0,0,0,0,13.811153,51.01192
12,19,7,1,15,2,3,3,6,0,0,1,1,0,0,0,0,13.772707,51.050891
12,19,7,1,16,2,3,5,3,0,0,1,1,0,0,0,0,13.807572,51.151207
12,19,7,1,16,2,1,2,7,0,0,1,1,0,0,0,0,13.854079,51.058341
12,19,7,1,17,2,3,0,1,0,0,1,0,0,0,0,0,13.80055,51.147918
12,19,7,1,18,2,3,0,7,0,0,1,0,0,0,0,0,13.708498,51.046941
12,19,7,1,18,2,3,3,2,0,0,1,1,0,0,0,0,13.749169,51.033577
12,19,7,1,19,2,3,5,3,0,0,1,1,0,0,0,0,13.747204,51.071961
12,19,7,1,22,2,3,0,1,2,1,1,0,0,0,0,0,13.733897,51.07511
12,19,7,2,5,3,3,5,2,1,0,1,0,0,0,0,1,13.704772,51.046325
12,19,7,2,5,3,3,5,2,0,0,1,1,0,0,0,0,13.773401,51.127542
12,19,7,2,6,3,3,5,3,0,0,1,1,0,0,0,0,13.722069,51.046459
12,19,7,2,7,3,3,5,3,0,0,1,1,0,0,0,0,13.79972,51.046932
12,19,7,2,8,3,3,4,1,0,0,1,0,0,0,0,0,13.739275,51.066281
12,19,7,2,8,3,3,5,3,0,0,1,1,0,0,0,0,13.773559,51.048735
12,19,7,2,10,3,3,5,3,0,0,1,0,0,0,0,1,13.71808,51.035877
12,19,7,2,11,3,3,5,3,0,0,1,0,0,0,0,1,13.768902,51.099524
12,19,7,2,12,3,3,0,4,0,0,1,0,1,0,0,0,13.733833,51.075187
12,19,7,2,12,3,3,5,2,0,0,1,1,0,0,0,0,13.749396,51.035941
12,19,7,2,13,3,3,0,1,0,0,1,0,0,0,0,0,13.713652,51.079451
12,19,7,2,13,3,3,0,7,0,0,1,0,0,0,0,0,13.751178,51.060172
12,19,7,2,13,3,3,0,1,0,0,1,0,0,0,0,0,13.76016,51.068491
12,19,7,2,13,3,3,0,1,0,0,1,0,0,0,0,0,13.813194,50.988794
12,19,7,2,15,3,1,5,2,0,0,1,1,0,0,0,0,13.728778,51.019672
12,19,7,2,16,3,3,4,2,0,0,1,1,0,0,0,0,13.692457,51.083329
12,19,7,2,16,3,2,5,3,0,0,1,0,0,0,0,1,13.752965,51.073878
12,19,7,2,16,3,3,5,3,2,0,1,1,0,0,0,0,13.78977,51.030078
12,19,7,2,16,3,3,5,3,0,0,1,1,0,0,0,0,13.797909,51.035047
12,19,7,2,17,3,3,5,3,0,0,1,0,0,0,0,0,13.721868,51.034759
12,19,7,2,19,3,3,0,1,0,0,1,0,0,0,0,0,13.690681,51.053636
12,19,7,2,19,3,3,0,7,0,0,1,1,0,0,0,0,13.73228,51.050985
12,19,7,2,19,3,3,4,1,0,0,1,0,0,0,0,0,13.755628,51.064266
12,19,7,3,6,4,2,5,2,0,0,1,1,0,0,0,0,13.741104,51.019247
12,19,7,3,7,4,3,5,7,0,0,1,1,0,0,0,0,13.686203,51.057333
12,19,7,3,7,4,3,0,1,0,0,1,0,0,0,0,0,13.732636,51.050966
12,19,7,3,8,4,3,2,5,0,0,1,0,0,0,0,1,13.733677,51.039615
12,19,7,3,8,4,3,5,2,0,0,1,1,0,0,0,0,13.735066,51.019184
12,19,7,3,8,4,3,5,3,0,0,1,1,0,0,0,0,13.788283,51.035964
12,19,7,3,8,4,3,5,3,0,0,1,0,0,0,0,0,13.811303,51.050258
12,19,7,3,12,4,3,5,3,0,0,1,1,0,0,0,0,13.747234,51.071956
12,19,7,3,14,4,3,0,1,0,0,1,0,0,0,0,0,13.73471,51.052092
12,19,7,3,14,4,2,5,2,0,0,1,1,0,0,0,0,13.772674,51.0478
12,19,7,3,14,4,2,5,2,0,0,1,1,0,0,0,0,13.800135,51.057414
12,19,7,3,16,4,2,0,1,0,0,1,0,0,0,0,0,13.600185,51.094118
12,19,7,3,16,4,3,6,4,0,0,1,0,1,0,0,0,13.763119,51.062788
12,19,7,3,16,4,3,3,6,0,0,1,0,0,0,0,0,13.768064,51.097475
12,19,7,3,16,4,2,5,2,0,0,1,1,0,0,0,0,13.806035,51.039394
12,19,7,3,16,4,3,5,3,0,0,1,1,0,0,0,0,13.839667,51.126039
12,19,7,3,19,4,3,1,5,0,0,1,1,0,0,0,0,13.76906,51.047791
12,19,7,3,20,4,3,0,1,1,1,1,0,0,0,0,0,13.764499,51.021261
12,19,7,3,21,4,3,0,7,2,0,1,0,0,0,0,0,13.735212,51.035293
12,19,7,4,6,5,3,3,2,0,0,1,1,0,0,0,0,13.830903,51.028389
12,19,7,4,7,5,3,0,7,0,0,1,0,0,0,0,0,13.780439,51.053158
12,19,7,4,7,5,3,5,2,0,0,1,1,0,0,0,0,13.840702,51.03217
12,19,7,4,8,5,2,5,3,0,0,1,1,0,0,0,0,13.737725,51.019118
12,19,7,4,9,5,3,5,3,0,0,1,1,0,0,0,0,13.744224,51.057408
12,19,7,4,13,5,2,5,3,0,0,1,1,0,0,0,0,13.733313,51.076005
12,19,7,4,13,5,3,5,3,0,0,1,1,0,0,0,0,13.761047,51.068227
12,19,7,4,13,5,3,5,2,0,0,1,1,0,0,0,0,13.765836,51.006166
12,19,7,4,14,5,3,5,3,0,0,1,1,0,0,0,0,13.727763,51.043762
12,19,7,4,14,5,2,6,6,0,0,1,0,1,0,0,0,13.742038,51.053508
12,19,7,4,15,5,3,5,3,0,0,1,1,0,0,0,0,13.688937,51.057968
12,19,7,4,15,5,3,0,1,0,0,1,0,0,0,0,0,13.738895,51.044335
12,19,7,4,15,5,3,5,2,0,0,1,1,0,0,0,0,13.761568,51.044917
12,19,7,4,16,5,3,5,2,0,0,1,1,0,0,0,0,13.790834,51.026743
12,19,7,4,16,5,3,0,1,0,0,1,0,0,0,0,0,13.813403,51.045414
12,19,7,4,17,5,3,3,6,0,0,1,1,0,0,0,0,13.731855,51.050979
12,19,7,4,19,5,3,5,3,0,0,1,1,0,0,0,0,13.728923,51.052084
12,19,7,4,22,5,3,0,7,2,0,1,0,0,0,0,0,13.689217,51.082868
12,19,7,5,10,6,2,0,1,0,0,1,0,0,0,0,0,13.733392,51.039253
12,19,7,5,11,6,2,0,1,0,0,1,0,0,0,0,0,13.707042,51.041743
12,19,7,5,11,6,3,0,3,0,0,1,0,0,0,0,0,13.826714,51.025634
12,19,7,5,13,6,2,5,3,0,0,1,1,0,0,0,0,13.726521,51.126985
12,19,7,5,13,6,3,6,2,0,1,1,0,1,0,0,0,13.750614,51.071292
12,19,7,5,14,6,3,5,2,0,0,1,1,0,0,0,0,13.749169,51.033576
12,19,7,5,15,6,3,5,3,0,0,1,1,0,0,0,0,13.849121,50.995179
12,19,7,5,16,6,3,5,3,0,0,1,1,0,0,0,0,13.742033,51.064674
12,19,7,5,17,6,3,3,6,0,0,1,0,0,0,0,0,13.734823,51.063129
12,19,7,5,22,6,3,0,1,2,0,1,0,0,0,0,0,13.85801,51.010144
12,19,7,6,5,7,3,0,1,0,0,1,0,0,0,0,0,13.775187,51.050818
12,19,7,6,9,7,3,5,2,0,0,1,1,0,0,0,0,13.725206,51.050216
12,19,7,6,11,7,3,3,1,0,0,1,1,0,0,0,0,13.735337,51.050653
12,19,7,6,11,7,3,0,1,0,1,1,0,0,0,0,0,13.742043,51.059267
12,19,7,6,11,7,3,5,2,0,0,1,1,0,0,0,0,13.753041,51.059045
12,19,7,6,11,7,3,0,1,0,0,1,0,0,0,0,0,13.832911,51.037079
12,19,7,6,12,7,3,1,1,0,0,1,1,0,0,0,0,13.752154,51.061755
12,19,7,6,12,7,3,3,2,0,0,1,1,0,0,0,0,13.76953,51.010123
12,19,7,6,14,7,3,2,6,0,0,1,0,0,0,0,0,13.80686,51.043974
12,19,7,6,14,7,3,0,1,0,0,1,0,0,0,0,0,13.830191,51.031807
12,19,7,6,15,7,3,0,1,0,0,1,0,0,0,0,0,13.69042,51.049144
12,19,7,6,15,7,2,0,1,0,0,1,0,0,0,0,0,13.748806,51.033022
12,19,7,6,21,7,3,0,1,1,0,1,0,0,0,0,0,13.739402,51.055052
12,19,7,7,1,1,3,9,1,2,1,1,0,0,0,0,0,13.758751,51.04457
12,19,7,7,3,1,3,0,7,2,0,1,0,0,0,0,0,13.822922,51.013079
12,19,7,7,12,1,3,0,1,0,0,1,0,0,0,0,0,13.729007,51.059943
12,19,7,7,12,1,3,0,1,0,0,1,0,0,0,0,0,13.736404,51.063837
12,19,7,7,13,1,3,5,3,0,0,1,1,0,0,0,0,13.705249,51.051019
12,19,7,7,13,1,3,2,7,0,0,1,1,0,0,0,0,13.803601,51.051081
12,19,7,7,16,1,3,1,5,0,0,1,1,0,0,0,0,13.707425,51.07906
12,19,7,7,16,1,3,5,3,0,0,1,1,0,0,0,0,13.765916,51.067951
12,19,7,7,17,1,2,0,1,0,0,1,0,0,0,0,0,13.76633,51.036466
12,19,7,7,20,1,2,5,3,0,0,1,1,0,0,0,0,13.693818,51.043917
12,19,8,1,0,5,3,0,1,2,0,1,0,0,0,0,0,13.778897,51.016371
12,19,8,1,6,5,3,5,3,0,0,1,0,0,0,0,1,13.721523,51.04723
12,19,8,1,6,5,3,5,3,0,0,1,1,0,0,0,0,13.783078,51.043454
12,19,8,1,7,5,2,5,2,0,0,1,1,0,0,0,0,13.768011,51.051298
12,19,8,1,7,5,3,0,7,0,0,1,0,0,0,0,0,13.787183,51.038115
12,19,8,1,8,5,3,6,4,0,0,1,0,1,0,0,0,13.728925,51.039329
12,19,8,1,8,5,3,5,3,0,0,1,1,0,0,0,0,13.735519,51.072953
12,19,8,1,8,5,3,5,3,0,0,1,1,0,0,0,0,13.772789,51.118882
12,19,8,1,9,5,2,0,1,0,0,1,0,0,0,0,0,13.814215,51.054953
12,19,8,1,10,5,3,5,2,0,0,1,1,0,0,0,0,13.662798,51.049457
12,19,8,1,12,5,3,5,3,0,0,1,1,0,0,0,0,13.726497,51.035108
12,19,8,1,13,5,2,0,1,0,0,1,0,0,0,0,0,13.752668,51.034628
12,19,8,1,14,5,2,5,2,0,0,1,1,0,0,0,0,13.736115,51.072285
12,19,8,1,14,5,3,3,6,0,0,1,1,0,0,0,0,13.769297,51.027992
12,19,8,1,15,5,3,3,6,0,0,1,1,0,0,0,0,13.815528,51.05375
12,19,8,1,17,5,3,5,3,0,0,1,1,0,0,0,0,13.721015,51.084557
12,19,8,1,17,5,3,6,6,0,0,1,0,1,0,0,0,13.74962,51.064906
12,19,8,1,19,5,3,5,2,0,0,1,1,0,0,0,0,13.696274,51.022403
12,19,8,1,19,5,3,4,6,0,0,1,0,0,0,0,0,13.732453,51.061025
12,19,8,1,20,5,3,5,3,2,0,1,1,0,0,0,0,13.849486,51.008031
12,19,8,2,0,6,3,5,2,2,0,1,1,0,0,0,0,13.724008,51.052031
12,19,8,2,5,6,3,4,2,0,0,1,0,0,0,0,1,13.682837,51.045953
12,19,8,2,6,6,2,5,2,0,0,1,1,0,0,0,0,13.750171,51.061289
12,19,8,2,7,6,3,5,3,0,0,1,1,0,0,0,0,13.722253,51.02612
12,19,8,2,7,6,3,5,2,0,0,1,0,0,0,0,0,13.75459,51.041138
12,19,8,2,7,6,3,6,7,0,0,1,0,1,0,0,0,13.75869,51.061417
12,19,8,2,8,6,3,5,2,0,0,1,1,0,0,0,0,13.668925,51.059124
12,19,8,2,9,6,2,5,2,0,0,1,1,0,0,0,0,13.724414,51.033051
12,19,8,2,12,6,2,0,7,0,0,1,0,0,0,0,0,13.74731,51.053431
12,19,8,2,12,6,3,2,6,0,0,1,1,0,0,0,0,13.756013,51.069797
12,19,8,2,12,6,3,5,3,0,0,1,1,0,0,0,0,13.881711,50.994691
12,19,8,2,13,6,3,0,1,0,0,1,0,0,0,0,0,13.700089,51.015992
12,19,8,2,14,6,3,5,2,0,0,1,0,0,0,0,0,13.753231,51.073782
12,19,8,2,14,6,3,5,3,0,0,1,1,0,0,0,0,13.874679,51.060557
12,19,8,2,14,6,3,5,3,0,0,1,1,0,0,0,0,13.878415,51.059924
12,19,8,2,15,6,3,0,1,0,0,1,0,0,0,0,0,13.835669,51.027037
12,19,8,2,16,6,3,6,4,0,0,1,0,1,0,0,0,13.735572,51.050517
12,19,8,2,18,6,3,5,3,0,0,1,1,0,0,0,0,13.773713,51.048702
12,19,8,2,19,6,3,0,1,0,0,1,0,0,0,0,0,13.707523,51.078847
12,19,8,2,20,6,3,6,4,2,0,1,0,1,0,0,0,13.750206,51.061329
12,19,8,2,20,6,3,1,5,1,0,1,1,0,0,0,0,13.776884,51.060115
12,19,8,2,20,6,3,5,3,0,0,1,1,0,0,0,0,13.824029,51.057813
12,19,8,2,22,6,3,5,2,2,0,1,1,0,0,0,0,13.752005,51.062975
12,19,8,3,0,7,3,3,1,2,0,1,0,0,0,0,0,13.734389,51.072386
12,19,8,3,8,7,2,5,2,0,0,1,0,0,0,0,0,13.74718,51.06366
12,19,8,3,9,7,3,5,3,0,0,1,1,0,0,0,0,13.701996,51.032498
12,19,8,3,14,7,3,1,1,0,0,1,1,0,0,0,0,13.773903,51.118401
12,19,8,3,15,7,3,0,1,0,0,1,0,0,0,0,0,13.746719,51.053243
12,19,8,3,16,7,3,0,1,0,0,1,0,0,0,0,0,13.753073,51.059069
12,19,8,3,21,7,3,5,2,1,0,1,1,0,0,0,0,13.755946,51.055883
12,19,8,3,22,7,3,5,2,2,0,1,1,0,0,0,0,13.737566,51.054011
12,19,8,3,23,7,3,5,3,2,0,1,1,0,0,0,0,13.758263,51.044764
12,19,8,4,1,1,3,0,1,2,0,1,0,0,0,0,0,13.661748,51.078354
12,19,8,4,1,1,3,5,3,2,0,1,1,0,0,0,0,13.746707,51.051396
12,19,8,4,4,1,3,0,1,2,0,1,0,0,0,0,0,13.691278,51.069396
12,19,8,4,11,1,3,4,1,0,0,1,0,0,0,0,0,13.721891,51.046478
12,19,8,4,12,1,3,0,1,0,0,1,0,0,0,0,0,13.60658,51.094334
12,19,8,4,12,1,2,0,3,0,0,1,0,0,0,0,0,13.638521,51.069243
12,19,8,4,12,1,2,5,2,0,1,1,0,0,1,0,0,13.741591,51.046474
12,19,8,4,13,1,3,0,1,0,0,1,0,0,0,0,0,13.72172,51.02621
12,19,8,4,13,1,3,0,6,0,0,1,0,0,0,0,1,13.837376,51.025106