UKREIS,UJAHR,UMONAT,UTAG,USTUNDE,UWOCHENTAG,UKATEGORIE,UART,UTYP,LICHT,USTRZUSTAND,IstRad,IstPKW,IstFuss,IstKrad,IstGkfz,IstSonstige,@lon,@lat
12,19,8,4,14,1,3,0,1,0,0,1,0,0,0,0,0,13.776666,51.065724
12,19,8,4,16,1,3,0,1,0,0,1,0,0,0,0,0,13.746651,51.063798
12,19,8,4,17,1,2,5,3,0,0,1,1,0,0,0,0,13.720919,51.092509
12,19,8,4,18,1,3,2,3,0,0,1,0,0,0,0,1,13.737656,51.061461
12,19,8,4,20,1,3,0,1,1,0,1,0,0,0,0,0,13.739405,51.055056
12,19,8,5,6,2,3,5,2,0,0,1,1,0,0,0,0,13.85645,51.000559
12,19,8,5,7,2,3,5,3,0,0,1,1,0,0,0,0,13.705689,51.078568
12,19,8,5,7,2,3,0,1,1,0,1,0,0,0,0,0,13.812477,51.063798
12,19,8,5,8,2,3,6,4,0,0,1,0,1,0,0,0,13.85365,51.062158
12,19,8,5,9,2,3,0,1,0,1,1,0,0,0,0,0,13.706917,51.02913
12,19,8,5,9,2,3,5,3,0,0,1,1,0,0,0,0,13.795363,51.045103
12,19,8,5,10,2,3,5,3,0,0,1,1,0,0,0,0,13.725164,51.050255
12,19,8,5,14,2,2,5,3,0,0,1,1,0,0,0,0,13.788761,51.042409
12,19,8,5,16,2,3,2,2,0,0,1,1,0,0,0,0,13.705079,51.037085
12,19,8,5,16,2,3,0,1,0,1,1,0,0,0,0,0,13.712513,51.046184
12,19,8,5,16,2,3,5,2,0,0,1,1,0,0,0,0,13.795481,51.042845
12,19,8,5,17,2,3,5,2,0,0,1,1,0,0,0,0,13.660275,51.040625
12,19,8,5,17,2,3,5,3,0,0,1,0,0,0,0,0,13.753415,51.070553
12,19,8,5,19,2,3,0,1,0,0,1,0,0,0,0,0,13.788391,51.030621
12,19,8,6,1,3,3,4,1,2,0,1,1,0,0,0,0,13.725497,51.072688
12,19,8,6,6,3,3,0,7,1,1,1,0,0,0,0,0,13.748921,51.051261
12,19,8,6,7,3,3,5,2,0,0,1,1,0,0,0,0,13.704873,51.036349
12,19,8,6,7,3,3,5,2,0,0,1,0,0,1,0,0,13.737298,51.050467
12,19,8,6,9,3,3,5,3,0,0,1,1,0,0,0,0,13.758262,51.044764
12,19,8,6,10,3,3,5,2,0,0,1,0,0,0,1,0,13.773573,51.01418
12,19,8,6,12,3,3,5,3,0,0,1,1,0,0,0,0,13.747041,51.063695
12,19,8,6,13,3,3,5,3,0,0,1,1,0,0,0,0,13.680622,51.062033
12,19,8,6,13,3,2,5,3,0,0,1,1,0,0,0,0,13.747039,51.063695
12,19,8,6,14,3,3,2,2,0,0,1,1,0,0,0,0,13.701698,51.030929
12,19,8,6,15,3,3,5,3,0,0,1,1,0,0,0,0,13.740456,51.078301
12,19,8,6,15,3,3,2,6,0,0,1,0,0,0,0,0,13.820473,51.012536
12,19,8,6,16,3,3,5,2,0,0,1,1,0,0,0,0,13.745475,51.068315
12,19,8,6,17,3,3,6,5,0,0,1,0,1,0,0,0,13.754457,51.116241
12,19,8,6,17,3,3,1,7,0,0,1,1,0,0,0,0,13.77993,51.017059
12,19,8,6,19,3,2,5,3,1,0,1,0,0,0,0,0,13.736537,51.036717
12,19,8,6,20,3,3,5,3,2,1,1,0,0,0,0,0,13.727195,51.05804
12,19,8,6,20,3,3,5,3,2,1,1,1,0,0,0,0,13.781387,51.034033
12,19,8,7,6,4,3,1,6,0,0,1,1,0,0,0,0,13.781037,51.045868
12,19,8,7,6,4,3,5,2,0,0,1,1,0,0,0,0,13.786502,51.068402
12,19,8,7,8,4,3,5,2,0,0,1,0,0,0,0,1,13.772179,51.015017
12,19,8,7,11,4,3,0,1,0,0,1,0,0,0,0,0,13.776995,51.052122
12,19,8,7,12,4,3,5,3,0,0,1,1,0,0,0,0,13.698581,51.07435
12,19,8,7,16,4,3,6,6,0,0,1,0,1,0,0,0,13.713584,51.077522
12,19,8,7,16,4,3,5,2,0,0,1,0,0,0,0,0,13.81044,51.051148
12,19,8,7,16,4,3,0,1,0,1,1,0,0,0,0,0,13.814923,51.053871
12,19,8,7,16,4,3,2,2,0,0,1,1,0,0,0,0,13.829985,51.000492
12,19,8,7,17,4,3,5,2,0,0,1,0,0,0,0,0,13.760586,51.029906
12,19,8,7,19,4,3,4,1,0,0,1,1,0,0,0,0,13.728837,51.086179
12,19,8,7,20,4,2,5,3,0,0,1,1,0,0,0,0,13.7051,51.044441
12,19,8,7,20,4,2,0,1,1,1,1,0,0,0,0,0,13.745176,51.072275
12,19,9,1,13,1,3,5,3,0,0,1,1,0,0,0,0,13.769685,51.044793
12,19,9,1,13,1,3,3,6,0,0,1,1,0,0,0,0,13.785047,51.060489
12,19,9,1,14,1,3,0,1,0,0,1,0,0,0,0,0,13.789634,51.119059
12,19,9,1,15,1,3,5,3,0,0,1,1,0,0,0,0,13.703815,51.087783
12,19,9,1,15,1,3,5,3,0,1,1,1,0,0,0,0,13.743468,51.040286
12,19,9,1,16,1,3,5,3,0,0,1,1,0,0,0,0,13.672391,51.017235
12,19,9,1,16,1,3,0,1,0,0,1,0,0,0,0,0,13.777212,51.060293
12,19,9,1,17,1,2,0,4,0,1,1,0,1,0,0,0,13.828235,51.024733
12,19,9,1,19,1,3,0,1,1,0,1,0,0,0,0,0,13.681249,51.061853
12,19,9,2,6,2,3,5,2,1,0,1,1,0,0,0,0,13.765626,51.073299
12,19,9,2,7,2,3,5,3,0,1,1,1,0,0,0,0,13.735095,51.038377
12,19,9,2,8,2,2,5,3,0,0,1,1,0,0,0,0,13.767767,51.072478
12,19,9,2,13,2,3,3,2,0,0,1,1,0,0,0,0,13.721268,51.054349
12,19,9,2,13,2,2,5,2,0,0,1,0,0,0,1,0,13.738305,51.068959
12,19,9,2,13,2,2,0,1,0,0,1,0,0,0,0,0,13.804044,50.994895
12,19,9,2,14,2,3,5,2,0,1,1,0,0,0,0,1,13.762443,51.08502
12,19,9,2,15,2,3,5,2,0,0,1,1,0,0,0,0,13.755946,51.055883
12,19,9,2,15,2,3,0,3,0,1,1,1,0,0,0,0,13.78221,51.113455
12,19,9,2,16,2,3,5,3,0,1,1,1,0,0,0,0,13.692913,51.046401
12,19,9,2,16,2,3,1,1,0,0,1,1,0,0,0,0,13.724002,51.077212
12,19,9,2,16,2,2,0,1,0,0,1,0,0,0,0,0,13.761664,51.025193
12,19,9,2,18,2,2,0,7,0,0,1,0,0,0,0,0,13.827884,51.016453
12,19,9,2,20,2,3,3,2,2,1,1,1,0,0,0,0,13.706316,51.078691
12,19,9,2,23,2,3,4,6,2,0,1,0,0,0,0,0,13.72716,51.057901
12,19,9,3,1,3,3,0,1,2,1,1,0,0,0,0,0,13.77716,51.060315
12,19,9,3,6,3,3,5,2,0,1,1,1,0,0,0,0,13.731225,51.034357
12,19,9,3,6,3,3,5,3,0,0,1,1,0,0,0,0,13.851045,50.992898
12,19,9,3,7,3,3,6,4,0,0,1,0,1,0,0,0,13.713899,51.050828
12,19,9,3,9,3,3,5,3,0,0,1,1,0,0,0,0,13.738556,51.0395
12,19,9,3,10,3,3,0,1,0,0,1,0,0,0,0,0,13.784443,51.067064
12,19,9,3,11,3,3,5,2,0,0,1,1,0,0,0,0,13.722172,51.054043
12,19,9,3,12,3,3,5,3,0,0,1,1,0,0,0,0,13.848129,51.006036
12,19,9,3,13,3,3,5,3,0,0,1,1,0,0,0,0,13.784695,51.049736
12,19,9,3,14,3,3,0,6,0,0,1,1,0,0,0,0,13.706005,51.046402
12,19,9,3,15,3,3,0,1,0,0,1,0,0,0,0,0,13.72282,51.074688
12,19,9,3,15,3,3,0,1,0,0,1,0,0,0,0,0,13.761138,51.025863
12,19,9,3,16,3,3,5,2,0,0,1,1,0,0,0,0,13.729446,51.045716
12,19,9,3,21,3,3,2,1,2,0,1,0,0,0,0,1,13.751775,51.062988
12,19,9,4,6,4,3,5,3,0,0,1,1,0,0,0,0,13.737079,51.037736
12,19,9,4,7,4,3,5,3,0,1,1,1,0,0,0,0,13.73583,51.072599
12,19,9,4,7,4,3,5,2,0,0,1,1,0,0,0,0,13.787592,51.053893
12,19,9,4,8,4,3,5,3,0,0,1,1,0,0,0,0,13.743473,51.040253
12,19,9,4,10,4,3,5,2,0,0,1,0,0,0,1,0,13.756115,51.077136
12,19,9,4,10,4,3,5,2,0,0,1,1,0,0,0,0,13.760627,51.049169
12,19,9,4,13,4,3,0,7,0,0,1,0,0,0,0,0,13.67316,51.083561
12,19,9,4,14,4,3,5,2,0,0,1,0,0,0,0,1,13.703619,51.034665
12,19,9,4,14,4,3,1,3,0,1,1,0,0,0,0,1,13.705728,51.051249
12,19,9,4,16,4,2,5,3,0,0,1,0,0,0,0,1,13.716498,51.077616
12,19,9,4,17,4,3,3,2,0,0,1,1,0,0,0,0,13.740256,51.064668
12,19,9,4,20,4,2,1,5,2,0,1,1,0,0,0,0,13.720312,51.081766
12,19,9,4,23,4,2,0,7,2,0,1,0,0,0,0,0,13.81741,51.00539
12,19,9,5,7,5,3,0,7,0,0,1,1,0,0,0,0,13.712191,51.091514
12,19,9,5,7,5,3,5,3,0,0,1,1,0,0,0,0,13.749231,51.05252
12,19,9,5,9,5,3,5,2,0,0,1,0,0,0,0,1,13.733243,51.039009
12,19,9,5,11,5,3,0,7,0,0,1,0,0,0,0,0,13.711105,51.089149
12,19,9,5,11,5,3,5,3,0,0,1,1,0,0,0,0,13.788848,51.017373
12,19,9,5,14,5,3,0,7,0,0,1,1,0,0,0,0,13.749177,51.064458
12,19,9,5,16,5,2,0,7,0,0,1,0,0,0,0,0,13.73707,51.032258
12,19,9,5,16,5,3,0,6,0,0,1,0,0,0,0,0,13.782516,51.112844
12,19,9,5,17,5,3,5,3,0,0,1,1,0,0,0,0,13.650816,51.039363
12,19,9,5,17,5,3,0,3,0,0,1,0,0,0,0,1,13.723072,51.072332
12,19,9,5,17,5,3,5,3,0,0,1,1,0,0,0,0,13.752613,51.060452
12,19,9,5,17,5,3,0,7,0,0,1,1,0,0,0,0,13.763168,51.07062
12,19,9,5,17,5,3,1,5,0,0,1,1,0,0,0,0,13.790406,51.035201
12,19,9,5,22,5,3,0,1,2,0,1,0,0,0,0,0,13.75002,51.047558
12,19,9,6,7,6,3,0,1,0,1,1,0,0,0,0,0,13.766933,51.012284
12,19,9,6,8,6,2,5,2,0,0,1,1,0,0,0,0,13.707118,51.029286
12,19,9,6,9,6,3,0,2,0,0,1,0,0,0,0,1,13.704746,51.046297
12,19,9,6,9,6,3,5,3,0,0,1,1,0,0,0,0,13.786298,51.028553
12,19,9,6,10,6,3,5,2,0,0,1,1,0,0,0,0,13.721663,51.047277
12,19,9,6,10,6,3,0,7,0,0,1,1,0,0,0,0,13.74042,51.06957
12,19,9,6,10,6,3,0,1,0,1,1,0,0,0,0,0,13.782668,51.045375
12,19,9,6,11,6,3,0,1,0,0,1,0,0,0,0,0,13.728757,51.086055
12,19,9,6,11,6,3,6,4,0,0,1,0,1,0,0,0,13.788523,51.043282
12,19,9,6,11,6,2,3,6,0,0,1,0,0,0,0,1,13.806854,51.038946
12,19,9,6,12,6,3,0,7,0,0,1,1,0,0,0,0,13.764894,51.03186
12,19,9,6,13,6,3,0,1,0,0,1,0,0,0,0,0,13.705834,51.078596
12,19,9,6,13,6,2,5,3,0,0,1,0,0,0,0,1,13.767752,51.072468
12,19,9,6,14,6,2,1,1,0,0,1,1,0,0,0,0,13.609763,51.07866
12,19,9,6,14,6,3,5,3,0,0,1,1,0,0,0,0,13.701796,51.059181
12,19,9,6,14,6,3,5,2,0,0,1,1,0,0,0,0,13.715946,51.036966
12,19,9,6,14,6,2,5,2,0,1,1,1,0,0,0,0,13.782515,51.033089
12,19,9,6,15,6,3,0,1,0,1,1,0,0,0,0,0,13.690198,51.073823
12,19,9,6,15,6,3,1,5,0,1,1,1,0,0,0,0,13.725865,51.093295
12,19,9,6,17,6,3,5,2,0,1,1,1,0,0,0,0,13.693285,51.045487
12,19,9,6,17,6,2,0,1,0,0,1,0,0,0,0,0,13.71528,51.036499
12,19,9,6,17,6,3,3,6,0,1,1,0,0,0,0,0,13.737123,51.050292
12,19,9,6,18,6,2,0,1,0,0,1,0,0,0,0,0,13.730988,51.053732
12,19,9,6,22,6,2,0,1,2,0,1,0,0,0,0,0,13.837527,51.024744
12,19,9,7,4,7,3,0,1,2,0,1,0,0,0,0,0,13.736848,51.071484
12,19,9,7,10,7,3,0,7,0,0,1,1,0,0,0,0,13.788674,51.040778
12,19,9,7,10,7,3,0,1,0,0,1,0,0,0,0,0,13.840014,51.02522
12,19,9,7,12,7,3,5,2,0,0,1,1,0,0,0,0,13.739292,51.068349
12,19,9,7,14,7,3,5,3,0,0,1,1,0,0,0,0,13.699539,51.078173
12,19,9,7,14,7,3,5,2,0,0,1,1,0,0,0,0,13.72915,51.050738
12,19,9,7,17,7,2,6,4,0,0,1,1,1,0,0,0,13.770906,51.115746
12,19,9,7,19,7,3,5,3,2,0,1,1,0,0,0,0,13.748981,51.033779
12,19,9,7,21,7,2,2,6,2,0,1,1,0,0,0,0,13.793958,51.025509
12,19,10,1,7,3,3,5,3,0,0,1,1,0,0,0,0,13.707015,51.041398
12,19,10,1,7,3,3,5,3,1,0,1,1,0,0,0,0,13.718157,51.059938
12,19,10,1,7,3,3,5,3,0,0,1,1,0,0,0,0,13.750749,51.063111
12,19,10,1,7,3,3,0,1,0,0,1,0,0,0,0,0,13.841271,51.006493
12,19,10,1,8,3,2,5,3,0,0,1,0,0,0,0,0,13.737,51.049524
12,19,10,1,8,3,2,5,3,0,0,1,1,0,0,0,0,13.738077,51.089983
12,19,10,1,8,3,3,5,3,0,0,1,0,0,0,1,0,13.761304,51.083384
12,19,10,1,9,3,2,3,2,0,1,1,1,0,0,0,0,13.786907,51.015825
12,19,10,1,11,3,3,0,3,0,0,1,1,0,0,0,0,13.713127,51.031427
12,19,10,1,11,3,3,5,3,0,0,1,1,0,0,0,0,13.785328,51.035944
12,19,10,1,14,3,3,4,6,0,0,1,0,0,0,0,0,13.747428,51.028437
12,19,10,1,14,3,2,6,6,0,0,1,0,1,0,0,0,13.767893,51.035843
12,19,10,1,16,3,3,0,1,0,0,1,0,0,0,0,0,13.70194,51.090841
12,19,10,1,16,3,3,5,3,0,0,1,1,0,0,0,0,13.793607,51.12919
12,19,10,1,17,3,3,5,3,2,0,1,1,0,0,0,0,13.785323,51.035949
12,19,10,1,18,3,3,5,2,1,1,1,1,0,0,0,0,13.745177,51.062835
12,19,10,1,18,3,2,5,3,2,0,1,1,0,0,0,0,13.7772,51.060048
12,19,10,2,6,4,3,5,3,1,1,1,1,0,0,0,0,13.717037,51.052627
12,19,10,2,7,4,3,0,1,1,1,1,0,0,0,0,0,13.68966,51.069271
12,19,10,2,7,4,3,6,4,0,0,1,0,1,0,0,0,13.716821,51.036438
12,19,10,2,7,4,3,5,3,0,0,1,0,0,0,0,1,13.790812,51.037626
12,19,10,2,7,4,3,5,3,0,1,1,1,0,0,0,0,13.803152,51.047432
12,19,10,2,8,4,3,5,3,0,1,1,1,0,0,0,0,13.729387,51.070389
12,19,10,2,9,4,3,0,1,0,1,1,0,0,0,0,0,13.737878,51.029028
12,19,10,2,9,4,3,0,1,0,1,1,0,0,0,0,0,13.776389,51.067688
12,19,10,2,10,4,2,0,1,0,0,1,0,0,0,0,0,13.769371,51.024638
12,19,10,2,11,4,3,5,3,0,0,1,1,0,0,0,0,13.699425,51.03799
12,19,10,2,12,4,2,5,2,0,0,1,1,0,0,0,0,13.883742,51.060825
12,19,10,2,13,4,3,2,6,0,0,1,1,0,0,0,0,13.75761,51.063327
12,19,10,2,14,4,2,6,2,0,0,1,0,1,0,0,0,13.707897,51.046529
12,19,10,2,14,4,3,6,6,0,0,1,0,1,0,0,0,13.811825,51.028297
12,19,10,2,15,4,3,0,2,0,0,1,1,0,0,0,0,13.755521,51.076628
12,19,10,2,16,4,3,0,1,0,0,1,0,0,0,0,0,13.701746,51.090973
12,19,10,2,16,4,2,5,2,0,0,1,1,0,0,0,0,13.828782,51.058544
12,19,10,2,18,4,2,5,3,2,0,1,1,0,0,0,0,13.706389,51.045669
12,19,10,2,19,4,3,3,2,2,1,1,1,0,0,0,0,13.806713,51.052104
12,19,10,3,6,5,3,5,3,2,0,1,1,0,0,0,0,13.724418,51.033049
12,19,10,3,7,5,3,1,5,2,0,1,1,0,0,0,0,13.742889,51.065807
12,19,10,3,11,5,3,3,2,0,0,1,1,0,0,0,0,13.737038,51.037749
12,19,10,3,14,5,3,5,3,0,0,1,1,0,0,0,0,13.679205,51.06289
12,19,10,3,14,5,3,0,7,0,0,1,1,0,0,0,0,13.804445,51.041443
12,19,10,3,15,5,2,0,1,0,0,1,0,0,0,0,0,13.75612,51.076452
12,19,10,3,15,5,3,5,3,0,0,1,1,0,0,0,0,13.803293,51.137656
12,19,10,3,16,5,3,5,3,0,0,1,1,0,0,0,0,13.691251,51.052138
12,19,10,3,16,5,3,3,7,0,0,1,1,0,0,0,0,13.750431,51.063153
12,19,10,3,16,5,3,5,3,0,0,1,0,0,0,0,1,13.860053,51.009019
12,19,10,3,17,5,2,5,3,0,0,1,1,0,0,0,0,13.822265,50.997779
12,19,10,3,18,5,3,0,7,1,0,1,1,0,0,0,0,13.774158,51.058062
12,19,10,4,8,6,3,3,2,0,0,1,1,0,0,0,0,13.721639,51.049576
12,19,10,4,9,6,3,0,7,0,0,1,1,0,0,0,0,13.73301,51.039472
12,19,10,4,9,6,3,0,3,0,0,1,1,0,0,0,0,13.768254,51.047983
12,19,10,4,10,6,2,5,3,0,0,1,0,0,0,0,1,13.731076,51.034444
12,19,10,4,11,6,3,5,2,0,0,1,1,0,0,0,0,13.756899,51.055229
12,19,10,4,13,6,3,6,6,0,0,1,0,1,0,0,0,13.845585,51.01749
12,19,10,4,15,6,3,8,1,0,0,1,0,0,0,0,0,13.749145,51.021259
12,19,10,4,16,6,3,5,2,0,0,1,1,0,0,0,0,13.737266,51.085515
12,19,10,4,18,6,2,0,1,2,0,1,0,0,0,0,0,13.766921,51.010492
12,19,10,4,19,6,3,0,7,2,0,1,1,0,0,0,0,13.700345,51.08721
12,19,10,4,20,6,3,2,2,2,0,1,1,0,0,0,0,13.745646,51.049321
12,19,10,4,21,6,3,1,1,2,0,1,1,0,0,0,0,13.815768,51.030251
12,19,10,5,9,7,3,5,3,0,0,1,1,0,0,0,0,13.751527,51.047214
12,19,10,5,10,7,3,5,3,0,0,1,1,0,0,0,0,13.706633,51.019625
12,19,10,5,10,7,3,5,3,0,0,1,1,0,0,0,0,13.773134,51.113896
12,19,10,5,11,7,3,6,6,0,0,1,0,1,0,0,0,13.762965,51.062744
12,19,10,5,12,7,3,3,2,0,0,1,1,0,0,0,0,13.755946,51.055883
12,19,10,5,15,7,3,5,2,0,0,1,1,0,0,0,0,13.884814,51.060929
12,19,10,5,18,7,3,0,1,0,1,1,0,0,0,0,0,13.772954,51.069006
12,19,10,5,23,7,2,0,1,1,1,1,0,0,0,0,0,13.797664,51.042304
12,19,10,6,11,1,3,0,1,0,0,1,0,0,0,0,0,13.763834,51.087363
12,19,10,6,19,1,3,4,2,2,1,1,1,0,0,0,0,13.756002,51.055908
12,19,10,7,6,2,2,5,3,2,0,1,1,0,0,0,0,13.689307,51.067714
12,19,10,7,6,2,3,5,3,0,0,1,0,0,0,0,1,13.774084,51.112605
12,19,10,7,7,2,3,5,3,0,0,1,1,0,0,0,0,13.729813,51.082709
12,19,10,7,9,2,3,5,3,0,0,1,1,0,0,0,0,13.745383,51.062533
12,19,10,7,9,2,3,6,4,0,0,1,0,1,0,0,0,13.758261,51.069088
12,19,10,7,10,2,3,5,3,0,0,1,1,0,0,0,0,13.689487,51.067658
12,19,10,7,11,2,3,4,2,0,0,1,1,0,0,0,0,13.702454,51.090465
12,19,10,7,12,2,2,5,3,0,0,1,1,0,0,0,0,13.717012,51.080777
12,19,10,7,15,2,2,5,3,0,0,1,1,0,0,0,0,13.741518,51.116997
12,19,10,7,15,2,3,1,7,0,0,1,0,0,0,1,0,13.801193,51.055846
12,19,10,7,16,2,3,5,2,1,0,1,0,0,0,0,1,13.781978,51.030343
12,19,10,7,17,2,3,5,2,2,0,1,1,0,0,0,0,13.719239,51.076451
12,19,10,7,18,2,2,5,2,2,0,1,1,0,0,0,0,13.75813,51.054082
12,19,10,7,19,2,3,0,1,2,0,1,0,0,0,0,0,13.757135,51.049752
12,19,10,7,19,2,3,0,1,1,0,1,0,0,0,0,0,13.788961,51.027487
12,19,10,7,21,2,3,1,1,2,0,1,1,0,0,0,0,13.801278,51.022594
12,19,11,1,7,6,3,1,5,0,0,1,1,0,0,0,0,13.702022,51.03625
12,19,11,1,7,6,3,2,6,0,0,1,1,0,0,0,0,13.757146,51.05457
12,19,11,1,8,6,3,5,3,0,1,1,1,0,0,0,0,13.777131,51.035771
12,19,11,1,8,6,3,5,3,0,0,1,1,0,0,0,0,13.791072,51.037862
12,19,11,1,10,6,3,5,3,0,0,1,1,0,0,0,0,13.739032,51.050283
12,19,11,1,11,6,3,0,1,0,0,1,0,0,0,0,0,13.8094,51.064747
12,19,11,1,15,6,3,5,2,0,0,1,1,0,0,0,0,13.701992,51.036544
12,19,11,1,15,6,3,5,2,0,0,1,1,0,0,0,0,13.758695,51.049468
12,19,11,1,16,6,3,5,2,0,0,1,1,0,0,0,0,13.730781,51.030034
12,19,11,1,16,6,3,5,2,2,0,1,1,0,0,0,0,13.739033,51.050285
12,19,11,1,17,6,3,5,3,2,0,1,1,0,0,0,0,13.677519,51.058938
12,19,11,1,17,6,3,0,2,2,0,1,1,0,0,0,0,13.700585,51.082305
12,19,11,1,17,6,2,0,1,1,0,1,0,0,0,0,0,13.742602,51.057378
12,19,11,1,18,6,3,1,5,0,1,1,1,0,0,0,0,13.742295,51.036027
12,19,11,2,2,7,2,0,1,2,0,1,0,0,0,0,0,13.692745,51.04692
12,19,11,2,10,7,3,5,2,0,1,1,1,0,0,0,0,13.683455,51.04241
12,19,11,2,10,7,3,5,3,0,0,1,1,0,0,0,0,13.742025,51.064675
12,19,11,2,11,7,3,5,7,0,1,1,1,0,0,0,0,13.755739,51.073226
12,19,11,2,17,7,3,5,3,2,1,1,1,0,0,0,0,13.752077,51.052616
12,19,11,2,20,7,3,0,1,2,1,1,0,0,0,0,0,13.727283,51.05682
12,19,11,2,23,7,3,0,7,2,1,1,0,0,0,0,0,13.67812,51.049278
12,19,11,3,2,1,3,2,6,2,0,1,1,0,0,0,0,13.765914,51.053026
12,19,11,3,12,1,3,5,3,0,0,1,1,0,0,0,0,13.72042,51.051239
12,19,11,3,13,1,3,0,7,0,0,1,0,1,0,0,0,13.643759,51.093028
12,19,11,3,23,1,3,0,1,2,1,1,0,0,0,0,0,13.806351,51.039217
12,19,11,4,5,2,3,5,3,2,1,1,1,0,0,0,0,13.761715,51.031727
12,19,11,4,6,2,3,5,3,2,1,1,1,0,0,0,0,13.718044,51.038824
12,19,11,4,7,2,3,0,7,0,1,1,0,0,0,0,0,13.739952,51.01919
12,19,11,4,7,2,2,0,1,0,1,1,0,0,0,0,0,13.758109,51.03305
12,19,11,4,11,2,3,5,2,0,1,1,0,0,0,0,0,13.750501,51.033203
12,19,11,4,12,2,3,5,2,0,0,1,1,0,0,0,0,13.755946,51.055883
12,19,11,4,12,2,3,5,2,0,0,1,1,0,0,0,0,13.757228,51.049735
12,19,11,4,13,2,3,3,3,0,0,1,1,0,0,0,0,13.748153,51.045381
12,19,11,4,13,2,3,5,3,0,0,1,1,0,0,0,0,13.790419,51.119099
12,19,11,4,14,2,3,3,6,0,0,1,0,0,0,1,0,13.713291,51.045507
12,19,11,4,14,2,3,5,2,0,0,1,1,0,0,0,0,13.750646,51.071327
12,19,11,5,4,3,3,5,3,2,0,1,0,0,0,0,1,13.777806,51.012784
12,19,11,5,5,3,3,1,5,2,0,1,1,0,0,0,0,13.706692,51.045685
12,19,11,5,7,3,2,5,2,1,0,1,1,0,0,0,0,13.691109,51.042651
12,19,11,5,7,3,3,0,7,0,0,1,0,0,0,0,0,13.7951,51.043132
12,19,11,5,8,3,3,7,7,0,0,1,0,0,0,0,0,13.734733,51.126072
12,19,11,5,8,3,3,0,1,0,0,1,0,0,0,0,0,13.758053,51.052291
12,19,11,5,9,3,2,3,2,0,0,1,1,0,0,0,0,13.744561,51.037066
12,19,11,5,9,3,3,5,2,0,0,1,1,0,0,0,0,13.837417,51.006434
12,19,11,5,12,3,3,6,4,0,0,1,0,1,0,0,0,13.724996,51.044803
12,19,11,5,13,3,3,3,2,0,0,1,1,0,0,0,0,13.738388,51.063962
12,19,11,5,15,3,3,6,4,0,0,1,0,1,0,0,0,13.720611,51.034742
12,19,11,5,16,3,3,5,2,1,1,1,1,0,0,0,0,13.705611,51.018001
12,19,11,5,16,3,3,6,6,2,0,1,0,1,0,0,0,13.769103,51.092524
12,19,11,5,16,3,3,5,3,1,0,1,1,0,0,0,0,13.82275,51.004883
12,19,11,5,17,3,3,5,3,2,0,1,1,0,0,0,0,13.802995,51.040474
12,19,11,5,18,3,3,5,3,2,0,1,1,0,0,0,0,13.743528,51.040224
12,19,11,5,20,3,3,3,3,2,0,1,1,0,0,0,0,13.886896,51.063056
12,19,11,6,6,4,3,0,1,1,1,1,0,0,0,0,0,13.700109,51.016003
12,19,11,6,7,4,3,5,3,1,1,1,1,0,0,0,0,13.721926,51.086455
12,19,11,6,7,4,3,5,3,0,0,1,1,0,0,0,0,13.75798,51.052259
12,19,11,6,8,4,3,3,2,0,0,1,1,0,0,0,0,13.718424,51.087717
12,19,11,6,9,4,3,5,3,0,0,1,1,0,0,0,0,13.753344,51.050364
12,19,11,6,14,4,3,0,1,0,1,1,0,0,0,0,0,13.80861,51.038113
12,19,11,6,15,4,3,5,3,0,0,1,0,0,0,0,1,13.719089,51.046707
12,19,11,6,16,4,3,3,6,0,1,1,1,0,0,0,0,13.780981,51.056945
12,19,11,6,17,4,3,0,5,2,0,1,1,0,0,0,0,13.699823,51.043683
12,19,11,6,19,4,3,0,7,2,1,1,0,0,0,0,0,13.733233,51.039766
12,19,11,7,5,5,3,6,6,2,0,1,0,1,0,0,0,13.690335,51.078506
12,19,11,7,6,5,3,5,3,1,0,1,1,0,0,0,0,13.688434,51.056185
12,19,11,7,6,5,2,5,3,2,1,1,1,0,0,0,0,13.701992,51.032486
12,19,11,7,7,5,3,5,3,1,1,1,1,0,0,0,0,13.700581,51.032182
12,19,11,7,7,5,3,5,3,1,1,1,1,0,0,0,0,13.755449,51.050018
12,19,11,7,7,5,3,5,2,0,0,1,1,0,0,0,0,13.815077,51.053967
12,19,11,7,8,5,2,1,5,0,0,1,1,0,0,0,0,13.712144,51.028037
12,19,11,7,10,5,3,5,3,0,0,1,1,0,0,0,0,13.7462,51.063538
12,19,11,7,13,5,3,0,1,0,0,1,0,0,0,0,0,13.775155,51.110338
12,19,11,7,14,5,3,2,2,0,1,1,1,0,0,0,0,13.830692,51.028247
12,19,11,7,15,5,3,5,3,0,1,1,1,0,0,0,0,13.731234,51.024837
12,19,11,7,15,5,3,5,3,0,0,1,1,0,0,0,0,13.742672,51.047917
12,19,11,7,15,5,3,0,1,0,1,1,0,0,0,0,0,13.765031,51.015722
12,19,11,7,16,5,3,5,3,2,0,1,1,0,0,0,0,13.777624,51.05287
12,19,11,7,18,5,3,6,4,2,0,1,0,1,0,0,0,13.733913,51.050751
12,19,11,7,18,5,2,5,3,1,0,1,1,0,0,0,0,13.765772,51.065789
12,19,11,7,18,5,3,5,2,2,1,1,1,0,0,0,0,13.791332,51.046744
12,19,12,1,0,1,3,7,7,2,0,1,0,0,0,0,0,13.755124,51.063236
12,19,12,1,9,1,3,0,1,0,0,1,0,0,0,0,0,13.734436,51.048354
12,19,12,1,13,1,3,0,1,0,0,1,0,0,0,0,0,13.796468,51.028075