UKREIS,UJAHR,UMONAT,UTAG,USTUNDE,UWOCHENTAG,UKATEGORIE,UART,UTYP,LICHT,USTRZUSTAND,IstRad,IstPKW,IstFuss,IstKrad,IstGkfz,IstSonstige,@lon,@lat
12,19,12,1,15,1,3,5,3,0,1,1,1,0,0,0,0,13.700447,51.029074
12,19,12,1,16,1,2,0,1,1,1,1,0,0,0,0,0,13.791629,51.072245
12,19,12,2,7,2,2,5,3,1,1,1,1,0,0,0,0,13.74203,51.064674
12,19,12,2,8,2,3,5,3,0,0,1,1,0,0,0,0,13.72136,51.041766
12,19,12,2,8,2,3,0,1,0,1,1,0,0,0,0,0,13.782667,51.045378
12,19,12,2,13,2,3,5,3,0,0,1,1,0,0,0,0,13.674759,51.090662
12,19,12,2,15,2,3,4,6,0,0,1,0,0,0,0,0,13.641343,51.086352
12,19,12,2,15,2,3,0,1,0,1,1,0,0,0,0,0,13.829203,51.017039
12,19,12,2,16,2,3,6,4,2,0,1,0,1,0,0,0,13.736819,51.04797
12,19,12,2,17,2,3,5,2,2,0,1,1,0,0,0,0,13.730162,51.079953
12,19,12,2,17,2,3,5,3,2,0,1,1,0,0,0,0,13.733383,51.038969
12,19,12,2,17,2,3,6,4,2,1,1,0,1,0,0,0,13.760142,51.023377
12,19,12,2,17,2,3,1,5,2,1,1,1,0,0,0,0,13.814163,51.010009
12,19,12,2,17,2,3,5,2,2,1,1,1,0,0,0,0,13.82658,50.998278
12,19,12,3,7,3,3,5,3,1,0,1,1,0,0,0,0,13.718839,51.087822
12,19,12,3,8,3,3,5,3,0,1,1,0,0,0,0,1,13.731071,51.034434
12,19,12,3,9,3,2,5,3,0,0,1,1,0,0,0,0,13.721256,51.077436
12,19,12,3,12,3,3,5,3,0,0,1,1,0,0,0,0,13.758103,51.052248
12,19,12,3,12,3,3,5,3,0,0,1,1,0,0,0,0,13.774729,51.049771
12,19,12,3,13,3,3,5,3,0,0,1,1,0,0,0,0,13.762094,51.043235
12,19,12,3,14,3,3,5,3,0,0,1,1,0,0,0,0,13.700559,51.059345
12,19,12,3,15,3,3,6,4,0,0,1,0,1,0,0,0,13.724996,51.044802
12,19,12,3,15,3,3,0,6,0,0,1,1,0,0,0,0,13.825863,51.012033
12,19,12,3,16,3,2,2,2,1,0,1,1,0,0,0,0,13.678713,51.063226
12,19,12,3,16,3,3,5,2,2,0,1,1,0,0,0,0,13.720667,51.049287
12,19,12,3,17,3,3,5,3,2,0,1,1,0,0,0,0,13.672389,51.017235
12,19,12,3,17,3,2,5,3,2,0,1,1,0,0,0,0,13.725002,51.043915
12,19,12,3,17,3,3,2,6,2,0,1,1,0,0,0,0,13.74694,51.065696
12,19,12,4,2,4,2,0,1,2,0,1,0,0,0,0,0,13.813196,51.057656
12,19,12,4,14,4,3,5,3,0,0,1,1,0,0,0,0,13.646138,51.08484
12,19,12,4,15,4,3,5,3,0,0,1,1,0,0,0,0,13.773884,51.046089
12,19,12,4,16,4,2,5,3,2,0,1,1,0,0,0,0,13.718037,51.035896
12,19,12,4,16,4,3,6,6,1,0,1,0,1,0,0,0,13.737622,51.052284
12,19,12,4,16,4,3,6,4,1,0,1,0,1,0,0,0,13.752833,51.062931
12,19,12,4,18,4,3,2,3,2,1,1,1,0,0,0,0,13.717883,51.053169
12,19,12,4,18,4,3,5,2,2,0,1,1,0,0,0,0,13.729849,51.082673
12,19,12,4,20,4,3,0,7,2,0,1,0,0,0,0,0,13.764222,51.089408
12,19,12,4,20,4,3,0,6,2,1,1,0,1,0,0,0,13.851833,51.054107
12,19,12,4,22,4,3,1,5,2,1,1,1,0,0,0,0,13.755563,51.065917
12,19,12,5,6,5,3,5,2,2,0,1,1,0,0,0,0,13.731793,51.025268
12,19,12,5,7,5,3,5,3,0,0,1,1,0,0,0,0,13.757828,51.051451
12,19,12,5,8,5,2,1,5,0,0,1,1,0,0,0,0,13.702583,51.032543
12,19,12,5,8,5,3,3,2,0,1,1,1,0,0,0,0,13.713289,51.0812
12,19,12,5,9,5,3,0,1,0,0,1,0,0,0,0,0,13.767588,51.075586
12,19,12,5,12,5,3,5,3,0,0,1,1,0,0,0,0,13.757937,51.03287
12,19,12,5,13,5,3,5,3,0,0,1,1,0,0,0,0,13.768257,51.015701
12,19,12,5,15,5,3,5,7,0,0,1,1,0,0,0,0,13.826538,50.998299
12,19,12,5,16,5,3,3,6,1,0,1,1,0,0,0,0,13.75387,51.066355
12,19,12,5,19,5,3,0,1,2,1,1,0,0,0,0,0,13.808694,51.037991
12,19,12,6,1,6,3,0,1,2,0,1,0,0,0,0,0,13.709702,51.047814
12,19,12,6,5,6,3,5,2,2,0,1,1,0,0,0,0,13.737919,51.061597
12,19,12,6,7,6,2,6,4,2,0,1,0,1,0,0,0,13.738908,51.044345
12,19,12,6,8,6,2,5,3,0,0,1,1,0,0,0,0,13.726321,51.082412
12,19,12,6,8,6,3,0,1,0,1,1,0,0,0,0,0,13.730635,51.054139
12,19,12,6,8,6,3,5,3,0,0,1,1,0,0,0,0,13.777197,51.06008
12,19,12,6,9,6,3,5,3,0,0,1,1,0,0,0,0,13.734181,51.029357
12,19,12,6,11,6,3,3,3,0,0,1,1,0,0,0,0,13.793353,51.043057
12,19,12,6,11,6,3,5,3,0,0,1,1,0,0,0,0,13.800477,50.999259
12,19,12,6,12,6,3,1,5,0,0,1,1,0,0,0,0,13.733817,51.088471
12,19,12,6,13,6,3,5,2,0,1,1,1,0,0,0,0,13.777475,51.032188
12,19,12,6,15,6,2,5,3,0,1,1,1,0,0,0,0,13.682373,51.036321
12,19,12,6,17,6,3,5,2,2,0,1,1,0,0,0,0,13.741165,51.046279
12,19,12,6,17,6,3,5,2,2,1,1,1,0,0,0,0,13.759454,51.080721
12,19,12,6,17,6,3,0,1,2,1,1,0,0,0,0,0,13.792179,51.057272
12,19,12,6,19,6,3,5,3,2,0,1,1,0,0,0,0,13.710032,51.07916
12,19,12,6,23,6,3,5,3,2,1,1,1,0,0,0,0,13.770246,51.0289
12,19,12,7,12,7,3,5,3,0,0,1,1,0,0,0,0,13.69618,51.087471
12,19,12,7,17,7,3,0,1,2,1,1,0,0,0,0,0,13.750652,51.071333
12,20,1,2,8,5,3,5,3,0,0,1,1,0,0,0,0,13.705101,51.044441
12,20,1,3,16,6,3,0,7,2,1,1,0,0,0,0,0,13.808913,51.052754
12,20,1,4,17,7,2,0,7,2,1,1,0,0,0,0,0,13.784393,51.009253
12,20,1,5,9,1,3,0,1,0,2,1,0,0,0,0,0,13.677302,51.052409
12,20,1,6,11,2,3,5,3,0,0,1,1,0,0,0,0,13.777199,51.060058
12,20,1,6,15,2,3,3,6,0,0,1,1,0,0,0,0,13.723308,51.081285
12,20,1,8,7,4,2,5,3,2,1,1,1,0,0,0,0,13.761337,51.051927
12,20,1,9,7,5,3,5,3,1,1,1,1,0,0,0,0,13.757177,51.049789
12,20,1,9,9,5,3,5,3,0,1,1,1,0,0,0,0,13.70344,51.088561
12,20,1,9,16,5,3,5,3,1,1,1,1,0,0,0,0,13.78533,51.035942
12,20,1,9,18,5,3,5,2,2,0,1,1,0,0,0,0,13.743035,51.028692
12,20,1,9,18,5,3,6,6,2,1,1,0,1,0,0,0,13.807303,51.051945
12,20,1,10,9,6,3,0,1,0,1,1,0,0,0,0,0,13.718518,51.039267
12,20,1,10,9,6,3,4,1,0,1,1,1,0,0,0,0,13.828101,51.008934
12,20,1,10,12,6,3,5,3,0,0,1,1,0,0,0,0,13.808913,51.052754
12,20,1,10,13,6,3,3,2,0,0,1,1,0,0,0,0,13.690495,51.054388
12,20,1,10,15,6,1,2,2,0,0,1,1,0,0,0,0,13.78395,51.017597
12,20,1,10,17,6,3,0,7,2,1,1,0,0,0,0,0,13.806729,51.052102
12,20,1,12,14,1,2,0,1,0,0,1,0,0,0,0,0,13.797789,51.141205
12,20,1,13,17,2,3,0,1,1,0,1,0,0,0,0,0,13.747071,51.071798
12,20,1,13,18,2,3,2,6,2,0,1,1,0,0,0,0,13.723175,51.089888
12,20,1,14,7,3,3,6,4,0,0,1,0,1,0,0,0,13.726091,51.057065
12,20,1,16,7,5,3,0,1,1,0,1,0,0,0,0,0,13.783801,51.053502
12,20,1,16,7,5,3,1,5,1,0,1,1,0,0,0,0,13.796065,51.044821
12,20,1,16,12,5,2,5,3,0,0,1,1,0,0,0,0,13.760676,51.049202
12,20,1,16,12,5,2,5,3,0,0,1,0,0,0,0,1,13.788238,51.035947
12,20,1,16,13,5,3,5,3,0,0,1,1,0,0,0,0,13.774716,51.04981
12,20,1,17,7,6,3,0,1,1,2,1,0,0,0,0,0,13.709393,51.057163
12,20,1,17,7,6,3,0,1,0,2,1,0,0,0,0,0,13.792422,51.020932
12,20,1,17,7,6,3,6,2,1,0,1,0,1,0,0,0,13.80884,51.038005
12,20,1,17,8,6,3,0,1,0,2,1,0,0,0,0,0,13.722242,51.03002
12,20,1,17,8,6,3,5,2,0,0,1,0,0,0,0,0,13.768785,51.043798
12,20,1,17,11,6,2,5,3,0,0,1,1,0,0,0,0,13.724873,51.056167
12,20,1,17,11,6,3,2,6,0,0,1,1,0,0,0,0,13.749704,51.076164
12,20,1,17,17,6,3,5,3,2,0,1,1,0,0,0,0,13.718783,51.087829
12,20,1,17,23,6,3,0,1,2,1,1,0,0,0,0,0,13.707671,51.020784
12,20,1,18,8,7,3,5,3,0,0,1,1,0,0,0,0,13.689678,51.069437
12,20,1,20,6,2,3,5,3,2,1,1,1,0,0,0,0,13.712,51.025544
12,20,1,20,18,2,2,6,6,2,0,1,0,1,0,0,0,13.860553,51.043284
12,20,1,21,8,3,3,5,3,0,0,1,1,0,0,0,0,13.808456,51.045294
12,20,1,22,7,4,3,5,3,2,1,1,1,0,0,0,0,13.791059,51.121509
12,20,1,22,12,4,3,3,6,0,0,1,0,0,0,0,0,13.731802,51.029633
12,20,1,22,12,4,3,0,7,0,1,1,0,0,0,0,0,13.78555,51.05244
12,20,1,22,15,4,3,4,2,0,1,1,1,0,0,0,0,13.768176,51.045397
12,20,1,23,13,5,3,7,7,0,0,1,0,0,0,0,0,13.726304,51.058934
12,20,1,23,19,5,3,3,2,2,0,1,1,0,0,0,0,13.800706,51.041316
12,20,1,24,16,6,2,5,3,0,0,1,1,0,0,0,0,13.740763,51.047244
12,20,1,26,19,1,3,5,3,2,0,1,1,0,0,0,0,13.723733,51.045395
12,20,1,27,6,2,3,2,6,2,1,1,1,0,0,0,0,13.706118,51.04528
12,20,1,27,6,2,3,0,1,1,2,1,0,0,0,0,0,13.774513,51.060594
12,20,1,27,6,2,3,0,1,2,2,1,0,0,0,0,0,13.831739,50.999633
12,20,1,27,7,2,2,0,1,1,2,1,0,0,0,0,0,13.743772,51.053444
12,20,1,27,7,2,3,0,1,0,2,1,0,0,0,0,0,13.7732,51.043024
12,20,1,27,7,2,3,2,2,0,1,1,1,0,0,0,0,13.775716,51.050821
12,20,1,27,7,2,3,5,3,0,1,1,1,0,0,0,0,13.790931,51.021386
12,20,1,27,8,2,3,0,1,0,2,1,0,0,0,0,0,13.718828,51.051281
12,20,1,27,8,2,3,0,1,0,2,1,0,0,0,0,0,13.761628,51.036615
12,20,1,27,8,2,2,0,1,0,2,1,0,0,0,0,0,13.76252,51.037436
12,20,1,27,9,2,3,0,1,0,2,1,0,0,0,0,0,13.748344,51.071778
12,20,1,27,10,2,2,0,1,0,2,1,0,0,0,0,0,13.743102,51.023485
12,20,1,27,10,2,3,0,1,0,2,1,0,0,0,0,0,13.853119,51.055099
12,20,1,28,10,3,3,0,1,0,0,1,1,0,0,0,0,13.670272,51.029662
12,20,1,28,15,3,3,5,3,0,1,1,0,0,0,0,1,13.75065,51.047524
12,20,1,29,6,4,2,8,1,2,1,1,0,0,0,0,0,13.724788,51.077062
12,20,1,30,7,5,3,5,3,1,0,1,1,0,0,0,0,13.770204,51.028896
12,20,1,31,8,6,2,1,1,0,1,1,1,0,0,0,0,13.787531,51.054053
12,20,1,31,10,6,3,0,1,0,0,1,0,0,0,0,0,13.758331,51.029816
12,20,1,31,13,6,3,6,6,0,0,1,0,1,0,0,0,13.74108,51.057455
12,20,2,1,0,7,3,5,3,2,0,1,1,0,0,0,0,13.777866,51.053986
12,20,2,1,11,7,3,1,5,0,0,1,1,0,0,0,0,13.75959,51.054487
12,20,2,2,15,1,3,5,3,1,1,1,1,0,0,0,0,13.711988,51.080986
12,20,2,2,17,1,2,5,3,2,1,1,1,0,0,0,0,13.724277,51.054006
12,20,2,2,18,1,3,5,3,2,1,1,0,0,0,0,0,13.737444,51.029055
12,20,2,2,18,1,3,6,4,2,1,1,0,1,0,0,0,13.749156,51.064437
12,20,2,3,6,2,3,5,3,2,1,1,1,0,0,0,0,13.769626,51.051108
12,20,2,4,6,3,3,5,3,2,1,1,1,0,0,0,0,13.717805,51.048702
12,20,2,4,16,3,3,5,3,0,0,1,1,0,0,0,0,13.769337,51.110724
12,20,2,4,18,3,3,5,3,2,1,1,1,0,0,0,0,13.716479,51.077626
12,20,2,5,10,4,3,5,2,0,0,1,1,0,0,0,0,13.806552,51.037377
12,20,2,5,16,4,3,5,2,0,0,1,1,0,0,0,0,13.734484,51.061616
12,20,2,7,12,6,3,0,1,0,1,1,0,0,0,0,0,13.735049,51.03359
12,20,2,7,16,6,3,3,2,0,1,1,1,0,0,0,0,13.729111,51.050952
12,20,2,10,18,2,3,5,3,2,1,1,1,0,0,0,0,13.771087,51.046158
12,20,2,11,19,3,3,5,3,2,1,1,1,0,0,0,0,13.738492,51.044226
12,20,2,12,15,4,3,0,3,0,1,1,1,0,0,0,0,13.698505,51.074236
12,20,2,13,21,5,2,0,1,2,1,1,0,0,0,0,0,13.752029,51.066844
12,20,2,14,6,6,3,5,3,2,1,1,1,0,0,0,0,13.751503,51.050793
12,20,2,14,14,6,3,5,3,0,0,1,1,0,0,0,0,13.811149,51.00922
12,20,2,14,15,6,3,5,3,0,1,1,1,0,0,0,0,13.716187,51.07778
12,20,2,15,6,7,2,5,3,1,0,1,1,0,0,0,0,13.716483,51.077624
12,20,2,15,12,7,2,0,1,0,0,1,0,0,0,0,0,13.84287,51.001799
12,20,2,17,7,2,3,0,1,0,1,1,0,0,0,0,0,13.837429,51.024875
12,20,2,17,8,2,3,5,3,0,0,1,1,0,0,0,0,13.700048,51.041795
12,20,2,18,4,3,3,0,1,2,1,1,0,0,0,0,0,13.751916,51.062979
12,20,2,18,8,3,3,5,2,0,0,1,1,0,0,0,0,13.697394,51.086281
12,20,2,18,8,3,2,5,3,0,0,1,1,0,0,0,0,13.70572,51.090569
12,20,2,21,17,6,3,5,2,1,0,1,1,0,0,0,0,13.781453,51.043826
12,20,2,22,9,7,3,3,1,0,0,1,1,0,0,0,0,13.882388,51.060557
12,20,2,23,19,1,3,0,1,2,1,1,0,0,0,0,0,13.832555,51.02949
12,20,2,25,13,3,3,5,3,0,0,1,1,0,0,0,0,13.848284,51.007245
12,20,2,25,15,3,3,0,1,0,1,1,0,0,0,0,0,13.808788,51.050478
12,20,2,25,16,3,3,5,3,0,1,1,1,0,0,0,0,13.734347,51.040152
12,20,2,26,9,4,3,0,1,0,1,1,0,0,0,0,0,13.758392,51.02971
12,20,2,26,15,4,3,3,6,0,1,1,1,0,0,0,0,13.738758,51.054103
12,20,2,26,15,4,2,6,4,0,1,1,0,1,0,0,0,13.758336,51.05307
12,20,2,27,7,5,3,5,2,0,0,1,1,0,0,0,0,13.739866,51.064525
12,20,2,27,15,5,3,5,3,0,0,1,1,0,0,0,0,13.764611,51.067142
12,20,2,28,7,6,2,5,3,0,1,1,1,0,0,0,0,13.706999,51.041405
12,20,2,28,7,6,3,3,6,0,0,1,0,0,0,1,0,13.723326,51.074324
12,20,2,28,12,6,3,5,2,0,1,1,0,0,0,0,1,13.76012,51.023307
12,20,2,28,13,6,3,5,3,0,1,1,1,0,0,0,0,13.737924,51.074291
12,20,2,28,17,6,3,5,3,0,0,1,1,0,0,0,0,13.744964,51.072368
12,20,2,29,13,7,3,5,3,0,0,1,1,0,0,0,0,13.757861,51.075797
12,20,2,29,15,7,3,0,1,0,1,1,0,0,0,0,0,13.782721,51.050668
12,20,3,2,7,2,3,6,6,0,0,1,0,1,0,0,0,13.713168,51.077529
12,20,3,2,15,2,3,5,3,0,0,1,1,0,0,0,0,13.765553,51.048359
12,20,3,3,14,3,3,1,5,0,1,1,1,0,0,0,0,13.726902,51.059512
12,20,3,3,21,3,3,3,6,2,0,1,1,0,0,0,0,13.815833,51.016539
12,20,3,4,10,4,3,5,3,0,0,1,1,0,0,0,0,13.716658,51.037811
12,20,3,4,15,4,2,5,3,0,0,1,1,0,0,0,0,13.775011,51.038134
12,20,3,4,16,4,3,5,2,0,0,1,1,0,0,0,0,13.74345,51.064515
12,20,3,4,17,4,3,0,2,0,0,1,1,0,0,0,0,13.76012,51.023307
12,20,3,4,17,4,3,5,3,0,0,1,1,0,0,0,0,13.793836,51.05186
12,20,3,5,7,5,3,5,2,0,0,1,1,0,0,0,0,13.755927,51.055875
12,20,3,5,9,5,3,3,5,0,0,1,1,0,0,0,0,13.764537,51.015739
12,20,3,5,13,5,3,0,7,0,0,1,0,0,0,0,0,13.737104,51.050172
12,20,3,6,10,6,3,5,3,0,0,1,1,0,0,0,0,13.756562,51.055092
12,20,3,7,13,7,3,3,6,0,0,1,1,0,0,0,0,13.737538,51.087238
12,20,3,8,12,1,3,5,2,0,0,1,1,0,0,0,0,13.74179,51.043202
12,20,3,9,7,2,3,3,6,0,0,1,1,0,0,0,0,13.810857,51.018821
12,20,3,9,20,2,3,0,7,2,0,1,0,0,0,0,0,13.686632,51.041307
12,20,3,9,22,2,3,6,7,2,0,1,0,1,0,0,0,13.788216,51.036943
12,20,3,10,19,3,3,5,2,2,1,1,1,0,0,0,0,13.727731,51.084714
12,20,3,12,6,5,3,5,3,0,0,1,1,0,0,0,0,13.760255,51.023323
12,20,3,12,16,5,3,1,5,0,0,1,1,0,0,0,0,13.7857,51.055213
12,20,3,13,7,6,2,0,5,0,0,1,0,0,0,0,1,13.678253,51.048488
12,20,3,13,7,6,2,5,3,0,0,1,1,0,0,0,0,13.735791,51.072644
12,20,3,13,9,6,3,5,3,0,0,1,1,0,0,0,0,13.705103,51.044442
12,20,3,16,17,2,3,5,2,0,0,1,1,0,0,0,0,13.719767,51.094133
12,20,3,16,18,2,3,1,5,2,0,1,1,0,0,0,0,13.710474,51.084082
12,20,3,17,9,3,3,5,3,0,0,1,1,0,0,0,0,13.717857,51.053152
12,20,3,17,16,3,3,5,3,0,0,1,1,0,0,0,0,13.797567,50.991678
12,20,3,17,16,3,3,2,7,0,0,1,1,0,0,0,0,13.830219,51.010282
12,20,3,18,14,4,3,5,2,0,0,1,1,0,0,0,0,13.886155,51.062003
12,20,3,18,15,4,3,0,1,0,0,1,0,0,0,0,0,13.750248,51.047478
12,20,3,19,8,5,3,5,3,0,0,1,0,0,0,0,1,13.793326,51.043082
12,20,3,19,13,5,3,1,5,0,0,1,1,0,0,0,0,13.693669,51.070998
12,20,3,19,15,5,3,0,1,0,0,1,0,0,0,0,0,13.750315,51.050905
12,20,3,19,19,5,3,4,1,2,0,1,0,0,0,0,0,13.717619,51.027912
12,20,3,20,17,6,3,5,3,0,1,1,1,0,0,0,0,13.728966,51.059322
12,20,3,20,17,6,3,5,3,0,1,1,1,0,0,0,0,13.749154,51.057724
12,20,3,20,18,6,3,5,2,0,1,1,1,0,0,0,0,13.78295,51.033435
12,20,3,23,9,2,2,5,3,0,0,1,1,0,0,0,0,13.777199,51.060058
12,20,3,23,15,2,3,3,6,0,0,1,0,0,0,0,1,13.739292,51.068349
12,20,3,23,18,2,3,3,5,0,0,1,1,0,0,0,0,13.745728,51.072187
12,20,3,24,13,3,3,5,3,0,0,1,1,0,0,0,0,13.773683,51.048766
12,20,3,24,15,3,3,1,5,0,0,1,0,0,0,0,1,13.709854,51.082783
12,20,3,24,15,3,3,2,6,0,0,1,1,0,0,0,0,13.738123,51.086946
12,20,3,24,17,3,3,0,7,0,0,1,0,0,0,0,0,13.729986,51.074456
12,20,3,24,18,3,3,5,3,0,0,1,0,0,0,0,1,13.770815,51.039849
12,20,3,25,7,4,3,5,2,0,0,1,1,0,0,0,0,13.745502,51.068295
12,20,3,27,14,6,3,5,3,0,0,1,1,0,0,0,0,13.69307,51.038735
12,20,3,27,17,6,3,5,3,0,0,1,1,0,0,0,0,13.682598,51.061827
12,20,3,28,0,7,1,8,1,2,0,1,0,0,0,0,0,13.742042,51.024842
12,20,3,28,14,7,3,5,3,0,0,1,0,0,0,0,1,13.716903,51.093554
12,20,3,28,15,7,3,0,1,0,0,1,0,0,0,0,0,13.828066,51.032484
12,20,3,28,19,7,3,5,3,2,0,1,1,0,0,0,0,13.725221,51.050203
12,20,3,30,8,2,2,5,3,0,0,1,1,0,0,0,0,13.756222,51.072878
12,20,3,30,11,2,3,0,1,0,0,1,0,0,0,0,0,13.777095,51.059952
12,20,3,30,12,2,3,3,3,0,0,1,0,0,0,0,1,13.76563,51.015717
12,20,3,31,11,3,2,5,3,0,0,1,1,0,0,0,0,13.738697,51.04438
12,20,4,1,14,4,3,0,1,0,0,1,0,0,0,0,0,13.710788,51.077549
12,20,4,1,20,4,3,3,6,2,0,1,0,0,0,0,0,13.756914,51.055235
12,20,4,2,11,5,2,0,1,0,0,1,0,0,0,0,0,13.788711,51.043436
12,20,4,2,16,5,3,0,1,0,0,1,0,0,0,0,0,13.741484,51.070009
12,20,4,2,16,5,2,5,3,0,0,1,1,0,0,0,0,13.779063,51.038007
12,20,4,2,18,5,3,0,1,0,0,1,0,0,0,0,0,13.773665,51.048748
12,20,4,3,14,6,3,0,1,0,0,1,1,0,0,0,0,13.744007,51.068341
12,20,4,4,16,7,3,0,1,0,0,1,0,0,0,0,0,13.8381,51.050393
12,20,4,4,19,7,2,0,7,0,0,1,0,0,0,0,0,13.760722,51.071652
12,20,4,5,13,1,3,0,1,0,0,1,0,0,0,0,0,13.83033,51.031707
12,20,4,6,9,2,3,5,3,0,0,1,1,0,0,0,0,13.66485,51.03132
12,20,4,6,17,2,3,3,3,0,0,1,0,0,0,0,0,13.800205,51.057383
12,20,4,7,9,3,2,0,1,0,0,1,0,0,0,0,0,13.825626,51.052637
12,20,4,7,12,3,3,0,1,0,0,1,0,0,0,0,0,13.701489,51.091148
12,20,4,7,12,3,3,5,3,0,0,1,1,0,0,0,0,13.817996,51.035306
12,20,4,7,16,3,3,4,6,0,0,1,1,0,0,0,0,13.647336,51.092037
12,20,4,7,16,3,3,2,6,0,0,1,0,0,0,0,0,13.733471,51.072051
12,20,4,7,17,3,3,0,1,0,0,1,0,1,0,0,0,13.759274,51.060915
12,20,4,8,8,4,3,5,2,0,0,1,1,0,0,0,0,13.7403,51.038559
12,20,4,8,9,4,2,5,3,0,0,1,1,0,0,0,0,13.799557,51.143972
12,20,4,8,17,4,3,4,6,0,0,1,0,0,0,0,0,13.754584,51.057131
12,20,4,8,19,4,3,0,1,0,0,1,0,0,0,0,0,13.700304,51.016106
12,20,4,9,9,5,3,0,1,0,0,1,0,0,0,0,0,13.838517,51.023535
12,20,4,9,19,5,3,0,1,0,0,1,0,0,0,0,0,13.831045,51.017999
12,20,4,10,12,6,3,0,1,0,0,1,0,0,0,0,0,13.837279,51.024805
12,20,4,10,16,6,3,0,3,0,0,1,1,0,0,0,0,13.65007,51.083375
12,20,4,10,18,6,3,0,1,0,0,1,0,0,0,0,0,13.779962,51.132021
12,20,4,11,2,7,3,0,1,2,0,1,0,0,0,0,0,13.687792,51.047957
12,20,4,11,15,7,3,4,6,0,0,1,0,0,0,0,1,13.585218,51.045474
12,20,4,11,16,7,3,5,3,0,0,1,1,0,0,0,0,13.690103,51.072734
12,20,4,11,18,7,3,4,1,0,0,1,1,0,0,0,0,13.822527,51.048888
12,20,4,11,19,7,3,5,3,0,0,1,0,0,0,0,0,13.698505,51.074236
12,20,4,12,13,1,2,5,2,0,0,1,1,0,0,0,0,13.793774,51.025582
12,20,4,12,13,1,2,5,3,0,0,1,1,0,0,0,0,13.822708,51.032022
12,20,4,12,16,1,3,5,3,0,0,1,1,0,0,0,0,13.778829,51.017492
12,20,4,12,20,1,3,0,1,1,0,1,0,0,0,0,0,13.834171,51.009554
12,20,4,15,17,4,3,3,2,0,0,1,1,0,0,0,0,13.718478,51.08776
12,20,4,15,18,4,3,5,3,0,0,1,1,0,0,0,0,13.731294,51.05338
12,20,4,15,19,4,3,0,1,0,0,1,0,0,0,0,0,13.728193,51.085213
12,20,4,16,7,5,3,5,3,0,0,1,1,0,0,0,0,13.756571,51.055095
12,20,4,16,11,5,3,5,2,0,0,1,1,0,0,0,0,13.724904,51.080078
12,20,4,16,16,5,3,5,2,0,0,1,1,0,0,0,0,13.775554,51.045366
12,20,4,17,7,6,3,5,3,0,0,1,1,0,0,0,0,13.803178,51.033065
12,20,4,18,19,7,3,5,3,0,0,1,1,0,0,0,0,13.720225,51.054804
12,20,4,19,7,1,3,0,1,0,0,1,0,0,0,0,0,13.755067,51.020239
12,20,4,19,13,1,3,0,7,0,0,1,0,0,0,0,1,13.860963,51.009153
12,20,4,20,7,2,3,5,2,0,0,1,1,0,0,0,0,13.67814,51.049352
12,20,4,20,7,2,3,6,4,0,0,1,0,1,0,0,0,13.763639,51.087024
12,20,4,20,10,2,2,0,1,0,0,1,0,0,0,0,0,13.755539,51.060267
12,20,4,20,11,2,3,0,7,0,0,1,0,0,0,0,0,13.749884,51.050922
12,20,4,20,17,2,3,5,2,0,0,1,1,0,0,0,0,13.733081,51.076443
12,20,4,21,5,3,3,5,3,1,0,1,1,0,0,0,0,13.74259,51.084646
12,20,4,21,14,3,2,0,1,0,0,1,0,0,0,0,1,13.826567,51.062265
12,20,4,21,15,3,3,6,4,0,0,1,0,1,0,0,0,13.737074,51.049983
12,20,4,21,15,3,3,1,5,0,0,1,1,0,0,0,0,13.774411,51.111986
12,20,4,21,15,3,3,0,1,0,0,1,0,0,0,0,0,13.808266,51.050901
12,20,4,22,7,4,2,5,2,0,0,1,1,0,0,0,0,13.781544,51.053264
12,20,4,22,13,4,2,0,1,0,0,1,0,0,0,0,0,13.690961,51.05297
12,20,4,22,14,4,3,3,6,0,0,1,1,0,0,0,0,13.776312,51.110834
12,20,4,23,0,5,3,1,5,2,0,1,1,0,0,0,0,13.784975,51.046849
12,20,4,23,8,5,3,2,6,0,0,1,1,0,0,0,0,13.78876,51.042401
12,20,4,23,10,5,3,0,1,0,0,1,0,0,0,0,0,13.690846,51.053241
12,20,4,23,10,5,3,0,7,0,0,1,0,0,0,0,0,13.872146,51.046569
12,20,4,23,13,5,3,0,1,0,0,1,0,0,0,0,0,13.701262,51.091304
12,20,4,23,17,5,3,0,1,0,0,1,0,0,0,0,0,13.760855,51.026212
12,20,4,23,23,5,3,0,7,2,0,1,1,0,0,0,0,13.819274,51.006944
12,20,4,24,12,6,3,0,1,0,0,1,0,0,0,0,0,13.701739,51.038162
12,20,4,24,16,6,3,1,5,0,0,1,0,0,0,0,1,13.725596,51.036074
12,20,4,25,8,7,3,5,3,0,0,1,0,0,0,0,0,13.720575,51.083336
12,20,4,26,13,1,3,0,1,0,0,1,0,0,0,0,0,13.844238,51.017546
12,20,4,26,14,1,3,0,1,0,0,1,0,0,0,0,0,13.748525,51.053604
12,20,4,26,16,1,3,1,5,0,0,1,1,0,0,0,0,13.809833,51.010018
12,20,4,27,8,2,3,3,3,0,0,1,0,0,0,0,1,13.726502,51.032107
12,20,4,27,8,2,3,0,1,0,0,1,0,0,0,0,0,13.803849,51.026076
12,20,4,27,13,2,3,0,1,0,0,1,0,0,0,0,0,13.813105,51.019561
12,20,4,27,18,2,3,0,1,0,0,1,0,0,0,0,0,13.848371,51.016061