UKREIS,UJAHR,UMONAT,UTAG,USTUNDE,UWOCHENTAG,UKATEGORIE,UART,UTYP,LICHT,USTRZUSTAND,IstRad,IstPKW,IstFuss,IstKrad,IstGkfz,IstSonstige,@lon,@lat
12,20,4,28,12,3,3,8,1,0,0,1,0,0,0,0,0,13.749858,51.071529
12,20,4,28,13,3,3,5,3,0,0,1,1,0,0,0,0,13.735729,51.099709
12,20,4,28,14,3,2,0,7,0,0,1,0,0,0,0,1,13.747254,51.045591
12,20,4,28,16,3,3,0,1,0,0,1,0,0,0,0,0,13.737758,51.044486
12,20,4,28,17,3,3,1,5,0,0,1,1,0,0,0,0,13.724149,51.077184
12,20,4,28,18,3,2,4,6,0,0,1,0,0,0,0,0,13.688204,51.08322
12,20,4,29,6,4,3,5,3,0,0,1,1,0,0,0,0,13.783875,51.009644
12,20,4,29,15,4,3,5,3,0,0,1,1,0,0,0,0,13.791022,51.029618
12,20,4,29,17,4,3,0,1,0,1,1,0,0,0,0,0,13.682592,51.06014
12,20,4,30,7,5,3,0,1,0,0,1,0,0,0,0,0,13.788868,51.073582
12,20,4,30,17,5,3,0,1,0,0,1,0,0,0,0,0,13.76098,51.026061
12,20,4,30,17,5,2,3,6,0,0,1,0,0,0,0,1,13.875685,51.060374
12,20,4,30,18,5,2,5,3,0,0,1,1,0,0,0,0,13.740768,51.047242
12,20,4,30,18,5,3,1,5,0,0,1,1,0,0,0,0,13.776687,51.016941
12,20,5,1,12,6,3,0,1,0,0,1,0,0,0,0,0,13.756477,51.040389
12,20,5,1,16,6,3,4,6,0,0,1,0,0,0,0,0,13.733696,51.040347
12,20,5,1,18,6,3,1,5,0,0,1,1,0,0,0,0,13.861617,51.007263
12,20,5,2,18,7,3,2,6,0,1,1,1,0,0,0,0,13.762751,51.016514
12,20,5,3,13,1,3,0,7,0,0,1,0,0,0,0,0,13.703357,51.091536
12,20,5,3,13,1,3,0,1,0,0,1,0,0,0,0,0,13.707486,51.08442
12,20,5,3,14,1,3,4,6,0,0,1,0,0,0,0,0,13.747068,51.054488
12,20,5,3,17,1,3,5,3,0,0,1,1,0,0,0,0,13.728813,51.019675
12,20,5,3,19,1,3,8,7,0,0,1,0,0,0,0,0,13.706598,51.091477
12,20,5,3,19,1,2,0,1,0,0,1,0,0,0,0,0,13.728772,51.052127
12,20,5,4,7,2,2,5,3,0,0,1,1,0,0,0,0,13.718238,51.031419
12,20,5,4,11,2,2,0,1,0,1,1,0,0,0,0,0,13.829634,51.008468
12,20,5,4,15,2,3,0,1,0,1,1,0,0,0,0,0,13.692842,51.046676
12,20,5,5,16,3,3,5,2,0,0,1,1,0,0,0,0,13.775178,51.038395
12,20,5,5,19,3,3,0,7,1,1,1,1,0,0,0,0,13.748961,51.062809
12,20,5,6,13,4,3,0,1,0,0,1,0,0,0,0,0,13.646122,51.03997
12,20,5,6,13,4,3,0,1,0,0,1,0,0,0,0,0,13.762921,51.049573
12,20,5,6,15,4,3,5,2,0,0,1,1,0,0,0,0,13.743149,51.072876
12,20,5,6,17,4,3,5,3,0,0,1,1,0,0,0,0,13.88338,51.057851
12,20,5,6,18,4,3,0,7,0,0,1,0,0,0,0,0,13.776579,51.066691
12,20,5,7,9,5,3,5,3,0,0,1,1,0,0,0,0,13.766462,51.05645
12,20,5,7,16,5,2,8,1,0,0,1,0,0,0,0,0,13.683275,51.021644
12,20,5,7,17,5,3,3,6,0,0,1,1,0,0,0,0,13.777689,51.055498
12,20,5,7,20,5,3,5,3,0,0,1,0,0,0,0,1,13.722188,51.054074
12,20,5,8,13,6,3,5,3,0,0,1,0,0,0,0,1,13.720616,51.121693
12,20,5,8,13,6,3,0,1,0,0,1,0,0,0,0,0,13.736429,51.042322
12,20,5,8,16,6,3,5,3,0,0,1,1,0,0,0,0,13.756554,51.055088
12,20,5,8,17,6,3,1,1,0,0,1,0,0,0,0,1,13.692448,51.047644
12,20,5,8,17,6,2,0,1,0,0,1,0,0,0,0,0,13.80752,51.03492
12,20,5,9,16,7,3,0,1,0,0,1,0,0,0,0,0,13.708396,51.040705
12,20,5,9,16,7,3,0,1,0,0,1,0,0,0,0,0,13.812387,51.04654
12,20,5,9,23,7,3,0,1,2,0,1,0,0,0,0,0,13.766865,51.094333
12,20,5,10,11,1,3,0,1,0,0,1,0,0,0,0,0,13.750973,51.054114
12,20,5,10,16,1,3,0,1,0,1,1,0,0,0,0,0,13.782654,51.045414
12,20,5,10,16,1,2,8,1,0,1,1,0,0,0,0,0,13.803584,51.051078
12,20,5,10,17,1,3,3,6,0,0,1,1,0,0,0,0,13.700933,51.0941
12,20,5,10,17,1,2,0,1,0,1,1,0,0,0,0,0,13.712529,51.02621
12,20,5,11,10,2,3,5,3,0,1,1,1,0,0,0,0,13.771739,51.057543
12,20,5,11,14,2,2,5,2,0,1,1,1,0,0,0,0,13.748465,51.053541
12,20,5,12,6,3,2,0,2,0,0,1,1,0,0,0,0,13.681479,51.035987
12,20,5,12,6,3,2,5,3,0,0,1,1,0,0,0,0,13.751506,51.047222
12,20,5,12,11,3,3,1,5,0,0,1,1,0,0,0,0,13.69749,51.016971
12,20,5,12,11,3,3,5,3,0,0,1,1,0,0,0,0,13.743044,51.028692
12,20,5,13,13,4,3,6,4,0,0,1,0,1,0,0,0,13.783016,51.043484
12,20,5,13,14,4,3,5,3,0,0,1,1,0,0,0,0,13.761618,51.052084
12,20,5,13,19,4,3,0,6,0,0,1,1,0,0,0,0,13.709583,51.032941
12,20,5,14,12,5,2,5,3,0,0,1,1,0,0,0,0,13.738567,51.039472
12,20,5,14,13,5,3,5,3,0,0,1,1,0,0,0,0,13.753697,51.07468
12,20,5,14,16,5,3,5,3,0,0,1,1,0,0,0,0,13.704521,51.086357
12,20,5,15,7,6,2,5,2,0,0,1,1,0,0,0,0,13.817634,51.031021
12,20,5,15,14,6,3,4,6,0,0,1,0,1,0,0,0,13.70927,51.047501
12,20,5,15,16,6,2,5,2,0,0,1,1,0,0,0,0,13.719232,51.095735
12,20,5,16,10,7,3,0,1,0,0,1,0,0,0,0,0,13.708763,51.084353
12,20,5,16,17,7,3,0,1,0,0,1,0,0,0,0,0,13.739231,51.019164
12,20,5,16,21,7,3,0,1,2,0,1,0,0,0,0,0,13.73899,51.050249
12,20,5,17,9,1,3,3,6,0,0,1,1,0,0,0,0,13.805378,51.025446
12,20,5,17,12,1,3,0,1,0,0,1,0,0,0,0,0,13.829274,51.010608
12,20,5,17,13,1,3,3,6,0,0,1,0,0,0,0,0,13.85581,51.011374
12,20,5,18,6,2,3,5,2,0,0,1,0,0,0,1,0,13.828771,51.058545
12,20,5,18,15,2,3,0,2,0,0,1,0,0,0,0,1,13.777791,51.052887
12,20,5,18,17,2,3,5,3,0,0,1,1,0,0,0,0,13.7366,51.063664
12,20,5,18,18,2,3,3,7,0,0,1,0,0,0,0,0,13.79454,51.025276
12,20,5,19,10,3,3,0,3,0,0,1,1,0,0,0,0,13.686288,51.042434
12,20,5,19,15,3,3,5,3,0,0,1,0,0,0,0,0,13.7382,51.053252
12,20,5,19,19,3,2,0,1,0,0,1,0,0,0,0,0,13.686987,51.056961
12,20,5,20,8,4,3,0,1,0,0,1,0,0,0,0,0,13.756712,51.026844
12,20,5,21,13,5,2,5,3,0,0,1,1,0,0,0,0,13.71842,51.0534
12,20,5,21,13,5,3,0,1,0,0,1,1,0,0,0,0,13.719338,51.095401
12,20,5,21,13,5,2,5,2,0,0,1,1,0,0,0,0,13.841996,51.094507
12,20,5,21,17,5,3,0,1,0,0,1,0,0,0,0,0,13.738555,51.068546
12,20,5,21,17,5,3,5,2,0,0,1,1,0,0,0,0,13.746104,51.051738
12,20,5,21,18,5,2,0,1,0,0,1,0,0,0,0,0,13.734792,51.105147
12,20,5,21,20,5,3,5,3,2,0,1,0,0,0,0,1,13.678457,51.061145
12,20,5,21,21,5,3,0,7,2,0,1,0,0,0,0,0,13.841356,51.022215
12,20,5,22,9,6,3,1,1,0,0,1,1,0,0,0,0,13.758055,51.032993
12,20,5,22,12,6,3,0,1,0,0,1,0,0,0,0,0,13.752154,51.061754
12,20,5,22,17,6,3,0,1,0,1,1,0,0,0,0,0,13.75529,51.065987
12,20,5,22,20,6,3,0,1,1,1,1,0,0,0,0,0,13.791018,51.02139
12,20,5,23,13,7,3,2,6,0,0,1,0,1,0,0,0,13.772123,51.03417
12,20,5,23,15,7,3,0,1,0,0,1,0,0,0,0,0,13.674908,51.08212
12,20,5,24,14,1,3,0,1,0,0,1,0,0,0,0,0,13.807915,51.065122
12,20,5,26,11,3,2,7,1,0,0,1,0,0,0,0,0,13.691248,51.082183
12,20,5,26,16,3,3,5,3,0,0,1,1,0,0,0,1,13.796829,51.041489
12,20,5,26,17,3,3,5,2,0,0,1,1,0,0,0,0,13.77379,51.046074
12,20,5,27,7,4,3,5,3,0,0,1,1,0,0,0,0,13.722048,51.08022
12,20,5,27,7,4,3,5,3,0,0,1,1,0,0,0,0,13.831187,51.031131
12,20,5,27,12,4,3,0,1,0,0,1,0,0,0,0,0,13.702757,51.017372
12,20,5,27,15,4,3,5,3,0,0,1,1,0,0,0,0,13.706988,51.04141
12,20,5,27,19,4,3,0,1,0,0,1,0,0,0,0,0,13.700089,51.015992
12,20,5,28,7,5,3,5,2,0,1,1,1,0,0,0,0,13.760676,51.049199
12,20,5,28,7,5,3,5,3,0,0,1,1,0,0,0,0,13.783092,51.043504
12,20,5,28,10,5,2,6,4,0,0,1,0,1,0,0,0,13.789804,51.027152
12,20,5,29,9,6,3,5,3,0,0,1,1,0,0,0,0,13.734022,51.065817
12,20,5,29,13,6,3,3,6,0,0,1,1,0,0,0,0,13.786572,51.059292
12,20,5,29,16,6,3,5,2,0,0,1,1,0,0,0,0,13.830605,51.000122
12,20,5,30,13,7,3,5,3,0,0,1,0,0,0,0,0,13.749095,51.064376
12,20,5,31,16,1,3,5,3,0,0,1,1,0,0,0,0,13.696939,51.080547
12,20,5,31,16,1,3,5,2,0,0,1,1,0,0,0,0,13.748464,51.053542
12,20,5,31,16,1,2,5,3,0,0,1,1,0,0,0,0,13.765036,51.053779
12,20,6,1,14,2,3,0,1,0,0,1,0,0,0,0,0,13.685798,51.083326
12,20,6,1,15,2,3,3,6,0,0,1,0,0,0,0,0,13.79898,50.998942
12,20,6,1,17,2,3,1,7,0,0,1,1,0,0,0,0,13.76179,51.058153
12,20,6,1,17,2,3,5,3,0,0,1,0,0,0,0,0,13.857719,50.998226
12,20,6,2,8,3,3,0,1,0,0,1,0,0,0,0,0,13.787108,51.015653
12,20,6,2,9,3,3,0,1,0,0,1,0,0,0,0,0,13.755746,51.047317
12,20,6,2,13,3,3,6,3,0,0,1,0,1,0,0,0,13.759577,51.027938
12,20,6,2,14,3,3,5,3,0,0,1,1,0,0,0,0,13.789749,51.045276
12,20,6,2,20,3,3,0,1,0,1,1,0,0,0,0,0,13.706425,51.019254
12,20,6,3,7,4,3,5,3,0,0,1,1,0,0,0,0,13.646072,51.040642
12,20,6,3,11,4,3,4,2,0,0,1,1,0,0,0,0,13.771307,51.016071
12,20,6,3,17,4,3,0,1,0,0,1,0,0,0,0,0,13.870354,51.014733
12,20,6,3,18,4,3,3,2,0,0,1,1,0,0,0,0,13.825867,51.012074
12,20,6,3,19,4,3,0,1,0,0,1,0,0,0,0,0,13.706948,51.084537
12,20,6,3,19,4,3,0,2,0,0,1,0,0,0,0,0,13.762491,51.037447
12,20,6,4,11,5,3,0,1,0,0,1,0,0,0,0,0,13.68916,51.055857
12,20,6,4,13,5,3,5,2,0,0,1,1,0,0,0,0,13.786009,51.059423
12,20,6,4,17,5,3,5,3,0,0,1,1,0,0,0,0,13.752973,51.073887
12,20,6,4,21,5,3,5,3,2,1,1,1,0,0,0,0,13.691996,51.049063
12,20,6,5,5,6,2,0,3,0,1,1,1,0,0,0,0,13.790688,51.013039
12,20,6,5,6,6,3,5,3,0,1,1,1,0,0,0,0,13.768248,51.047971
12,20,6,5,6,6,3,2,5,0,1,1,1,0,0,0,0,13.784598,51.035206
12,20,6,5,7,6,3,5,3,0,1,1,1,0,0,0,0,13.774999,51.042755
12,20,6,5,12,6,2,5,3,0,0,1,0,0,0,0,1,13.782914,51.035224
12,20,6,5,13,6,3,5,3,0,0,1,1,0,0,0,0,13.682788,51.05508
12,20,6,5,13,6,3,1,5,0,0,1,0,0,0,0,1,13.718408,51.077506
12,20,6,5,16,6,3,5,3,0,0,1,1,0,0,0,0,13.802662,50.987788
12,20,6,6,16,7,3,5,3,0,0,1,1,0,0,0,0,13.705009,51.036713
12,20,6,7,15,1,3,1,7,0,1,1,1,0,0,0,0,13.805068,51.025658
12,20,6,8,7,2,3,0,3,0,0,1,1,0,0,0,0,13.63854,51.06927
12,20,6,8,9,2,3,5,3,0,0,1,1,0,0,0,0,13.772557,51.10733
12,20,6,8,10,2,3,0,7,0,0,1,0,0,0,0,0,13.703561,51.034593
12,20,6,8,10,2,3,0,1,0,0,1,0,0,0,0,0,13.709396,51.084239
12,20,6,8,16,2,3,1,1,0,0,1,1,0,0,0,0,13.747059,51.071546
12,20,6,8,16,2,3,5,3,0,0,1,1,0,0,0,0,13.806322,51.036068
12,20,6,8,18,2,3,3,2,0,0,1,1,0,0,0,0,13.694112,51.012759
12,20,6,8,22,2,3,0,7,2,0,1,0,0,0,0,0,13.622653,51.080882
12,20,6,9,10,3,3,1,1,0,0,1,1,0,0,0,0,13.758487,51.033456
12,20,6,9,16,3,2,0,6,0,0,1,0,0,0,0,0,13.671527,51.050133
12,20,6,9,18,3,3,0,6,0,0,1,0,1,0,0,0,13.840579,50.999314
12,20,6,10,19,4,3,0,7,0,0,1,0,0,0,0,0,13.734962,51.061881
12,20,6,11,7,5,3,1,5,0,0,1,1,0,0,0,0,13.78208,51.050976
12,20,6,11,16,5,3,5,3,0,0,1,1,0,0,0,0,13.788283,51.035978
12,20,6,11,18,5,3,0,1,0,0,1,0,0,0,0,0,13.753126,51.064908
12,20,6,12,13,6,3,0,7,0,0,1,0,0,0,0,0,13.759527,51.023647
12,20,6,12,15,6,3,5,3,0,0,1,0,0,0,0,1,13.761625,51.052102
12,20,6,12,17,6,3,0,6,0,0,1,1,0,0,0,0,13.70981,51.098704
12,20,6,12,18,6,3,4,1,0,0,1,0,0,0,0,0,13.684299,51.021222
12,20,6,12,18,6,3,0,1,0,0,1,0,0,0,0,0,13.688468,51.061925
12,20,6,12,23,6,3,0,1,2,0,1,0,0,0,0,0,13.777962,51.052426
12,20,6,13,11,7,2,5,2,0,0,1,0,0,0,0,1,13.786767,51.115822
12,20,6,13,11,7,2,5,3,0,0,1,0,0,0,0,1,13.793653,51.028699
12,20,6,13,14,7,3,0,3,0,0,1,0,0,0,0,0,13.721316,51.032288
12,20,6,13,14,7,3,0,1,0,1,1,0,0,0,0,0,13.769304,51.024587
12,20,6,14,2,1,3,0,1,2,1,1,0,0,0,0,0,13.751845,51.063202
12,20,6,14,9,1,2,0,1,0,1,1,0,0,0,0,0,13.845356,51.061835
12,20,6,14,17,1,2,5,3,0,0,1,1,0,0,0,0,13.67391,51.041376
12,20,6,14,21,1,2,8,1,0,1,1,0,0,0,0,0,13.690472,51.014655
12,20,6,14,22,1,3,0,1,2,0,1,0,0,0,0,0,13.744402,51.056333
12,20,6,15,6,2,3,0,1,0,0,1,0,0,0,0,0,13.739527,51.019174
12,20,6,15,9,2,3,5,2,0,0,1,1,0,0,0,0,13.737049,51.063238
12,20,6,15,10,2,3,0,1,0,0,1,0,0,0,0,0,13.757612,51.024549
12,20,6,15,11,2,3,4,6,0,0,1,1,0,0,0,0,13.864413,51.014855
12,20,6,15,14,2,3,5,3,0,0,1,1,0,0,0,0,13.768311,51.019795
12,20,6,15,15,2,3,5,3,0,0,1,1,0,0,0,0,13.77977,51.044318
12,20,6,15,15,2,3,0,7,0,0,1,0,0,0,0,0,13.789422,51.024792
12,20,6,15,17,2,3,3,2,0,0,1,1,0,0,0,0,13.719766,51.094137
12,20,6,15,18,2,3,6,4,0,0,1,0,1,0,0,0,13.833219,51.026317
12,20,6,16,9,3,3,3,6,0,0,1,1,0,0,0,0,13.809049,51.052993
12,20,6,16,12,3,2,0,1,0,0,1,0,0,0,0,0,13.700151,51.016025
12,20,6,16,13,3,3,5,3,0,0,1,1,0,0,0,0,13.799571,51.041688
12,20,6,16,14,3,3,5,2,0,0,1,1,0,0,0,0,13.755377,51.076484
12,20,6,16,15,3,2,5,3,0,0,1,1,0,0,0,0,13.829732,51.000645
12,20,6,16,21,3,3,5,3,2,0,1,1,0,0,0,0,13.771185,51.024255
12,20,6,17,9,4,3,0,1,0,0,1,0,0,0,0,0,13.677667,51.046492
12,20,6,17,14,4,3,0,1,0,0,1,0,0,0,0,0,13.714755,51.07928
12,20,6,17,15,4,3,5,3,0,0,1,1,0,0,0,0,13.72042,51.051232
12,20,6,18,11,5,3,5,3,0,0,1,1,0,0,0,0,13.771555,51.015728
12,20,6,18,12,5,2,0,1,0,0,1,0,0,0,0,0,13.780543,51.135406
12,20,6,18,16,5,3,1,5,0,0,1,1,0,0,0,0,13.740977,51.036462
12,20,6,19,6,6,3,0,1,0,1,1,0,0,0,0,0,13.701478,51.091156
12,20,6,20,8,7,2,0,1,0,1,1,0,0,0,0,0,13.690652,51.053712
12,20,6,20,10,7,3,0,1,0,0,1,0,0,0,0,0,13.80111,51.038764
12,20,6,20,11,7,2,0,3,0,0,1,1,0,0,0,0,13.808875,51.052743
12,20,6,20,13,7,2,0,7,0,0,1,0,0,0,0,0,13.72867,51.059086
12,20,6,20,17,7,3,5,1,0,0,1,1,0,0,0,0,13.765319,51.055975
12,20,6,22,12,2,3,0,1,0,0,1,0,0,0,0,0,13.752111,51.07095
12,20,6,22,12,2,3,5,3,0,0,1,1,0,0,0,0,13.814891,51.017357
12,20,6,22,13,2,3,8,1,0,0,1,0,0,0,0,0,13.842337,51.021473
12,20,6,22,14,2,3,5,2,0,0,1,1,0,0,0,0,13.700914,51.04375
12,20,6,22,15,2,2,5,3,0,0,1,1,0,0,0,0,13.774877,51.038164
12,20,6,22,17,2,3,5,2,0,0,1,1,0,0,0,0,13.82349,51.034021
12,20,6,23,2,3,2,2,6,2,0,1,1,0,0,0,0,13.733395,51.051677
12,20,6,23,12,3,3,0,1,0,0,1,0,0,0,0,0,13.832638,51.029485
12,20,6,23,15,3,3,0,3,0,0,1,0,0,0,0,1,13.714497,51.035754
12,20,6,23,16,3,3,2,2,0,0,1,0,0,0,0,1,13.690044,51.07377
12,20,6,23,16,3,3,5,3,0,0,1,1,0,0,0,0,13.749864,51.075008
12,20,6,23,17,3,3,3,6,0,0,1,0,0,0,0,0,13.749671,51.043094
12,20,6,23,17,3,3,6,6,0,0,1,0,1,0,0,0,13.791197,51.013262
12,20,6,23,18,3,3,0,1,0,0,1,0,0,0,0,0,13.704972,51.027432
12,20,6,23,18,3,3,5,2,0,0,1,1,0,0,0,0,13.718584,51.03949
12,20,6,24,6,4,3,5,3,0,0,1,1,0,0,0,0,13.73265,51.029571
12,20,6,24,6,4,3,5,3,0,0,1,1,0,0,0,0,13.788284,51.035988
12,20,6,24,9,4,2,5,2,0,0,1,1,0,0,0,0,13.709365,51.081668
12,20,6,24,13,4,2,0,1,0,0,1,0,0,0,0,0,13.710925,51.052203
12,20,6,24,14,4,3,1,5,0,0,1,1,0,0,0,0,13.828632,51.010871
12,20,6,24,16,4,3,5,3,0,1,1,1,0,0,0,0,13.772632,51.04781
12,20,6,24,17,4,2,1,5,0,1,1,1,0,0,0,0,13.707377,51.029519
12,20,6,25,8,5,3,0,1,0,1,1,0,0,0,0,0,13.726571,51.046652
12,20,6,25,9,5,2,0,1,0,1,1,0,0,0,0,0,13.781505,51.053269
12,20,6,25,14,5,3,5,2,0,0,1,1,0,0,0,0,13.760106,51.023311
12,20,6,25,16,5,3,5,3,0,0,1,0,0,0,0,1,13.757838,51.05145
12,20,6,25,19,5,3,4,2,1,0,1,1,0,0,0,0,13.687932,51.061977
12,20,6,25,20,5,3,0,1,0,0,1,0,0,0,0,0,13.768826,51.098843
12,20,6,26,8,6,3,0,7,0,0,1,0,0,0,0,0,13.809164,51.050103
12,20,6,26,12,6,3,1,5,0,0,1,1,0,0,0,0,13.768469,51.047901
12,20,6,26,14,6,3,0,7,0,0,1,0,0,0,0,0,13.685809,51.062313
12,20,6,28,11,1,3,0,1,0,0,1,0,0,0,0,0,13.822141,51.029861
12,20,6,28,18,1,3,0,1,0,0,1,0,0,0,0,0,13.789635,51.125847
12,20,6,28,21,1,3,1,1,1,0,1,1,0,0,0,0,13.672404,51.042417
12,20,6,29,3,2,3,1,5,2,1,1,1,0,0,0,0,13.747553,51.072304
12,20,6,29,11,2,3,0,1,0,0,1,0,0,0,0,0,13.807995,51.011157
12,20,6,29,14,2,3,0,6,0,0,1,1,0,0,0,0,13.741865,51.023598
12,20,6,29,15,2,2,0,7,0,0,1,0,0,0,0,0,13.724002,51.080774
12,20,6,29,16,2,3,5,3,0,0,1,1,0,0,0,0,13.693465,51.061081
12,20,6,29,16,2,3,2,6,0,0,1,0,0,0,0,1,13.76807,51.021944
12,20,6,29,16,2,3,5,2,0,0,1,1,0,0,0,0,13.774274,51.032793
12,20,6,30,11,3,3,2,6,0,0,1,1,0,0,0,0,13.691276,51.052415
12,20,6,30,12,3,3,0,7,0,0,1,0,0,0,0,0,13.786331,51.115446
12,20,6,30,13,3,3,5,3,0,0,1,1,0,0,0,0,13.788284,51.035987
12,20,6,30,15,3,3,5,3,0,0,1,1,0,0,0,0,13.720446,51.039429
12,20,6,30,15,3,3,0,7,0,0,1,1,0,0,0,0,13.762122,51.06262
12,20,6,30,18,3,3,5,3,0,0,1,1,0,0,0,0,13.680453,51.062102
12,20,6,30,18,3,3,0,7,0,0,1,0,0,0,0,0,13.731348,51.034622
12,20,6,30,19,3,3,3,2,0,0,1,1,0,0,0,0,13.701994,51.036528
12,20,7,1,6,4,3,5,3,0,0,1,1,0,0,0,0,13.707,51.041405
12,20,7,1,11,4,3,5,3,0,0,1,1,0,0,0,0,13.840647,51.023594
12,20,7,1,15,4,3,2,6,0,0,1,0,0,0,0,0,13.689475,51.067173
12,20,7,1,17,4,3,1,5,0,0,1,1,0,0,0,0,13.761224,51.025755
12,20,7,1,18,4,2,4,2,0,0,1,1,0,0,0,0,13.741435,51.023643
12,20,7,2,5,5,3,3,6,0,1,1,1,0,0,0,0,13.711454,51.033127
12,20,7,2,6,5,3,5,3,0,1,1,1,0,0,0,0,13.723256,51.049872
12,20,7,2,7,5,3,0,1,0,1,1,0,0,0,0,0,13.805324,51.011627
12,20,7,2,8,5,3,5,3,0,1,1,1,0,0,0,0,13.734344,51.040147
12,20,7,2,11,5,3,5,2,0,0,1,1,0,0,0,0,13.732395,51.077608
12,20,7,2,13,5,3,3,6,0,0,1,1,0,0,0,0,13.752736,51.059736
12,20,7,2,14,5,3,5,2,0,0,1,0,0,0,0,1,13.756561,51.055091
12,20,7,2,16,5,3,5,3,0,0,1,1,0,0,0,0,13.696249,51.022404
12,20,7,2,16,5,3,5,3,0,0,1,1,0,0,0,0,13.743874,51.040406
12,20,7,2,19,5,3,6,6,0,0,1,0,1,0,0,0,13.749158,51.074198
12,20,7,2,20,5,3,3,6,0,0,1,0,0,0,0,0,13.690035,51.061209
12,20,7,2,20,5,3,5,3,1,0,1,1,0,0,0,0,13.748922,51.051265
12,20,7,3,8,6,3,1,5,0,0,1,1,0,0,0,0,13.820351,51.056276
12,20,7,3,14,6,3,3,3,0,0,1,1,0,0,0,0,13.719217,51.07646
12,20,7,3,17,6,3,0,7,0,0,1,0,0,0,0,0,13.712788,51.03912
12,20,7,3,18,6,3,5,3,1,0,1,1,0,0,0,0,13.746978,51.06604
12,20,7,4,0,7,3,0,1,2,1,1,0,0,0,0,0,13.736798,51.093539
12,20,7,4,12,7,3,0,2,0,0,1,1,0,0,0,0,13.760095,51.023314
12,20,7,4,14,7,2,5,3,0,0,1,0,0,0,0,1,13.684907,51.062169
12,20,7,4,15,7,3,0,7,0,0,1,0,0,0,0,0,13.751753,51.067011
12,20,7,4,22,7,3,0,1,2,0,1,0,0,0,0,0,13.682453,51.060351
12,20,7,4,22,7,3,0,7,2,0,1,1,0,0,0,0,13.75199,51.062319
12,20,7,6,7,2,3,5,3,0,0,1,1,0,0,0,0,13.763349,51.116048
12,20,7,6,7,2,3,5,3,0,1,1,1,0,0,0,0,13.831289,51.002355
12,20,7,6,12,2,3,5,3,0,0,1,1,0,0,0,0,13.832744,51.020117
12,20,7,6,16,2,3,0,1,0,0,1,0,0,0,0,0,13.837971,51.024195
12,20,7,6,18,2,3,1,5,0,0,1,1,0,0,0,0,13.724362,51.090915
12,20,7,6,19,2,3,5,2,0,0,1,0,0,0,0,1,13.755926,51.055875
12,20,7,7,6,3,2,5,3,0,0,1,1,0,0,0,0,13.704529,51.040028
12,20,7,7,7,3,3,0,1,0,1,1,0,0,0,0,0,13.815447,51.053787
12,20,7,7,8,3,2,0,7,0,1,1,0,0,0,0,1,13.754879,51.070121
12,20,7,7,14,3,2,5,3,0,0,1,0,0,0,0,0,13.74176,51.028906
12,20,7,7,14,3,3,5,3,0,0,1,1,0,0,0,0,13.832677,51.020098
12,20,7,7,17,3,3,3,6,0,0,1,1,0,0,0,0,13.743959,51.07418
12,20,7,7,18,3,2,5,2,0,0,1,1,0,0,0,0,13.706948,51.084537
12,20,7,7,18,3,3,5,3,0,0,1,1,0,0,0,0,13.718955,51.09663
12,20,7,7,18,3,3,5,3,0,0,1,1,0,0,0,0,13.784713,51.114614
12,20,7,8,2,4,3,0,1,2,1,1,0,0,0,0,0,13.750444,51.071437
12,20,7,8,6,4,3,0,1,0,1,1,0,0,0,0,0,13.823198,51.057512
12,20,7,8,12,4,3,1,5,0,1,1,1,0,0,0,0,13.741454,51.049778
12,20,7,9,10,5,3,5,2,0,0,1,1,0,0,0,0,13.776371,51.046934
12,20,7,9,11,5,3,5,3,0,0,1,1,0,0,0,0,13.71583,51.054423
12,20,7,9,17,5,3,5,2,0,0,1,1,0,0,0,0,13.745869,51.049588
12,20,7,9,19,5,3,6,2,0,0,1,0,1,0,0,0,13.75928,51.060911
12,20,7,10,8,6,3,6,6,0,0,1,0,1,0,0,0,13.757768,51.062463
12,20,7,10,10,6,3,0,7,0,0,1,0,0,0,0,0,13.756922,51.025398
12,20,7,10,12,6,3,5,3,0,0,1,1,0,0,0,0,13.72654,51.032089
12,20,7,10,13,6,3,1,3,0,0,1,1,0,0,0,0,13.724421,51.033047
12,20,7,10,21,6,3,1,5,2,0,1,1,0,0,0,0,13.803571,51.025446
12,20,7,11,9,7,3,5,2,0,0,1,1,0,0,0,0,13.750745,51.047253
12,20,7,12,1,1,2,0,1,2,0,1,0,0,0,0,0,13.737467,51.033269
12,20,7,12,13,1,3,8,1,0,0,1,0,0,0,0,0,13.858754,51.001905
12,20,7,12,15,1,3,6,4,0,0,1,0,1,0,0,0,13.7382,51.053252
12,20,7,12,19,1,3,4,2,0,0,1,1,0,0,0,0,13.703588,51.034626
12,20,7,13,9,2,3,0,7,0,0,1,0,0,0,0,0,13.787223,51.054001
12,20,7,13,10,2,3,5,3,0,0,1,1,0,0,0,0,13.781983,51.036867
12,20,7,13,10,2,3,2,5,0,0,1,1,0,0,0,0,13.838311,51.004953
12,20,7,13,14,2,3,5,3,0,0,1,1,0,0,0,0,13.722637,51.033468
12,20,7,13,14,2,2,0,1,0,0,1,0,0,0,0,0,13.770189,51.102419
12,20,7,13,14,2,3,5,3,0,0,1,1,0,0,0,0,13.800993,51.003847
12,20,7,13,18,2,2,5,2,0,0,1,0,0,0,1,0,13.756561,51.055091
12,20,7,14,7,3,3,5,3,0,0,1,1,0,0,0,0,13.799313,51.026257