UKREIS,UJAHR,UMONAT,UTAG,USTUNDE,UWOCHENTAG,UKATEGORIE,UART,UTYP,LICHT,USTRZUSTAND,IstRad,IstPKW,IstFuss,IstKrad,IstGkfz,IstSonstige,@lon,@lat
12,20,7,14,10,3,3,0,6,0,0,1,0,0,0,0,0,13.745617,51.057207
12,20,7,14,10,3,3,0,1,0,0,1,0,0,0,0,0,13.829726,51.000648
12,20,7,14,11,3,3,1,5,0,0,1,1,0,0,0,0,13.730482,51.039488
12,20,7,14,14,3,3,3,2,0,0,1,1,0,0,0,0,13.806572,51.037334
12,20,7,14,16,3,3,5,3,0,0,1,1,0,0,0,0,13.738248,51.03921
12,20,7,14,17,3,3,0,7,0,0,1,0,0,0,0,0,13.733545,51.051691
12,20,7,15,3,4,3,0,1,2,0,1,0,0,0,0,0,13.822648,51.056951
12,20,7,15,6,4,3,2,6,0,0,1,1,0,0,0,0,13.66845,51.072803
12,20,7,15,8,4,3,8,1,0,0,1,0,0,0,0,0,13.735122,51.046703
12,20,7,15,13,4,3,5,2,0,0,1,1,0,0,0,0,13.729522,51.045761
12,20,7,15,15,4,2,5,3,0,1,1,1,0,0,0,0,13.738613,51.039529
12,20,7,15,17,4,3,1,5,0,1,1,0,0,0,1,0,13.760259,51.026945
12,20,7,15,18,4,3,0,7,0,1,1,0,0,0,0,0,13.758479,51.029558
12,20,7,15,20,4,2,0,7,0,1,1,0,0,0,0,0,13.828185,50.998872
12,20,7,16,15,5,3,5,3,0,0,1,1,0,0,0,0,13.777196,51.060093
12,20,7,16,17,5,3,0,1,0,1,1,0,0,0,0,0,13.707892,51.078882
12,20,7,16,17,5,3,5,3,0,1,1,1,0,0,0,0,13.769764,51.044801
12,20,7,16,21,5,2,0,1,1,1,1,0,0,0,0,0,13.734989,51.052297
12,20,7,17,7,6,3,5,2,0,0,1,1,0,0,0,0,13.708638,51.047043
12,20,7,17,7,6,3,5,3,0,0,1,0,0,0,0,0,13.848456,51.010882
12,20,7,17,8,6,3,7,1,0,0,1,0,0,0,0,0,13.733206,51.057433
12,20,7,17,14,6,3,5,3,0,0,1,1,0,0,0,0,13.671137,51.053607
12,20,7,18,19,7,3,5,2,0,0,1,1,0,0,0,0,13.823721,51.012854
12,20,7,19,9,1,3,0,1,0,0,1,0,0,0,0,0,13.736362,51.062785
12,20,7,19,18,1,3,0,1,0,1,1,0,0,0,0,0,13.732019,51.079845
12,20,7,20,8,2,3,1,5,0,0,1,1,0,0,0,0,13.75867,51.029227
12,20,7,20,11,2,3,0,1,0,0,1,0,0,0,0,0,13.665396,51.060833
12,20,7,20,12,2,3,8,1,0,0,1,0,0,0,0,0,13.760043,51.027197
12,20,7,20,14,2,3,0,1,0,0,1,0,0,0,0,0,13.693719,51.043037
12,20,7,20,15,2,3,3,6,0,0,1,0,0,0,0,0,13.808464,51.010843
12,20,7,20,17,2,3,7,1,0,0,1,0,0,0,0,0,13.726811,51.052702
12,20,7,21,7,3,3,0,1,0,0,1,0,0,0,0,0,13.783256,51.050414
12,20,7,21,16,3,2,4,6,0,0,1,0,0,0,0,0,13.738796,51.054159
12,20,7,21,19,3,3,0,1,0,0,1,0,0,0,0,0,13.751943,51.062485
12,20,7,21,21,3,3,0,1,1,0,1,0,0,0,0,0,13.728241,51.056872
12,20,7,21,22,3,3,4,6,2,0,1,0,0,0,0,0,13.692691,51.080022
12,20,7,22,6,4,3,5,3,1,0,1,1,0,0,0,0,13.720968,51.055801
12,20,7,22,9,4,3,0,1,0,0,1,0,0,0,0,0,13.692956,51.046391
12,20,7,22,10,4,3,5,2,0,0,1,1,0,0,0,0,13.729457,51.045706
12,20,7,22,12,4,3,0,1,0,0,1,0,0,0,0,0,13.812852,51.046052
12,20,7,22,18,4,3,4,1,0,0,1,0,0,0,0,0,13.757434,51.045089
12,20,7,23,7,5,3,5,2,0,0,1,0,0,0,0,0,13.744798,51.049175
12,20,7,23,8,5,2,0,5,0,0,1,1,0,0,0,0,13.721891,51.032798
12,20,7,23,15,5,3,5,3,0,0,1,1,0,0,0,0,13.795279,50.980707
12,20,7,23,15,5,3,5,2,0,0,1,1,0,0,0,0,13.843416,51.059643
12,20,7,23,19,5,3,4,6,0,0,1,0,0,0,0,0,13.693291,51.022676
12,20,7,23,19,5,3,4,6,0,0,1,0,0,0,0,0,13.693299,51.022675
12,20,7,23,19,5,2,5,2,0,0,1,1,0,0,0,0,13.726859,51.031948
12,20,7,24,7,6,3,5,3,0,0,1,1,0,0,0,0,13.747949,51.068751
12,20,7,24,10,6,3,0,3,0,0,1,1,0,0,0,0,13.824943,51.058027
12,20,7,24,14,6,3,0,1,0,0,1,0,0,0,0,0,13.7957,51.042825
12,20,7,24,19,6,3,1,1,0,0,1,1,0,0,0,0,13.708042,51.084368
12,20,7,24,21,6,3,0,1,2,1,1,0,0,0,0,0,13.775771,51.050877
12,20,7,25,0,7,3,0,1,2,0,1,0,0,0,0,0,13.725022,51.080926
12,20,7,25,3,7,2,0,1,1,0,1,0,0,0,0,0,13.705649,51.018856
12,20,7,25,3,7,3,0,7,2,0,1,1,0,0,0,0,13.81909,51.031288
12,20,7,25,12,7,2,0,1,0,0,1,0,0,0,0,0,13.851043,51.061639
12,20,7,25,14,7,3,5,3,0,0,1,1,0,0,0,0,13.732869,51.077995
12,20,7,25,14,7,3,0,1,0,0,1,0,0,0,0,0,13.733487,51.039372
12,20,7,26,15,1,3,6,4,0,0,1,0,1,0,0,0,13.798088,51.065963
12,20,7,27,7,2,3,1,1,0,0,1,1,0,0,0,0,13.725804,51.050478
12,20,7,27,8,2,3,5,3,0,0,1,1,0,0,0,0,13.762734,51.088889
12,20,7,27,9,2,3,5,3,0,0,1,1,0,0,0,0,13.740986,51.06279
12,20,7,27,11,2,3,5,3,0,0,1,1,0,0,0,0,13.728069,51.048987
12,20,7,27,18,2,3,3,6,0,0,1,1,0,0,0,0,13.812738,50.998001
12,20,7,28,0,3,3,0,1,2,0,1,0,0,0,0,0,13.761943,51.051862
12,20,7,28,8,3,3,5,2,0,0,1,1,0,0,0,0,13.743119,51.047218
12,20,7,28,12,3,3,1,5,0,0,1,1,0,0,0,0,13.798171,51.004187
12,20,7,29,13,4,3,0,1,0,0,1,0,0,0,0,0,13.726812,51.059426
12,20,7,29,14,4,2,0,7,0,0,1,0,0,0,0,0,13.762855,51.048826
12,20,7,29,15,4,3,1,5,0,0,1,1,0,0,0,0,13.751313,51.067034
12,20,7,29,16,4,2,5,2,0,0,1,0,0,0,0,0,13.762501,51.044567
12,20,7,29,18,4,3,5,2,0,0,1,1,0,0,0,0,13.812606,51.019864
12,20,7,29,19,4,2,0,1,0,0,1,0,0,0,0,0,13.776931,51.06291
12,20,7,29,19,4,3,0,1,0,0,1,0,0,0,0,0,13.813015,51.019924
12,20,7,30,9,5,3,4,6,0,0,1,0,0,0,0,0,13.74674,51.053467
12,20,7,30,12,5,3,5,3,0,0,1,1,0,0,0,0,13.714253,51.02797
12,20,7,30,13,5,2,5,3,0,0,1,0,0,0,0,1,13.680453,51.062102
12,20,7,30,13,5,3,0,7,0,0,1,0,0,0,0,0,13.799331,51.056633
12,20,7,30,17,5,3,1,5,0,0,1,1,0,0,0,0,13.721045,51.092378
12,20,7,30,17,5,3,0,1,0,0,1,0,0,0,0,0,13.728633,51.085869
12,20,7,31,9,6,3,5,3,0,0,1,1,0,0,0,0,13.78883,51.043273
12,20,7,31,11,6,2,5,3,0,0,1,0,0,0,0,0,13.798358,51.138628
12,20,7,31,17,6,3,5,2,0,0,1,1,0,0,0,0,13.689521,51.068004
12,20,7,31,17,6,3,5,2,0,0,1,1,0,0,0,0,13.755895,51.055929
12,20,7,31,17,6,3,3,6,0,0,1,1,0,0,0,0,13.779185,51.031453
12,20,7,31,19,6,3,5,3,0,0,1,1,0,0,0,0,13.709397,51.081694
12,20,8,1,7,7,2,5,2,0,0,1,1,0,0,0,0,13.711976,51.025557
12,20,8,1,9,7,2,0,1,0,0,1,0,0,0,0,0,13.724583,51.053394
12,20,8,1,12,7,3,0,1,0,0,1,0,0,0,0,0,13.752699,51.058282
12,20,8,1,13,7,3,0,1,0,0,1,0,0,0,0,0,13.811767,51.020161
12,20,8,1,14,7,3,4,6,0,0,1,0,0,0,0,0,13.740246,51.053739
12,20,8,1,17,7,3,0,1,0,0,1,0,0,0,0,0,13.761718,51.054044
12,20,8,2,1,1,2,3,1,2,0,1,1,0,0,0,0,13.806723,51.052102
12,20,8,3,9,2,3,0,1,0,1,1,0,0,0,0,0,13.721251,51.029689
12,20,8,3,11,2,3,5,3,0,0,1,1,0,0,0,0,13.786201,51.067951
12,20,8,3,11,2,2,0,1,0,0,1,0,0,0,0,0,13.837524,51.02474
12,20,8,3,14,2,3,1,5,0,0,1,1,0,0,0,0,13.75647,51.065683
12,20,8,4,8,3,3,5,3,0,0,1,1,0,0,0,0,13.765108,51.066528
12,20,8,4,12,3,3,0,2,0,0,1,1,0,0,0,0,13.686286,51.042441
12,20,8,4,12,3,2,5,3,0,0,1,1,0,0,0,0,13.735067,51.01919
12,20,8,4,12,3,2,0,1,0,0,1,0,0,0,0,0,13.741309,51.053558
12,20,8,5,7,4,3,5,2,0,0,1,1,0,0,0,0,13.752947,51.073858
12,20,8,5,10,4,3,0,1,0,0,1,0,0,0,0,0,13.74117,51.057686
12,20,8,5,12,4,3,0,1,0,0,1,0,0,0,0,0,13.694275,51.043108
12,20,8,5,16,4,3,5,3,0,0,1,1,0,0,0,0,13.787457,51.059055
12,20,8,5,18,4,2,2,2,0,0,1,1,0,0,0,0,13.806802,51.052112
12,20,8,5,19,4,3,0,1,0,0,1,0,0,0,0,0,13.834683,51.035995
12,20,8,6,8,5,3,5,3,0,0,1,1,0,0,0,0,13.757847,51.051448
12,20,8,6,10,5,3,2,6,0,0,1,1,0,0,0,1,13.738606,51.061761
12,20,8,6,15,5,3,5,2,0,0,1,1,0,0,0,0,13.729108,51.050967
12,20,8,6,16,5,3,6,4,0,0,1,0,1,0,0,0,13.704828,51.025094
12,20,8,6,18,5,3,0,1,0,0,1,0,0,0,0,0,13.78194,51.113337
12,20,8,7,6,6,2,5,3,0,0,1,1,0,0,0,0,13.731856,51.126379
12,20,8,7,8,6,3,5,3,0,0,1,1,0,0,0,0,13.682276,51.061831
12,20,8,7,9,6,3,7,7,0,0,1,0,0,0,0,0,13.840213,51.024571
12,20,8,8,1,7,3,0,1,2,0,1,0,0,0,0,0,13.751617,51.077033
12,20,8,8,17,7,2,1,5,0,0,1,1,0,0,0,0,13.752206,51.065136
12,20,8,8,20,7,3,0,1,0,0,1,0,0,0,0,0,13.741154,51.057692
12,20,8,9,17,1,2,4,1,0,0,1,0,0,0,0,1,13.746574,51.053399
12,20,8,10,8,2,3,5,2,0,0,1,1,0,0,0,0,13.805382,51.025452
12,20,8,10,10,2,3,0,7,0,1,1,0,0,0,0,0,13.712838,51.080997
12,20,8,10,14,2,3,5,2,0,1,1,1,0,0,0,0,13.757135,51.049694
12,20,8,11,11,3,3,0,1,0,0,1,0,0,0,0,0,13.752095,51.061957
12,20,8,11,22,3,3,5,3,2,0,1,1,0,0,0,0,13.742013,51.064676
12,20,8,12,10,4,2,5,3,0,0,1,0,0,0,0,0,13.760246,51.066783
12,20,8,13,7,5,2,0,1,0,0,1,0,0,0,0,0,13.744448,51.066304
12,20,8,13,20,5,3,5,2,0,0,1,1,0,0,0,0,13.79234,51.05378
12,20,8,14,0,6,2,0,1,2,0,1,0,0,0,0,0,13.786046,51.05064
12,20,8,14,6,6,3,3,6,0,0,1,1,0,0,0,0,13.759189,51.063582
12,20,8,14,11,6,3,3,6,0,0,1,1,0,0,0,0,13.745345,51.048984
12,20,8,14,12,6,2,6,4,0,0,1,0,1,0,0,0,13.810526,51.036055
12,20,8,14,16,6,3,5,3,0,0,1,0,0,0,0,0,13.678379,51.056883
12,20,8,15,0,7,3,0,1,2,1,1,0,0,0,0,0,13.72498,51.057757
12,20,8,15,3,7,3,0,1,2,1,1,0,0,0,0,0,13.714184,51.079988
12,20,8,16,8,1,2,0,1,0,0,1,0,0,0,0,0,13.752234,51.063805
12,20,8,16,11,1,3,0,1,0,0,1,0,0,0,0,0,13.749176,51.123183
12,20,8,16,17,1,3,1,5,0,0,1,1,0,0,0,0,13.795313,51.024973
12,20,8,16,20,1,3,0,7,1,0,1,0,0,0,0,0,13.757657,51.01895
12,20,8,17,8,2,3,1,5,0,0,1,1,0,0,0,0,13.787403,51.048452
12,20,8,17,8,2,3,0,1,0,0,1,0,0,0,0,0,13.814481,51.020326
12,20,8,17,17,2,2,0,1,0,1,1,0,0,0,0,0,13.683036,51.059715
12,20,8,18,7,3,2,6,4,0,1,1,0,1,0,0,0,13.724914,51.057707
12,20,8,18,15,3,3,8,6,0,0,1,1,0,0,0,0,13.738036,51.054367
12,20,8,18,16,3,2,1,5,0,0,1,1,0,0,0,0,13.692474,51.072908
12,20,8,18,16,3,2,5,3,0,1,1,1,0,0,0,0,13.746581,51.053399
12,20,8,18,17,3,3,0,1,0,1,1,0,0,0,0,0,13.683049,51.059704
12,20,8,18,18,3,3,1,5,0,0,1,1,0,0,0,0,13.742837,51.049599
12,20,8,18,19,3,3,3,6,0,0,1,0,0,0,0,0,13.697562,51.052814
12,20,8,19,15,4,3,5,3,0,0,1,1,0,0,0,0,13.690459,51.082453
12,20,8,19,15,4,2,0,7,0,0,1,0,0,0,0,0,13.724613,51.0298
12,20,8,19,18,4,2,0,1,0,0,1,0,0,0,0,0,13.700111,51.016004
12,20,8,19,23,4,3,1,7,2,0,1,1,0,0,0,0,13.812442,51.044218
12,20,8,20,9,5,3,5,3,0,0,1,1,0,0,0,0,13.728934,51.059345
12,20,8,20,11,5,3,5,3,0,0,1,1,0,0,0,0,13.757509,51.063311
12,20,8,21,8,6,3,0,1,0,0,1,0,0,0,0,0,13.804197,51.032745
12,20,8,21,9,6,3,0,1,0,0,1,0,0,0,0,0,13.752449,51.036838
12,20,8,21,15,6,3,3,2,0,0,1,0,0,0,0,1,13.690096,51.061963
12,20,8,21,15,6,2,5,2,0,0,1,1,0,0,0,0,13.803025,51.036902
12,20,8,21,21,6,3,0,1,2,0,1,0,0,0,0,0,13.807539,51.035113
12,20,8,22,1,7,3,0,1,2,0,1,0,0,0,0,0,13.750981,51.066269
12,20,8,22,2,7,2,0,1,2,0,1,0,0,0,0,0,13.77522,51.013565
12,20,8,22,11,7,3,5,2,0,1,1,1,0,0,0,1,13.74023,51.064659
12,20,8,22,21,7,3,0,1,2,0,1,0,0,0,0,0,13.737805,51.088207
12,20,8,23,17,1,2,0,1,0,0,1,0,0,0,0,0,13.690044,51.05539
12,20,8,24,8,2,2,5,2,0,0,1,0,0,0,1,0,13.694275,51.043108
12,20,8,24,13,2,3,5,3,0,0,1,1,0,0,0,0,13.70243,51.090492
12,20,8,24,16,2,3,0,1,0,0,1,0,0,0,0,0,13.739159,51.050227
12,20,8,24,17,2,3,5,3,0,0,1,1,0,0,0,0,13.803429,51.030801
12,20,8,24,18,2,3,5,3,0,0,1,1,0,0,0,0,13.709526,51.042682
12,20,8,25,6,3,3,5,2,0,0,1,1,0,0,0,0,13.798615,51.012479
12,20,8,25,12,3,3,0,1,0,0,1,0,0,0,0,0,13.776332,51.052738
12,20,8,25,22,3,2,0,1,2,0,1,0,0,0,0,0,13.8043,51.048368
12,20,8,26,8,4,3,0,1,0,0,1,0,0,0,0,0,13.728774,51.086081
12,20,8,26,11,4,3,2,6,0,0,1,0,0,0,0,1,13.7496,51.064885
12,20,8,26,13,4,3,5,3,0,0,1,1,0,0,0,0,13.707001,51.041404
12,20,8,27,6,5,3,5,2,0,0,1,1,0,0,0,0,13.715438,51.099333
12,20,8,27,10,5,3,8,1,0,0,1,0,0,0,0,0,13.793551,51.008211
12,20,8,27,13,5,3,5,3,0,0,1,0,0,0,0,1,13.671053,51.016712
12,20,8,27,15,5,3,5,3,0,0,1,1,0,0,0,0,13.820401,51.006269
12,20,8,27,20,5,3,5,2,1,0,1,1,0,0,0,0,13.739308,51.073982
12,20,8,28,8,6,3,5,2,0,1,1,1,0,0,0,0,13.739308,51.073981
12,20,8,28,15,6,3,5,3,0,0,1,1,0,0,0,0,13.786336,51.028538
12,20,8,28,16,6,3,3,6,0,0,1,0,0,0,0,0,13.802396,51.022146
12,20,8,28,17,6,3,5,2,0,0,1,1,0,0,0,0,13.795469,51.042915
12,20,8,28,19,6,3,0,1,0,1,1,0,0,0,0,0,13.816595,51.030741
12,20,8,28,20,6,2,0,1,2,1,1,0,0,0,0,0,13.750496,51.071162
12,20,8,29,14,7,3,5,3,0,0,1,1,0,0,0,0,13.705103,51.044442
12,20,8,30,11,1,3,0,1,0,1,1,0,0,0,0,0,13.722154,51.07738
12,20,8,30,14,1,3,5,3,0,1,1,1,0,0,0,0,13.858612,51.001816
12,20,8,31,14,2,3,0,1,0,1,1,0,0,0,0,0,13.725348,51.081065
12,20,8,31,14,2,3,0,1,0,1,1,0,0,0,0,0,13.72942,51.040268
12,20,8,31,14,2,3,0,1,0,0,1,0,0,0,0,0,13.825054,51.062526
12,20,8,31,15,2,3,5,3,0,1,1,0,0,0,1,0,13.701699,51.030938
12,20,8,31,17,2,3,8,7,0,0,1,0,0,0,0,0,13.738735,51.054078
12,20,9,1,16,3,3,5,2,0,0,1,1,0,0,0,0,13.797373,51.02421
12,20,9,1,17,3,3,5,3,0,0,1,1,0,0,0,0,13.785329,51.035943
12,20,9,2,9,4,3,5,3,0,0,1,1,0,0,0,0,13.744603,51.064287
12,20,9,2,10,4,3,5,2,0,0,1,1,0,0,0,0,13.781445,51.043898
12,20,9,2,11,4,3,5,2,0,0,1,1,0,0,0,0,13.823155,51.008082
12,20,9,2,13,4,3,0,1,0,0,1,0,0,0,0,0,13.725174,51.076988
12,20,9,2,15,4,2,5,3,0,0,1,0,0,1,0,0,13.782978,51.043493
12,20,9,2,16,4,3,0,1,0,0,1,0,0,0,0,0,13.757936,51.049611
12,20,9,2,17,4,3,5,2,0,0,1,1,0,0,0,0,13.762789,51.06428
12,20,9,2,17,4,3,0,3,0,0,1,1,0,0,0,0,13.874717,51.06055
12,20,9,2,20,4,3,0,1,2,0,1,0,0,0,0,0,13.842152,51.03158
12,20,9,3,8,5,2,5,1,0,0,1,0,0,0,0,0,13.737109,51.063257
12,20,9,3,15,5,3,3,3,0,0,1,1,0,0,0,0,13.712898,51.046422
12,20,9,3,16,5,3,5,2,0,0,1,0,0,0,0,1,13.800091,51.057433
12,20,9,3,17,5,3,0,1,0,0,1,0,0,0,0,0,13.751184,51.060166
12,20,9,3,17,5,3,5,2,0,0,1,1,0,0,0,0,13.775552,51.045362
12,20,9,3,17,5,2,2,2,0,0,1,1,0,0,0,0,13.846165,50.999102
12,20,9,3,18,5,3,0,1,1,0,1,0,0,0,0,0,13.824616,51.062718
12,20,9,4,7,6,3,2,6,0,1,1,0,0,0,0,0,13.766216,51.093386
12,20,9,4,7,6,2,6,4,0,1,1,0,1,0,0,0,13.786893,51.115933
12,20,9,4,10,6,3,5,2,0,0,1,1,0,0,0,0,13.729458,51.045705
12,20,9,4,12,6,3,5,3,0,0,1,1,0,0,0,0,13.861224,51.014341
12,20,9,4,13,6,3,5,2,0,0,1,1,0,0,0,0,13.761298,51.083375
12,20,9,4,14,6,3,5,3,0,0,1,1,0,0,0,0,13.710183,51.083803
12,20,9,5,11,7,3,5,2,0,0,1,1,0,0,0,0,13.835827,51.026816
12,20,9,5,12,7,2,0,1,0,1,1,0,0,0,0,0,13.814224,51.05492
12,20,9,6,18,1,3,0,1,0,0,1,0,0,0,0,0,13.758077,51.052354
12,20,9,7,7,2,3,0,1,0,0,1,0,0,0,0,0,13.694742,51.043155
12,20,9,7,11,2,2,1,1,0,0,1,1,0,0,0,0,13.710719,51.079164
12,20,9,7,11,2,3,6,7,0,0,1,0,1,0,0,0,13.714175,51.04724
12,20,9,7,12,2,3,3,6,0,0,1,1,0,0,0,0,13.725012,51.080925
12,20,9,7,13,2,3,5,2,0,0,1,1,0,0,0,0,13.690583,51.053807
12,20,9,7,14,2,3,1,1,0,0,1,1,0,0,0,0,13.781316,51.123986
12,20,9,7,16,2,2,0,1,0,0,1,0,0,0,0,0,13.851494,51.004595
12,20,9,7,17,2,3,3,6,0,0,1,0,1,0,0,0,13.758683,51.024188
12,20,9,7,20,2,2,5,3,1,0,1,1,0,0,0,0,13.688944,51.05796
12,20,9,7,20,2,2,6,4,2,0,1,0,1,0,0,0,13.763277,51.03826
12,20,9,8,5,3,3,5,3,1,0,1,1,0,0,0,0,13.775197,51.032837
12,20,9,8,8,3,3,5,2,0,0,1,1,0,0,0,0,13.757183,51.049807
12,20,9,8,11,3,3,0,1,0,0,1,0,0,0,0,0,13.813722,51.045066
12,20,9,8,14,3,3,5,2,0,0,1,1,0,0,0,0,13.877616,51.060025
12,20,9,8,16,3,3,0,1,0,0,1,0,0,0,0,0,13.757935,51.032868
12,20,9,9,6,4,3,5,3,0,0,1,1,0,0,0,0,13.749167,51.052517
12,20,9,9,7,4,3,5,3,0,0,1,1,0,0,0,0,13.724321,51.036936
12,20,9,9,7,4,3,5,2,0,0,1,1,0,0,0,0,13.755927,51.055875
12,20,9,9,7,4,3,5,3,0,0,1,0,0,0,0,1,13.811868,51.011431
12,20,9,9,10,4,2,5,3,0,0,1,1,0,0,0,0,13.761586,51.031716
12,20,9,9,12,4,3,5,3,0,0,1,0,0,1,0,0,13.791015,51.012873
12,20,9,9,16,4,3,0,1,0,0,1,0,0,0,0,0,13.753756,51.066385
12,20,9,9,16,4,3,5,3,0,0,1,0,0,0,0,1,13.758001,51.052257
12,20,9,9,17,4,3,0,1,0,0,1,0,0,0,0,0,13.706998,51.084524
12,20,9,9,17,4,3,2,2,0,0,1,1,0,0,0,0,13.788579,51.04328
12,20,9,9,17,4,3,0,1,0,0,1,0,0,0,0,0,13.82323,51.057546
12,20,9,9,18,4,3,0,1,0,0,1,0,0,0,0,0,13.831351,51.018276
12,20,9,9,22,4,3,8,1,2,0,1,0,0,0,0,0,13.688474,51.061925
12,20,9,10,7,5,3,0,1,0,0,1,0,0,0,0,0,13.784316,51.059299
12,20,9,10,8,5,3,0,7,0,1,1,0,0,0,0,0,13.728449,51.056602
12,20,9,10,8,5,3,5,3,0,0,1,1,0,0,0,0,13.779455,51.066876
12,20,9,10,12,5,3,0,7,0,0,1,0,0,0,0,0,13.699417,51.038057
12,20,9,10,14,5,3,5,3,0,0,1,1,0,0,0,0,13.782626,51.067111
12,20,9,10,16,5,3,5,3,0,0,1,1,0,0,0,0,13.670695,51.04227
12,20,9,10,20,5,2,0,6,1,0,1,0,0,0,1,0,13.776684,51.051805
12,20,9,11,7,6,3,5,2,0,0,1,1,0,0,0,0,13.756561,51.055092
12,20,9,11,9,6,3,5,3,0,0,1,1,0,0,0,0,13.751509,51.047221
12,20,9,11,16,6,3,5,3,0,0,1,1,0,0,0,0,13.786994,51.051759
12,20,9,11,17,6,3,6,7,0,0,1,0,1,0,0,0,13.757763,51.075895
12,20,9,12,11,7,3,5,2,0,0,1,1,0,0,0,0,13.771096,51.02985
12,20,9,12,13,7,2,3,6,0,0,1,0,0,0,0,0,13.757884,51.051824
12,20,9,12,20,7,3,0,1,2,0,1,0,0,0,0,0,13.729377,51.070397
12,20,9,12,23,7,2,0,1,2,0,1,0,0,0,0,0,13.761044,51.068228
12,20,9,13,13,1,2,0,1,0,0,1,0,0,0,0,0,13.657661,51.06946
12,20,9,13,18,1,3,0,1,0,0,1,0,0,0,0,0,13.745328,51.063037
12,20,9,14,6,2,3,3,2,0,0,1,1,0,0,0,0,13.708951,51.047236
12,20,9,14,10,2,3,3,5,0,0,1,1,0,0,0,0,13.731101,51.091152
12,20,9,14,13,2,3,0,1,0,0,1,0,0,0,0,0,13.812857,51.063713
12,20,9,14,15,2,3,3,6,0,0,1,1,0,0,0,0,13.75917,51.080305
12,20,9,14,19,2,3,0,1,1,0,1,0,0,0,0,0,13.718305,51.097627
12,20,9,14,21,2,3,0,1,2,0,1,0,0,0,0,0,13.772643,51.046527
12,20,9,14,21,2,3,0,1,2,0,1,0,0,0,0,0,13.824547,51.033742
12,20,9,15,5,3,3,0,1,2,0,1,0,0,0,0,0,13.847309,51.004024
12,20,9,15,8,3,3,6,6,0,0,1,0,1,0,0,0,13.81044,51.051148
12,20,9,15,13,3,3,0,1,0,0,1,0,0,0,0,0,13.834314,50.999322
12,20,9,15,15,3,3,5,3,0,0,1,1,0,0,0,0,13.732485,51.077945
12,20,9,15,16,3,2,5,3,0,0,1,1,0,0,0,0,13.773604,51.048726
12,20,9,15,21,3,3,0,1,2,0,1,0,0,0,0,0,13.804807,51.032566
12,20,9,16,7,4,3,5,3,0,0,1,0,0,0,0,0,13.752973,51.073887
12,20,9,16,13,4,3,5,3,0,0,1,1,0,0,0,0,13.796851,51.049988
12,20,9,16,17,4,3,2,1,0,0,1,1,0,0,0,0,13.812879,50.987264
12,20,9,16,18,4,3,0,1,0,1,1,0,0,0,0,0,13.728144,51.061023
12,20,9,16,20,4,3,0,7,2,0,1,1,0,0,0,0,13.74369,51.049998
12,20,9,17,8,5,3,5,2,0,0,1,1,0,0,0,0,13.774504,51.060627
12,20,9,17,10,5,3,0,1,0,0,1,0,0,0,0,0,13.791809,51.12559
12,20,9,17,12,5,3,0,1,0,0,1,0,0,0,0,0,13.731059,51.05365
12,20,9,17,15,5,3,5,3,0,0,1,1,0,0,0,0,13.730978,51.08142
12,20,9,17,16,5,2,5,2,0,0,1,0,0,1,0,0,13.803289,51.021638
12,20,9,17,16,5,2,5,2,0,0,1,1,0,0,0,0,13.878418,51.059961
12,20,9,17,22,5,3,0,1,2,0,1,0,0,0,0,0,13.672084,51.050235
12,20,9,18,6,6,3,5,2,0,0,1,1,0,0,0,0,13.713144,51.05028
12,20,9,18,15,6,3,0,1,0,0,1,0,0,0,0,0,13.720093,51.076105
12,20,9,18,15,6,3,0,1,0,0,1,0,0,0,0,0,13.732035,51.126562
12,20,9,18,16,6,3,5,2,0,0,1,1,0,0,0,0,13.683414,51.042429
12,20,9,18,22,6,3,0,1,2,0,1,0,0,0,0,0,13.733606,51.075499
12,20,9,19,11,7,3,5,2,0,0,1,1,0,0,0,0,13.676526,51.063811
12,20,9,19,15,7,3,6,4,0,0,1,0,1,0,0,0,13.874102,51.009019
12,20,9,19,16,7,2,0,1,0,0,1,0,0,0,0,0,13.725226,51.05318
12,20,9,20,14,1,3,0,3,0,0,1,1,0,0,0,0,13.778668,51.058845
12,20,9,20,15,1,3,1,5,0,0,1,1,0,0,0,0,13.699391,51.035023
12,20,9,21,7,2,3,3,6,0,0,1,1,0,0,0,0,13.86035,51.065227
12,20,9,21,9,2,3,6,4,0,0,1,0,1,0,0,0,13.733261,51.039799
12,20,9,21,14,2,3,5,2,0,0,1,1,0,0,0,0,13.733016,51.076595
12,20,9,21,14,2,2,0,7,0,0,1,0,0,0,0,0,13.835038,51.020871
12,20,9,22,6,3,3,5,2,0,0,1,1,0,0,0,0,13.747726,51.068044
12,20,9,22,8,3,3,0,1,0,0,1,0,0,0,0,0,13.733992,51.040014
12,20,9,22,11,3,3,2,6,0,0,1,1,0,0,0,0,13.717299,51.055678
12,20,9,22,14,3,3,0,1,0,0,1,0,0,0,0,0,13.735162,51.047158
12,20,9,22,14,3,2,4,1,0,0,1,1,0,0,0,0,13.827614,51.053176
12,20,9,22,15,3,3,4,6,0,0,1,0,0,0,0,0,13.690457,51.062312
12,20,9,22,15,3,3,0,1,0,0,1,0,0,0,0,0,13.751866,51.062982
12,20,9,22,15,3,3,0,7,0,0,1,0,0,0,0,1,13.752015,51.009517
12,20,9,22,15,3,2,0,1,0,0,1,0,0,0,0,0,13.814155,51.055128
12,20,9,22,16,3,3,5,3,0,0,1,1,0,0,0,0,13.717066,51.052608