UKREIS,UJAHR,UMONAT,UTAG,USTUNDE,UWOCHENTAG,UKATEGORIE,UART,UTYP,LICHT,USTRZUSTAND,IstRad,IstPKW,IstFuss,IstKrad,IstGkfz,IstSonstige,@lon,@lat
12,20,9,22,17,3,3,5,3,0,0,1,0,0,0,0,0,13.753088,51.059074
12,20,9,23,8,4,3,0,1,0,0,1,0,0,0,0,0,13.703833,51.038319
12,20,9,23,8,4,3,4,6,0,0,1,1,0,0,0,0,13.704051,51.040761
12,20,9,23,9,4,3,5,3,0,0,1,0,0,0,0,0,13.740963,51.059728
12,20,9,23,11,4,3,0,1,0,0,1,0,0,0,0,0,13.772729,51.046491
12,20,9,23,13,4,3,5,3,0,0,1,1,0,0,0,0,13.776267,51.110814
12,20,9,23,14,4,3,0,7,0,1,1,0,0,0,0,0,13.726336,51.086153
12,20,9,23,16,4,3,1,5,0,0,1,1,0,0,0,0,13.700558,51.087117
12,20,9,23,16,4,2,5,2,0,1,1,1,0,0,0,0,13.755771,51.047248
12,20,9,23,16,4,3,5,3,0,1,1,1,0,0,0,0,13.767509,51.042568
12,20,9,23,17,4,3,0,1,0,1,1,0,0,0,0,0,13.744774,51.051419
12,20,9,23,18,4,2,0,1,1,1,1,0,0,0,0,0,13.752412,51.064056
12,20,9,24,10,5,3,0,1,0,0,1,0,0,0,0,0,13.638521,51.069243
12,20,9,24,11,5,3,0,1,0,0,1,0,0,0,0,0,13.687397,51.083574
12,20,9,24,16,5,3,0,7,0,0,1,0,1,0,0,0,13.72577,51.061936
12,20,9,24,16,5,3,5,3,0,0,1,0,1,0,0,0,13.775444,51.045426
12,20,9,24,22,5,1,8,1,2,0,1,1,0,1,0,0,13.732077,51.079372
12,20,9,25,8,6,3,1,6,0,1,1,1,0,0,0,0,13.742546,51.033658
12,20,9,25,15,6,3,0,2,0,0,1,1,0,0,0,0,13.683413,51.042429
12,20,9,25,15,6,3,1,5,0,0,1,1,0,0,0,0,13.798074,51.010486
12,20,9,25,17,6,3,0,1,0,1,1,0,0,0,0,0,13.844241,51.127735
12,20,9,25,22,6,2,0,3,2,0,1,1,0,0,0,0,13.755527,51.050048
12,20,9,26,13,7,3,0,2,0,1,1,1,0,0,0,0,13.687444,51.056769
12,20,9,27,6,1,3,5,2,0,0,1,1,0,0,0,0,13.72416,51.088577
12,20,9,27,15,1,3,0,1,0,0,1,0,0,0,0,0,13.776807,51.064237
12,20,9,28,8,2,3,3,2,0,0,1,0,0,0,0,0,13.793252,51.038017
12,20,9,28,12,2,3,5,3,0,0,1,1,0,0,0,0,13.822276,50.997788
12,20,9,28,14,2,3,5,3,0,0,1,1,0,0,0,0,13.705721,51.090569
12,20,9,28,16,2,3,1,5,0,0,1,1,0,0,0,0,13.776005,51.045257
12,20,9,29,7,3,3,1,3,1,0,1,1,0,0,0,0,13.812305,51.011441
12,20,9,29,13,3,3,0,1,0,0,1,0,0,0,0,0,13.729144,51.045605
12,20,9,29,18,3,3,3,6,0,0,1,0,0,0,0,0,13.732469,51.050979
12,20,9,30,15,4,3,5,2,0,0,1,1,0,0,0,0,13.767781,51.026081
12,20,10,1,1,5,3,8,1,2,0,1,0,0,0,0,0,13.880682,51.03608
12,20,10,1,8,5,3,6,6,0,0,1,0,1,0,0,0,13.808654,51.025427
12,20,10,1,9,5,3,5,2,0,0,1,0,0,0,0,1,13.738152,51.047041
12,20,10,1,14,5,3,1,7,0,0,1,1,0,0,0,0,13.747743,51.02299
12,20,10,1,14,5,3,5,2,0,0,1,1,0,0,0,0,13.803118,51.047466
12,20,10,1,18,5,3,5,3,2,0,1,1,0,0,0,0,13.763976,51.06659
12,20,10,1,20,5,3,0,1,2,0,1,0,0,0,0,0,13.725395,51.06208
12,20,10,2,7,6,3,5,2,0,0,1,1,0,0,0,0,13.79534,51.042921
12,20,10,2,7,6,3,5,2,0,0,1,1,0,0,0,0,13.824389,51.057903
12,20,10,2,9,6,3,5,1,0,0,1,1,0,0,0,0,13.751702,51.066962
12,20,10,2,11,6,3,6,4,0,0,1,0,1,0,0,0,13.722236,51.063318
12,20,10,2,13,6,3,5,3,0,0,1,1,0,0,0,0,13.747206,51.071961
12,20,10,2,13,6,3,5,2,0,0,1,1,0,0,0,0,13.775807,51.050803
12,20,10,2,14,6,3,5,3,0,0,1,1,0,0,0,0,13.800475,50.99926
12,20,10,2,16,6,3,0,1,0,0,1,0,0,0,0,0,13.811089,51.013439
12,20,10,2,18,6,3,3,2,1,0,1,0,0,0,0,0,13.725505,51.070118
12,20,10,3,8,7,3,5,3,0,0,1,1,0,0,0,0,13.701992,51.032486
12,20,10,3,15,7,3,6,7,0,0,1,0,1,0,0,0,13.740383,51.056464
12,20,10,4,14,1,3,7,7,0,0,1,0,0,0,0,0,13.839758,51.025818
12,20,10,4,17,1,3,6,6,0,0,1,0,1,0,0,0,13.77674,51.067522
12,20,10,5,5,2,3,5,3,2,0,1,1,0,0,0,0,13.771848,51.046864
12,20,10,5,11,2,3,5,2,0,0,1,1,0,0,0,0,13.718884,51.059666
12,20,10,5,13,2,3,0,1,0,1,1,0,0,0,0,0,13.810247,51.022793
12,20,10,5,15,2,3,0,1,0,1,1,0,0,0,0,0,13.707324,51.020479
12,20,10,5,15,2,3,5,3,0,1,1,1,0,0,0,0,13.736879,51.047521
12,20,10,5,19,2,3,0,1,2,1,1,0,0,0,0,0,13.751878,51.062981
12,20,10,5,22,2,3,0,7,2,0,1,0,0,0,0,0,13.749487,51.123014
12,20,10,6,8,3,3,3,2,0,0,1,1,0,0,0,0,13.708958,51.047232
12,20,10,6,9,3,3,0,2,0,0,1,1,0,0,0,0,13.708975,51.047222
12,20,10,7,5,4,3,1,1,1,0,1,1,0,0,0,0,13.708387,51.084359
12,20,10,7,7,4,3,5,2,0,0,1,1,0,0,0,0,13.752946,51.073858
12,20,10,7,14,4,3,4,1,0,0,1,1,0,0,0,0,13.805833,51.141537
12,20,10,7,20,4,3,0,1,1,0,1,0,0,0,0,0,13.758058,51.052305
12,20,10,7,21,4,3,5,2,2,1,1,1,0,0,0,0,13.715857,51.036862
12,20,10,8,8,5,3,5,3,0,0,1,1,0,0,0,0,13.729853,51.08267
12,20,10,8,8,5,3,5,2,0,0,1,1,0,0,0,0,13.743149,51.072873
12,20,10,8,10,5,3,5,3,0,0,1,0,0,0,0,1,13.825905,51.012058
12,20,10,8,12,5,3,0,1,0,0,1,0,0,0,0,0,13.701627,51.091055
12,20,10,8,15,5,2,5,2,0,0,1,1,0,0,0,0,13.755933,51.055895
12,20,10,8,16,5,3,5,2,0,0,1,1,0,0,0,0,13.731202,51.02482
12,20,10,9,7,6,2,0,1,0,1,1,0,0,0,0,0,13.723553,51.055162
12,20,10,9,7,6,3,0,1,0,1,1,0,0,0,0,0,13.726533,51.0458
12,20,10,9,7,6,3,5,3,0,1,1,1,0,0,0,0,13.767808,51.059751
12,20,10,9,14,6,3,5,2,0,0,1,1,0,0,0,0,13.737631,51.074372
12,20,10,9,14,6,3,0,1,0,0,1,0,0,0,0,0,13.787942,51.030159
12,20,10,9,20,6,3,0,1,2,1,1,0,0,0,0,0,13.737112,51.063258
12,20,10,10,13,7,3,0,7,0,1,1,0,0,0,0,0,13.739271,51.07108
12,20,10,12,14,2,2,0,1,0,1,1,0,0,0,0,0,13.770522,51.041372
12,20,10,12,19,2,2,5,2,2,0,1,1,0,0,0,0,13.728374,51.05664
12,20,10,12,20,2,3,5,3,2,1,1,1,0,0,0,0,13.812597,51.010994
12,20,10,13,14,3,3,0,1,0,0,1,0,0,0,0,0,13.713936,51.032224
12,20,10,15,5,5,3,5,3,2,1,1,1,0,0,0,0,13.720607,51.049331
12,20,10,15,6,5,3,5,3,2,1,1,1,0,0,0,0,13.753346,51.050371
12,20,10,15,15,5,3,2,5,0,1,1,1,0,0,0,0,13.706051,51.043653
12,20,10,15,15,5,3,0,7,0,1,1,0,0,0,0,0,13.730871,51.053868
12,20,10,15,16,5,3,5,2,1,1,1,1,0,0,0,0,13.699023,51.071359
12,20,10,15,18,5,3,5,3,2,1,1,1,0,0,0,0,13.825905,51.012058
12,20,10,16,7,6,3,0,1,0,0,1,0,0,0,0,0,13.766734,51.082904
12,20,10,16,9,6,2,6,7,0,1,1,0,1,0,0,0,13.72729,51.097767
12,20,10,16,9,6,3,5,2,0,1,1,1,0,0,0,0,13.777825,51.054334
12,20,10,16,16,6,2,0,1,0,1,1,0,0,0,0,0,13.708912,51.027302
12,20,10,16,16,6,3,6,4,0,1,1,0,1,0,0,0,13.748948,51.051433
12,20,10,16,18,6,3,5,3,2,1,1,1,0,0,0,0,13.702183,51.034929
12,20,10,16,19,6,3,4,6,1,1,1,0,0,0,0,0,13.689793,51.065123
12,20,10,17,15,7,3,5,2,0,0,1,0,0,0,0,0,13.648666,51.090838
12,20,10,17,22,7,2,0,1,2,0,1,0,0,0,0,0,13.776575,51.066738
12,20,10,18,1,1,3,0,3,2,0,1,1,0,0,0,0,13.749029,51.033974
12,20,10,19,6,2,3,5,3,1,0,1,1,0,0,0,0,13.75544,51.050001
12,20,10,19,16,2,3,0,7,0,0,1,0,0,0,0,0,13.764792,51.064833
12,20,10,20,8,3,3,5,3,0,0,1,0,0,0,0,0,13.734484,51.088361
12,20,10,20,17,3,3,5,3,0,0,1,0,0,0,0,1,13.784271,51.067072
12,20,10,21,7,4,3,0,7,1,0,1,0,0,0,0,0,13.708492,51.046937
12,20,10,21,11,4,3,5,3,0,0,1,0,0,0,0,0,13.72719,51.058043
12,20,10,21,12,4,3,5,3,0,0,1,0,0,1,0,0,13.796623,51.075045
12,20,10,21,13,4,3,4,6,0,0,1,0,0,0,0,0,13.808114,51.053554
12,20,10,21,15,4,3,5,3,0,0,1,1,0,0,0,0,13.746864,51.069885
12,20,10,21,17,4,2,5,2,0,0,1,1,0,0,0,0,13.718954,51.096632
12,20,10,22,9,5,3,5,2,0,0,1,1,0,0,0,0,13.697819,51.032605
12,20,10,22,9,5,3,3,6,0,0,1,1,0,0,0,0,13.76419,51.03086
12,20,10,22,11,5,2,0,1,0,0,1,0,0,0,0,0,13.740269,51.038514
12,20,10,22,14,5,3,5,3,0,0,1,1,0,0,0,0,13.688855,51.061888
12,20,10,23,0,6,3,0,1,2,0,1,0,0,0,0,0,13.657692,51.049237
12,20,10,23,6,6,2,5,3,2,0,1,1,0,0,0,0,13.718169,51.018818
12,20,10,23,7,6,3,0,1,2,1,1,0,0,0,0,0,13.728467,51.056583
12,20,10,23,11,6,3,0,1,0,0,1,0,0,0,0,0,13.708663,51.084354
12,20,10,23,12,6,3,3,6,0,1,1,0,0,1,0,0,13.751321,51.042439
12,20,10,24,9,7,3,5,3,0,0,1,1,0,0,0,0,13.72699,51.071774
12,20,10,24,9,7,3,5,2,0,1,1,1,0,0,0,0,13.729458,51.045705
12,20,10,24,17,7,3,3,6,0,0,1,0,0,0,0,0,13.740054,51.055998
12,20,10,24,19,7,3,5,3,2,0,1,1,0,0,0,0,13.818037,51.052446
12,20,10,24,22,7,3,5,2,2,0,1,0,0,0,1,0,13.777456,51.057684
12,20,10,25,9,1,3,5,3,0,0,1,0,0,0,0,0,13.707722,51.077471
12,20,10,26,7,2,3,5,3,0,0,1,1,0,0,0,0,13.721098,51.092322
12,20,10,26,11,2,3,5,3,0,0,1,1,0,0,0,0,13.780968,51.019234
12,20,10,26,17,2,3,0,1,2,1,1,0,0,0,0,0,13.750675,51.071359
12,20,10,27,7,3,3,0,1,0,1,1,0,0,0,0,0,13.80524,51.042489
12,20,10,27,11,3,3,3,2,0,0,1,0,0,0,1,0,13.800493,51.027389
12,20,10,27,13,3,2,5,3,0,0,1,1,0,0,0,0,13.8434,51.017873
12,20,10,28,14,4,3,0,1,0,1,1,0,0,0,0,0,13.755076,51.025773
12,20,10,29,6,5,3,0,1,2,1,1,0,0,0,0,0,13.737089,51.063251
12,20,10,29,10,5,2,0,1,0,1,1,0,0,0,0,0,13.773227,51.043144
12,20,10,29,11,5,3,5,3,0,1,1,1,0,0,0,0,13.733628,51.044924
12,20,10,29,12,5,3,3,6,0,1,1,0,0,0,0,0,13.732578,51.037668
12,20,10,29,13,5,3,5,3,0,0,1,1,0,0,0,0,13.738263,51.039227
12,20,10,30,5,6,3,0,7,1,1,1,0,0,0,0,0,13.755238,51.045901
12,20,10,30,7,6,3,0,1,0,1,1,0,0,0,0,0,13.694159,51.04339
12,20,10,30,9,6,3,0,1,0,1,1,0,0,0,0,0,13.735051,51.054003
12,20,10,30,11,6,3,0,1,0,1,1,0,0,0,0,0,13.808373,51.038164
12,20,10,30,15,6,3,5,3,0,1,1,1,0,0,0,0,13.851304,51.063148
12,20,10,30,17,6,3,5,3,2,1,1,1,0,0,0,0,13.64604,51.084876
12,20,10,30,17,6,3,5,3,2,1,1,1,0,0,0,0,13.70494,51.03938
12,20,10,31,0,7,3,0,1,2,1,1,0,0,0,0,0,13.709031,51.047188
12,20,10,31,17,7,2,5,3,2,1,1,1,0,0,0,0,13.723299,51.040501
12,20,10,31,17,7,3,0,2,2,1,1,1,0,0,0,0,13.727846,51.084603
12,20,10,31,21,7,3,0,3,2,1,1,1,0,0,0,0,13.716495,51.077618
12,20,11,1,14,1,3,3,6,0,0,1,1,0,0,0,0,13.803212,51.051759
12,20,11,1,14,1,3,0,1,0,0,1,0,0,0,0,0,13.840821,51.008602
12,20,11,1,15,1,2,0,7,0,0,1,0,0,0,0,0,13.778143,51.036875
12,20,11,2,7,2,3,0,1,0,1,1,0,0,0,0,0,13.776599,51.066474
12,20,11,2,7,2,2,1,5,0,1,1,1,0,0,0,0,13.781804,51.051108
12,20,11,2,7,2,2,5,3,0,1,1,1,0,0,0,0,13.797699,51.042336
12,20,11,2,8,2,3,4,2,0,1,1,1,0,0,0,0,13.759438,51.051173
12,20,11,2,8,2,3,5,3,0,0,1,1,0,0,0,0,13.842215,51.018932
12,20,11,2,9,2,3,0,1,0,1,1,0,0,0,0,0,13.827674,51.016332
12,20,11,3,18,3,3,0,7,2,0,1,0,0,0,0,0,13.78132,51.037093
12,20,11,4,7,4,3,3,6,0,0,1,0,0,0,0,0,13.767062,51.095111
12,20,11,4,8,4,3,1,7,0,0,1,1,0,0,0,0,13.817425,51.012412
12,20,11,5,13,5,3,3,2,0,0,1,1,0,0,0,0,13.777474,51.057507
12,20,11,5,15,5,2,0,4,0,0,1,1,1,0,0,0,13.741804,51.023604
12,20,11,5,15,5,3,5,2,0,0,1,1,0,0,0,0,13.781763,51.043878
12,20,11,5,15,5,3,1,5,0,0,1,1,0,0,0,0,13.797274,51.041924
12,20,11,5,16,5,3,5,3,1,0,1,0,0,0,0,1,13.737658,51.061464
12,20,11,5,20,5,3,5,3,2,0,1,0,0,0,0,1,13.724941,51.043949
12,20,11,6,5,6,3,5,3,2,0,1,1,0,0,0,0,13.716911,51.093498
12,20,11,6,7,6,3,5,3,0,0,1,1,0,0,0,0,13.716919,51.080794
12,20,11,6,11,6,3,5,3,0,0,1,1,0,0,0,0,13.705106,51.044444
12,20,11,6,12,6,3,5,3,0,0,1,1,0,0,0,0,13.649407,51.083619
12,20,11,6,14,6,3,4,2,0,0,1,1,0,0,0,0,13.766965,51.020631
12,20,11,6,16,6,3,0,1,1,0,1,0,0,0,0,0,13.785888,51.01513
12,20,11,8,14,1,3,5,3,0,0,1,1,0,0,0,0,13.853266,51.002415
12,20,11,8,16,1,3,5,3,2,0,1,1,0,0,0,0,13.758696,51.049469
12,20,11,9,7,2,3,3,2,0,0,1,1,0,0,0,0,13.726045,51.057029
12,20,11,9,8,2,3,5,3,0,0,1,1,0,0,0,0,13.765837,51.065791
12,20,11,9,15,2,3,5,2,0,0,1,1,0,0,0,0,13.701518,51.046893
12,20,11,10,6,3,3,2,2,2,0,1,1,0,0,0,0,13.768168,51.047956
12,20,11,10,12,3,3,6,4,0,0,1,0,1,0,0,0,13.772479,51.050882
12,20,11,10,15,3,3,0,7,0,0,1,0,0,0,0,0,13.766433,51.065312
12,20,11,10,16,3,3,5,2,1,0,1,1,0,0,0,0,13.774526,51.060546
12,20,11,11,7,4,3,0,7,1,1,1,1,0,0,0,0,13.746297,51.078573
12,20,11,11,9,4,3,0,1,0,1,1,0,0,0,0,0,13.836093,51.062091
12,20,11,11,15,4,3,5,3,0,0,1,1,0,0,0,0,13.766031,51.019218
12,20,11,11,16,4,3,5,3,0,0,1,1,0,0,0,0,13.677593,51.058969
12,20,11,11,16,4,3,5,3,2,0,1,1,0,0,0,0,13.747047,51.063693
12,20,11,11,18,4,3,0,1,2,0,1,0,0,0,0,0,13.753028,51.058741
12,20,11,12,6,5,3,1,5,1,0,1,1,0,0,0,0,13.768501,51.020414
12,20,11,12,15,5,3,0,7,0,0,1,0,0,0,0,0,13.733428,51.046286
12,20,11,12,15,5,3,5,3,0,0,1,1,0,0,0,0,13.749151,51.033548
12,20,11,12,15,5,2,5,3,0,0,1,1,0,0,0,0,13.799414,51.056606
12,20,11,12,15,5,3,5,2,0,0,1,1,0,0,0,0,13.884187,51.058282
12,20,11,12,23,5,3,5,2,2,1,1,1,0,0,0,0,13.681646,51.052415
12,20,11,13,7,6,3,6,4,0,1,1,0,1,0,0,0,13.720921,51.041367
12,20,11,13,8,6,3,5,3,0,0,1,1,0,0,0,0,13.832958,51.061832
12,20,11,13,12,6,3,1,5,0,0,1,1,0,0,0,0,13.738863,51.013385
12,20,11,13,14,6,3,5,2,0,0,1,0,0,0,1,0,13.779861,51.044255
12,20,11,13,15,6,3,0,1,0,0,1,0,0,0,0,0,13.743596,51.111065
12,20,11,13,18,6,3,5,3,2,0,1,0,0,0,0,0,13.721927,51.086453
12,20,11,14,4,7,3,9,1,2,1,1,0,0,0,0,0,13.871349,51.061229
12,20,11,14,8,7,3,5,7,0,1,1,1,0,0,0,0,13.820656,51.063389
12,20,11,14,15,7,3,0,7,0,0,1,0,0,0,0,0,13.764326,51.050344
12,20,11,15,13,1,2,0,1,0,1,1,0,0,0,0,0,13.837229,51.038392
12,20,11,15,15,1,3,1,5,0,0,1,1,0,0,0,0,13.761686,51.025165
12,20,11,16,7,2,3,5,3,2,1,1,1,0,0,0,0,13.685535,51.084488
12,20,11,16,7,2,3,0,1,0,1,1,0,0,0,0,0,13.792599,51.047662
12,20,11,16,8,2,3,5,3,0,1,1,1,0,0,0,0,13.701991,51.032485
12,20,11,16,8,2,3,0,1,0,0,1,0,0,0,0,0,13.752175,51.063719
12,20,11,16,10,2,2,0,1,0,1,1,0,0,0,0,0,13.647499,51.078958
12,20,11,17,9,3,2,1,5,0,0,1,1,0,0,0,0,13.722463,51.02986
12,20,11,17,13,3,3,5,2,0,0,1,1,0,0,0,0,13.77456,51.033104
12,20,11,17,14,3,2,0,1,0,0,1,0,0,0,0,0,13.808047,51.038341
12,20,11,17,15,3,3,5,3,0,1,1,1,0,0,0,0,13.641893,51.081071
12,20,11,17,15,3,3,5,2,0,0,1,1,0,0,0,0,13.786288,51.028557
12,20,11,17,16,3,2,0,7,1,1,1,0,0,0,0,0,13.732507,51.050976
12,20,11,17,16,3,3,0,1,2,1,1,0,0,0,0,0,13.770881,51.04593
12,20,11,18,15,4,2,5,3,0,0,1,1,0,0,0,0,13.718963,51.096604
12,20,11,18,16,4,3,5,3,2,0,1,1,0,0,0,0,13.720368,51.093249
12,20,11,19,8,5,3,1,6,0,1,1,1,0,0,0,0,13.723875,51.077236
12,20,11,19,16,5,3,5,3,1,0,1,1,0,0,0,0,13.746184,51.06352
12,20,11,20,7,6,3,5,2,0,0,1,1,0,0,0,0,13.886003,51.061704
12,20,11,20,8,6,3,6,4,0,0,1,0,1,0,0,0,13.705639,51.042626
12,20,11,20,14,6,3,4,1,0,0,1,1,0,0,0,0,13.727076,51.039127
12,20,11,20,17,6,3,1,1,2,0,1,1,0,0,0,0,13.72951,51.030081
12,20,11,21,14,7,2,4,6,0,0,1,0,0,0,0,0,13.840198,51.024469
12,20,11,21,15,7,3,5,2,0,0,1,1,0,0,0,0,13.708963,51.047229
12,20,11,22,13,1,3,0,7,0,0,1,0,0,0,0,0,13.751559,51.050733
12,20,11,23,5,2,3,0,7,2,1,1,0,0,0,0,0,13.843785,51.014008
12,20,11,23,6,2,3,5,3,0,1,1,0,0,1,0,0,13.792562,51.059411
12,20,11,23,7,2,2,5,3,2,1,1,1,0,0,0,0,13.745247,51.026828
12,20,11,23,16,2,3,5,3,1,0,1,1,0,0,0,0,13.80134,51.150369
12,20,11,23,22,2,3,0,3,2,0,1,0,0,0,0,0,13.79393,51.050403
12,20,11,24,6,3,2,5,2,1,0,1,1,0,0,0,0,13.691124,51.042661
12,20,11,24,7,3,3,5,2,0,0,1,0,0,0,1,0,13.672253,51.050255
12,20,11,24,8,3,3,1,5,0,0,1,1,0,0,0,0,13.703998,51.04418
12,20,11,24,8,3,3,5,3,0,0,1,0,0,0,1,0,13.721459,51.055629
12,20,11,25,7,4,3,0,1,0,2,1,0,0,0,0,0,13.75082,51.022524
12,20,11,25,15,4,3,0,1,0,0,1,0,0,0,0,0,13.751993,51.062312
12,20,11,26,7,5,3,0,1,1,0,1,0,0,0,0,0,13.784372,51.034974
12,20,11,26,13,5,2,5,2,0,0,1,0,0,0,0,0,13.75036,51.065586
12,20,11,26,18,5,2,0,1,2,0,1,0,0,0,0,0,13.748737,51.032918
12,20,11,28,10,7,3,3,6,0,0,1,1,0,0,0,0,13.791445,51.026502
12,20,11,28,13,7,3,5,3,0,0,1,1,0,0,0,0,13.808899,51.05275
12,20,11,28,14,7,3,0,1,0,0,1,0,0,0,0,0,13.739221,51.032004
12,20,12,1,6,3,3,5,3,2,1,1,1,0,0,0,0,13.730707,51.05002
12,20,12,1,7,3,2,5,2,1,1,1,1,0,0,0,0,13.745355,51.048995
12,20,12,2,8,4,2,5,3,0,0,1,1,0,0,0,0,13.726597,51.031553
12,20,12,3,5,5,3,5,3,2,0,1,1,0,0,0,0,13.78533,51.035942
12,20,12,3,6,5,3,4,6,2,0,1,0,0,0,0,0,13.753837,51.077361
12,20,12,3,8,5,3,0,1,1,2,1,0,0,0,0,0,13.667949,51.070836
12,20,12,3,8,5,3,5,3,0,1,1,1,0,0,0,0,13.800726,51.042951
12,20,12,3,15,5,3,5,2,0,0,1,1,0,0,0,0,13.703872,51.087668
12,20,12,4,5,6,3,5,3,2,1,1,1,0,0,0,0,13.7772,51.060056
12,20,12,5,11,7,3,5,3,0,0,1,1,0,0,0,0,13.801838,51.042501
12,20,12,8,7,3,3,5,3,2,0,1,1,0,0,0,0,13.763714,51.05172
12,20,12,8,13,3,3,0,7,0,0,1,0,0,0,0,0,13.812701,50.997999
12,20,12,9,9,4,3,0,1,0,0,1,0,0,0,0,0,13.708972,51.047224
12,20,12,9,16,4,3,0,1,1,1,1,0,0,0,0,0,13.751989,51.062325
12,20,12,9,16,4,3,0,7,0,0,1,1,0,0,0,0,13.7942,51.043958
12,20,12,10,6,5,3,5,3,2,0,1,1,0,0,0,0,13.690103,51.072726
12,20,12,10,7,5,3,5,3,2,0,1,1,0,0,0,0,13.837864,51.024325
12,20,12,10,16,5,2,5,3,2,0,1,1,0,0,0,0,13.782024,51.067004
12,20,12,10,17,5,3,7,1,2,0,1,0,0,0,0,0,13.734869,51.048723
12,20,12,11,7,6,3,0,1,0,0,1,0,0,0,0,0,13.718866,51.087833
12,20,12,14,10,2,3,5,3,0,0,1,0,0,0,0,1,13.747539,51.031009
12,20,12,14,14,2,3,5,2,0,0,1,0,0,0,0,1,13.690197,51.073789
12,20,12,15,20,3,3,0,1,2,0,1,0,0,0,0,0,13.776356,51.067704
12,20,12,16,12,4,2,0,1,0,0,1,0,0,0,0,0,13.831974,51.009863
12,20,12,17,12,5,3,5,3,0,0,1,1,0,0,0,0,13.751499,51.047224
12,20,12,18,8,6,3,5,3,0,1,1,1,0,0,0,0,13.76443,51.015745
12,20,12,18,12,6,3,5,3,0,1,1,1,0,0,0,0,13.705559,51.084905
12,20,12,18,13,6,3,8,1,0,1,1,0,0,0,0,0,13.706002,51.028233
12,20,12,18,16,6,3,0,7,1,1,1,1,0,0,0,0,13.747171,51.076856
12,20,12,18,21,6,2,8,1,2,1,1,0,0,0,0,0,13.885677,51.071647
12,20,12,21,14,2,3,2,6,0,1,1,1,0,0,0,0,13.769103,51.013416
12,20,12,22,9,3,3,0,1,0,1,1,0,0,0,0,0,13.721723,51.07767
12,20,12,22,20,3,3,0,1,2,1,1,0,0,0,0,0,13.710135,51.08383
12,20,12,23,22,4,3,5,3,2,1,1,1,0,0,0,0,13.798183,51.023822
12,20,12,26,17,7,3,5,3,2,0,1,1,0,0,0,0,13.757893,51.024714
12,20,12,28,15,2,3,3,6,0,0,1,1,0,0,0,0,13.74958,51.0578
12,20,12,29,5,3,3,0,1,2,2,1,0,0,0,0,0,13.758734,51.061293
12,20,12,29,5,3,2,0,1,2,2,1,0,0,0,0,0,13.779455,51.040942
12,20,12,29,6,3,3,0,1,1,2,1,0,0,0,0,0,13.705439,51.034246
12,20,12,29,10,3,3,0,1,0,2,1,0,0,0,0,0,13.778725,51.050238
12,20,12,29,14,3,3,0,1,0,1,1,0,0,0,0,0,13.74353,51.02348
12,20,12,30,10,4,3,5,3,0,1,1,1,0,0,0,0,13.805389,51.039057
12,20,12,31,9,5,3,5,2,0,1,1,1,0,0,0,0,13.768369,51.019721
12,21,1,5,7,3,3,0,1,0,1,1,0,0,0,0,0,13.742033,51.06532
12,21,1,5,7,3,2,0,1,1,1,1,0,0,0,0,0,13.787566,51.043315
12,21,1,8,11,6,3,0,1,0,1,1,0,0,0,0,0,13.7342,51.061563
12,21,1,11,11,2,3,3,6,0,1,1,1,0,0,0,0,13.701778,51.030642
12,21,1,12,7,3,3,0,1,0,2,1,0,0,0,0,0,13.768246,51.047967
12,21,1,12,7,3,2,0,1,0,2,1,0,0,0,0,0,13.816243,51.035802
12,21,1,12,17,3,3,5,3,2,1,1,1,0,0,0,0,13.837301,51.025269
12,21,1,12,19,3,3,5,3,2,1,1,1,0,0,0,0,13.743458,51.047593
12,21,1,13,11,4,3,5,3,0,1,1,1,0,0,0,0,13.713143,51.031421
12,21,1,15,7,6,3,0,3,1,1,1,1,0,0,0,0,13.800765,51.042882
12,21,1,21,8,5,3,5,3,0,0,1,0,0,0,1,0,13.729161,51.055896
12,21,1,24,14,1,3,5,3,0,1,1,1,0,0,0,0,13.773575,51.048732
12,21,1,25,15,2,2,0,7,0,0,1,0,0,0,0,0,13.771742,51.057544
12,21,1,27,0,4,3,1,1,2,1,1,1,0,0,0,0,13.780444,51.058984
12,21,1,27,11,4,3,2,6,0,0,1,1,0,0,0,0,13.733926,51.075076
12,21,1,27,13,4,3,5,3,0,0,1,1,0,0,0,0,13.70243,51.090492
12,21,1,27,17,4,3,5,3,2,0,1,1,0,0,0,0,13.777196,51.060093
12,21,1,29,16,6,3,0,1,0,2,1,0,0,0,0,0,13.747419,51.052683
12,21,1,31,13,1,3,5,3,0,0,1,1,0,0,0,0,13.756555,51.055089
12,21,2,2,16,3,3,5,2,1,1,1,1,0,0,0,0,13.780359,51.030822
12,21,2,3,11,4,2,0,4,0,0,1,0,1,0,0,0,13.823634,51.011676
12,21,2,3,16,4,3,5,3,1,1,1,1,0,0,0,0,13.72897,51.059319
12,21,2,3,17,4,3,5,7,2,1,1,1,0,0,0,0,13.722914,51.081562
12,21,2,5,9,6,2,5,3,0,1,1,1,0,0,0,0,13.813864,51.020127