UKREIS,UJAHR,UMONAT,UTAG,USTUNDE,UWOCHENTAG,UKATEGORIE,UART,UTYP,LICHT,USTRZUSTAND,IstRad,IstPKW,IstFuss,IstKrad,IstGkfz,IstSonstige,@lon,@lat
12,21,2,5,15,6,3,6,1,0,1,1,0,1,0,0,0,13.83757,51.062326
12,21,2,5,17,6,3,5,3,2,1,1,1,0,0,0,0,13.785324,51.035949
12,21,2,5,21,6,3,5,3,2,1,1,1,0,0,0,0,13.746169,51.059598
12,21,2,6,12,7,3,5,2,0,1,1,1,0,0,0,0,13.798743,51.012464
12,21,2,19,8,6,3,5,2,0,0,1,1,0,0,0,0,13.829733,51.000644
12,21,2,19,15,6,3,5,3,0,0,1,1,0,0,0,0,13.773393,51.127517
12,21,2,21,7,1,2,0,1,0,2,1,0,0,0,0,0,13.888073,51.056615
12,21,2,22,9,2,3,0,1,0,2,1,0,0,0,0,0,13.59421,51.055004
12,21,2,22,10,2,3,5,3,0,0,1,0,0,0,0,1,13.715833,51.090492
12,21,2,22,15,2,3,1,5,0,0,1,1,0,0,0,0,13.707218,51.080556
12,21,2,22,17,2,3,0,3,1,0,1,1,0,0,0,0,13.746609,51.02962
12,21,2,24,7,4,2,0,1,1,1,1,0,0,0,0,0,13.648368,51.056419
12,21,2,24,10,4,3,5,3,0,0,1,1,0,0,0,0,13.713733,51.052114
12,21,2,24,12,4,3,0,1,0,0,1,0,0,0,0,0,13.752343,51.042038
12,21,2,24,12,4,2,0,6,0,0,1,0,0,0,0,0,13.777837,51.030454
12,21,2,24,12,4,3,0,1,0,0,1,0,0,0,0,0,13.808289,51.052693
12,21,2,24,13,4,3,6,4,0,0,1,0,1,0,0,0,13.719992,51.054801
12,21,2,24,16,4,3,0,4,0,0,1,0,1,0,0,0,13.73839,51.047039
12,21,2,24,17,4,3,5,3,1,0,1,1,0,0,0,0,13.779559,51.066962
12,21,2,25,8,5,2,0,1,0,0,1,0,0,0,0,0,13.843402,51.126654
12,21,2,25,11,5,3,5,2,0,0,1,1,0,0,0,0,13.699878,51.022756
12,21,2,25,16,5,3,0,1,0,0,1,0,0,0,0,0,13.788918,51.126051
12,21,2,25,17,5,3,5,2,1,0,1,1,0,0,0,0,13.739292,51.068349
12,21,2,25,20,5,3,3,6,2,0,1,1,0,0,0,0,13.727066,51.052625
12,21,2,26,6,6,3,5,3,0,0,1,1,0,0,0,0,13.690103,51.072733
12,21,2,26,13,6,3,5,3,0,1,1,1,0,0,0,0,13.713492,51.082484
12,21,2,26,14,6,3,5,3,0,1,1,1,0,0,0,0,13.883371,51.057847
12,21,2,28,10,1,2,2,2,0,0,1,0,0,0,0,0,13.795379,51.045076
12,21,2,28,11,1,3,5,3,0,0,1,1,0,0,0,0,13.802662,50.987759
12,21,3,1,7,2,3,0,1,0,1,1,0,0,0,0,0,13.764254,51.053131
12,21,3,1,12,2,3,5,3,0,0,1,1,0,0,0,0,13.766919,51.094454
12,21,3,1,15,2,3,0,1,0,0,1,0,0,0,0,0,13.781775,51.038327
12,21,3,1,16,2,3,5,3,0,0,1,1,0,0,0,0,13.757965,51.052259
12,21,3,1,16,2,3,0,7,0,0,1,0,0,0,0,0,13.830818,50.999998
12,21,3,2,8,3,3,6,4,0,0,1,0,1,0,0,0,13.733577,51.035267
12,21,3,4,10,5,3,0,1,0,0,1,0,0,0,0,0,13.7658,51.073158
12,21,3,6,10,7,2,3,6,0,0,1,0,0,0,0,0,13.800351,51.041384
12,21,3,6,13,7,3,5,2,0,0,1,1,0,0,0,0,13.800378,51.027255
12,21,3,6,14,7,2,6,4,0,0,1,0,1,0,0,0,13.786068,51.043358
12,21,3,7,14,1,3,5,3,0,0,1,1,0,0,0,0,13.803002,51.040429
12,21,3,9,8,3,3,5,3,0,0,1,1,0,0,0,0,13.77357,51.048733
12,21,3,9,13,3,2,3,2,0,0,1,1,0,0,0,0,13.781832,51.030238
12,21,3,9,14,3,3,5,3,0,0,1,1,0,0,0,0,13.739309,51.073878
12,21,3,9,15,3,3,5,3,0,0,1,1,0,0,0,0,13.701642,51.030625
12,21,3,9,20,3,2,6,6,2,0,1,0,1,0,0,0,13.721492,51.058822
12,21,3,10,16,4,3,0,1,0,0,1,0,0,0,0,0,13.737828,51.088329
12,21,3,10,16,4,3,5,3,0,0,1,1,0,0,0,0,13.828104,50.997362
12,21,3,11,8,5,3,1,7,0,1,1,1,0,0,0,0,13.791874,51.017125
12,21,3,11,21,5,3,0,1,2,1,1,0,0,0,0,0,13.749394,51.035983
12,21,3,12,6,6,3,5,3,0,0,1,1,0,0,0,0,13.779916,51.044329
12,21,3,15,6,2,2,5,3,0,0,1,0,0,0,1,0,13.789531,51.01832
12,21,3,15,13,2,2,6,7,0,1,1,0,1,0,0,0,13.7043,51.086805
12,21,3,15,15,2,3,5,3,0,0,1,1,0,0,0,0,13.694497,51.081917
12,21,3,16,9,3,3,5,3,0,1,1,1,0,0,0,0,13.761722,51.031735
12,21,3,16,17,3,3,3,6,0,0,1,0,0,0,0,1,13.823377,51.063259
12,21,3,17,13,4,3,0,1,0,1,1,0,0,0,0,0,13.724659,51.077087
12,21,3,21,15,1,3,0,5,0,0,1,1,0,0,0,0,13.747996,51.072825
12,21,3,22,6,2,3,5,3,0,0,1,1,0,0,0,0,13.755197,51.055538
12,21,3,23,7,3,3,5,3,0,1,1,1,0,0,0,0,13.712696,51.046295
12,21,3,23,8,3,3,1,1,0,1,1,1,0,0,0,0,13.761556,51.046641
12,21,3,23,11,3,3,5,2,0,1,1,1,0,0,0,0,13.799785,50.998528
12,21,3,24,8,4,3,5,3,0,0,1,1,0,0,0,0,13.785325,51.035948
12,21,3,24,8,4,3,1,5,0,0,1,1,0,0,0,0,13.796752,51.050029
12,21,3,24,15,4,3,0,7,0,0,1,0,0,0,0,0,13.735772,51.055333
12,21,3,24,18,4,3,5,3,0,0,1,1,0,0,0,0,13.747235,51.071923
12,21,3,25,15,5,2,6,4,0,0,1,0,1,0,0,0,13.719194,51.095917
12,21,3,26,14,6,2,5,2,0,0,1,1,0,0,0,0,13.775752,51.050858
12,21,3,26,15,6,3,0,7,0,0,1,0,0,0,0,0,13.79026,51.047991
12,21,3,26,17,6,2,5,2,0,0,1,1,0,0,0,0,13.770275,51.028929
12,21,3,26,18,6,3,5,3,1,0,1,1,0,0,0,0,13.747962,51.066468
12,21,3,28,14,1,2,5,3,0,0,1,1,0,0,0,0,13.861089,51.019323
12,21,3,29,17,2,3,2,6,0,0,1,1,0,0,0,0,13.719571,51.07734
12,21,3,29,18,2,3,0,1,0,0,1,0,0,0,0,0,13.791843,51.029313
12,21,3,29,19,2,3,5,2,1,0,1,1,0,0,0,0,13.814013,50.988427
12,21,3,30,5,3,2,2,6,0,0,1,1,0,0,0,0,13.780636,51.070767
12,21,3,30,7,3,3,5,3,0,0,1,1,0,0,0,0,13.64945,51.083603
12,21,3,30,11,3,3,5,3,0,0,1,0,0,0,0,0,13.841682,51.019772
12,21,3,31,9,4,3,5,2,0,0,1,1,0,0,0,0,13.763699,51.087127
12,21,3,31,16,4,2,6,6,0,0,1,0,1,0,0,0,13.754557,51.041151
12,21,3,31,18,4,2,0,1,0,0,1,0,0,0,0,0,13.698009,51.06966
12,21,4,1,11,5,3,5,3,0,0,1,1,0,0,0,0,13.695941,51.087503
12,21,4,1,11,5,3,0,6,0,0,1,1,0,0,0,0,13.793578,51.0081
12,21,4,1,17,5,3,0,7,0,0,1,0,0,0,0,0,13.777849,51.054134
12,21,4,1,18,5,3,5,2,0,0,1,1,0,0,0,0,13.74665,51.057141
12,21,4,1,18,5,3,0,1,0,1,1,0,0,0,0,0,13.808642,51.038019
12,21,4,4,16,1,3,8,1,0,0,1,0,0,0,0,0,13.752989,51.058998
12,21,4,4,18,1,2,0,1,0,0,1,0,0,0,0,0,13.715723,51.106565
12,21,4,5,9,2,3,5,3,0,0,1,1,0,0,0,0,13.827151,51.05825
12,21,4,6,16,3,3,5,3,0,1,1,1,0,0,0,0,13.790207,51.022678
12,21,4,9,13,6,3,0,7,0,0,1,1,0,0,0,0,13.709782,51.09869
12,21,4,9,16,6,3,5,2,0,0,1,1,0,0,0,0,13.668373,51.046859
12,21,4,9,17,6,3,0,1,0,0,1,0,0,0,0,0,13.789335,51.031546
12,21,4,10,16,7,3,6,6,0,0,1,1,1,0,0,0,13.829305,51.021173
12,21,4,12,6,2,3,5,2,1,1,1,1,0,0,0,0,13.841822,51.002265
12,21,4,13,20,3,2,0,1,2,0,1,0,0,0,0,0,13.714364,51.061115
12,21,4,14,13,4,3,0,1,0,0,1,0,0,0,0,0,13.823912,51.033854
12,21,4,14,16,4,3,5,3,0,0,1,1,0,0,0,0,13.717837,51.038836
12,21,4,16,12,6,3,5,3,0,0,1,1,0,0,0,0,13.694435,51.084731
12,21,4,17,6,7,3,0,1,0,1,1,0,0,0,0,0,13.763653,51.025846
12,21,4,18,14,1,3,0,1,0,1,1,0,0,0,0,0,13.741808,51.023611
12,21,4,18,16,1,3,0,1,0,1,1,0,0,0,0,0,13.706159,51.019117
12,21,4,19,13,2,3,1,5,0,0,1,0,0,0,1,0,13.842103,51.05924
12,21,4,19,14,2,3,5,2,0,0,1,0,0,0,1,0,13.702005,51.032522
12,21,4,20,8,3,3,0,1,0,1,1,0,0,0,0,0,13.836632,51.062285
12,21,4,20,9,3,3,5,3,0,0,1,1,0,0,0,0,13.790872,51.017659
12,21,4,20,10,3,3,0,1,0,0,1,0,0,0,0,0,13.755888,51.055935
12,21,4,20,12,3,3,5,3,0,0,1,1,0,0,0,0,13.883373,51.057848
12,21,4,20,17,3,3,0,1,0,0,1,0,0,0,0,0,13.716218,51.077763
12,21,4,20,18,3,3,5,3,0,0,1,1,0,0,0,0,13.721463,51.061311
12,21,4,20,21,3,3,2,6,2,0,1,0,0,0,0,0,13.690078,51.014792
12,21,4,21,5,4,3,5,3,0,0,1,1,0,0,0,0,13.757516,51.063289
12,21,4,21,13,4,3,0,7,0,0,1,0,0,0,0,0,13.751419,51.07218
12,21,4,21,15,4,3,0,7,0,0,1,0,0,0,0,1,13.741047,51.035352
12,21,4,21,16,4,3,3,3,0,0,1,1,0,0,0,0,13.705018,51.036741
12,21,4,22,15,5,3,1,5,0,0,1,1,0,0,0,0,13.726442,51.081593
12,21,4,22,15,5,3,0,7,0,0,1,1,0,0,0,0,13.781269,51.054393
12,21,4,24,12,7,2,0,1,0,0,1,0,0,0,0,0,13.756934,51.025389
12,21,4,24,18,7,3,0,1,0,0,1,0,0,0,0,0,13.770315,51.046407
12,21,4,25,15,1,3,5,2,0,0,1,1,0,0,0,0,13.785856,51.06032
12,21,4,26,16,2,2,0,1,0,0,1,0,0,0,0,0,13.764727,51.03972
12,21,4,26,17,2,3,0,1,0,0,1,0,0,0,0,0,13.721493,51.077399
12,21,4,26,19,2,3,5,3,0,0,1,1,0,0,0,0,13.777196,51.060094
12,21,4,27,7,3,3,0,1,0,0,1,0,0,0,0,0,13.72235,51.026097
12,21,4,27,12,3,3,0,6,0,0,1,0,0,0,1,0,13.773818,51.070565
12,21,4,27,13,3,2,0,1,0,0,1,0,0,0,0,0,13.834714,51.027691
12,21,4,27,14,3,2,4,2,0,0,1,0,0,0,0,0,13.643768,51.092938
12,21,4,27,14,3,3,3,2,0,0,1,1,0,0,0,0,13.702006,51.032523
12,21,4,27,15,3,3,0,1,0,0,1,0,0,0,0,0,13.690524,51.061608
12,21,4,28,8,4,3,0,1,0,0,1,0,0,0,0,0,13.752841,51.058113
12,21,4,28,8,4,3,5,3,0,0,1,1,0,0,0,0,13.77812,51.049723
12,21,4,28,14,4,3,0,6,0,0,1,0,0,0,0,0,13.690334,51.061606
12,21,4,28,20,4,2,0,7,2,0,1,0,0,0,0,0,13.763121,51.070627
12,21,4,30,7,6,1,5,3,0,0,1,0,0,0,1,0,13.753845,51.062879
12,21,4,30,7,6,3,0,1,0,0,1,0,0,0,0,0,13.816804,51.056019
12,21,4,30,8,6,2,5,2,0,0,1,1,0,0,0,0,13.80477,51.039864
12,21,5,1,17,7,3,5,6,0,0,1,0,0,0,0,0,13.856602,51.010897
12,21,5,2,2,1,2,0,1,2,1,1,0,0,0,0,0,13.853656,50.990637
12,21,5,3,6,2,2,5,3,0,0,1,1,0,0,0,0,13.808974,51.047388
12,21,5,3,15,2,3,5,2,0,0,1,1,0,0,0,0,13.760124,51.023306
12,21,5,3,15,2,3,4,1,0,0,1,0,0,0,0,0,13.771617,51.01568
12,21,5,3,17,2,3,0,1,0,0,1,0,0,0,0,0,13.794554,51.002963
12,21,5,4,12,3,3,0,1,0,1,1,0,0,0,0,0,13.728024,51.052343
12,21,5,4,14,3,3,4,1,0,0,1,0,0,0,0,0,13.736411,51.062806
12,21,5,4,17,3,3,5,2,0,0,1,1,0,0,0,0,13.705389,51.03428
12,21,5,5,9,4,3,5,3,0,0,1,1,0,0,0,0,13.756556,51.055089
12,21,5,5,17,4,3,5,3,0,1,1,0,0,0,0,0,13.726224,51.081659
12,21,5,5,17,4,3,2,1,0,0,1,1,0,0,0,0,13.76968,51.044715
12,21,5,5,19,4,2,5,3,0,0,1,1,0,0,0,0,13.71269,51.0809
12,21,5,6,7,5,2,2,6,0,0,1,1,0,0,0,0,13.762699,51.064259
12,21,5,6,8,5,2,0,5,0,0,1,1,0,0,0,0,13.798276,51.045562
12,21,5,6,12,5,3,0,1,0,0,1,0,0,0,0,0,13.727046,51.052631
12,21,5,6,14,5,3,2,6,0,0,1,1,0,0,0,0,13.791381,51.123846
12,21,5,7,11,6,2,6,3,0,0,1,0,1,0,0,0,13.74845,51.068913
12,21,5,7,14,6,3,1,6,0,0,1,1,0,0,0,0,13.701183,51.042
12,21,5,7,21,6,3,5,3,1,0,1,1,0,0,0,0,13.686369,51.084007
12,21,5,8,13,7,3,5,3,0,0,1,1,0,0,0,0,13.854369,50.997336
12,21,5,8,19,7,3,5,3,0,0,1,1,0,0,0,0,13.694209,51.043083
12,21,5,9,11,1,3,0,1,0,0,1,0,0,0,0,0,13.717132,51.038052
12,21,5,9,12,1,3,0,7,0,0,1,0,0,0,0,0,13.599357,51.075242
12,21,5,9,19,1,2,0,1,0,0,1,0,0,0,0,0,13.798379,51.017977
12,21,5,9,21,1,2,5,3,2,0,1,1,0,0,0,0,13.789531,51.01832
12,21,5,9,21,1,2,5,3,2,0,1,1,0,0,0,0,13.789532,51.018319
12,21,5,10,2,2,3,0,1,2,0,1,0,0,0,0,0,13.710146,51.079111
12,21,5,10,5,2,3,5,3,0,0,1,1,0,0,0,0,13.789533,51.018319
12,21,5,10,7,2,3,5,2,0,0,1,1,0,0,0,0,13.741327,51.045928
12,21,5,10,13,2,3,5,2,0,0,1,1,0,0,0,0,13.767784,51.02608
12,21,5,10,16,2,3,5,3,0,0,1,1,0,0,0,0,13.718004,51.03879
12,21,5,11,5,3,3,5,3,0,0,1,1,0,0,0,0,13.788283,51.035985
12,21,5,11,7,3,3,0,1,0,0,1,0,0,0,0,0,13.694658,51.043138
12,21,5,11,14,3,3,1,1,0,0,1,1,0,0,0,0,13.817017,51.062249
12,21,5,11,15,3,3,5,3,0,0,1,1,0,0,0,0,13.72772,51.084724
12,21,5,11,17,3,3,0,3,0,0,1,1,0,0,0,0,13.790844,51.026724
12,21,5,12,15,4,3,5,3,0,1,1,1,0,0,0,0,13.742393,51.042091
12,21,5,12,20,4,3,0,1,1,1,1,0,0,0,0,0,13.786449,51.028586
12,21,5,13,17,5,3,1,7,0,1,1,1,0,0,0,0,13.729259,51.093127
12,21,5,13,18,5,3,0,1,0,1,1,0,0,0,0,0,13.723197,51.089858
12,21,5,14,10,6,2,0,1,0,1,1,0,0,0,0,0,13.733248,51.046457
12,21,5,15,15,7,3,1,1,0,1,1,1,0,0,0,0,13.793261,51.154758
12,21,5,17,10,2,3,5,3,0,0,1,1,0,0,0,0,13.759126,51.024039
12,21,5,17,15,2,2,0,1,0,0,1,0,0,0,0,0,13.737092,51.070981
12,21,5,17,19,2,3,5,3,0,0,1,1,0,0,0,0,13.672714,51.05288
12,21,5,18,10,3,3,2,6,0,0,1,1,0,0,0,0,13.682816,51.042415
12,21,5,18,15,3,3,5,3,0,0,1,1,0,0,0,0,13.778759,51.031454
12,21,5,18,16,3,3,5,3,0,0,1,1,0,0,0,0,13.844977,51.01749
12,21,5,19,18,4,3,0,1,0,0,1,0,0,0,0,0,13.785412,51.035935
12,21,5,20,13,5,2,5,3,0,0,1,0,0,0,0,0,13.749461,51.064745
12,21,5,20,16,5,3,5,2,0,0,1,1,0,0,0,0,13.80619,51.038245
12,21,5,20,18,5,3,5,3,0,0,1,1,0,0,0,0,13.721314,51.088264
12,21,5,20,22,5,3,0,7,2,0,1,0,0,0,0,0,13.770359,51.052333
12,21,5,21,8,6,3,3,6,0,0,1,1,0,0,0,0,13.737467,51.087235
12,21,5,21,14,6,3,6,6,0,0,1,0,1,0,0,0,13.82035,51.0063
12,21,5,22,21,7,2,0,1,2,0,1,0,0,0,0,0,13.750596,51.075878
12,21,5,24,9,2,2,0,1,0,0,1,0,0,0,0,0,13.839758,51.025818
12,21,5,24,14,2,3,0,1,0,0,1,0,0,0,0,0,13.706229,51.045369
12,21,5,24,15,2,2,0,1,0,0,1,0,0,0,0,0,13.824861,51.047397
12,21,5,24,17,2,3,3,5,0,0,1,1,0,0,0,0,13.745443,51.068186
12,21,5,25,7,3,3,0,1,0,1,1,0,0,0,0,0,13.6889,51.057967
12,21,5,25,15,3,3,5,3,0,0,1,1,0,0,0,0,13.723926,51.034671
12,21,5,26,5,4,3,3,6,0,0,1,0,0,0,0,1,13.747073,51.079076
12,21,5,26,8,4,3,5,3,0,0,1,1,0,0,0,0,13.773686,51.04877
12,21,5,26,16,4,3,5,2,0,0,1,1,0,0,0,0,13.754985,51.062919
12,21,5,26,20,4,3,0,1,0,0,1,0,0,0,0,0,13.703402,51.088642
12,21,5,27,7,5,3,5,3,0,0,1,1,0,0,0,0,13.715147,51.051521
12,21,5,27,7,5,3,5,3,0,0,1,1,0,0,0,0,13.749614,51.033806
12,21,5,27,17,5,3,0,1,0,1,1,0,0,0,0,0,13.762644,51.064246
12,21,5,28,16,6,3,3,2,0,0,1,0,0,0,0,1,13.727511,51.044796
12,21,5,28,17,6,3,5,2,0,1,1,0,0,0,0,0,13.73764,51.054534
12,21,5,28,20,6,3,0,1,0,0,1,0,0,0,0,0,13.730776,51.058392
12,21,5,29,12,7,3,5,3,0,0,1,1,0,0,0,0,13.770137,51.120702
12,21,5,29,17,7,3,5,3,0,0,1,1,0,0,0,0,13.808178,51.047977
12,21,5,30,13,1,3,7,7,0,0,1,0,0,0,0,0,13.857559,51.010359
12,21,5,30,17,1,3,0,1,0,0,1,0,0,0,0,0,13.716505,51.077612
12,21,5,31,9,2,3,5,3,0,0,1,1,0,0,0,0,13.742022,51.064675
12,21,5,31,16,2,3,5,3,0,0,1,1,0,0,0,0,13.783589,51.034316
12,21,5,31,18,2,3,5,2,0,0,1,1,0,0,0,0,13.781097,51.042933
12,21,6,1,15,3,3,3,2,0,0,1,1,0,0,0,0,13.708898,51.047232
12,21,6,1,15,3,3,0,7,0,0,1,0,0,0,0,0,13.765035,51.053762
12,21,6,2,7,4,3,5,2,0,0,1,1,0,0,0,0,13.777366,51.058713
12,21,6,2,9,4,2,0,1,0,0,1,0,0,0,0,0,13.776818,51.127867
12,21,6,2,13,4,3,0,1,0,0,1,0,0,0,0,0,13.829959,51.017279
12,21,6,2,15,4,3,0,2,0,0,1,1,0,0,0,0,13.706639,51.019657
12,21,6,2,16,4,2,0,1,0,0,1,0,0,0,0,0,13.757106,51.049758
12,21,6,2,17,4,3,5,3,0,0,1,1,0,0,0,0,13.784084,51.121281
12,21,6,2,18,4,3,0,1,0,0,1,0,0,0,0,0,13.68298,51.059761
12,21,6,2,19,4,2,4,1,0,0,1,0,0,0,0,0,13.760381,51.075013
12,21,6,2,22,4,3,0,1,2,0,1,0,0,0,0,0,13.755152,51.068345
12,21,6,3,10,5,2,5,3,0,0,1,0,0,0,1,0,13.780968,51.045852
12,21,6,3,13,5,3,0,1,0,0,1,0,0,0,0,0,13.733456,51.039333
12,21,6,3,15,5,2,5,3,0,0,1,1,0,0,0,0,13.761586,51.031716
12,21,6,3,17,5,3,5,3,0,0,1,1,0,0,0,0,13.722819,51.074689
12,21,6,3,17,5,2,0,1,0,0,1,0,0,0,0,0,13.806177,51.052137
12,21,6,4,7,6,3,4,2,0,0,1,1,0,0,0,0,13.75184,51.062983
12,21,6,4,8,6,3,5,3,0,0,1,1,0,0,0,0,13.785325,51.035947
12,21,6,4,15,6,2,3,6,0,0,1,0,0,0,0,1,13.75552,51.056279
12,21,6,5,19,7,3,0,1,0,1,1,0,0,0,0,0,13.733202,51.076186
12,21,6,5,20,7,3,0,1,1,1,1,0,0,0,0,0,13.717879,51.077036
12,21,6,6,0,1,3,0,1,2,1,1,0,0,0,0,0,13.774383,51.013717
12,21,6,6,14,1,3,0,1,0,0,1,0,0,0,0,0,13.777708,51.052879
12,21,6,6,15,1,3,0,1,0,0,1,0,0,0,0,0,13.869606,51.01428
12,21,6,6,16,1,2,0,1,0,0,1,0,0,0,0,0,13.715872,51.107001
12,21,6,6,20,1,2,0,1,0,0,1,0,0,0,0,0,13.673082,51.052869
12,21,6,7,6,2,3,5,3,0,0,1,1,0,0,0,0,13.69635,51.088826
12,21,6,7,7,2,3,5,2,0,0,1,1,0,0,0,0,13.726636,51.031494
12,21,6,7,17,2,3,0,7,0,0,1,0,0,0,0,0,13.784495,51.013829
12,21,6,7,19,2,3,1,5,0,0,1,1,0,0,0,0,13.750308,51.073552
12,21,6,8,12,3,2,0,1,0,0,1,0,0,0,0,0,13.77996,51.051744
12,21,6,8,14,3,3,1,1,0,0,1,1,0,0,0,0,13.773396,51.044445
12,21,6,8,14,3,2,5,3,0,0,1,1,0,0,0,0,13.773569,51.048733
12,21,6,8,15,3,3,0,1,0,0,1,0,0,0,0,0,13.67974,51.020708
12,21,6,8,17,3,2,5,3,0,0,1,0,0,0,0,0,13.746498,51.034652
12,21,6,9,8,4,3,0,1,0,1,1,0,0,0,0,0,13.798891,51.05564
12,21,6,9,9,4,3,0,1,0,0,1,0,0,0,0,0,13.728423,51.056632
12,21,6,9,18,4,2,0,1,0,0,1,0,0,0,0,0,13.887061,51.006666
12,21,6,9,20,4,3,4,6,0,0,1,0,0,0,0,1,13.699207,51.074377
12,21,6,9,20,4,3,5,2,0,0,1,1,0,0,0,0,13.725978,51.052946
12,21,6,9,20,4,3,5,3,0,0,1,1,0,0,0,0,13.798504,51.011642
12,21,6,10,13,5,3,0,1,0,1,1,0,0,0,0,0,13.777774,51.052886
12,21,6,10,23,5,3,0,1,2,0,1,0,0,0,0,0,13.844976,51.01749
12,21,6,11,8,6,3,0,1,0,0,1,0,0,0,0,0,13.7786,51.111842
12,21,6,11,12,6,3,3,6,0,0,1,0,0,0,0,1,13.680166,51.042521
12,21,6,11,12,6,3,5,3,0,0,1,1,0,0,0,0,13.765401,51.072198
12,21,6,11,12,6,3,5,3,0,0,1,0,0,0,0,0,13.800477,51.02737
12,21,6,11,13,6,3,5,3,0,0,1,1,0,0,0,0,13.777432,51.049158
12,21,6,12,13,7,3,3,6,0,0,1,1,0,0,0,0,13.737554,51.043298
12,21,6,15,7,3,3,0,7,0,0,1,1,0,0,0,0,13.762299,51.024445
12,21,6,15,8,3,3,5,3,0,0,1,1,0,0,0,0,13.75235,51.061491
12,21,6,15,10,3,3,5,3,0,0,1,1,0,0,0,0,13.788226,51.035947
12,21,6,15,12,3,3,0,1,0,0,1,0,0,0,0,0,13.742493,51.023542
12,21,6,15,14,3,3,0,7,0,0,1,0,0,0,0,0,13.819767,51.030748
12,21,6,15,15,3,2,0,1,0,0,1,0,0,0,0,0,13.750512,51.047385
12,21,6,15,15,3,3,0,3,0,0,1,1,0,0,0,0,13.799267,51.04176
12,21,6,15,16,3,3,0,1,0,0,1,0,0,0,0,0,13.709837,51.083998
12,21,6,15,17,3,2,5,3,0,0,1,1,0,0,0,0,13.813483,51.045333
12,21,6,15,18,3,3,1,3,0,0,1,1,0,0,0,0,13.67206,51.01714
12,21,6,15,19,3,3,0,7,0,0,1,0,0,0,0,0,13.800268,50.998257
12,21,6,16,7,4,3,0,1,0,0,1,0,0,0,0,0,13.684568,51.053953
12,21,6,16,11,4,3,5,2,0,0,1,1,0,0,0,0,13.748837,51.037464
12,21,6,16,14,4,3,2,7,0,0,1,0,0,0,0,1,13.833821,51.064987
12,21,6,16,15,4,3,0,7,0,0,1,0,0,0,0,0,13.793514,51.013052
12,21,6,16,16,4,3,5,3,0,0,1,0,0,0,0,0,13.7281,51.040496
12,21,6,16,17,4,3,0,1,0,0,1,0,0,0,0,0,13.703575,51.029824
12,21,6,17,5,5,2,5,3,0,0,1,1,0,0,0,0,13.87602,50.991728
12,21,6,17,7,5,3,5,2,0,0,1,1,0,0,0,0,13.77714,51.035718
12,21,6,17,7,5,3,5,2,0,0,1,1,0,0,0,0,13.854942,51.061848
12,21,6,17,14,5,3,5,3,0,0,1,1,0,0,0,0,13.728081,51.058518
12,21,6,17,16,5,3,4,2,0,0,1,1,0,0,0,0,13.768248,51.047971
12,21,6,17,16,5,3,1,5,0,0,1,1,0,0,0,0,13.784904,51.049638
12,21,6,17,17,5,3,5,3,0,0,1,0,0,0,0,0,13.702032,51.074525
12,21,6,17,18,5,3,0,1,0,0,1,0,0,0,0,0,13.700725,51.016329
12,21,6,18,6,6,3,5,3,0,0,1,1,0,0,0,0,13.694013,51.012694
12,21,6,18,7,6,3,0,1,0,0,1,0,0,0,0,0,13.82201,51.056484
12,21,6,18,8,6,2,5,3,0,0,1,1,0,0,0,0,13.778364,51.017196
12,21,6,18,14,6,2,0,1,0,0,1,0,0,0,0,0,13.886763,51.006734
12,21,6,18,16,6,3,3,6,0,0,1,1,0,0,0,0,13.745087,51.049504
12,21,6,18,18,6,3,2,2,0,0,1,1,0,0,0,0,13.705737,51.090517
12,21,6,19,0,7,3,0,1,2,0,1,0,0,0,0,0,13.742043,51.059267
12,21,6,19,11,7,3,5,3,0,0,1,0,0,0,0,0,13.798693,51.043272
12,21,6,19,17,7,3,0,1,0,0,1,0,0,0,0,0,13.701227,51.05009
12,21,6,20,0,1,3,0,1,2,0,1,0,0,0,0,0,13.754848,51.026446
12,21,6,21,10,2,3,3,3,0,0,1,0,0,0,0,1,13.715454,51.036647
12,21,6,21,16,2,3,0,6,0,0,1,1,0,0,0,0,13.716054,51.028132
12,21,6,21,16,2,3,2,2,0,0,1,1,0,0,0,0,13.738117,51.047042
12,21,6,21,17,2,3,0,1,0,0,1,0,0,0,0,0,13.812298,51.019854
12,21,6,22,7,3,3,3,5,0,1,1,1,0,0,0,0,13.711844,51.050397
12,21,6,22,14,3,3,3,6,0,0,1,0,0,0,0,0,13.737098,51.063196
12,21,6,22,14,3,3,0,1,0,0,1,0,0,0,0,0,13.759381,51.028698
12,21,6,22,15,3,2,6,4,0,0,1,0,1,0,0,0,13.753169,51.069157
12,21,6,22,17,3,3,0,5,0,0,1,1,0,0,0,0,13.75452,51.066186
12,21,6,23,9,4,2,5,3,0,0,1,1,0,0,0,0,13.745383,51.063194
12,21,6,23,12,4,3,5,3,0,1,1,1,0,0,0,0,13.742391,51.042097
12,21,6,23,13,4,3,0,1,0,1,1,0,0,0,0,0,13.690081,51.014791
12,21,6,23,18,4,3,4,3,0,0,1,0,0,0,0,0,13.748772,51.064052
12,21,6,24,6,5,2,5,3,0,1,1,0,0,0,0,0,13.859822,51.009276
12,21,6,24,15,5,3,2,6,0,0,1,1,0,0,0,0,13.722575,51.054413
12,21,6,24,18,5,3,0,7,0,0,1,1,0,0,0,0,13.761661,51.054269
12,21,6,25,8,6,3,0,1,0,1,1,0,0,0,0,0,13.707462,51.02062