UKREIS,UJAHR,UMONAT,UTAG,USTUNDE,UWOCHENTAG,UKATEGORIE,UART,UTYP,LICHT,USTRZUSTAND,IstRad,IstPKW,IstFuss,IstKrad,IstGkfz,IstSonstige,@lon,@lat
12,21,6,25,13,6,3,6,4,0,1,1,0,1,0,0,0,13.720474,51.093108
12,21,6,25,14,6,2,5,2,0,0,1,0,0,0,1,0,13.720332,51.054707
12,21,6,25,19,6,3,0,1,0,0,1,0,0,0,0,0,13.807061,51.024476
12,21,6,26,9,7,2,0,7,0,0,1,0,0,0,0,0,13.756852,51.074577
12,21,6,26,13,7,3,0,1,0,1,1,0,0,0,0,0,13.678093,51.088623
12,21,6,28,8,2,2,0,1,0,0,1,0,0,0,0,0,13.804949,51.03244
12,21,6,28,10,2,3,2,6,0,0,1,1,0,0,0,0,13.72392,51.058014
12,21,6,28,13,2,3,5,3,0,0,1,1,0,0,0,0,13.718801,51.087843
12,21,6,28,16,2,3,5,2,0,0,1,1,0,0,0,0,13.707241,51.029245
12,21,6,28,19,2,3,0,1,0,0,1,0,0,0,0,0,13.734033,51.050865
12,21,6,29,8,3,2,5,3,0,0,1,0,0,0,0,1,13.743039,51.028692
12,21,6,29,9,3,3,2,6,0,0,1,1,0,0,0,0,13.821518,51.031903
12,21,6,29,13,3,3,0,1,0,0,1,0,0,0,0,0,13.75284,51.058114
12,21,6,29,17,3,3,7,7,0,0,1,0,0,0,0,0,13.848363,51.016062
12,21,6,29,20,3,3,5,3,0,0,1,1,0,0,0,0,13.794311,51.073825
12,21,6,30,1,4,3,0,1,2,1,1,0,0,0,0,0,13.741296,51.064741
12,21,6,30,8,4,3,0,1,0,1,1,0,0,0,0,0,13.724428,51.088283
12,21,6,30,10,4,3,0,1,0,0,1,0,0,0,0,0,13.694833,51.048983
12,21,6,30,18,4,3,6,4,0,0,1,0,1,0,0,0,13.854321,51.062101
12,21,6,30,21,4,3,0,1,1,0,1,0,0,0,0,0,13.747082,51.063683
12,21,7,1,7,5,3,5,2,0,0,1,1,0,0,0,0,13.760674,51.049194
12,21,7,1,7,5,3,5,3,0,0,1,1,0,0,0,0,13.787396,51.027308
12,21,7,1,13,5,3,5,3,0,0,1,0,0,0,0,0,13.768233,51.035707
12,21,7,1,14,5,3,3,2,0,0,1,0,0,0,1,0,13.763699,51.087127
12,21,7,1,17,5,3,0,1,0,0,1,0,0,0,0,0,13.701563,51.091099
12,21,7,1,17,5,3,5,2,0,0,1,1,0,0,0,0,13.771123,51.016287
12,21,7,2,7,6,3,0,1,0,1,1,0,0,0,0,0,13.752206,51.061575
12,21,7,2,7,6,3,2,1,0,1,1,1,0,0,0,0,13.761993,51.067974
12,21,7,2,8,6,3,2,2,0,1,1,1,0,0,0,0,13.702304,51.043738
12,21,7,3,1,7,3,8,1,2,0,1,0,0,0,0,0,13.710947,51.032693
12,21,7,3,10,7,3,0,1,0,0,1,0,0,0,0,0,13.749066,51.052
12,21,7,3,11,7,3,5,2,0,0,1,1,0,0,0,0,13.698625,51.087662
12,21,7,3,11,7,2,4,1,0,0,1,1,0,0,0,0,13.736533,51.071828
12,21,7,3,13,7,3,5,2,0,0,1,1,0,0,0,0,13.658226,51.051946
12,21,7,3,16,7,3,2,7,0,0,1,1,0,0,0,0,13.790975,51.026866
12,21,7,3,17,7,3,0,7,0,0,1,0,0,0,0,0,13.707685,51.046383
12,21,7,4,12,1,3,5,2,0,0,1,0,0,0,0,0,13.698616,51.074358
12,21,7,4,18,1,2,5,2,0,0,1,1,0,0,0,0,13.760663,51.049163
12,21,7,5,7,2,3,5,3,0,1,1,1,0,0,0,0,13.762551,51.057203
12,21,7,5,7,2,3,5,2,1,1,1,1,0,0,0,0,13.828634,51.010872
12,21,7,5,9,2,3,4,2,0,0,1,1,0,0,0,0,13.804977,51.050212
12,21,7,5,15,2,2,8,1,0,0,1,0,0,0,0,0,13.808925,51.011881
12,21,7,6,7,3,3,5,3,0,0,1,1,0,0,0,0,13.707026,51.041394
12,21,7,6,7,3,3,5,3,0,0,1,1,0,0,0,0,13.798196,51.035406
12,21,7,6,9,3,3,5,2,0,0,1,1,0,0,0,0,13.826705,51.025644
12,21,7,6,11,3,2,5,3,0,0,1,1,0,0,0,0,13.787714,51.035917
12,21,7,6,12,3,3,5,3,0,0,1,1,0,0,0,0,13.753334,51.050332
12,21,7,6,17,3,3,3,6,0,0,1,0,0,0,0,1,13.731438,51.110462
12,21,7,6,17,3,3,4,2,0,0,1,1,0,0,0,0,13.830983,51.009921
12,21,7,7,5,4,3,0,1,1,1,1,0,0,0,0,0,13.718189,51.077527
12,21,7,7,11,4,2,3,5,0,1,1,1,0,0,0,0,13.754114,51.073516
12,21,7,7,12,4,3,5,1,0,0,1,0,0,0,0,1,13.713812,51.080448
12,21,7,7,14,4,3,1,1,0,0,1,0,0,0,0,1,13.745297,51.067914
12,21,7,7,15,4,3,1,5,0,0,1,1,0,0,0,0,13.698362,51.037048
12,21,7,7,16,4,3,1,5,0,0,1,1,0,0,0,0,13.822015,51.031725
12,21,7,7,17,4,3,1,6,0,0,1,1,0,0,0,0,13.792424,51.012158
12,21,7,8,7,5,3,6,4,0,0,1,0,1,0,0,0,13.789786,51.047349
12,21,7,8,14,5,3,5,3,0,0,1,1,0,0,0,0,13.772417,51.127021
12,21,7,8,15,5,3,0,7,0,0,1,1,0,0,0,0,13.743622,51.019324
12,21,7,8,15,5,3,1,2,0,0,1,1,0,0,0,0,13.771281,51.029869
12,21,7,8,15,5,3,1,5,0,1,1,0,0,0,0,1,13.779002,51.015724
12,21,7,8,19,5,3,0,1,0,1,1,0,0,0,0,0,13.811755,51.020526
12,21,7,9,7,6,3,0,1,0,1,1,0,0,0,0,0,13.753029,51.059035
12,21,7,9,9,6,3,5,3,0,0,1,1,0,0,0,0,13.761378,51.051922
12,21,7,9,13,6,3,0,1,0,0,1,0,0,0,0,0,13.729898,51.032707
12,21,7,9,15,6,3,5,2,0,0,1,1,0,0,0,0,13.788617,51.043254
12,21,7,9,16,6,3,5,2,0,0,1,1,0,0,0,0,13.733178,51.038961
12,21,7,10,23,7,2,4,1,2,0,1,0,0,0,0,0,13.750125,51.065416
12,21,7,11,16,1,2,5,2,0,0,1,1,0,0,0,0,13.735607,51.11798
12,21,7,11,19,1,3,0,1,0,0,1,0,0,0,0,0,13.758839,51.044533
12,21,7,12,13,2,3,0,7,0,0,1,0,0,0,0,0,13.718072,51.048813
12,21,7,12,16,2,3,0,7,0,0,1,1,0,0,0,0,13.752037,51.06352
12,21,7,12,16,2,3,5,3,0,0,1,1,0,0,0,0,13.778646,51.046427
12,21,7,12,18,2,3,1,6,0,0,1,1,0,0,0,0,13.808695,51.052851
12,21,7,12,19,2,3,5,3,0,0,1,1,0,0,0,1,13.725731,51.056806
12,21,7,12,22,2,2,0,1,2,0,1,0,0,0,0,0,13.808925,51.011881
12,21,7,13,7,3,3,5,3,0,0,1,1,0,0,0,0,13.707027,51.041393
12,21,7,13,8,3,3,5,3,0,0,1,1,0,0,0,0,13.74202,51.064675
12,21,7,13,16,3,3,1,5,0,0,1,1,0,0,0,0,13.721269,51.038692
12,21,7,13,16,3,3,1,1,0,0,1,1,0,0,0,0,13.777133,51.120324
12,21,7,13,19,3,3,6,6,0,0,1,0,1,0,0,0,13.773298,51.033707
12,21,7,13,20,3,3,0,1,2,1,1,0,0,0,0,0,13.738691,51.029094
12,21,7,13,21,3,3,0,1,2,1,1,0,0,0,0,0,13.81179,51.020386
12,21,7,14,7,4,2,0,1,0,1,1,0,0,0,0,0,13.762264,51.024469
12,21,7,14,8,4,3,5,2,0,0,1,1,0,0,0,0,13.774676,51.0333
12,21,7,14,11,4,3,3,5,0,0,1,1,0,0,0,0,13.798764,51.034784
12,21,7,14,15,4,3,6,7,0,0,1,0,1,0,0,0,13.792912,51.128057
12,21,7,14,16,4,3,2,6,0,0,1,1,0,0,0,0,13.741862,51.032308
12,21,7,15,6,5,3,0,1,0,0,1,0,0,0,0,0,13.721041,51.041462
12,21,7,15,11,5,3,5,3,0,0,1,0,0,1,0,0,13.785059,51.035678
12,21,7,15,12,5,3,5,3,0,0,1,1,0,0,0,0,13.782602,51.067109
12,21,7,15,14,5,3,5,3,0,0,1,1,0,0,0,0,13.799173,51.143344
12,21,7,15,17,5,3,0,1,0,0,1,0,0,0,0,0,13.842464,51.135208
12,21,7,15,21,5,2,0,7,1,0,1,0,0,0,0,0,13.78274,51.016719
12,21,7,16,6,6,3,5,2,0,0,1,0,0,0,1,0,13.712929,51.050125
12,21,7,16,16,6,3,1,5,0,0,1,1,0,0,0,0,13.704699,51.038368
12,21,7,16,16,6,3,1,5,0,0,1,1,0,0,0,0,13.79589,51.049695
12,21,7,16,17,6,2,5,2,0,0,1,1,0,0,0,0,13.788038,51.069822
12,21,7,16,18,6,3,6,7,0,0,1,0,1,0,0,0,13.699357,51.059505
12,21,7,17,8,7,3,5,3,0,1,1,1,0,0,0,0,13.848687,51.00427
12,21,7,17,18,7,3,3,6,0,0,1,1,0,0,0,0,13.81654,51.015922
12,21,7,18,12,1,2,0,7,0,0,1,0,0,0,0,0,13.848525,51.037025
12,21,7,18,19,1,3,5,3,0,0,1,1,0,0,0,1,13.743132,51.071761
12,21,7,19,6,2,3,5,3,0,0,1,1,0,0,0,0,13.761453,51.022604
12,21,7,19,7,2,3,6,1,0,0,1,0,1,0,0,0,13.747598,51.067868
12,21,7,19,17,2,3,5,2,0,0,1,1,0,0,0,0,13.806616,51.03741
12,21,7,19,18,2,3,6,6,0,0,1,0,1,0,0,0,13.755996,51.04058
12,21,7,20,15,3,3,5,2,0,0,1,1,0,0,0,0,13.774531,51.033115
12,21,7,20,18,3,3,5,3,0,0,1,1,0,0,0,0,13.799924,51.015565
12,21,7,21,10,4,3,0,7,0,0,1,0,0,0,0,0,13.660079,51.079158
12,21,7,21,12,4,3,0,7,0,0,1,0,0,0,0,0,13.715842,51.106772
12,21,7,21,23,4,3,5,2,2,0,1,1,0,0,0,0,13.806563,51.037353
12,21,7,22,9,5,3,5,3,0,0,1,0,0,0,0,0,13.707198,51.041693
12,21,7,22,9,5,3,3,5,0,0,1,0,0,0,0,1,13.750071,51.07491
12,21,7,22,11,5,2,0,7,0,0,1,0,0,0,0,0,13.890852,51.057352
12,21,7,22,14,5,3,5,2,0,0,1,1,0,0,0,0,13.742493,51.013065
12,21,7,22,16,5,2,0,1,0,0,1,0,0,0,0,0,13.645453,51.078728
12,21,7,22,16,5,3,7,7,0,0,1,0,0,0,0,0,13.745082,51.06418
12,21,7,22,23,5,3,0,1,2,1,1,0,0,0,0,0,13.730729,51.076838
12,21,7,23,3,6,3,0,1,2,0,1,0,0,0,0,0,13.79995,51.005738
12,21,7,23,14,6,3,5,2,0,0,1,1,0,0,0,0,13.686325,51.084015
12,21,7,23,14,6,3,3,1,0,0,1,0,0,0,0,0,13.787364,51.015424
12,21,7,23,15,6,3,5,3,0,0,1,1,0,0,0,0,13.72374,51.045391
12,21,7,23,15,6,3,5,3,0,0,1,1,0,0,0,0,13.787281,51.02946
12,21,7,23,21,6,3,0,1,1,0,1,0,0,0,0,0,13.753091,51.062918
12,21,7,23,22,6,2,4,6,2,0,1,0,0,0,0,0,13.678312,51.01985
12,21,7,24,13,7,2,5,3,0,0,1,1,0,0,0,0,13.805779,51.040914
12,21,7,24,15,7,3,0,7,0,0,1,0,0,0,0,0,13.84724,51.01677
12,21,7,24,16,7,3,5,3,0,0,1,1,0,0,0,0,13.688945,51.05796
12,21,7,24,16,7,3,5,3,0,0,1,1,0,0,0,0,13.844481,51.008106
12,21,7,24,17,7,3,8,1,0,0,1,0,0,0,0,0,13.807081,51.011326
12,21,7,26,6,2,3,4,1,0,0,1,1,0,0,0,0,13.704931,51.085588
12,21,7,26,16,2,3,5,2,0,1,1,1,0,0,0,0,13.794788,51.025177
12,21,7,26,18,2,3,0,7,0,1,1,0,0,0,0,0,13.789913,51.045438
12,21,7,27,9,3,2,5,3,0,0,1,0,0,0,1,0,13.614835,51.088115
12,21,7,27,12,3,3,0,1,0,0,1,0,0,0,0,0,13.777677,51.052839
12,21,7,27,13,3,2,5,3,0,0,1,1,0,0,0,0,13.72496,51.043896
12,21,7,27,14,3,3,0,1,0,0,1,0,0,0,0,0,13.836974,51.025791
12,21,7,27,15,3,3,5,3,0,0,1,1,0,0,0,0,13.808823,51.032171
12,21,7,28,7,4,3,0,1,0,0,1,0,0,0,0,0,13.761702,51.031711
12,21,7,28,15,4,3,1,7,0,0,1,1,0,0,0,0,13.70104,51.030149
12,21,7,28,15,4,3,5,2,0,0,1,1,0,0,0,0,13.725996,51.056996
12,21,7,28,15,4,3,5,2,0,0,1,1,0,0,0,0,13.763699,51.087127
12,21,7,28,15,4,3,3,1,0,0,1,0,0,0,0,0,13.77694,51.06282
12,21,7,29,7,5,3,5,3,0,0,1,1,0,0,0,0,13.773685,51.048769
12,21,7,29,8,5,3,5,3,0,0,1,1,0,0,0,0,13.756571,51.055095
12,21,7,29,11,5,2,3,1,0,0,1,1,0,0,0,0,13.799743,51.027539
12,21,7,29,12,5,2,0,7,0,0,1,0,0,0,0,0,13.670389,51.040108
12,21,7,29,14,5,3,5,3,0,0,1,1,0,0,0,0,13.774615,51.055982
12,21,7,29,16,5,2,0,1,0,0,1,0,0,0,0,0,13.639811,51.030386
12,21,7,29,16,5,3,3,3,0,0,1,1,0,0,0,0,13.720134,51.093544
12,21,7,29,17,5,3,0,5,2,0,1,1,0,0,0,0,13.723453,51.04943
12,21,7,29,18,5,2,0,1,0,0,1,0,0,0,0,0,13.731633,51.090492
12,21,7,29,19,5,3,0,1,0,0,1,0,0,0,0,0,13.783836,51.071589
12,21,7,30,7,6,2,7,7,0,0,1,0,0,0,0,0,13.759178,51.024003
12,21,7,30,12,6,3,5,3,0,0,1,1,0,0,0,0,13.725404,51.057368
12,21,7,30,14,6,3,5,2,0,0,1,1,0,0,0,0,13.801932,51.055501
12,21,7,30,16,6,3,5,3,0,0,1,1,0,0,0,0,13.740799,51.047233
12,21,7,30,20,6,3,0,1,1,0,1,0,0,0,0,0,13.74286,51.072905
12,21,7,30,21,6,3,0,1,2,0,1,0,0,0,0,0,13.876091,50.992222
12,21,7,30,22,6,2,0,1,2,0,1,0,0,0,0,0,13.687457,51.057444
12,21,7,30,23,6,3,0,1,2,0,1,0,0,0,0,0,13.736756,51.06301
12,21,7,31,14,7,3,5,3,0,0,1,1,0,0,0,0,13.756868,51.07773
12,21,7,31,16,7,3,0,7,0,0,1,0,0,0,0,0,13.73704,51.049585
12,21,7,31,17,7,2,0,1,0,0,1,0,0,0,0,0,13.737562,51.087295
12,21,8,1,15,1,2,0,7,0,0,1,0,0,0,0,0,13.825062,51.058052
12,21,8,2,7,2,3,0,1,0,1,1,0,0,0,0,0,13.744939,51.072326
12,21,8,2,9,2,3,0,1,0,1,1,0,0,0,0,0,13.830436,50.999435
12,21,8,2,11,2,3,0,1,0,0,1,0,0,0,0,0,13.666315,51.061824
12,21,8,2,11,2,3,0,1,0,1,1,0,0,0,0,0,13.712865,51.061591
12,21,8,2,11,2,3,0,7,0,1,1,0,0,0,0,0,13.780457,51.05316
12,21,8,2,15,2,3,5,3,0,0,1,1,0,0,0,0,13.64136,51.086344
12,21,8,2,17,2,3,5,3,0,0,1,1,0,0,0,0,13.825132,51.003418
12,21,8,2,20,2,3,5,3,2,0,1,1,0,0,0,0,13.776417,51.112239
12,21,8,2,21,2,3,0,7,2,0,1,0,0,0,0,0,13.750275,51.071465
12,21,8,3,13,3,3,2,6,0,0,1,1,0,0,0,0,13.747292,51.073615
12,21,8,3,17,3,3,5,3,0,0,1,1,0,0,0,0,13.692649,51.085694
12,21,8,4,7,4,3,0,1,0,1,1,0,0,0,0,0,13.752264,51.04207
12,21,8,4,8,4,2,5,3,0,0,1,0,0,0,0,1,13.787027,51.015761
12,21,8,4,18,4,3,0,1,0,0,1,0,0,0,0,0,13.823424,51.057653
12,21,8,5,10,5,3,5,3,0,0,1,1,0,0,0,0,13.684495,51.035006
12,21,8,5,13,5,3,5,2,0,1,1,1,0,0,0,0,13.746801,51.063759
12,21,8,5,16,5,2,5,3,0,1,1,1,0,0,0,0,13.698505,51.074236
12,21,8,6,10,6,3,0,1,0,0,1,0,0,0,0,0,13.778411,51.049971
12,21,8,6,11,6,3,5,2,0,0,1,1,0,0,0,0,13.768346,51.015754
12,21,8,6,15,6,3,0,1,0,1,1,0,0,0,0,0,13.783397,51.113979
12,21,8,6,16,6,3,5,2,0,1,1,1,0,0,0,0,13.702275,51.045863
12,21,8,6,18,6,3,0,2,0,1,1,1,0,0,0,0,13.741798,51.074783
12,21,8,7,12,7,3,0,1,0,0,1,0,0,0,0,0,13.73404,51.040069
12,21,8,7,19,7,3,6,6,0,0,1,0,1,0,0,0,13.703806,51.0437
12,21,8,8,8,1,2,0,7,0,0,1,0,0,0,0,0,13.796279,51.045959
12,21,8,8,12,1,2,0,1,0,0,1,0,0,0,0,0,13.776592,51.066555
12,21,8,8,14,1,3,0,1,0,0,1,0,0,0,0,0,13.662431,51.042303
12,21,8,8,15,1,2,3,6,0,0,1,0,0,0,0,0,13.692295,51.06318
12,21,8,9,15,2,3,5,2,0,0,1,1,0,0,0,0,13.737133,51.063216
12,21,8,9,17,2,3,5,2,0,0,1,1,0,0,0,0,13.801906,51.055476
12,21,8,10,9,3,3,5,3,0,0,1,1,0,0,0,0,13.729318,51.016484
12,21,8,10,10,3,3,5,2,0,0,1,1,0,0,0,0,13.790672,51.120492
12,21,8,10,12,3,3,5,3,0,0,1,1,0,0,0,0,13.687956,51.061975
12,21,8,10,16,3,3,0,1,0,0,1,0,0,0,0,0,13.806407,51.052135
12,21,8,11,7,4,3,4,2,0,0,1,1,0,0,0,0,13.713368,51.024797
12,21,8,11,7,4,3,0,6,0,0,1,0,0,0,0,1,13.733871,51.050723
12,21,8,11,7,4,2,5,3,0,0,1,1,0,0,0,0,13.782025,51.036858
12,21,8,11,13,4,3,0,1,0,0,1,0,0,0,0,0,13.706114,51.043664
12,21,8,11,14,4,3,5,2,0,0,1,1,0,0,0,0,13.790805,51.026754
12,21,8,11,16,4,2,5,3,0,0,1,0,0,0,0,1,13.743297,51.047655
12,21,8,11,22,4,3,0,1,2,0,1,0,0,0,0,0,13.701573,51.091092
12,21,8,12,5,5,3,5,3,0,0,1,1,0,0,0,0,13.780939,51.045859
12,21,8,12,14,5,3,5,2,0,0,1,1,0,0,0,0,13.767785,51.02608
12,21,8,12,14,5,3,0,6,0,0,1,0,0,0,0,1,13.780854,51.058122
12,21,8,12,15,5,2,0,1,0,0,1,0,0,0,0,0,13.853543,51.057186
12,21,8,13,17,6,3,3,6,0,0,1,1,0,0,0,0,13.657193,51.080524
12,21,8,13,20,6,3,0,1,0,0,1,0,0,0,0,0,13.741169,51.044414
12,21,8,14,10,7,3,5,3,0,0,1,1,0,0,0,0,13.649935,51.083426
12,21,8,14,13,7,3,5,2,0,0,1,1,0,0,0,0,13.772719,51.047773
12,21,8,14,13,7,3,0,1,0,0,1,0,0,0,0,0,13.833678,51.022182
12,21,8,14,14,7,3,5,2,0,0,1,1,0,0,0,0,13.749094,51.033693
12,21,8,14,19,7,3,5,3,0,0,1,1,0,0,0,0,13.74202,51.064675
12,21,8,15,12,1,3,0,1,0,0,1,0,0,0,0,0,13.837432,51.034417
12,21,8,15,20,1,3,5,3,0,0,1,1,0,0,0,0,13.718035,51.035897
12,21,8,15,20,1,2,8,7,1,0,1,0,0,0,0,0,13.788646,50.993476
12,21,8,16,11,2,3,0,1,0,0,1,0,0,0,0,0,13.736735,51.046916
12,21,8,16,14,2,3,3,2,0,0,1,1,0,0,0,0,13.731196,51.024817
12,21,8,16,14,2,2,3,6,0,0,1,0,0,0,0,1,13.918875,51.039865
12,21,8,16,19,2,3,3,1,0,0,1,1,0,0,0,0,13.722825,51.054603
12,21,8,17,0,3,2,0,1,2,1,1,0,0,0,0,0,13.788522,51.043282
12,21,8,17,14,3,2,0,2,0,0,1,0,0,0,0,1,13.789665,51.006353
12,21,8,17,16,3,3,5,2,0,0,1,1,0,0,0,0,13.773816,51.046064
12,21,8,17,17,3,3,0,1,0,0,1,0,0,0,0,0,13.747375,51.051443
12,21,8,17,17,3,3,0,1,0,0,1,0,0,0,0,0,13.83745,51.024884
12,21,8,18,7,4,3,0,7,0,0,1,0,0,0,0,0,13.803746,51.065693
12,21,8,18,13,4,3,0,1,0,1,1,0,0,0,0,0,13.775144,51.110326
12,21,8,18,16,4,3,5,3,0,0,1,1,0,0,0,0,13.789524,51.018323
12,21,8,18,17,4,3,0,1,0,0,1,0,0,0,0,0,13.811924,51.064235
12,21,8,19,7,5,3,5,2,0,0,1,1,0,0,0,0,13.750759,51.047275
12,21,8,19,16,5,3,5,3,0,0,1,1,0,0,0,0,13.706635,51.028614
12,21,8,19,16,5,3,1,3,0,0,1,1,0,0,0,0,13.773526,51.014112
12,21,8,19,19,5,3,5,3,0,0,1,1,0,0,0,0,13.755773,51.047247
12,21,8,19,21,5,2,0,7,2,0,1,0,0,0,0,0,13.716935,51.048497
12,21,8,20,7,6,3,4,6,0,0,1,0,0,0,0,0,13.822971,51.013066
12,21,8,20,9,6,3,1,1,0,0,1,1,0,0,0,0,13.721045,51.03238
12,21,8,20,13,6,3,0,1,0,0,1,0,0,0,0,0,13.733588,51.039498
12,21,8,21,9,7,3,5,3,0,0,1,1,0,0,0,0,13.7084,51.04687
12,21,8,21,13,7,3,5,2,0,0,1,1,0,0,0,0,13.745821,51.028401
12,21,8,21,17,7,3,0,1,0,0,1,0,0,0,0,0,13.725273,51.076968
12,21,8,21,19,7,2,5,2,0,0,1,1,0,0,0,0,13.771805,51.046861
12,21,8,23,5,2,2,0,1,1,1,1,0,0,0,0,0,13.696585,51.043342
12,21,8,23,11,2,3,2,3,0,0,1,1,0,0,0,0,13.74599,51.063435
12,21,8,23,11,2,3,5,3,0,1,1,1,0,0,0,0,13.769698,51.044788
12,21,8,23,12,2,2,0,6,0,1,1,1,0,0,0,0,13.823713,50.985979
12,21,8,24,14,3,3,5,2,0,0,1,1,0,0,0,0,13.749048,51.033743
12,21,8,25,8,4,3,0,1,0,0,1,0,0,0,0,0,13.744403,51.037223
12,21,8,26,7,5,3,0,1,0,1,1,0,0,0,0,0,13.709802,51.044907
12,21,8,26,14,5,3,3,6,0,1,1,1,0,0,0,0,13.802628,51.01213
12,21,8,26,14,5,2,1,5,0,1,1,1,0,0,0,0,13.840463,51.008311
12,21,8,26,15,5,3,1,5,0,0,1,1,0,0,0,0,13.800929,51.0454
12,21,8,27,9,6,3,5,3,0,1,1,0,0,0,0,1,13.69611,51.08193
12,21,8,27,11,6,3,5,2,0,1,1,1,0,0,0,0,13.79238,51.053808
12,21,8,27,22,6,3,7,1,2,1,1,0,0,0,0,0,13.732996,51.076638
12,21,8,28,11,7,3,0,1,0,1,1,0,0,0,0,0,13.703947,51.043159
12,21,8,28,13,7,3,0,7,0,0,1,0,0,0,0,0,13.730986,51.068595
12,21,8,29,13,1,3,0,7,0,0,1,0,0,0,0,0,13.827585,51.053214
12,21,8,30,15,2,3,3,5,0,0,1,1,0,0,0,0,13.777413,51.058099
12,21,8,30,16,2,3,5,2,0,0,1,1,0,0,0,0,13.827865,51.063538
12,21,8,30,17,2,3,1,5,0,0,1,1,0,0,0,0,13.834896,51.021499
12,21,8,31,8,3,3,5,3,0,1,1,1,0,0,0,0,13.745477,51.068315
12,21,9,1,14,4,3,5,3,0,0,1,1,0,0,0,0,13.734733,51.074006
12,21,9,1,14,4,3,7,7,0,0,1,0,0,0,0,0,13.826514,51.033133
12,21,9,2,9,5,3,5,3,0,0,1,0,0,0,0,0,13.764756,51.067875
12,21,9,2,11,5,3,2,2,0,0,1,1,0,0,0,0,13.842028,51.002056
12,21,9,2,13,5,2,5,3,0,0,1,1,0,0,0,0,13.738334,51.060601
12,21,9,2,17,5,3,5,2,0,0,1,1,0,0,0,0,13.775829,51.050806
12,21,9,2,18,5,3,5,7,0,0,1,1,0,0,0,0,13.855895,51.02373
12,21,9,2,21,5,3,0,1,2,0,1,0,0,0,0,0,13.7211,51.055377
12,21,9,2,23,5,3,5,2,2,0,1,1,0,0,0,0,13.707835,51.046487
12,21,9,3,9,6,2,0,1,0,0,1,0,0,0,0,0,13.864519,51.014918
12,21,9,3,14,6,3,0,7,0,0,1,0,1,0,0,0,13.690198,51.073858
12,21,9,3,17,6,3,4,6,0,0,1,0,0,0,0,1,13.738251,51.063902
12,21,9,3,19,6,3,0,1,1,0,1,0,0,0,0,0,13.783756,51.070768
12,21,9,3,23,6,3,0,1,2,0,1,0,0,0,0,0,13.750367,51.065659
12,21,9,4,20,7,3,0,1,1,0,1,0,0,0,0,0,13.754046,51.066778
12,21,9,4,22,7,3,8,1,2,0,1,0,0,0,0,0,13.730178,51.074062
12,21,9,4,22,7,3,0,1,2,0,1,0,0,0,0,0,13.736445,51.041286
12,21,9,5,21,1,3,0,1,2,0,1,0,0,0,0,0,13.737568,51.054009
12,21,9,6,14,2,3,4,2,0,0,1,1,0,0,0,0,13.775806,51.050803
12,21,9,6,15,2,3,0,5,0,0,1,1,0,0,0,0,13.776058,51.069057
12,21,9,6,16,2,3,5,3,0,0,1,1,0,0,0,0,13.922238,51.061128
12,21,9,6,17,2,3,1,5,0,0,1,1,0,0,0,0,13.666867,51.070404
12,21,9,7,7,3,3,5,3,0,0,1,1,0,0,0,0,13.752604,51.060449
12,21,9,7,16,3,2,5,3,0,0,1,1,0,0,0,0,13.741111,51.019247
12,21,9,7,17,3,3,0,1,0,0,1,0,0,0,0,0,13.705999,51.076651
12,21,9,8,7,4,3,6,4,0,0,1,0,1,0,0,0,13.793011,51.04309
12,21,9,8,8,4,2,6,4,0,0,1,0,1,0,0,0,13.719163,51.096034
12,21,9,8,9,4,2,0,7,0,0,1,0,0,0,0,0,13.756781,51.049013
12,21,9,8,15,4,3,0,7,0,0,1,0,0,0,0,0,13.743713,51.057411
12,21,9,8,15,4,2,3,3,0,0,1,1,0,0,0,0,13.783936,51.017604
12,21,9,8,16,4,3,5,3,0,0,1,1,0,0,0,0,13.769636,51.051133
12,21,9,8,17,4,3,6,4,0,0,1,0,1,0,0,0,13.815179,51.053919
12,21,9,9,13,5,3,5,3,0,0,1,0,0,1,0,0,13.733704,51.035534
12,21,9,9,13,5,3,5,2,0,0,1,1,0,0,0,0,13.769754,51.044791
12,21,9,9,13,5,3,5,2,0,0,1,1,0,0,0,0,13.872896,51.012629
12,21,9,9,15,5,3,5,3,0,0,1,1,0,0,0,0,13.686368,51.084008
12,21,9,9,15,5,3,3,3,0,0,1,1,0,0,0,0,13.78311,51.043463
12,21,9,9,17,5,3,0,6,0,0,1,0,1,0,0,0,13.739287,51.074851
12,21,9,9,19,5,3,0,1,1,0,1,0,0,0,0,0,13.69086,51.078365
12,21,9,9,19,5,3,5,3,0,0,1,1,0,0,0,0,13.777895,51.036972
12,21,9,9,22,5,2,0,1,2,0,1,0,0,0,0,0,13.789637,51.030125
12,21,9,10,8,6,3,1,7,0,0,1,1,0,0,0,0,13.707391,51.023566
12,21,9,10,10,6,3,0,3,0,0,1,0,0,0,0,1,13.762673,51.032739
12,21,9,10,12,6,3,5,3,0,0,1,1,0,0,0,0,13.72792,51.060199
12,21,9,10,12,6,2,5,3,0,0,1,1,0,0,0,0,13.801233,51.028334
12,21,9,10,12,6,3,0,1,0,0,1,0,0,0,0,0,13.821944,51.006399
12,21,9,10,13,6,2,5,3,0,0,1,1,0,0,0,0,13.756574,51.055097
12,21,9,10,15,6,3,5,3,0,0,1,1,0,0,0,0,13.782904,51.043511
12,21,9,10,16,6,3,0,7,0,0,1,0,0,0,0,0,13.634072,51.087409