UKREIS,UJAHR,UMONAT,UTAG,USTUNDE,UWOCHENTAG,UKATEGORIE,UART,UTYP,LICHT,USTRZUSTAND,IstRad,IstPKW,IstFuss,IstKrad,IstGkfz,IstSonstige,@lon,@lat
12,21,9,10,17,6,2,5,2,0,1,1,1,0,0,0,1,13.669215,51.040023
12,21,9,10,17,6,3,5,3,0,1,1,1,0,0,0,0,13.774523,51.033118
12,21,9,11,4,7,3,5,3,2,0,1,1,0,0,0,0,13.751546,51.077008
12,21,9,11,13,7,3,7,1,0,0,1,0,0,0,0,0,13.775162,51.080644
12,21,9,12,16,1,3,6,6,0,0,1,0,1,0,0,0,13.849229,51.008
12,21,9,12,19,1,3,5,3,1,0,1,1,0,0,0,0,13.69613,51.045939
12,21,9,13,8,2,3,5,3,0,0,1,1,0,0,0,0,13.718774,51.039506
12,21,9,13,10,2,2,5,2,0,0,1,1,0,0,0,0,13.809223,51.047382
12,21,9,13,15,2,2,0,1,0,0,1,0,0,0,0,0,13.789886,51.119002
12,21,9,13,16,2,3,5,3,0,0,1,1,0,0,0,0,13.676792,51.091389
12,21,9,14,12,3,3,5,2,0,0,1,1,0,0,0,0,13.812894,51.046004
12,21,9,14,20,3,3,0,1,2,0,1,0,0,0,0,0,13.799909,51.04708
12,21,9,14,21,3,3,0,5,2,0,1,1,0,0,0,0,13.769781,51.116503
12,21,9,15,7,4,3,0,1,0,0,1,0,0,0,0,0,13.716865,51.027028
12,21,9,15,8,4,3,5,3,0,0,1,1,0,0,0,0,13.758716,51.049518
12,21,9,15,13,4,2,5,2,0,0,1,1,0,0,0,0,13.777871,51.053944
12,21,9,16,4,5,3,5,3,2,1,1,1,0,0,0,0,13.777196,51.060094
12,21,9,16,5,5,3,5,3,1,1,1,1,0,0,0,0,13.712756,51.046259
12,21,9,16,7,5,3,5,3,0,1,1,1,0,0,0,0,13.727872,51.084579
12,21,9,16,11,5,3,5,3,0,0,1,0,0,0,0,1,13.738431,51.047347
12,21,9,16,15,5,3,5,2,0,0,1,1,0,0,0,0,13.755444,51.050009
12,21,9,16,18,5,3,5,3,0,1,1,1,0,0,0,0,13.822276,50.997788
12,21,9,17,7,6,3,0,1,0,0,1,0,0,0,0,0,13.794576,51.042935
12,21,9,17,8,6,3,5,2,0,0,1,1,0,0,0,0,13.774102,51.013847
12,21,9,17,12,6,3,4,6,0,0,1,1,0,0,0,0,13.748755,51.063376
12,21,9,17,21,6,3,0,1,2,0,1,0,0,0,0,0,13.755524,51.063001
12,21,9,18,9,7,3,5,3,0,0,1,1,0,0,0,0,13.715171,51.078656
12,21,9,19,16,1,3,4,1,0,0,1,0,0,1,0,0,13.742066,51.053507
12,21,9,19,16,1,2,0,1,0,0,1,0,0,0,0,0,13.74364,51.023513
12,21,9,19,16,1,3,0,1,0,0,1,0,0,0,0,0,13.74364,51.023513
12,21,9,20,7,2,2,5,3,0,0,1,1,0,0,0,0,13.7381,51.043906
12,21,9,20,8,2,3,0,7,0,0,1,0,0,0,0,0,13.861492,51.060358
12,21,9,20,10,2,3,2,3,0,0,1,1,0,0,0,0,13.746108,51.057109
12,21,9,20,10,2,3,1,5,0,0,1,1,0,0,0,0,13.757907,51.067129
12,21,9,20,17,2,3,5,2,0,0,1,1,0,0,0,0,13.738278,51.063919
12,21,9,21,7,3,3,5,3,0,0,1,0,0,0,0,1,13.714916,51.051568
12,21,9,22,7,4,2,0,1,1,1,1,0,0,0,0,0,13.758152,51.052556
12,21,9,22,7,4,3,0,1,0,1,1,0,0,0,0,0,13.772714,51.046497
12,21,9,22,11,4,3,0,1,0,0,1,0,0,0,0,0,13.695992,51.04328
12,21,9,23,8,5,3,0,7,0,0,1,1,0,0,0,0,13.773213,51.111261
12,21,9,23,10,5,2,0,7,0,0,1,1,0,0,0,0,13.801928,51.055543
12,21,9,24,17,6,3,1,2,1,0,1,1,0,0,0,0,13.771173,51.046127
12,21,9,25,15,7,2,8,1,0,0,1,0,0,0,0,0,13.679134,51.089093
12,21,9,25,16,7,3,8,6,0,0,1,1,0,0,0,0,13.799396,51.057715
12,21,9,25,19,7,2,5,3,1,0,1,1,0,0,0,0,13.883369,51.057847
12,21,9,26,19,1,3,0,7,2,1,1,1,0,0,0,0,13.822528,51.048888
12,21,9,27,5,2,3,4,6,2,1,1,0,0,0,0,0,13.695591,51.022464
12,21,9,27,5,2,3,0,1,1,1,1,0,0,0,0,0,13.708838,51.084351
12,21,9,27,6,2,3,5,2,2,1,1,1,0,0,0,0,13.608557,51.033811
12,21,9,27,9,2,3,2,6,0,0,1,1,0,0,0,0,13.848429,51.007863
12,21,9,27,11,2,3,5,3,0,0,1,1,0,0,0,0,13.776987,51.060009
12,21,9,27,11,2,3,0,1,0,1,1,0,0,0,0,0,13.813953,51.062771
12,21,9,27,15,2,3,0,7,0,0,1,0,1,0,0,0,13.709418,51.08159
12,21,9,27,17,2,2,5,3,0,0,1,1,0,0,0,0,13.766547,51.041468
12,21,9,28,9,3,3,5,3,0,0,1,1,0,0,0,0,13.731857,51.079784
12,21,9,28,15,3,2,0,1,0,0,1,0,0,0,0,0,13.81182,51.020261
12,21,9,28,17,3,3,4,7,0,0,1,0,0,0,0,0,13.763326,51.03831
12,21,9,29,15,4,3,6,6,0,0,1,0,1,0,0,0,13.780007,51.112487
12,21,9,30,8,5,2,5,3,0,0,1,1,0,0,0,0,13.697884,51.048778
12,21,9,30,9,5,3,5,3,0,0,1,0,0,0,0,1,13.741999,51.049689
12,21,9,30,10,5,3,5,3,0,0,1,1,0,0,0,0,13.787881,51.048243
12,21,9,30,10,5,3,6,6,0,0,1,0,1,0,0,0,13.826702,50.998391
12,21,9,30,13,5,3,7,7,0,0,1,0,0,0,0,0,13.822092,51.013281
12,21,9,30,15,5,3,5,2,0,0,1,1,0,0,0,0,13.729454,51.076344
12,21,9,30,16,5,3,0,1,0,0,1,0,0,0,0,0,13.804373,51.05129
12,21,9,30,22,5,3,0,1,2,1,1,0,0,0,0,0,13.751352,51.042425
12,21,10,1,6,6,3,0,1,0,0,1,0,0,0,0,0,13.82588,51.062309
12,21,10,1,16,6,3,5,2,0,0,1,1,0,0,0,0,13.689566,51.06809
12,21,10,1,16,6,3,0,7,0,0,1,0,0,0,0,0,13.699881,51.025856
12,21,10,1,16,6,3,2,6,0,0,1,0,0,0,0,0,13.725639,51.053046
12,21,10,1,16,6,3,5,2,0,0,1,1,0,0,0,0,13.841771,51.002248
12,21,10,2,13,7,2,5,3,0,0,1,1,0,0,0,0,13.705046,51.044468
12,21,10,2,14,7,3,5,3,0,0,1,0,0,0,0,1,13.711289,51.117303
12,21,10,2,17,7,3,5,3,0,0,1,1,0,0,0,0,13.725763,51.047755
12,21,10,2,17,7,3,4,2,0,0,1,1,0,0,0,0,13.738337,51.063942
12,21,10,3,1,1,3,5,3,2,0,1,1,0,0,0,0,13.761363,51.051924
12,21,10,4,7,2,3,0,1,0,0,1,0,0,0,0,0,13.790337,51.125707
12,21,10,4,13,2,2,5,3,0,0,1,1,0,0,0,0,13.751509,51.047221
12,21,10,4,19,2,3,0,1,2,0,1,0,0,0,0,0,13.724599,51.055949
12,21,10,5,5,3,3,0,1,2,0,1,0,0,0,0,0,13.750181,51.050918
12,21,10,5,7,3,2,5,3,0,1,1,1,0,0,0,0,13.788603,51.039163
12,21,10,5,12,3,3,5,2,0,0,1,1,0,0,0,0,13.807191,51.038846
12,21,10,5,15,3,3,0,1,0,1,1,0,0,0,0,0,13.746635,51.052886
12,21,10,5,15,3,3,4,2,0,0,1,1,0,0,0,0,13.830983,51.009921
12,21,10,5,17,3,3,1,5,0,1,1,1,0,0,0,0,13.745049,51.067454
12,21,10,5,20,3,3,5,3,2,1,1,0,0,0,0,0,13.74646,51.057683
12,21,10,5,23,3,3,0,1,2,1,1,0,0,0,0,0,13.83749,51.0248
12,21,10,6,3,4,3,0,1,2,1,1,0,0,0,0,0,13.759594,51.027697
12,21,10,6,7,4,3,0,1,0,0,1,0,0,0,0,0,13.709551,51.03295
12,21,10,6,17,4,3,6,6,0,0,1,0,1,0,0,0,13.740405,51.064721
12,21,10,6,17,4,2,5,3,0,0,1,1,0,0,0,0,13.777711,51.044834
12,21,10,6,18,4,3,5,2,1,0,1,1,0,0,0,0,13.761516,51.055124
12,21,10,7,6,5,3,5,3,1,0,1,1,0,0,0,0,13.75597,51.055861
12,21,10,7,7,5,3,5,3,0,0,1,1,0,0,0,0,13.753501,51.052924
12,21,10,7,8,5,3,5,3,0,0,1,1,0,0,0,0,13.726044,51.058737
12,21,10,8,6,6,3,5,3,0,0,1,1,0,0,0,0,13.681188,51.048594
12,21,10,8,14,6,3,5,3,0,0,1,0,0,0,0,1,13.844802,51.017495
12,21,10,8,23,6,3,8,7,2,0,1,0,0,0,0,0,13.794433,51.163305
12,21,10,9,10,7,3,0,1,0,0,1,0,0,0,0,0,13.724907,51.057701
12,21,10,9,13,7,3,6,4,0,0,1,1,1,0,0,0,13.750598,51.052586
12,21,10,9,18,7,3,0,1,1,0,1,0,0,0,0,0,13.874245,51.051191
12,21,10,10,4,1,3,7,1,2,0,1,0,0,0,0,0,13.820872,51.005988
12,21,10,11,8,2,3,5,3,0,0,1,1,0,0,0,0,13.793183,51.050471
12,21,10,11,13,2,3,5,2,0,0,1,0,0,0,0,0,13.746784,51.03846
12,21,10,11,14,2,3,0,1,0,1,1,0,0,0,0,0,13.734039,51.04134
12,21,10,11,15,2,3,0,1,0,1,1,0,0,0,0,0,13.719763,51.094144
12,21,10,11,16,2,3,0,7,0,0,1,0,0,0,0,0,13.814403,51.064049
12,21,10,11,16,2,3,0,1,0,1,1,0,0,0,0,0,13.82801,51.008819
12,21,10,12,10,3,3,5,3,1,1,1,1,0,0,0,0,13.785329,51.035943
12,21,10,12,13,3,3,6,4,0,1,1,0,1,0,0,0,13.814494,51.017794
12,21,10,12,14,3,2,5,3,0,1,1,1,0,0,0,0,13.813962,51.014975
12,21,10,12,16,3,2,0,1,0,1,1,0,0,0,0,0,13.766551,51.01267
12,21,10,12,16,3,3,0,1,0,0,1,0,0,0,0,0,13.798971,50.993598
12,21,10,12,18,3,2,5,3,1,1,1,1,0,0,0,0,13.750181,51.046179
12,21,10,12,19,3,3,0,1,1,1,1,0,0,0,0,0,13.745214,51.064151
12,21,10,13,10,4,3,0,1,0,0,1,0,0,0,0,0,13.788769,51.042572
12,21,10,14,11,5,3,0,1,0,1,1,0,0,0,0,0,13.728423,51.056632
12,21,10,14,16,5,3,5,3,0,1,1,1,0,0,0,0,13.730315,51.069394
12,21,10,14,17,5,3,1,1,2,1,1,1,0,0,0,0,13.744899,51.026081
12,21,10,14,18,5,2,0,1,2,1,1,0,0,0,0,0,13.721191,51.058919
12,21,10,14,18,5,3,0,7,2,1,1,0,0,0,0,0,13.749808,51.112975
12,21,10,15,13,6,3,0,5,0,0,1,1,0,0,0,0,13.750586,51.068739
12,21,10,15,15,6,2,5,3,0,0,1,1,0,0,0,0,13.789961,51.036702
12,21,10,15,18,6,3,5,2,2,0,1,1,0,0,0,0,13.732545,51.043526
12,21,10,15,18,6,3,0,1,2,1,1,0,0,0,0,0,13.761497,51.025383
12,21,10,16,3,7,3,1,5,2,0,1,1,0,0,0,0,13.710339,51.02848
12,21,10,16,11,7,3,5,3,0,0,1,1,0,0,0,0,13.80916,51.016394
12,21,10,16,22,7,3,0,1,2,0,1,0,0,0,0,0,13.81964,51.011043
12,21,10,17,11,1,3,4,6,0,0,1,1,0,0,0,0,13.72268,51.029663
12,21,10,17,11,1,3,0,1,0,0,1,0,0,0,0,0,13.737639,51.037552
12,21,10,17,16,1,2,2,6,0,0,1,1,0,0,0,0,13.738387,51.063962
12,21,10,18,6,2,3,5,2,2,0,1,1,0,0,0,0,13.744326,51.049606
12,21,10,18,8,2,2,5,2,0,0,1,1,0,0,0,0,13.788778,51.042335
12,21,10,18,9,2,3,5,3,0,0,1,0,0,0,0,1,13.695125,51.04319
12,21,10,18,14,2,3,4,2,0,0,1,1,0,0,0,0,13.796355,51.049911
12,21,10,18,16,2,3,0,3,0,0,1,0,0,1,0,0,13.775375,51.069742
12,21,10,18,18,2,2,0,1,2,0,1,0,0,0,0,0,13.696991,51.049086
12,21,10,18,23,2,3,0,7,2,0,1,0,0,0,0,0,13.732396,51.077614
12,21,10,19,12,3,3,5,3,0,0,1,1,0,0,0,0,13.689963,51.078703
12,21,10,19,17,3,3,0,7,0,0,1,0,0,0,0,0,13.846951,51.060451
12,21,10,19,22,3,2,0,1,2,0,1,0,0,0,0,0,13.719921,51.054609
12,21,10,20,19,4,3,5,3,2,0,1,1,0,0,0,0,13.788283,51.035978
12,21,10,21,5,5,3,5,3,2,1,1,1,0,0,0,0,13.737108,51.071113
12,21,10,21,7,5,3,4,1,0,1,1,0,0,0,0,0,13.736378,51.063861
12,21,10,22,8,6,3,8,1,0,0,1,0,0,0,0,0,13.851383,51.025605
12,21,10,22,14,6,3,0,1,0,0,1,0,0,0,0,0,13.769507,51.04029
12,21,10,24,9,1,2,5,2,0,0,1,1,0,0,0,0,13.73644,51.063805
12,21,10,24,14,1,3,5,3,0,0,1,1,0,0,0,0,13.7252,51.050222
12,21,10,24,17,1,3,3,6,0,0,1,1,0,0,0,0,13.614313,51.059413
12,21,10,25,5,2,3,5,3,2,0,1,1,0,0,0,0,13.776982,51.060012
12,21,10,25,14,2,3,5,3,0,0,1,1,0,0,0,0,13.801212,51.022668
12,21,10,26,10,3,3,3,7,0,0,1,1,0,0,0,0,13.702204,51.045921
12,21,10,26,11,3,3,2,7,0,0,1,1,0,0,0,0,13.708993,51.047211
12,21,10,27,16,4,3,5,3,0,0,1,1,0,0,0,0,13.717889,51.053158
12,21,10,27,17,4,3,1,5,0,0,1,1,0,0,0,0,13.77174,51.057544
12,21,10,28,16,5,3,5,3,0,0,1,1,0,0,0,0,13.777197,51.060091
12,21,10,29,7,6,3,5,3,0,0,1,0,0,0,0,0,13.736978,51.050332
12,21,10,30,14,7,3,2,2,0,0,1,1,0,0,0,0,13.80716,51.051941
12,21,10,30,15,7,3,6,4,0,0,1,0,1,0,0,0,13.742257,51.049652
12,21,10,31,17,1,3,0,1,2,0,1,0,0,0,0,0,13.827635,51.062198
12,21,11,1,8,2,3,5,3,0,1,1,1,0,0,0,0,13.776981,51.060012
12,21,11,1,10,2,3,8,1,0,1,1,1,0,0,0,0,13.709421,51.084227
12,21,11,1,12,2,3,0,1,0,0,1,0,0,0,0,0,13.72324,51.049907
12,21,11,1,13,2,3,0,1,0,1,1,0,0,0,0,0,13.73927,51.047329
12,21,11,1,14,2,3,0,3,0,0,1,1,0,0,0,0,13.71169,51.050462
12,21,11,1,14,2,3,1,1,0,0,1,0,0,0,0,1,13.747469,51.070348
12,21,11,1,17,2,3,0,1,1,1,1,0,0,0,0,0,13.748279,51.03221
12,21,11,1,18,2,3,0,6,2,1,1,1,0,0,0,0,13.750675,51.071359
12,21,11,1,18,2,3,0,1,2,1,1,0,0,0,0,0,13.775552,51.032892
12,21,11,1,18,2,3,4,1,2,1,1,1,0,0,0,0,13.813328,51.054461
12,21,11,1,19,2,2,5,3,2,1,1,1,0,0,0,0,13.784981,51.048034
12,21,11,2,7,3,3,1,5,0,0,1,1,0,0,0,0,13.665134,51.043673
12,21,11,2,12,3,2,5,3,0,0,1,1,0,0,0,0,13.77275,51.047783
12,21,11,2,18,3,2,3,1,2,0,1,1,0,0,0,0,13.7292,51.03094
12,21,11,3,7,4,3,5,2,0,0,1,1,0,0,0,0,13.712726,51.080731
12,21,11,3,7,4,3,1,1,0,0,1,1,0,0,0,0,13.724611,51.08808
12,21,11,3,7,4,2,5,2,0,1,1,0,0,0,0,0,13.725659,51.081266
12,21,11,3,20,4,3,4,2,2,0,1,1,0,0,0,0,13.758758,51.054246
12,21,11,3,23,4,3,0,1,2,0,1,0,0,0,0,0,13.777794,51.052888
12,21,11,4,6,5,3,6,6,1,1,1,0,1,0,0,0,13.819921,51.01383
12,21,11,4,7,5,3,0,1,0,1,1,0,0,0,0,0,13.707462,51.02062
12,21,11,4,13,5,3,0,1,0,1,1,0,0,0,0,0,13.742906,51.049723
12,21,11,4,14,5,3,5,3,0,1,1,1,0,0,0,0,13.761321,51.083408
12,21,11,4,18,5,3,5,3,2,1,1,1,0,0,0,0,13.759921,51.081393
12,21,11,4,18,5,3,5,3,2,1,1,1,0,0,0,0,13.793638,51.129244
12,21,11,5,7,6,3,0,1,0,1,1,0,0,0,0,0,13.830079,50.999353
12,21,11,5,17,6,3,0,1,2,1,1,0,0,0,0,0,13.775221,51.033023
12,21,11,6,17,7,3,0,1,2,0,1,0,0,0,0,0,13.73756,51.039537
12,21,11,7,18,1,3,5,3,2,0,1,1,0,0,0,0,13.737051,51.037779
12,21,11,8,7,2,2,4,2,0,0,1,1,0,0,0,0,13.767172,51.095027
12,21,11,9,5,3,3,5,3,2,1,1,1,0,0,0,0,13.761492,51.055096
12,21,11,9,19,3,2,6,7,2,0,1,0,1,0,0,0,13.745637,51.060749
12,21,11,10,7,4,3,0,7,0,1,1,1,0,0,0,0,13.749029,51.027475
12,21,11,10,7,4,3,5,2,0,0,1,1,0,0,0,0,13.788834,51.042335
12,21,11,10,9,4,2,5,3,0,0,1,1,0,0,0,0,13.732671,51.029567
12,21,11,10,14,4,3,5,3,0,0,1,1,0,0,0,0,13.689678,51.069434
12,21,11,10,22,4,3,7,7,2,0,1,0,0,0,0,0,13.736955,51.049206
12,21,11,10,22,4,3,0,1,2,0,1,0,0,0,0,0,13.752374,51.060997
12,21,11,11,8,5,3,3,5,0,0,1,1,0,0,0,0,13.700727,51.044141
12,21,11,11,10,5,3,3,3,0,0,1,0,0,0,0,1,13.698593,51.074353
12,21,11,11,12,5,3,0,2,0,0,1,1,0,0,0,0,13.756589,51.055136
12,21,11,11,14,5,3,0,7,0,0,1,0,0,0,0,0,13.669136,51.04002
12,21,11,11,14,5,3,6,4,0,0,1,0,1,0,0,0,13.717437,51.077218
12,21,11,11,15,5,3,5,2,0,0,1,1,0,0,0,0,13.706172,51.016593
12,21,11,11,15,5,3,1,5,0,0,1,1,0,0,0,0,13.743979,51.065394
12,21,11,11,20,5,3,5,3,2,0,1,1,0,0,0,0,13.721059,51.029929
12,21,11,12,10,6,3,0,1,0,0,1,0,0,0,0,0,13.792157,51.056973
12,21,11,12,11,6,3,5,3,0,0,1,1,0,0,0,0,13.718801,51.087843
12,21,11,12,15,6,3,0,1,0,0,1,0,0,0,0,0,13.754024,51.069289
12,21,11,12,15,6,3,5,3,0,0,1,1,0,0,0,0,13.769582,51.051075
12,21,11,12,16,6,3,5,3,0,0,1,0,0,0,0,1,13.702336,51.043738
12,21,11,12,17,6,2,5,2,2,0,1,1,0,0,0,0,13.803223,51.021695
12,21,11,13,18,7,3,0,7,2,0,1,1,1,0,0,0,13.770782,51.1105
12,21,11,14,18,1,3,0,1,2,0,1,0,0,0,0,0,13.749629,51.043111
12,21,11,15,19,2,3,5,3,2,0,1,1,0,0,0,0,13.719568,51.035215
12,21,11,16,20,3,3,0,7,2,0,1,0,0,0,0,0,13.800192,51.002088
12,21,11,17,8,4,2,0,1,0,1,1,0,0,0,0,0,13.725368,51.046436
12,21,11,17,18,4,3,0,7,2,0,1,0,0,0,0,0,13.700488,51.029142
12,21,11,18,10,5,3,5,3,0,0,1,1,0,0,0,0,13.789529,51.018321
12,21,11,18,17,5,2,7,1,2,0,1,0,0,0,0,0,13.808754,51.052875
12,21,11,19,18,6,2,5,2,2,1,1,1,0,0,0,0,13.774669,51.033239
12,21,11,20,1,7,3,1,1,2,0,1,1,0,0,0,0,13.673231,51.082184
12,21,11,20,13,7,2,1,5,0,0,1,1,0,0,0,0,13.748576,51.074957
12,21,11,21,8,1,2,0,1,0,1,1,0,0,0,0,0,13.703681,51.101613
12,21,11,22,16,2,3,5,3,2,0,1,1,0,0,0,0,13.679147,51.088155
12,21,11,22,16,2,3,4,2,1,0,1,1,0,0,0,0,13.715796,51.036889
12,21,11,22,22,2,2,1,1,2,0,1,1,0,0,0,0,13.785954,51.035984
12,21,11,23,5,3,3,5,3,2,0,1,1,0,0,0,0,13.728947,51.059335
12,21,11,23,10,3,3,4,2,0,0,1,1,0,0,0,0,13.863294,51.014165
12,21,11,23,14,3,3,5,3,0,0,1,1,0,0,0,0,13.721498,51.054275
12,21,11,24,6,4,2,5,2,2,1,1,1,0,0,0,0,13.68525,51.042465
12,21,11,24,6,4,3,5,3,2,1,1,1,0,0,0,0,13.745182,51.062835
12,21,11,24,7,4,3,5,3,1,1,1,1,0,0,0,0,13.743037,51.028692
12,21,11,24,8,4,3,5,3,0,1,1,1,0,0,0,0,13.70702,51.041396
12,21,11,24,8,4,2,0,1,0,1,1,0,0,0,0,0,13.743654,51.023501
12,21,11,24,12,4,3,5,3,0,0,1,1,0,0,0,0,13.69066,51.090758
12,21,11,25,7,5,3,5,3,0,0,1,1,0,0,0,0,13.690103,51.072733
12,21,11,25,15,5,3,5,3,0,0,1,1,0,0,0,0,13.736581,51.063679
12,21,11,25,16,5,3,5,3,2,1,1,1,0,0,0,0,13.691532,51.051377
12,21,11,25,16,5,3,5,3,2,0,1,1,0,0,0,0,13.785329,51.035943
12,21,11,26,5,6,3,4,2,2,0,1,1,0,0,0,0,13.731887,51.126363
12,21,11,26,9,6,2,0,7,0,1,1,0,0,0,0,0,13.704184,51.035405
12,21,11,26,10,6,2,0,1,0,0,1,0,0,0,0,0,13.832209,51.01944
12,21,11,29,13,2,3,5,2,0,0,1,0,0,0,0,1,13.742076,51.06467
12,21,11,29,16,2,3,5,3,2,1,1,1,0,0,0,0,13.761321,51.083407
12,21,11,30,10,3,3,5,3,0,0,1,1,0,0,0,0,13.779935,51.044355
12,21,11,30,17,3,3,5,3,2,1,1,1,0,0,0,0,13.730685,51.030412
12,21,12,1,17,4,3,5,3,2,1,1,1,0,0,0,0,13.728902,51.083599
12,21,12,1,17,4,3,0,1,2,0,1,0,0,0,0,0,13.730622,51.05435
12,21,12,2,12,5,3,5,3,0,0,1,1,0,0,0,0,13.822267,50.99778
12,21,12,2,15,5,3,3,6,0,0,1,1,0,0,0,0,13.773069,51.113964
12,21,12,2,17,5,3,3,6,1,0,1,0,0,0,0,1,13.75232,51.063928
12,21,12,3,6,6,3,5,3,1,0,1,1,0,0,0,0,13.803238,51.021737
12,21,12,5,0,1,3,0,1,2,1,1,0,0,0,0,0,13.726734,51.031466
12,21,12,6,14,2,2,5,3,0,1,1,1,0,0,0,0,13.776455,51.067295
12,21,12,6,16,2,3,1,7,2,1,1,1,0,0,0,0,13.802627,51.047009
12,21,12,7,7,3,3,3,2,2,0,1,1,0,0,0,0,13.681219,51.061861
12,21,12,7,13,3,2,0,7,0,0,1,0,0,0,0,0,13.801797,50.994457
12,21,12,8,8,4,3,5,3,0,0,1,1,0,0,0,0,13.785329,51.035942
12,21,12,8,9,4,3,5,3,0,0,1,1,0,0,0,0,13.701585,51.030589
12,21,12,8,9,4,3,5,3,0,0,1,1,0,0,0,0,13.773569,51.048733
12,21,12,8,23,4,2,5,3,2,0,1,1,0,0,0,0,13.7342,51.08843
12,21,12,9,11,5,3,0,5,0,0,1,1,0,0,0,0,13.75574,51.065871
12,21,12,9,17,5,3,1,5,2,1,1,1,0,0,0,0,13.778266,51.042133
12,21,12,10,0,6,3,0,1,2,1,1,0,0,0,0,0,13.733769,51.066026
12,21,12,10,8,6,3,0,1,0,1,1,0,0,0,0,0,13.739074,51.064231
12,21,12,11,9,7,3,5,2,0,0,1,1,0,0,0,0,13.727815,51.084631
12,21,12,11,13,7,3,5,2,0,0,1,1,0,0,0,0,13.771334,51.060329
12,21,12,13,16,2,3,5,2,2,1,1,1,0,0,0,0,13.729413,51.076284
12,21,12,14,10,3,3,3,6,0,1,1,1,0,0,0,0,13.681045,51.041012
12,21,12,14,11,3,3,5,3,0,1,1,1,0,0,0,0,13.840946,51.004042
12,21,12,14,17,3,3,0,1,2,1,1,0,0,0,0,0,13.757238,51.049734
12,21,12,14,20,3,3,0,1,2,1,1,0,0,0,0,0,13.718485,51.077491
12,21,12,15,6,4,3,5,3,2,1,1,1,0,0,0,0,13.684314,51.058824
12,21,12,15,12,4,3,2,6,0,0,1,1,0,0,0,0,13.77184,51.046897
12,21,12,15,12,4,3,1,5,0,1,1,1,0,0,0,0,13.777858,51.054054
12,21,12,15,15,4,3,3,6,0,0,1,1,0,0,0,0,13.712702,51.061569
12,21,12,15,19,4,2,6,4,2,0,1,0,1,0,0,0,13.781779,51.043807
12,21,12,15,20,4,3,0,7,2,0,1,0,0,0,0,0,13.751733,51.042269
12,21,12,16,13,5,3,0,1,0,1,1,0,0,0,0,0,13.81332,51.045515
12,21,12,16,14,5,3,5,3,0,1,1,1,0,0,0,0,13.774514,51.111755
12,21,12,16,17,5,3,6,4,2,0,1,0,1,0,0,0,13.720906,51.041355
12,21,12,16,20,5,3,3,2,2,1,1,1,0,0,0,0,13.833013,51.029178
12,21,12,17,6,6,3,5,2,2,0,1,1,0,0,0,0,13.738405,51.069134
12,21,12,19,1,1,3,0,1,2,0,1,0,0,0,0,0,13.740368,51.038628
12,21,12,19,14,1,3,0,1,0,1,1,0,0,0,0,0,13.757294,51.049724
12,21,12,20,6,2,3,0,1,2,2,1,0,0,0,0,0,13.782012,51.036807
12,21,12,20,7,2,3,5,3,0,2,1,1,0,0,0,0,13.811659,51.028281
12,21,12,22,5,4,3,5,3,2,0,1,1,0,0,0,0,13.776982,51.060012
12,21,12,24,14,6,3,1,1,0,0,1,1,0,0,0,0,13.788162,51.005726
12,21,12,25,18,7,3,5,3,2,0,1,1,0,0,0,0,13.777817,51.012903
12,21,12,30,5,5,3,5,3,2,0,1,1,0,0,0,0,13.767597,51.042568
12,21,12,30,19,5,2,0,1,2,1,1,0,0,0,0,0,13.800885,51.040052
12,21,12,31,11,6,3,2,6,0,0,1,1,0,0,0,0,13.783816,51.014556
12,22,1,3,7,2,3,0,1,1,1,1,0,0,0,0,0,13.724405,51.077135
12,22,1,3,15,2,3,1,7,0,0,1,1,0,0,0,0,13.726912,51.017508
12,22,1,4,7,3,3,3,6,1,1,1,1,0,0,0,0,13.788414,51.053879
12,22,1,4,19,3,3,5,3,2,1,1,1,0,0,0,0,13.77991,51.04432
12,22,1,5,6,4,3,0,5,2,1,1,1,0,0,0,0,13.80195,51.035815
12,22,1,6,7,5,3,5,3,0,1,1,1,0,0,0,0,13.793859,51.041099
12,22,1,6,8,5,3,0,1,0,1,1,0,0,0,0,0,13.698692,51.0742
12,22,1,6,10,5,3,0,1,0,0,1,0,0,0,0,0,13.719042,51.087428
12,22,1,6,17,5,3,0,5,2,0,1,1,0,0,0,0,13.704244,51.085513
12,22,1,7,9,6,3,5,3,0,0,1,0,0,0,1,0,13.773559,51.048735
12,22,1,7,12,6,3,0,5,0,0,1,0,0,0,0,1,13.832463,51.001802
12,22,1,8,16,7,3,3,3,1,1,1,1,0,0,0,0,13.725225,51.025585
12,22,1,8,19,7,3,0,1,2,2,1,0,0,0,0,0,13.790931,51.021386
12,22,1,10,7,2,3,0,1,2,1,1,0,0,0,0,0,13.75001,51.047561
12,22,1,10,8,2,3,5,3,0,1,1,1,0,0,0,0,13.743606,51.035657
12,22,1,10,10,2,3,0,1,0,1,1,0,0,0,0,0,13.730199,51.07663
12,22,1,10,13,2,3,2,6,0,1,1,1,0,0,0,0,13.779374,51.058901
12,22,1,12,6,4,3,5,3,2,0,1,1,0,0,0,0,13.775593,51.045429