UKREIS,UJAHR,UMONAT,UTAG,USTUNDE,UWOCHENTAG,UKATEGORIE,UART,UTYP,LICHT,USTRZUSTAND,IstRad,IstPKW,IstFuss,IstKrad,IstGkfz,IstSonstige,@lon,@lat
12,22,1,12,8,4,3,5,3,0,0,1,1,0,0,0,0,13.71898,51.096619
12,22,1,13,14,5,3,5,2,0,0,1,1,0,0,0,0,13.797369,51.024206
12,22,1,14,7,6,3,5,3,0,0,1,1,0,0,0,0,13.743042,51.028692
12,22,1,16,19,1,3,5,2,2,0,1,1,0,0,0,0,13.704764,51.046325
12,22,1,17,9,2,3,5,3,0,1,1,1,0,0,0,0,13.701589,51.039231
12,22,1,17,12,2,3,0,1,0,1,1,0,0,0,0,0,13.723245,51.049896
12,22,1,17,13,2,3,5,3,0,1,1,1,0,0,0,0,13.717042,51.052624
12,22,1,17,16,2,3,5,3,2,1,1,1,0,0,0,0,13.716187,51.07778
12,22,1,18,7,3,3,0,1,2,2,1,0,0,0,0,0,13.723833,51.08458
12,22,1,19,17,4,3,5,3,2,0,1,1,0,0,0,0,13.746867,51.069883
12,22,1,20,5,5,3,5,3,2,1,1,1,0,0,0,0,13.778489,51.020541
12,22,1,21,6,6,2,5,2,2,0,1,1,0,0,0,0,13.786366,51.028498
12,22,1,21,7,6,3,5,2,0,0,1,1,0,0,0,0,13.758759,51.049468
12,22,1,21,12,6,3,0,1,0,1,1,0,0,0,0,0,13.750215,51.050915
12,22,1,21,18,6,3,5,2,2,0,1,0,0,0,0,1,13.722165,51.054048
12,22,1,23,21,1,3,0,1,2,1,1,0,0,0,0,0,13.753631,51.065939
12,22,1,24,22,2,3,0,1,2,1,1,0,0,0,0,0,13.752044,51.077915
12,22,1,25,10,3,3,3,6,0,1,1,0,0,0,0,1,13.748667,51.051257
12,22,1,26,8,4,2,5,3,1,1,1,1,0,0,0,0,13.763297,51.10507
12,22,1,26,18,4,2,5,3,2,0,1,1,0,0,0,0,13.779545,51.066957
12,22,1,27,7,5,3,5,3,1,0,1,1,0,0,0,0,13.723741,51.045391
12,22,1,27,9,5,3,8,1,0,0,1,0,0,0,0,0,13.74596,51.051698
12,22,1,27,11,5,3,0,3,0,0,1,0,0,0,0,1,13.745571,51.038824
12,22,1,27,21,5,3,0,1,2,1,1,0,0,0,0,0,13.831613,51.030341
12,22,1,31,15,2,3,5,3,0,1,1,1,0,0,0,0,13.743058,51.028691
12,22,1,31,18,2,3,5,2,2,1,1,1,0,0,0,0,13.829872,51.010362
12,22,2,1,7,3,3,5,2,1,1,1,1,0,0,0,0,13.782033,51.030351
12,22,2,1,20,3,3,0,1,2,1,1,0,0,0,0,0,13.808612,51.038035
12,22,2,1,21,3,3,5,3,2,1,1,1,0,0,0,0,13.757932,51.032865
12,22,2,2,9,4,3,5,3,0,1,1,1,0,0,0,0,13.676039,51.046035
12,22,2,3,8,5,3,0,1,0,1,1,0,0,0,0,0,13.758457,51.071432
12,22,2,3,17,5,3,5,3,1,1,1,1,0,0,0,0,13.724923,51.043957
12,22,2,4,6,6,3,5,2,2,1,1,1,0,0,0,0,13.760676,51.0492
12,22,2,4,6,6,3,5,3,2,1,1,1,0,0,0,0,13.774709,51.049803
12,22,2,7,4,2,3,5,3,2,0,1,1,0,0,0,0,13.751497,51.050783
12,22,2,7,7,2,3,5,3,0,1,1,1,0,0,0,0,13.777215,51.059874
12,22,2,7,15,2,3,5,2,0,1,1,1,0,0,0,0,13.760119,51.023308
12,22,2,7,15,2,2,5,3,0,1,1,1,0,0,0,0,13.76827,51.015706
12,22,2,7,16,2,3,5,2,0,0,1,1,0,0,0,0,13.704543,51.040007
12,22,2,8,7,3,3,5,3,0,0,1,1,0,0,0,0,13.716656,51.03781
12,22,2,8,7,3,3,1,6,0,1,1,1,0,0,0,0,13.802996,51.040425
12,22,2,8,9,3,3,0,1,0,0,1,0,0,0,0,0,13.72479,51.075063
12,22,2,9,7,4,3,0,7,1,0,1,1,0,0,0,0,13.780743,51.059008
12,22,2,9,12,4,2,1,5,0,0,1,1,0,0,0,0,13.806808,51.042641
12,22,2,10,17,5,3,0,1,1,0,1,0,0,0,0,0,13.805643,51.011569
12,22,2,11,6,6,2,0,1,2,1,1,0,0,0,0,0,13.75808,51.044836
12,22,2,11,20,6,3,0,1,2,1,1,0,0,0,0,0,13.716954,51.055762
12,22,2,12,16,7,3,5,3,0,0,1,0,0,0,0,1,13.729112,51.050946
12,22,2,13,14,1,3,2,6,0,0,1,1,0,0,0,0,13.828082,51.011173
12,22,2,15,10,3,2,5,3,0,0,1,1,0,0,0,0,13.723624,51.05366
12,22,2,15,22,3,2,0,7,2,0,1,0,0,0,0,0,13.819448,51.056411
12,22,2,16,19,4,3,5,3,2,0,1,1,0,0,0,0,13.718136,51.035911
12,22,2,18,16,6,2,5,3,0,0,1,1,0,0,0,0,13.672011,51.017121
12,22,2,20,10,1,3,0,1,0,0,1,0,0,0,0,0,13.789224,51.119187
12,22,2,20,17,1,3,0,1,2,1,1,0,0,0,0,0,13.7279,51.043152
12,22,2,21,18,2,3,4,6,2,0,1,1,0,0,0,0,13.666128,51.066084
12,22,2,21,20,2,3,0,1,2,1,1,0,0,0,0,0,13.761225,51.053256
12,22,2,23,16,4,3,0,7,0,0,1,0,0,0,0,0,13.713467,51.038467
12,22,2,24,8,5,2,3,2,0,0,1,1,0,0,0,0,13.701578,51.030577
12,22,2,24,16,5,3,2,6,0,0,1,1,0,0,0,0,13.72214,51.054021
12,22,2,25,13,6,3,0,1,0,0,1,0,0,0,0,0,13.721264,51.041638
12,22,2,25,15,6,3,0,7,0,0,1,0,0,0,0,0,13.775336,51.127718
12,22,2,25,16,6,2,3,6,0,0,1,0,0,0,1,0,13.728097,51.043578
12,22,2,27,14,1,3,0,7,0,0,1,1,0,0,0,0,13.695539,51.043232
12,22,3,1,9,3,2,0,1,0,0,1,0,0,0,0,0,13.828869,50.998487
12,22,3,1,11,3,2,6,7,0,0,1,0,1,0,0,0,13.731323,51.035009
12,22,3,1,14,3,3,5,3,0,0,1,1,0,0,0,0,13.769016,51.099343
12,22,3,1,15,3,2,5,3,0,0,1,1,0,0,0,0,13.751545,51.047208
12,22,3,1,16,3,3,5,2,1,0,1,1,0,0,0,0,13.752955,51.073867
12,22,3,1,18,3,3,6,7,1,0,1,0,1,0,0,0,13.820922,51.013558
12,22,3,1,19,3,3,0,1,2,0,1,0,0,0,0,0,13.744031,51.047415
12,22,3,2,6,4,3,5,3,1,0,1,0,0,0,0,1,13.721907,51.117687
12,22,3,3,6,5,3,3,5,1,0,1,1,0,0,0,0,13.710796,51.083465
12,22,3,3,8,5,3,5,3,0,0,1,1,0,0,0,0,13.771827,51.066616
12,22,3,3,9,5,3,3,5,0,0,1,1,0,0,0,0,13.757478,51.066503
12,22,3,3,15,5,2,5,2,0,0,1,1,0,0,0,0,13.779169,51.039696
12,22,3,3,18,5,3,0,5,2,0,1,0,0,0,0,1,13.720729,51.058704
12,22,3,3,19,5,2,0,1,2,0,1,0,0,0,0,0,13.847454,51.062227
12,22,3,4,19,6,3,5,3,2,0,1,1,0,0,0,0,13.758057,51.052304
12,22,3,7,14,2,3,3,6,0,0,1,1,0,0,0,0,13.745476,51.02753
12,22,3,7,14,2,3,5,2,0,0,1,1,0,0,0,0,13.777724,51.052913
12,22,3,7,17,2,3,3,6,0,0,1,1,0,0,0,0,13.859178,51.060786
12,22,3,8,12,3,3,0,1,0,0,1,0,0,0,0,0,13.752121,51.061867
12,22,3,8,13,3,3,5,3,0,0,1,1,0,0,0,0,13.821239,51.003096
12,22,3,8,14,3,3,5,3,0,0,1,1,0,0,0,0,13.721367,51.041794
12,22,3,9,10,4,3,0,3,0,0,1,0,0,0,0,1,13.748156,51.063472
12,22,3,9,11,4,3,3,2,0,0,1,1,0,0,0,0,13.788619,51.043278
12,22,3,10,10,5,3,5,2,0,0,1,1,0,0,0,0,13.720369,51.093246
12,22,3,10,15,5,2,1,5,0,0,1,1,0,0,0,0,13.801861,51.039433
12,22,3,10,18,5,2,5,3,1,0,1,0,0,0,0,0,13.724867,51.073168
12,22,3,11,6,6,3,5,3,1,0,1,1,0,0,0,0,13.758729,51.049473
12,22,3,11,13,6,3,5,3,0,0,1,1,0,0,0,0,13.83829,51.01953
12,22,3,12,10,7,2,0,1,0,0,1,0,0,0,0,0,13.705838,51.026804
12,22,3,12,10,7,3,5,2,0,0,1,1,0,0,0,0,13.728522,51.060116
12,22,3,12,11,7,3,6,4,0,0,1,0,1,0,0,0,13.76104,51.030932
12,22,3,12,13,7,3,5,2,0,0,1,1,0,0,0,0,13.747263,51.070371
12,22,3,13,12,1,3,0,1,0,0,1,0,0,0,0,0,13.7794,51.037869
12,22,3,14,9,2,3,2,2,0,0,1,1,0,0,0,0,13.755128,51.04621
12,22,3,14,15,2,3,5,3,0,0,1,1,0,0,0,0,13.702232,51.045881
12,22,3,15,5,3,2,5,3,1,0,1,1,0,0,0,0,13.739291,51.068381
12,22,3,15,9,3,2,6,4,0,0,1,0,1,0,0,0,13.738952,51.066077
12,22,3,15,19,3,3,0,1,2,1,1,0,0,0,0,0,13.728348,51.056644
12,22,3,16,7,4,2,2,6,0,0,1,1,0,0,0,0,13.721569,51.032506
12,22,3,16,7,4,3,0,1,0,0,1,0,0,0,0,0,13.750857,51.042099
12,22,3,16,8,4,3,0,1,0,1,1,0,0,0,0,0,13.755006,51.056744
12,22,3,16,12,4,3,5,2,0,0,1,1,0,0,0,0,13.879686,51.059931
12,22,3,16,18,4,3,5,2,1,0,1,1,0,0,0,0,13.757865,51.075801
12,22,3,17,7,5,3,2,4,0,0,1,1,1,0,0,0,13.723471,51.053198
12,22,3,17,13,5,3,0,1,0,0,1,0,0,0,0,0,13.83745,51.024884
12,22,3,17,20,5,3,0,1,2,0,1,0,0,0,0,0,13.724632,51.055977
12,22,3,17,22,5,3,5,3,2,0,1,0,0,0,0,1,13.664442,51.045734
12,22,3,18,11,6,3,5,2,0,0,1,1,0,0,0,0,13.719438,51.040269
12,22,3,18,15,6,2,0,1,0,0,1,0,0,0,0,0,13.748177,51.043684
12,22,3,18,15,6,3,5,3,0,0,1,1,0,0,0,0,13.784683,51.049742
12,22,3,19,17,7,3,3,6,0,0,1,1,0,0,0,0,13.742513,51.081835
12,22,3,20,9,1,3,5,2,0,0,1,1,0,0,0,0,13.748881,51.037461
12,22,3,20,17,1,3,5,2,0,0,1,1,0,0,0,0,13.669212,51.040023
12,22,3,21,14,2,3,0,1,0,0,1,0,0,0,0,0,13.763128,51.0239
12,22,3,21,16,2,3,0,1,0,0,1,0,0,0,0,0,13.781635,51.059081
12,22,3,21,16,2,3,5,3,0,0,1,1,0,0,0,0,13.797631,51.042315
12,22,3,22,11,3,2,5,3,0,0,1,1,0,0,0,0,13.803581,51.022015
12,22,3,23,7,4,3,4,1,0,0,1,0,0,0,0,0,13.768637,51.098408
12,22,3,23,13,4,3,3,2,0,0,1,1,0,0,0,0,13.777916,51.053948
12,22,3,23,13,4,3,0,1,0,0,1,0,0,0,0,0,13.808337,51.052712
12,22,3,23,14,4,3,5,3,0,0,1,0,0,0,0,1,13.735608,51.041742
12,22,3,23,14,4,3,0,6,0,0,1,1,0,0,0,0,13.782392,51.033644
12,22,3,23,21,4,3,0,1,2,0,1,0,0,0,0,0,13.827778,51.054659
12,22,3,24,7,5,3,8,1,0,0,1,0,0,0,0,0,13.785693,51.041469
12,22,3,24,8,5,3,5,3,0,0,1,1,0,0,0,0,13.837075,51.01998
12,22,3,24,10,5,2,0,1,0,0,1,0,0,0,0,0,13.690881,51.068083
12,22,3,24,18,5,3,2,6,0,0,1,1,0,0,0,0,13.807456,50.99693
12,22,3,25,9,6,3,6,4,0,0,1,0,1,0,0,0,13.788171,51.036944
12,22,3,25,12,6,2,0,7,0,0,1,0,0,0,0,0,13.832023,51.027211
12,22,3,25,15,6,2,0,7,0,0,1,0,0,0,0,0,13.710817,51.048769
12,22,3,25,17,6,3,0,3,0,0,1,0,0,0,0,0,13.699882,51.046434
12,22,3,25,19,6,3,0,1,2,0,1,0,0,0,0,0,13.873879,51.070524
12,22,3,25,22,6,3,0,1,2,0,1,0,0,0,0,0,13.714338,51.079822
12,22,3,26,11,7,3,0,3,0,0,1,1,0,0,0,0,13.723269,51.080513
12,22,3,26,12,7,3,1,5,0,0,1,1,0,0,0,0,13.816709,51.033733
12,22,3,26,15,7,3,5,2,0,0,1,1,0,0,0,0,13.78252,51.033095
12,22,3,26,19,7,3,0,7,2,0,1,0,0,0,0,0,13.805993,51.039421
12,22,3,27,14,1,2,0,7,0,0,1,0,0,0,0,0,13.726935,51.044566
12,22,3,27,17,1,2,0,1,0,0,1,0,0,0,0,0,13.728948,51.072528
12,22,3,28,6,2,3,5,3,0,0,1,1,0,0,0,0,13.692431,51.042849
12,22,3,28,8,2,3,0,1,0,0,1,0,0,0,0,0,13.795722,51.040653
12,22,3,28,10,2,3,5,2,0,0,1,1,0,0,0,0,13.72853,51.083959
12,22,3,28,11,2,3,0,1,0,0,1,0,0,0,0,0,13.812128,51.036947
12,22,3,28,17,2,3,4,2,0,0,1,0,0,0,0,1,13.786373,51.028506
12,22,3,30,11,4,2,5,2,0,1,1,1,0,0,0,0,13.787101,51.015807
12,22,3,30,14,4,3,0,1,0,1,1,0,0,0,0,0,13.833038,51.029157
12,22,3,30,15,4,3,0,1,0,1,1,0,0,0,0,0,13.754097,51.035556
12,22,3,30,16,4,3,5,3,0,1,1,1,0,0,0,0,13.792419,51.058182
12,22,3,30,17,4,3,5,2,0,1,1,1,0,0,0,0,13.729135,51.036229
12,22,3,30,18,4,3,0,1,0,1,1,0,0,0,0,0,13.706846,51.033825
12,22,3,30,18,4,3,5,2,0,1,1,1,0,0,0,0,13.720698,51.049299
12,22,3,30,19,4,3,0,1,2,1,1,0,0,0,0,0,13.758039,51.052255
12,22,3,31,5,5,3,0,7,2,0,1,0,0,0,0,0,13.777902,51.012742
12,22,3,31,9,5,3,5,3,0,0,1,1,0,0,0,0,13.724922,51.043957
12,22,3,31,15,5,3,0,7,0,0,1,0,0,0,0,0,13.742071,51.030931
12,22,3,31,21,5,3,0,1,2,1,1,0,0,0,0,0,13.73597,51.072445
12,22,4,1,18,6,3,5,3,0,0,1,1,0,0,0,0,13.79494,51.132992
12,22,4,1,21,6,3,0,1,2,0,1,0,0,0,0,0,13.786386,51.028519
12,22,4,2,12,7,3,0,5,0,0,1,1,0,0,0,0,13.756866,51.052273
12,22,4,2,18,7,3,0,7,0,0,1,0,0,0,0,0,13.748883,51.067687
12,22,4,3,6,1,3,1,5,0,0,1,1,0,0,0,0,13.695538,51.052729
12,22,4,4,7,2,3,5,3,0,0,1,1,0,0,0,0,13.724931,51.080059
12,22,4,4,13,2,3,3,2,0,0,1,1,0,0,0,0,13.791754,51.04319
12,22,4,4,14,2,3,6,4,0,0,1,0,1,0,0,0,13.768466,51.01445
12,22,4,4,18,2,3,5,3,0,0,1,1,0,0,0,0,13.678696,51.063238
12,22,4,4,18,2,3,0,1,0,0,1,0,0,0,0,0,13.779213,51.043406
12,22,4,4,20,2,2,0,1,2,1,1,0,0,0,0,0,13.724945,51.077032
12,22,4,4,23,2,3,5,2,2,1,1,1,0,0,0,0,13.672251,51.050255
12,22,4,5,6,3,3,8,1,0,1,1,0,0,0,0,0,13.610211,51.072429
12,22,4,5,8,3,3,0,3,0,1,1,1,0,0,0,0,13.715049,51.047772
12,22,4,5,9,3,3,0,3,0,0,1,1,0,0,0,0,13.884863,51.06094
12,22,4,5,15,3,3,0,1,0,1,1,0,0,0,0,0,13.776445,51.110894
12,22,4,6,16,4,2,5,3,0,0,1,1,0,0,0,0,13.725934,51.056953
12,22,4,7,5,5,3,7,7,2,0,1,0,0,0,0,0,13.81503,51.017231
12,22,4,7,7,5,2,5,2,0,0,1,1,0,0,0,0,13.731491,51.027225
12,22,4,7,9,5,3,0,1,0,0,1,0,0,0,0,0,13.829637,51.008467
12,22,4,7,12,5,3,5,3,0,0,1,1,0,0,0,0,13.718463,51.029032
12,22,4,7,17,5,3,0,7,0,0,1,0,0,0,0,0,13.732481,51.037461
12,22,4,8,13,6,3,5,3,0,0,1,1,0,0,0,0,13.71196,51.080979
12,22,4,8,18,6,3,6,7,0,1,1,0,1,0,0,0,13.76136,51.022656
12,22,4,9,13,7,3,5,3,0,1,1,1,0,0,0,0,13.75601,51.055911
12,22,4,10,17,1,3,3,6,0,0,1,1,0,0,0,0,13.737901,51.08704
12,22,4,10,18,1,3,0,1,0,1,1,0,0,0,0,0,13.819377,51.052908
12,22,4,11,6,2,3,4,6,0,0,1,1,0,0,0,0,13.824285,51.00935
12,22,4,11,10,2,3,5,3,0,0,1,1,0,0,0,0,13.848668,51.004268
12,22,4,11,12,2,3,5,3,0,0,1,1,0,0,0,0,13.841867,51.019393
12,22,4,12,6,3,2,5,3,1,0,1,1,0,0,0,0,13.689717,51.061781
12,22,4,12,9,3,3,5,3,0,0,1,1,0,0,0,0,13.721892,51.077749
12,22,4,12,15,3,3,5,3,0,0,1,1,0,0,0,0,13.766297,51.118825
12,22,4,12,16,3,3,1,1,0,0,1,1,0,0,0,0,13.708542,51.027514
12,22,4,12,18,3,3,0,1,0,0,1,0,0,0,0,0,13.783479,51.053469
12,22,4,12,18,3,3,0,7,0,0,1,0,0,0,0,0,13.847795,51.007866
12,22,4,13,14,4,3,1,5,0,0,1,1,0,0,0,0,13.707122,51.027812
12,22,4,13,14,4,3,5,3,0,0,1,1,0,0,0,0,13.711592,51.049219
12,22,4,13,15,4,2,5,2,0,0,1,1,0,0,0,0,13.730734,51.033475
12,22,4,14,17,5,3,0,1,0,0,1,0,0,0,0,0,13.778029,51.052912
12,22,4,14,19,5,3,5,3,1,1,1,1,0,0,0,0,13.74747,51.078452
12,22,4,14,19,5,3,0,1,1,1,1,0,0,0,0,0,13.784387,51.03499
12,22,4,16,13,7,3,0,1,0,0,1,0,0,0,0,0,13.837435,51.024877
12,22,4,16,13,7,3,3,6,0,0,1,1,0,0,0,0,13.878555,50.999443
12,22,4,17,19,1,3,5,3,0,0,1,1,0,0,0,0,13.752242,51.07779
12,22,4,18,16,2,2,0,7,0,0,1,1,0,0,0,0,13.685916,51.08338
12,22,4,18,18,2,3,6,4,0,0,1,0,1,0,0,0,13.737103,51.119475
12,22,4,18,19,2,3,5,3,1,0,1,0,0,1,0,0,13.799707,51.046937
12,22,4,19,9,3,3,5,3,0,0,1,1,0,0,0,0,13.707011,51.0414
12,22,4,19,16,3,3,0,1,0,0,1,0,0,0,0,0,13.776073,51.051184
12,22,4,20,5,4,3,5,3,1,0,1,1,0,0,0,0,13.82658,50.998278
12,22,4,20,14,4,3,5,3,0,1,1,1,0,0,0,0,13.847881,51.061313
12,22,4,20,23,4,3,5,3,2,1,1,1,0,0,0,0,13.739473,51.062816
12,22,4,21,8,5,3,3,7,0,1,1,1,0,0,0,0,13.776312,51.067892
12,22,4,21,11,5,3,5,3,0,1,1,1,0,0,0,0,13.711649,51.028154
12,22,4,21,14,5,3,0,1,0,1,1,0,0,0,0,0,13.815096,51.017172
12,22,4,22,7,6,2,4,2,0,0,1,1,0,0,0,0,13.761503,51.07107
12,22,4,22,8,6,2,5,3,0,0,1,1,0,0,0,0,13.7772,51.060054
12,22,4,22,11,6,3,5,3,0,0,1,1,0,0,0,0,13.809183,51.047407
12,22,4,22,14,6,3,5,3,0,0,1,1,0,0,0,0,13.696121,51.045938
12,22,4,23,10,7,2,5,3,0,0,1,1,0,0,0,0,13.773471,51.047613
12,22,4,24,15,1,3,5,3,0,1,1,1,0,0,0,0,13.752184,51.05442
12,22,4,24,23,1,3,5,3,2,1,1,1,0,0,0,0,13.743458,51.047593
12,22,4,25,17,2,3,2,6,0,0,1,1,0,0,0,0,13.771907,51.046965
12,22,4,26,16,3,3,3,2,0,0,1,1,0,0,0,0,13.734464,51.065473
12,22,4,27,10,4,3,5,3,0,0,1,1,0,0,0,0,13.742004,51.064677
12,22,4,27,13,4,3,1,5,0,0,1,1,0,0,0,0,13.779694,51.034703
12,22,4,27,14,4,2,3,6,0,0,1,1,0,0,0,0,13.72924,51.080191
12,22,4,27,17,4,3,5,3,0,0,1,1,0,0,0,0,13.739474,51.062818
12,22,4,28,0,5,3,5,3,2,0,1,1,0,0,0,0,13.743458,51.047593
12,22,4,28,8,5,3,5,2,0,0,1,1,0,0,0,0,13.775594,51.045431
12,22,4,28,10,5,3,3,1,0,0,1,1,0,0,0,0,13.773764,51.046084
12,22,4,28,12,5,3,5,3,0,0,1,1,0,0,0,0,13.769847,51.025013
12,22,4,28,13,5,3,0,5,0,0,1,1,0,0,0,0,13.820942,51.028491
12,22,4,28,22,5,2,4,6,2,0,1,0,0,0,0,0,13.708722,51.077362
12,22,4,29,7,6,3,5,3,0,0,1,1,0,0,0,0,13.76827,51.015706
12,22,4,29,13,6,3,8,1,0,0,1,0,0,0,0,0,13.821617,51.031868
12,22,4,30,0,7,3,5,3,2,0,1,1,0,0,0,0,13.761098,51.068186
12,22,4,30,9,7,2,0,1,0,0,1,0,0,0,0,0,13.688676,51.042532
12,22,4,30,21,7,3,0,1,2,0,1,0,0,0,0,0,13.678981,51.0612
12,22,5,2,7,2,3,2,6,0,0,1,1,0,0,0,0,13.683789,51.086627
12,22,5,2,8,2,2,3,3,0,0,1,1,0,0,0,0,13.726194,51.086311
12,22,5,2,10,2,3,5,3,0,0,1,0,0,0,0,0,13.801116,51.022659
12,22,5,2,16,2,3,3,2,0,0,1,1,0,0,0,0,13.723176,51.033956
12,22,5,2,17,2,3,5,3,0,0,1,1,0,0,0,0,13.717848,51.038845
12,22,5,2,18,2,3,0,1,0,0,1,0,0,0,0,0,13.768994,51.024346
12,22,5,2,19,2,3,0,1,0,0,1,0,0,0,0,0,13.737029,51.042856
12,22,5,3,7,3,3,5,3,0,0,1,1,0,0,0,0,13.702003,51.032515
12,22,5,3,7,3,3,5,3,0,0,1,1,0,0,0,0,13.789528,51.018321
12,22,5,3,10,3,2,5,3,0,0,1,1,0,0,0,0,13.755189,51.055545
12,22,5,3,14,3,3,1,5,0,0,1,1,0,0,0,0,13.758756,51.033746
12,22,5,3,18,3,3,0,1,0,0,1,0,0,0,0,0,13.731054,51.057672
12,22,5,4,5,4,3,5,3,1,0,1,1,0,0,0,0,13.794626,51.041972
12,22,5,4,7,4,3,4,2,0,0,1,1,0,1,0,0,13.757169,51.049764
12,22,5,4,10,4,3,5,3,0,0,1,0,0,0,0,0,13.76499,51.048467
12,22,5,4,15,4,3,5,3,0,0,1,1,0,0,0,0,13.730935,51.076951
12,22,5,4,17,4,2,7,1,0,0,1,0,0,0,0,0,13.740388,51.05647
12,22,5,4,20,4,3,0,7,0,0,1,0,0,0,0,0,13.727912,51.043441
12,22,5,5,6,5,3,1,5,0,0,1,1,0,0,0,0,13.774906,51.039642
12,22,5,5,7,5,3,5,3,0,0,1,1,0,0,0,0,13.731065,51.053644
12,22,5,5,7,5,3,5,2,0,0,1,1,0,0,0,0,13.732395,51.077603
12,22,5,5,9,5,3,0,6,0,0,1,1,0,0,0,0,13.777226,51.059706
12,22,5,5,11,5,3,0,1,0,0,1,0,0,0,0,0,13.795206,51.066249
12,22,5,5,18,5,2,5,3,0,0,1,1,0,0,0,0,13.794345,50.990661
12,22,5,6,6,6,3,5,3,0,0,1,1,0,0,0,0,13.778489,51.020541
12,22,5,6,9,6,3,5,3,0,0,1,1,0,0,0,0,13.674633,51.090749
12,22,5,6,10,6,3,0,1,0,0,1,0,0,0,0,0,13.833303,51.056853
12,22,5,6,11,6,3,0,5,0,0,1,1,0,0,0,0,13.790758,51.010672
12,22,5,6,11,6,3,0,1,0,0,1,0,0,0,0,0,13.816265,51.035796
12,22,5,6,16,6,3,5,3,0,0,1,1,0,0,0,0,13.718003,51.038789
12,22,5,6,16,6,2,4,6,0,0,1,0,0,0,0,0,13.747567,51.051745
12,22,5,6,20,6,3,5,3,1,0,1,1,0,0,0,0,13.692785,51.085764
12,22,5,6,21,6,3,4,6,2,0,1,0,0,0,0,0,13.731714,51.060793
12,22,5,7,5,7,3,5,3,0,0,1,1,0,0,0,0,13.740799,51.047233
12,22,5,7,6,7,3,5,3,0,0,1,1,0,0,0,0,13.784002,51.054533
12,22,5,7,9,7,2,7,1,0,0,1,0,0,0,0,0,13.740388,51.05647
12,22,5,7,9,7,2,5,3,0,0,1,0,0,0,0,1,13.781199,51.035725
12,22,5,7,10,7,2,5,3,0,0,1,1,0,0,0,0,13.757839,51.075869
12,22,5,7,11,7,3,5,3,0,0,1,1,0,0,0,0,13.768089,51.015759
12,22,5,7,15,7,3,5,3,0,0,1,1,0,0,0,0,13.762562,51.026861
12,22,5,8,1,1,2,0,1,2,0,1,0,0,0,0,0,13.741097,51.057438
12,22,5,8,13,1,3,5,3,0,0,1,1,0,0,0,0,13.79494,51.132992
12,22,5,9,10,2,3,5,3,0,0,1,0,0,0,0,1,13.750696,51.071382
12,22,5,9,12,2,3,5,3,0,0,1,1,0,0,0,0,13.692443,51.083356
12,22,5,9,18,2,3,5,2,0,0,1,1,0,0,0,0,13.71558,51.051955
12,22,5,9,19,2,3,5,3,0,0,1,1,0,0,0,0,13.768249,51.047972
12,22,5,10,7,3,3,3,2,0,0,1,1,0,0,0,0,13.716925,51.080795
12,22,5,10,7,3,3,5,3,0,0,1,1,0,0,0,0,13.779909,51.044319
12,22,5,10,14,3,3,5,3,0,0,1,1,0,0,0,0,13.755428,51.049976
12,22,5,10,18,3,3,0,1,0,0,1,0,0,0,0,0,13.708854,51.058278
12,22,5,11,5,4,3,5,2,1,0,1,0,0,1,0,0,13.755532,51.076638
12,22,5,11,7,4,3,5,3,0,0,1,0,0,0,0,0,13.724945,51.057626
12,22,5,11,13,4,3,0,1,0,0,1,0,0,0,0,0,13.780763,51.070765
12,22,5,11,14,4,2,0,1,0,0,1,0,0,0,0,0,13.703022,51.089394
12,22,5,11,15,4,3,6,4,0,0,1,0,1,0,0,0,13.731784,51.035575
12,22,5,11,15,4,3,3,2,0,0,1,1,0,0,0,0,13.801322,51.045773
12,22,5,11,16,4,3,4,6,0,0,1,0,0,0,0,0,13.691784,51.042764
12,22,5,11,18,4,2,5,3,0,0,1,0,0,1,0,0,13.74358,51.035629
12,22,5,11,19,4,3,0,1,0,0,1,0,0,0,0,0,13.73055,51.030886
12,22,5,11,21,4,3,1,5,2,0,1,1,0,0,0,0,13.797971,51.032238
12,22,5,12,5,5,3,0,6,0,0,1,1,0,0,0,0,13.700978,51.091498
12,22,5,12,8,5,3,5,3,0,0,1,1,0,0,0,0,13.76591,51.006768
12,22,5,12,10,5,3,5,3,0,0,1,1,0,0,0,0,13.809203,51.016355
12,22,5,12,16,5,3,5,3,0,0,1,1,0,0,0,0,13.689308,51.067716
12,22,5,12,17,5,3,6,3,0,0,1,0,1,0,0,0,13.71772,51.02218
12,22,5,12,18,5,3,5,2,0,0,1,1,0,0,0,0,13.683405,51.042429
12,22,5,13,7,6,3,5,3,0,0,1,1,0,0,0,0,13.768248,51.047971
12,22,5,13,10,6,3,0,6,0,0,1,0,0,0,0,1,13.752071,51.050617
12,22,5,13,15,6,3,4,2,0,0,1,0,0,0,0,0,13.773665,51.048748
12,22,5,13,17,6,3,4,2,0,0,1,1,0,0,0,0,13.729842,51.082681
12,22,5,15,0,1,3,0,1,2,0,1,0,0,0,0,0,13.79974,50.998553
12,22,5,15,8,1,3,0,1,0,0,1,1,0,0,0,0,13.731599,51.090455
12,22,5,15,16,1,3,2,6,0,0,1,1,0,0,0,0,13.707772,51.029868
12,22,5,16,7,2,3,0,1,0,0,1,0,0,0,0,0,13.732781,51.029545
12,22,5,16,7,2,3,5,3,0,0,1,0,0,0,0,1,13.743676,51.050004
12,22,5,16,8,2,2,5,2,0,0,1,0,0,0,0,1,13.808157,51.044968