UKREIS,UJAHR,UMONAT,UTAG,USTUNDE,UWOCHENTAG,UKATEGORIE,UART,UTYP,LICHT,USTRZUSTAND,IstRad,IstPKW,IstFuss,IstKrad,IstGkfz,IstSonstige,@lon,@lat
12,22,5,16,14,2,3,5,2,0,0,1,1,0,0,0,0,13.780461,51.030989
12,22,5,16,15,2,3,5,2,0,0,1,1,0,0,0,0,13.799282,51.041754
12,22,5,16,18,2,2,0,1,0,0,1,0,0,0,0,0,13.667351,51.038926
12,22,5,16,20,2,3,0,1,0,0,1,0,0,0,0,0,13.702086,51.032692
12,22,5,17,7,3,3,0,1,0,1,1,0,0,0,0,0,13.715052,51.047818
12,22,5,17,7,3,3,5,3,0,1,1,1,0,0,0,0,13.758055,51.052298
12,22,5,17,8,3,3,3,5,0,1,1,1,0,0,0,0,13.777853,51.054098
12,22,5,17,10,3,3,5,2,0,0,1,1,0,0,0,0,13.772651,51.014622
12,22,5,17,17,3,3,5,2,0,0,1,0,0,0,0,1,13.704464,51.050784
12,22,5,18,7,4,2,4,2,0,0,1,0,0,0,0,0,13.717839,51.077055
12,22,5,18,7,4,3,0,3,0,0,1,0,0,0,0,0,13.756627,51.117994
12,22,5,18,8,4,3,1,5,0,0,1,1,0,0,0,0,13.78681,51.01574
12,22,5,18,12,4,3,5,3,0,0,1,1,0,0,0,0,13.789677,51.045285
12,22,5,18,14,4,3,0,1,0,0,1,0,0,0,0,0,13.757228,51.049735
12,22,5,18,15,4,3,5,2,0,0,1,0,0,0,0,0,13.728398,51.060991
12,22,5,18,18,4,3,5,3,0,0,1,1,0,0,0,0,13.692628,51.041357
12,22,5,18,18,4,3,5,3,0,0,1,1,0,0,0,0,13.743512,51.047662
12,22,5,18,19,4,3,1,1,0,0,1,1,0,0,0,0,13.744756,51.066963
12,22,5,18,20,4,3,0,1,0,0,1,0,0,0,0,0,13.744398,51.024939
12,22,5,19,10,5,2,5,3,0,0,1,1,0,0,0,0,13.785328,51.035944
12,22,5,19,11,5,3,3,2,0,0,1,0,0,0,0,1,13.759193,51.028333
12,22,5,19,15,5,2,5,3,0,0,1,0,0,0,0,1,13.60315,51.082014
12,22,5,19,15,5,3,1,5,0,0,1,1,0,0,0,0,13.756218,51.069743
12,22,5,19,20,5,2,0,1,1,0,1,0,0,0,0,0,13.706458,51.04553
12,22,5,19,20,5,3,0,1,1,0,1,0,0,0,0,0,13.791098,51.066991
12,22,5,20,12,6,3,5,3,0,0,1,1,0,0,0,0,13.73201,51.0676
12,22,5,20,14,6,3,0,1,0,0,1,0,0,0,0,0,13.777931,51.041584
12,22,5,20,19,6,3,0,5,0,0,1,1,0,0,0,0,13.716312,51.077713
12,22,5,20,20,6,3,6,4,0,1,1,0,1,0,0,0,13.745865,51.063998
12,22,5,21,11,7,2,1,7,0,0,1,1,0,0,0,0,13.830263,50.999395
12,22,5,21,15,7,3,5,2,0,0,1,1,0,0,0,0,13.746686,51.053399
12,22,5,21,15,7,3,0,1,0,0,1,0,0,0,0,0,13.761476,51.055053
12,22,5,21,18,7,3,6,4,0,0,1,0,1,0,0,0,13.729796,51.012778
12,22,5,22,11,1,3,0,1,0,0,1,0,0,0,0,0,13.751983,51.062345
12,22,5,23,6,2,3,1,5,0,0,1,1,0,0,0,0,13.721019,51.053904
12,22,5,23,14,2,3,5,2,0,0,1,1,0,0,0,0,13.763698,51.087125
12,22,5,23,15,2,3,0,1,0,0,1,0,0,0,0,0,13.81563,51.035977
12,22,5,23,15,2,3,0,1,0,0,1,0,0,0,0,0,13.824885,51.058015
12,22,5,23,16,2,3,5,3,0,0,1,0,0,0,0,0,13.76751,51.042567
12,22,5,23,16,2,2,5,7,0,0,1,1,0,0,0,0,13.787378,51.01139
12,22,5,24,10,3,3,0,1,0,0,1,0,0,0,0,0,13.73664,51.07465
12,22,5,24,18,3,2,5,2,0,0,1,1,0,0,0,0,13.770211,51.071685
12,22,5,25,11,4,3,0,1,0,0,1,0,0,0,0,0,13.735135,51.073466
12,22,5,25,12,4,3,3,5,0,0,1,1,0,0,0,0,13.728798,51.05622
12,22,5,25,12,4,3,5,2,0,0,1,0,0,0,0,1,13.782249,51.013836
12,22,5,25,15,4,3,5,3,0,0,1,1,0,0,0,0,13.817887,50.998558
12,22,5,25,16,4,3,5,3,0,0,1,1,0,0,0,0,13.803743,51.008509
12,22,5,26,16,5,2,3,6,0,0,1,0,0,0,0,0,13.706057,51.076668
12,22,5,26,18,5,3,0,1,0,0,1,0,0,0,0,0,13.691468,51.051432
12,22,5,26,18,5,3,8,1,0,0,1,0,0,0,0,0,13.70233,51.043872
12,22,5,27,11,6,3,0,1,0,1,1,0,0,0,0,0,13.75931,51.063601
12,22,5,27,16,6,3,5,3,0,0,1,1,0,0,0,0,13.725213,51.05021
12,22,5,27,17,6,3,1,5,0,0,1,1,0,0,0,0,13.699001,51.07294
12,22,5,27,18,6,3,2,6,0,0,1,0,0,0,0,0,13.747098,51.048587
12,22,5,27,20,6,3,0,7,0,0,1,0,0,0,0,0,13.691477,51.042725
12,22,5,29,5,1,3,0,1,0,0,1,0,0,0,0,0,13.761136,51.083137
12,22,5,29,9,1,3,0,1,0,0,1,0,0,0,0,0,13.710683,51.050767
12,22,5,29,14,1,2,0,1,0,0,1,0,0,0,0,0,13.860576,51.019693
12,22,5,30,8,2,3,5,3,0,0,1,1,0,0,0,0,13.688363,51.040778
12,22,5,30,16,2,3,0,1,0,0,1,0,0,0,0,0,13.701492,51.091148
12,22,5,30,17,2,3,5,3,0,0,1,1,0,0,0,0,13.594216,51.055003
12,22,5,30,20,2,3,0,1,0,0,1,0,0,0,0,0,13.72347,51.077313
12,22,5,31,7,3,3,5,2,0,0,1,1,0,0,0,0,13.724859,51.073174
12,22,5,31,8,3,3,5,2,0,0,1,1,0,0,0,0,13.67512,51.090397
12,22,5,31,9,3,3,8,1,0,0,1,0,0,0,0,0,13.690587,51.01185
12,22,5,31,11,3,3,3,5,0,0,1,1,0,0,0,0,13.763623,51.048697
12,22,5,31,13,3,3,0,1,0,0,1,0,0,0,0,0,13.838277,51.023822
12,22,5,31,14,3,3,1,5,0,0,1,1,0,0,0,0,13.71533,51.057609
12,22,5,31,20,3,2,5,3,0,1,1,0,0,0,0,0,13.761513,51.0549
12,22,6,1,6,4,3,5,2,0,0,1,1,0,0,0,0,13.72603,51.057019
12,22,6,1,6,4,3,5,2,0,0,1,1,0,0,0,0,13.731005,51.118137
12,22,6,1,6,4,3,4,2,0,0,1,1,0,0,0,0,13.790931,51.021386
12,22,6,1,9,4,3,5,3,0,0,1,1,0,0,0,0,13.745456,51.068316
12,22,6,1,15,4,2,5,3,0,0,1,1,0,0,0,0,13.739331,51.036985
12,22,6,1,17,4,3,0,1,0,0,1,0,0,0,0,0,13.802722,51.040569
12,22,6,1,18,4,3,5,3,0,0,1,1,0,0,0,0,13.689915,51.044123
12,22,6,1,19,4,3,0,1,0,0,1,0,0,0,0,0,13.721072,51.041486
12,22,6,2,7,5,3,5,2,0,0,1,0,0,0,0,1,13.731217,51.024829
12,22,6,2,8,5,3,3,2,0,0,1,1,0,0,0,0,13.77472,51.049773
12,22,6,2,14,5,2,5,3,0,0,1,1,0,0,0,0,13.727745,51.043773
12,22,6,2,14,5,3,5,3,0,0,1,1,0,0,0,0,13.743581,51.035629
12,22,6,2,17,5,3,5,3,0,0,1,1,0,0,0,0,13.820737,51.006069
12,22,6,2,18,5,3,0,7,0,0,1,0,0,0,0,0,13.675904,51.062392
12,22,6,2,18,5,2,6,2,0,0,1,0,1,0,0,0,13.698894,51.042187
12,22,6,2,22,5,3,1,5,2,0,1,1,0,0,0,0,13.798879,51.047265
12,22,6,3,9,6,3,3,2,0,0,1,1,0,0,0,0,13.773681,51.048764
12,22,6,3,16,6,3,0,7,0,0,1,0,0,0,0,0,13.731284,51.051381
12,22,6,3,21,6,3,0,1,2,0,1,0,0,0,0,0,13.743525,51.040227
12,22,6,4,15,7,3,5,2,0,0,1,1,0,0,0,0,13.757247,51.049732
12,22,6,4,19,7,2,3,6,0,0,1,0,0,0,0,1,13.843773,51.030643
12,22,6,5,10,1,3,1,3,0,0,1,1,0,0,0,0,13.701179,51.042027
12,22,6,5,15,1,3,0,1,0,0,1,0,0,0,0,0,13.838139,51.02399
12,22,6,6,0,2,3,0,7,2,0,1,0,0,0,0,0,13.827164,50.998529
12,22,6,6,10,2,3,0,1,0,0,1,0,0,0,0,0,13.78128,51.070755
12,22,6,6,13,2,3,5,3,0,0,1,1,0,0,0,0,13.698205,51.045038
12,22,6,6,16,2,3,5,3,0,0,1,1,0,0,0,0,13.781224,51.01291
12,22,6,7,15,3,3,7,7,0,0,1,0,0,0,0,0,13.730897,51.076934
12,22,6,7,15,3,3,0,1,0,0,1,0,0,0,0,0,13.788846,51.119343
12,22,6,7,15,3,3,5,3,0,0,1,1,0,0,0,0,13.801321,51.150353
12,22,6,7,18,3,2,5,3,0,0,1,1,0,0,0,0,13.670681,51.042334
12,22,6,8,7,4,3,5,3,0,0,1,1,0,0,0,0,13.702003,51.032516
12,22,6,8,8,4,3,6,6,0,0,1,0,1,0,0,0,13.731305,51.027812
12,22,6,8,12,4,3,0,1,0,0,1,0,0,0,0,0,13.876422,50.993539
12,22,6,8,16,4,3,5,2,0,0,1,1,0,0,0,0,13.78674,51.115798
12,22,6,9,8,5,2,5,3,0,0,1,1,0,0,0,0,13.756576,51.055098
12,22,6,9,14,5,3,5,3,0,1,1,1,0,0,0,0,13.714183,51.052475
12,22,6,9,16,5,3,5,2,0,1,1,1,0,0,0,0,13.702453,51.090468
12,22,6,10,8,6,3,5,2,0,0,1,1,0,0,0,0,13.725842,51.032409
12,22,6,10,9,6,3,0,7,0,0,1,0,0,0,0,0,13.674552,51.040866
12,22,6,10,13,6,2,5,3,0,0,1,1,0,0,0,0,13.745283,51.026822
12,22,6,10,17,6,3,0,1,0,0,1,0,0,0,0,0,13.739746,51.063227
12,22,6,10,18,6,3,5,2,0,0,1,1,0,0,0,0,13.731276,51.053401
12,22,6,10,21,6,3,2,6,0,0,1,0,0,0,0,0,13.756403,51.055474
12,22,6,11,10,7,3,0,7,0,0,1,0,0,0,0,0,13.75003,51.07065
12,22,6,11,10,7,3,6,1,0,0,1,0,1,0,0,0,13.84199,51.019177
12,22,6,11,11,7,3,0,1,0,0,1,0,0,0,0,0,13.813256,51.045586
12,22,6,11,16,7,3,0,1,0,0,1,0,0,0,0,0,13.703045,51.089348
12,22,6,11,18,7,3,0,4,0,0,1,0,1,0,0,0,13.807705,51.052461
12,22,6,12,3,1,3,0,7,2,0,1,0,0,0,0,0,13.758041,51.078721
12,22,6,12,18,1,2,0,7,0,0,1,0,0,0,0,0,13.843528,51.049734
12,22,6,13,11,2,3,0,1,0,0,1,0,0,0,0,0,13.75388,51.057779
12,22,6,13,12,2,3,3,2,0,0,1,1,0,0,0,0,13.741381,51.045953
12,22,6,13,16,2,3,1,5,0,0,1,1,0,0,0,0,13.797774,51.047409
12,22,6,13,16,2,3,5,3,0,0,1,1,0,0,0,0,13.810112,51.017825
12,22,6,13,16,2,2,5,3,0,0,1,1,0,0,0,0,13.822276,50.997788
12,22,6,13,17,2,3,5,7,0,0,1,1,0,0,0,0,13.779156,51.04627
12,22,6,13,19,2,3,5,3,0,0,1,0,0,0,0,1,13.678615,51.051911
12,22,6,14,7,3,3,5,3,0,0,1,1,0,0,0,0,13.789073,51.044364
12,22,6,14,8,3,3,0,7,0,0,1,0,0,0,0,0,13.814657,50.998124
12,22,6,14,11,3,3,5,2,0,0,1,1,0,0,0,0,13.757239,51.049733
12,22,6,14,13,3,3,5,3,0,0,1,1,0,0,0,0,13.7496,51.0336
12,22,6,14,16,3,3,2,6,0,0,1,1,0,0,0,0,13.773546,51.042804
12,22,6,15,12,4,3,0,1,0,0,1,0,0,0,0,0,13.710769,51.077549
12,22,6,15,14,4,3,3,2,0,0,1,1,0,0,0,0,13.702816,51.033664
12,22,6,15,15,4,3,5,3,0,0,1,1,0,0,0,0,13.755848,51.033601
12,22,6,15,15,4,3,5,2,0,0,1,1,0,0,0,0,13.827116,51.058242
12,22,6,15,15,4,3,5,2,0,0,1,1,0,0,0,0,13.854947,51.061846
12,22,6,15,16,4,3,2,6,0,0,1,0,0,0,0,0,13.757758,51.051463
12,22,6,15,17,4,3,5,3,0,0,1,1,0,0,0,0,13.699342,51.079873
12,22,6,15,19,4,3,0,1,1,0,1,0,0,0,0,0,13.848356,51.03243
12,22,6,15,19,4,3,1,5,0,0,1,1,0,0,0,0,13.862264,51.002232
12,22,6,15,20,4,3,0,1,1,0,1,0,0,0,0,0,13.771386,51.046442
12,22,6,16,6,5,3,0,1,0,0,1,0,0,0,0,0,13.70293,51.089576
12,22,6,16,8,5,2,0,1,0,0,1,0,0,0,0,0,13.781937,51.040543
12,22,6,16,8,5,3,0,1,0,0,1,0,0,0,0,0,13.790707,51.067047
12,22,6,16,14,5,3,5,3,0,0,1,1,0,0,0,0,13.746169,51.059597
12,22,6,16,14,5,3,1,7,0,0,1,1,0,0,0,0,13.758238,51.064919
12,22,6,16,15,5,3,5,2,0,0,1,1,0,0,0,0,13.740565,51.050072
12,22,6,16,16,5,3,4,6,0,0,1,0,0,0,0,0,13.715432,51.0783
12,22,6,16,19,5,3,0,1,0,0,1,0,0,0,0,0,13.737496,51.043248
12,22,6,16,23,5,2,0,1,2,0,1,0,0,0,0,0,13.776557,51.110944
12,22,6,17,6,6,3,5,3,0,0,1,1,0,0,0,0,13.71242,51.033984
12,22,6,17,11,6,2,0,7,0,0,1,0,0,0,0,0,13.778104,51.132249
12,22,6,17,13,6,2,5,3,0,0,1,1,0,0,0,0,13.733132,51.076326
12,22,6,17,13,6,3,6,6,0,0,1,0,1,0,0,0,13.865548,51.015625
12,22,6,17,16,6,3,5,3,0,0,1,1,0,0,0,0,13.750869,51.031036
12,22,6,17,16,6,3,5,5,0,0,1,1,0,0,0,0,13.792915,51.00794
12,22,6,17,17,6,3,4,2,0,0,1,1,0,0,0,0,13.701195,51.042428
12,22,6,17,17,6,3,1,1,0,0,1,1,0,0,0,0,13.798584,51.043171
12,22,6,17,18,6,3,3,6,0,0,1,0,0,0,0,0,13.781855,51.040406
12,22,6,17,19,6,3,3,2,0,0,1,1,0,0,0,0,13.749438,51.035695
12,22,6,19,6,1,3,0,1,0,0,1,0,0,0,0,0,13.739776,51.068351
12,22,6,19,16,1,2,0,1,0,0,1,0,0,0,0,0,13.700315,51.016112
12,22,6,19,17,1,3,0,7,0,0,1,0,0,0,0,0,13.740065,51.053688
12,22,6,19,22,1,2,7,1,2,0,1,0,0,0,0,0,13.776572,51.066765
12,22,6,20,7,2,3,0,4,0,0,1,0,1,0,0,0,13.718734,51.03947
12,22,6,20,8,2,3,6,4,0,0,1,0,1,0,0,0,13.752417,51.062953
12,22,6,20,11,2,3,5,3,0,0,1,0,0,0,0,0,13.751302,51.042447
12,22,6,20,15,2,3,5,3,0,1,1,1,0,0,0,0,13.701908,51.074442
12,22,6,20,15,2,3,4,6,0,0,1,1,0,0,0,0,13.710625,51.07755
12,22,6,20,16,2,3,0,3,0,1,1,1,0,0,0,0,13.77381,51.113022
12,22,6,21,7,3,3,5,2,0,0,1,1,0,0,0,0,13.788951,51.012147
12,22,6,21,10,3,3,0,1,0,0,1,0,0,0,0,0,13.757181,51.054537
12,22,6,21,14,3,3,5,2,0,0,1,1,0,0,0,0,13.739232,51.047347
12,22,6,21,15,3,3,3,6,0,0,1,1,0,0,0,0,13.722651,51.054471
12,22,6,21,17,3,3,0,7,0,0,1,1,0,0,0,0,13.758147,51.033092
12,22,6,21,18,3,3,5,3,0,0,1,1,0,0,0,0,13.777197,51.060084
12,22,6,22,1,4,2,0,1,2,0,1,0,0,0,0,0,13.785365,51.117618
12,22,6,22,7,4,3,3,6,0,0,1,1,0,1,0,0,13.773401,51.046226
12,22,6,22,9,4,3,3,2,0,0,1,1,0,0,0,0,13.747269,51.07197
12,22,6,22,9,4,3,0,6,0,0,1,1,0,0,0,0,13.792228,51.047566
12,22,6,22,9,4,3,0,7,0,0,1,0,0,0,0,0,13.801214,51.000914
12,22,6,22,14,4,3,3,2,0,0,1,0,0,1,0,0,13.829238,51.017015
12,22,6,22,15,4,3,2,6,0,0,1,1,0,0,0,0,13.804308,51.051271
12,22,6,22,16,4,3,0,1,0,0,1,0,0,0,0,0,13.711543,51.033202
12,22,6,22,17,4,3,0,7,0,0,1,0,0,0,0,0,13.847607,51.007847
12,22,6,23,7,5,3,5,3,0,0,1,1,0,0,0,0,13.723989,51.073818
12,22,6,23,7,5,3,2,2,0,0,1,1,0,0,0,0,13.802985,51.040415
12,22,6,23,8,5,3,2,6,0,0,1,1,0,0,0,0,13.701981,51.032457
12,22,6,23,10,5,3,2,2,0,0,1,1,0,0,0,0,13.798177,51.139889
12,22,6,23,18,5,3,3,2,0,0,1,1,0,0,0,0,13.775363,51.032978
12,22,6,23,22,5,2,0,7,2,0,1,0,0,0,0,0,13.774703,51.109949
12,22,6,24,0,6,2,0,1,2,0,1,0,0,0,0,0,13.76058,51.118047
12,22,6,24,6,6,3,2,6,0,0,1,1,0,0,0,0,13.835444,51.058236
12,22,6,24,7,6,3,0,7,0,0,1,0,0,0,0,0,13.826187,51.04795
12,22,6,24,14,6,3,5,3,0,0,1,1,0,0,0,0,13.724935,51.043952
12,22,6,24,16,6,3,0,7,0,1,1,0,0,0,0,0,13.682041,51.042396
12,22,6,24,16,6,3,3,2,0,1,1,1,0,0,0,0,13.725813,51.056866
12,22,6,24,16,6,3,0,7,0,0,1,0,0,0,0,0,13.725964,51.056974
12,22,6,24,18,6,3,0,1,0,1,1,0,0,0,0,0,13.772526,51.047584
12,22,6,25,2,7,3,0,1,2,0,1,0,0,0,0,0,13.755636,51.076731
12,22,6,25,11,7,3,0,1,0,0,1,0,0,0,0,0,13.72087,51.052408
12,22,6,25,11,7,2,2,6,0,0,1,0,0,0,0,0,13.750363,51.071015
12,22,6,25,14,7,3,0,1,0,0,1,0,0,0,0,0,13.872383,51.012394
12,22,6,25,16,7,2,0,7,0,0,1,0,0,0,0,0,13.837491,51.024799
12,22,6,26,17,1,3,1,5,0,0,1,1,0,0,0,0,13.726995,51.070663
12,22,6,27,6,2,3,5,3,0,0,1,1,0,0,0,0,13.70701,51.0414
12,22,6,27,13,2,3,2,6,0,0,1,1,0,0,0,0,13.804981,51.039791
12,22,6,27,14,2,2,2,6,0,0,1,0,0,0,1,0,13.746334,51.049042
12,22,6,27,15,2,2,5,3,0,0,1,1,0,0,0,0,13.804799,51.039854
12,22,6,27,16,2,3,3,2,0,0,1,1,0,0,0,0,13.695613,51.04324
12,22,6,27,16,2,3,8,1,0,0,1,0,0,0,0,0,13.800425,50.997957
12,22,6,28,8,3,3,8,1,0,1,1,0,0,0,0,0,13.730393,51.03292
12,22,6,28,14,3,3,0,1,0,0,1,0,0,0,0,0,13.773873,51.112932
12,22,6,28,17,3,3,0,1,0,0,1,0,0,0,0,0,13.836982,51.025781
12,22,6,28,20,3,3,5,3,0,0,1,1,0,0,0,0,13.812984,51.019907
12,22,6,28,22,3,2,0,1,2,0,1,0,0,0,0,0,13.84197,51.002309
12,22,6,29,9,4,3,5,3,0,0,1,1,0,0,0,0,13.707133,51.041748
12,22,6,29,11,4,3,5,2,0,0,1,1,0,0,0,0,13.81249,51.019811
12,22,6,29,13,4,3,5,3,0,0,1,1,0,0,0,0,13.705105,51.044444
12,22,6,29,15,4,3,5,3,0,0,1,1,0,0,0,0,13.721443,51.055635
12,22,6,29,15,4,3,5,3,0,0,1,1,0,0,0,0,13.783875,51.009644
12,22,6,29,16,4,3,3,6,0,0,1,0,0,0,0,0,13.776853,51.063748
12,22,6,29,17,4,3,0,7,0,0,1,0,0,0,0,0,13.741332,51.057628
12,22,6,29,20,4,3,0,1,1,1,1,0,0,0,0,0,13.760768,51.068309
12,22,6,30,7,5,3,5,3,0,0,1,1,0,0,0,0,13.750559,51.060933
12,22,6,30,8,5,3,5,2,0,0,1,1,0,0,0,0,13.738278,51.063919
12,22,6,30,8,5,3,5,3,0,0,1,1,0,0,0,0,13.74408,51.065562
12,22,6,30,9,5,3,0,6,0,0,1,1,0,0,0,0,13.788831,51.067128
12,22,6,30,11,5,2,5,3,0,0,1,1,0,0,0,0,13.710819,51.029447
12,22,6,30,14,5,3,0,7,0,0,1,0,0,0,0,0,13.797998,51.02484
12,22,6,30,16,5,3,5,3,0,0,1,1,0,0,0,0,13.818139,50.998441
12,22,6,30,21,5,2,0,1,2,0,1,0,0,0,0,0,13.713849,51.024476
12,22,7,1,7,6,3,2,1,0,0,1,1,0,0,0,0,13.777497,51.05875
12,22,7,1,12,6,3,5,3,0,0,1,1,0,0,0,0,13.780528,51.051748
12,22,7,1,14,6,3,5,3,0,1,1,0,0,1,0,0,13.740323,51.064693
12,22,7,1,14,6,3,0,1,0,1,1,0,0,0,0,0,13.787738,51.067022
12,22,7,1,15,6,3,3,6,0,0,1,0,0,0,0,0,13.754555,51.057157
12,22,7,1,15,6,3,0,1,0,1,1,0,0,0,0,0,13.80583,51.011537
12,22,7,1,18,6,3,5,3,0,0,1,1,0,0,0,0,13.760913,51.03344
12,22,7,1,21,6,3,6,4,0,0,1,0,1,0,0,0,13.712466,51.077534
12,22,7,2,11,7,3,5,2,0,0,1,1,0,0,0,0,13.747717,51.068033
12,22,7,2,13,7,3,5,3,0,0,1,1,0,0,0,0,13.842899,51.002555
12,22,7,2,14,7,3,0,1,0,0,1,0,0,0,0,0,13.691245,51.052252
12,22,7,2,15,7,3,5,2,0,0,1,1,0,0,0,0,13.85495,51.061845
12,22,7,2,16,7,3,5,2,0,0,1,1,0,0,0,0,13.729455,51.045707
12,22,7,2,19,7,3,0,1,0,0,1,0,0,0,0,0,13.756128,51.055715
12,22,7,2,20,7,2,0,7,0,0,1,0,0,0,0,0,13.834368,51.062012
12,22,7,3,0,1,3,0,1,2,0,1,0,0,0,0,0,13.690808,51.053328
12,22,7,3,9,1,2,0,1,0,0,1,0,0,0,0,0,13.813745,51.029021
12,22,7,3,19,1,3,1,5,0,0,1,1,0,0,0,0,13.710201,51.091899
12,22,7,4,5,2,2,5,3,0,0,1,1,0,0,0,0,13.690053,51.075085
12,22,7,4,19,2,2,0,1,0,0,1,0,0,0,0,0,13.765836,51.070991
12,22,7,5,6,3,3,5,2,0,0,1,1,0,0,0,0,13.777299,51.058726
12,22,7,5,7,3,2,5,2,0,0,1,1,0,0,0,0,13.786416,51.028551
12,22,7,5,11,3,3,5,3,0,0,1,1,0,0,0,0,13.767496,51.042573
12,22,7,5,18,3,3,0,7,0,0,1,0,0,0,0,0,13.77908,51.058878
12,22,7,6,8,4,3,5,2,0,0,1,1,0,0,0,0,13.70452,51.043932
12,22,7,6,12,4,2,3,6,0,0,1,0,0,0,0,0,13.717292,51.038188
12,22,7,6,16,4,3,5,3,0,0,1,0,0,0,0,0,13.688943,51.057962
12,22,7,6,16,4,3,4,1,0,0,1,0,0,0,0,1,13.760346,51.026837
12,22,7,6,18,4,3,0,7,0,0,1,0,0,0,0,0,13.625412,51.04089
12,22,7,6,21,4,3,3,6,2,0,1,0,0,0,0,0,13.80189,51.042441
12,22,7,7,7,5,3,5,2,1,1,1,1,0,0,0,0,13.771723,51.046914
12,22,7,7,7,5,3,5,2,0,1,1,1,0,0,0,0,13.788617,51.04325
12,22,7,7,7,5,3,5,3,0,1,1,1,0,0,0,0,13.798827,51.052989
12,22,7,7,8,5,3,1,7,0,1,1,1,0,0,0,0,13.779376,51.046221
12,22,7,7,10,5,3,0,7,0,1,1,0,0,0,0,0,13.739276,51.071739
12,22,7,7,12,5,3,5,3,0,1,1,1,0,0,0,0,13.753272,51.111023
12,22,7,7,14,5,3,2,1,0,1,1,1,0,0,0,0,13.798651,51.011839
12,22,7,7,15,5,3,5,3,0,0,1,1,0,0,0,0,13.774592,51.117745
12,22,7,7,16,5,3,0,1,0,0,1,0,0,0,0,0,13.747604,51.05182
12,22,7,7,20,5,2,5,3,1,1,1,1,0,0,0,0,13.715857,51.036862
12,22,7,7,21,5,3,0,7,2,1,1,0,0,0,0,0,13.749468,51.064753
12,22,7,8,1,6,3,0,1,2,0,1,0,0,0,0,0,13.802433,51.022129
12,22,7,8,7,6,3,5,3,0,0,1,1,0,0,0,0,13.78838,51.121062
12,22,7,8,16,6,3,1,5,2,0,1,1,0,0,0,0,13.804375,51.038214
12,22,7,8,20,6,3,5,3,0,0,1,1,0,0,0,0,13.7496,51.0336
12,22,7,9,9,7,3,0,7,0,0,1,0,0,0,0,0,13.730452,51.056327
12,22,7,9,14,7,3,0,3,0,0,1,1,0,0,0,0,13.785328,51.035944
12,22,7,10,0,1,2,0,7,2,1,1,0,0,0,0,0,13.731812,51.088767
12,22,7,10,13,1,3,0,5,0,0,1,1,0,0,0,0,13.701527,51.039679
12,22,7,10,15,1,3,6,7,0,0,1,0,1,0,0,0,13.705105,51.037304
12,22,7,10,15,1,3,5,2,0,0,1,1,0,0,0,0,13.776365,51.067836
12,22,7,11,6,2,3,5,3,0,0,1,1,0,0,0,0,13.738491,51.039535
12,22,7,11,8,2,3,6,4,0,0,1,0,1,0,0,0,13.821831,51.029454
12,22,7,11,14,2,3,5,3,0,0,1,1,0,0,0,0,13.726965,51.014317
12,22,7,11,14,2,3,0,1,0,0,1,0,0,0,0,0,13.758572,51.063482
12,22,7,11,16,2,3,0,1,0,0,1,0,0,0,0,0,13.794725,51.066388
12,22,7,11,17,2,3,5,2,0,0,1,1,0,0,0,0,13.840691,51.094193
12,22,7,11,23,2,2,0,1,2,0,1,0,0,0,0,0,13.701486,51.091152
12,22,7,12,8,3,3,6,4,0,0,1,0,1,0,0,0,13.774976,51.038125
12,22,7,12,11,3,3,5,3,0,0,1,1,0,0,0,0,13.810077,51.018702
12,22,7,12,12,3,2,7,7,0,0,1,0,1,0,0,0,13.876373,50.99286
12,22,7,12,13,3,3,6,4,0,0,1,0,1,0,0,0,13.726291,51.032207
12,22,7,12,15,3,3,5,3,0,0,1,0,0,0,0,0,13.752926,51.059071
12,22,7,12,15,3,3,1,5,0,0,1,1,0,0,0,0,13.786116,51.120483
12,22,7,12,17,3,3,0,1,0,0,1,0,0,0,0,0,13.676134,51.060715
12,22,7,13,0,4,3,0,1,2,0,1,0,0,0,0,0,13.757848,51.024746
12,22,7,13,6,4,3,5,3,0,0,1,1,0,0,0,0,13.809243,51.028142
12,22,7,13,7,4,3,5,3,0,0,1,1,0,0,0,0,13.727202,51.058036
12,22,7,13,11,4,3,5,3,0,0,1,0,0,0,0,1,13.732486,51.077945
12,22,7,13,12,4,3,4,6,0,0,1,0,0,0,0,1,13.828675,51.007231
12,22,7,13,13,4,3,5,3,0,0,1,1,0,0,0,0,13.897997,51.034883
12,22,7,13,14,4,3,0,7,0,1,1,0,0,0,0,0,13.745098,51.051601
12,22,7,13,15,4,3,0,1,0,0,1,0,0,0,0,0,13.666501,51.04024
12,22,7,13,15,4,3,0,7,0,0,1,0,0,0,0,0,13.734409,51.061616
12,22,7,13,15,4,3,3,2,0,0,1,0,0,0,0,0,13.80889,51.052748
12,22,7,13,16,4,3,8,6,0,0,1,1,0,0,0,0,13.734366,51.032144
12,22,7,13,20,4,3,0,1,0,0,1,0,0,0,0,0,13.749179,51.069716
12,22,7,13,22,4,3,0,7,2,0,1,1,0,0,0,0,13.680504,51.040596
12,22,7,14,8,5,3,1,5,0,0,1,1,0,0,0,0,13.718865,51.080537
12,22,7,14,9,5,3,5,3,0,0,1,1,0,0,0,0,13.837409,51.024866
12,22,7,14,16,5,3,5,3,0,0,1,1,0,0,0,0,13.701581,51.030581
12,22,7,14,16,5,3,5,3,0,0,1,1,0,0,0,0,13.728984,51.059309
12,22,7,14,21,5,2,0,1,1,0,1,0,0,0,0,0,13.832029,51.01917