UKREIS,UJAHR,UMONAT,UTAG,USTUNDE,UWOCHENTAG,UKATEGORIE,UART,UTYP,LICHT,USTRZUSTAND,IstRad,IstPKW,IstFuss,IstKrad,IstGkfz,IstSonstige,@lon,@lat
12,22,7,15,0,6,3,0,1,2,0,1,0,0,0,0,0,13.728955,51.059423
12,22,7,15,13,6,3,2,6,0,0,1,0,0,0,0,0,13.717188,51.052765
12,22,7,15,17,6,3,3,6,0,0,1,1,0,0,0,0,13.822406,51.056767
12,22,7,15,20,6,3,5,3,0,0,1,1,0,0,0,0,13.737546,51.087256
12,22,7,16,17,7,3,5,2,0,0,1,1,0,0,0,0,13.760126,51.023306
12,22,7,16,18,7,3,5,3,0,0,1,1,0,0,0,0,13.737335,51.050476
12,22,7,16,22,7,2,1,5,2,0,1,1,0,0,0,0,13.79644,51.066004
12,22,7,16,23,7,2,5,3,2,0,1,1,0,0,0,0,13.749584,51.0336
12,22,7,16,23,7,3,0,1,2,0,1,0,0,0,0,0,13.812419,51.063819
12,22,7,17,10,1,3,6,6,0,0,1,0,1,0,0,0,13.757614,51.039929
12,22,7,17,15,1,3,0,7,0,0,1,0,0,0,0,0,13.846269,51.017374
12,22,7,17,20,1,2,6,6,0,0,1,0,1,0,0,0,13.752316,51.04205
12,22,7,18,18,2,3,6,4,0,0,1,0,1,0,0,0,13.735337,51.052569
12,22,7,18,22,2,2,5,3,2,0,1,1,0,0,0,0,13.762378,51.120217
12,22,7,19,6,3,3,0,1,0,0,1,0,0,0,0,0,13.715255,51.036477
12,22,7,19,8,3,3,5,2,0,0,1,1,0,0,0,0,13.728082,51.084388
12,22,7,19,14,3,3,5,3,0,0,1,1,0,0,0,0,13.769025,51.052643
12,22,7,20,8,4,3,0,1,0,0,1,0,0,0,0,0,13.686968,51.039813
12,22,7,20,19,4,3,1,5,0,0,1,1,0,0,0,0,13.757264,51.063902
12,22,7,21,7,5,2,0,1,0,0,1,0,0,0,0,0,13.837484,51.024814
12,22,7,21,14,5,3,0,1,0,0,1,0,0,0,0,0,13.746729,51.053336
12,22,7,21,15,5,3,2,6,0,0,1,0,0,0,0,1,13.719016,51.096499
12,22,7,22,0,6,3,0,7,2,0,1,0,0,0,0,0,13.74709,51.068093
12,22,7,22,5,6,3,5,3,0,0,1,1,0,0,0,0,13.825134,51.003417
12,22,7,22,12,6,3,0,7,0,0,1,0,0,0,0,0,13.756478,51.077431
12,22,7,22,18,6,3,5,2,0,0,1,1,0,0,0,0,13.730586,51.088953
12,22,7,22,19,6,3,5,2,0,0,1,1,0,0,0,0,13.692578,51.047313
12,22,7,23,11,7,3,0,7,0,0,1,0,0,0,0,0,13.7155,51.027114
12,22,7,23,17,7,3,0,1,0,0,1,0,0,0,0,0,13.777721,51.052908
12,22,7,23,18,7,2,0,1,0,0,1,0,0,0,0,0,13.731477,51.027266
12,22,7,24,1,1,3,0,1,2,0,1,0,0,0,0,0,13.750696,51.071382
12,22,7,24,3,1,2,0,1,2,0,1,0,0,0,0,0,13.739527,51.052627
12,22,7,24,13,1,2,0,1,0,0,1,0,0,0,0,0,13.701571,51.039358
12,22,7,25,15,2,3,1,6,0,0,1,1,0,0,0,0,13.749381,51.035669
12,22,7,25,18,2,3,0,1,0,0,1,0,0,0,0,0,13.692033,51.037691
12,22,7,25,23,2,3,5,3,2,0,1,0,0,0,0,1,13.79736,51.024198
12,22,7,26,7,3,3,5,3,0,0,1,1,0,0,0,0,13.735458,51.073033
12,22,7,26,7,3,3,5,3,0,0,1,1,0,0,0,0,13.878473,51.05996
12,22,7,26,12,3,3,0,1,0,0,1,0,0,0,0,0,13.718082,51.07753
12,22,7,26,16,3,3,0,1,0,0,1,0,0,0,0,0,13.740346,51.064701
12,22,7,26,16,3,3,5,3,0,0,1,1,0,0,0,0,13.761725,51.031738
12,22,7,26,20,3,3,6,4,0,0,1,1,1,0,0,0,13.788586,51.042636
12,22,7,27,10,4,3,3,6,0,0,1,1,0,0,0,0,13.701657,51.045568
12,22,7,27,11,4,3,5,3,0,0,1,1,0,0,0,0,13.728836,51.083663
12,22,7,27,13,4,3,3,6,0,0,1,1,0,0,0,0,13.738061,51.054357
12,22,7,27,17,4,2,6,4,0,0,1,0,1,0,0,0,13.720493,51.093082
12,22,7,28,10,5,3,0,5,0,0,1,0,0,0,1,0,13.804819,51.024175
12,22,7,28,11,5,3,5,2,0,0,1,1,0,0,0,0,13.765536,51.073194
12,22,7,28,11,5,3,3,1,0,0,1,1,0,0,0,0,13.808888,51.047486
12,22,7,28,11,5,3,3,6,0,0,1,1,0,0,0,0,13.843931,51.124608
12,22,7,28,15,5,3,5,6,0,0,1,0,0,0,0,0,13.702336,51.043738
12,22,7,28,17,5,3,5,3,0,0,1,1,0,0,0,0,13.878471,51.05996
12,22,7,29,5,6,3,4,6,0,0,1,0,0,0,0,0,13.688694,51.08305
12,22,7,29,14,6,3,5,3,0,0,1,1,0,0,0,0,13.739075,51.074574
12,22,7,29,23,6,3,0,1,2,0,1,0,0,0,0,0,13.786862,51.066936
12,22,7,30,10,7,3,0,7,0,0,1,0,0,0,0,0,13.701703,51.031073
12,22,7,30,13,7,3,0,1,0,1,1,0,0,0,0,0,13.811707,51.020813
12,22,7,30,13,7,3,5,3,0,0,1,1,0,0,0,0,13.844682,51.003205
12,22,7,31,1,1,3,0,1,2,0,1,0,0,0,0,0,13.701105,51.016526
12,22,7,31,18,1,3,5,3,0,0,1,1,0,0,0,0,13.786499,51.068396
12,22,7,31,20,1,3,0,1,0,0,1,0,0,0,0,0,13.727629,51.031877
12,22,8,1,6,2,3,0,1,0,0,1,0,0,0,0,0,13.729997,51.036312
12,22,8,1,9,2,3,4,6,0,1,1,0,0,0,0,0,13.689647,51.069142
12,22,8,1,12,2,3,4,2,0,0,1,1,0,0,0,0,13.788712,51.017247
12,22,8,2,2,3,2,0,1,2,0,1,0,0,0,0,0,13.756574,51.04865
12,22,8,2,7,3,3,5,3,0,0,1,1,0,0,0,0,13.743606,51.035658
12,22,8,2,8,3,3,0,1,0,0,1,0,0,0,0,0,13.849087,51.004325
12,22,8,2,15,3,3,5,3,0,0,1,0,0,0,0,0,13.678287,51.047671
12,22,8,3,6,4,3,0,1,0,0,1,0,0,0,0,0,13.71821,51.077526
12,22,8,3,7,4,3,5,3,0,0,1,1,0,0,0,0,13.756576,51.055098
12,22,8,3,9,4,2,5,2,0,0,1,1,0,0,0,0,13.715963,51.036981
12,22,8,3,11,4,3,0,7,0,1,1,0,0,0,0,1,13.752085,51.036986
12,22,8,4,0,5,3,0,1,2,0,1,0,0,0,0,0,13.750409,51.071442
12,22,8,4,7,5,3,0,7,0,0,1,0,0,0,0,0,13.768965,51.099209
12,22,8,4,8,5,2,0,7,0,0,1,0,0,0,0,0,13.741987,51.046614
12,22,8,4,10,5,3,5,3,0,0,1,1,0,0,0,0,13.755608,51.029565
12,22,8,4,12,5,2,0,1,0,0,1,0,0,0,0,0,13.760392,51.026781
12,22,8,4,15,5,2,0,3,0,0,1,1,0,0,0,0,13.733819,51.05073
12,22,8,4,15,5,3,5,2,0,0,1,1,0,0,0,0,13.799471,50.998694
12,22,8,4,22,5,3,0,6,2,0,1,0,0,0,0,1,13.714332,51.079829
12,22,8,5,13,6,2,3,6,0,0,1,1,0,0,0,0,13.704922,51.034366
12,22,8,5,14,6,3,5,2,0,0,1,1,0,0,0,0,13.702273,51.045862
12,22,8,6,9,7,3,5,3,0,0,1,0,0,0,0,1,13.80064,51.004041
12,22,8,6,17,7,2,2,6,0,0,1,0,0,0,0,0,13.752652,51.060465
12,22,8,7,1,1,3,0,1,2,0,1,0,0,0,0,0,13.773149,51.046324
12,22,8,7,4,1,3,0,1,2,0,1,0,0,0,0,0,13.753164,51.066542
12,22,8,7,10,1,3,5,3,0,0,1,1,0,0,0,0,13.724034,51.03095
12,22,8,7,11,1,3,0,1,0,1,1,0,0,0,0,0,13.875844,51.01541
12,22,8,7,19,1,3,5,3,0,0,1,1,0,0,0,0,13.762372,51.120214
12,22,8,7,21,1,3,5,3,2,0,1,1,0,0,0,0,13.740799,51.047233
12,22,8,8,4,2,3,5,3,2,0,1,1,0,0,0,0,13.687826,51.05652
12,22,8,8,13,2,3,4,6,0,0,1,0,0,0,0,0,13.774161,51.01382
12,22,8,8,14,2,3,5,3,0,0,1,1,0,0,0,0,13.732638,51.029573
12,22,8,9,8,3,3,5,3,0,0,1,1,0,0,0,0,13.746532,51.072109
12,22,8,9,12,3,3,0,1,0,0,1,0,0,0,0,0,13.728017,51.045346
12,22,8,9,15,3,3,5,3,0,0,1,1,0,0,0,0,13.747791,51.053485
12,22,8,9,16,3,3,5,2,0,0,1,1,0,0,0,0,13.692435,51.083374
12,22,8,11,7,5,3,5,2,0,0,1,1,0,0,0,0,13.731,51.042426
12,22,8,11,15,5,3,5,2,0,0,1,0,0,0,0,0,13.700585,51.082304
12,22,8,11,16,5,3,5,3,0,0,1,1,0,0,0,0,13.714518,51.030775
12,22,8,11,16,5,3,2,4,0,0,1,1,1,0,0,0,13.806631,51.052115
12,22,8,11,21,5,3,6,6,2,0,1,0,1,0,0,0,13.721894,51.055674
12,22,8,12,12,6,2,5,3,0,0,1,0,0,0,0,1,13.762372,51.120214
12,22,8,12,15,6,3,5,2,0,0,1,1,0,0,0,0,13.761629,51.051987
12,22,8,12,17,6,2,0,1,0,0,1,0,0,0,0,0,13.716202,51.077772
12,22,8,12,17,6,3,0,7,0,0,1,0,0,0,0,0,13.757175,51.049784
12,22,8,12,18,6,3,4,2,0,0,1,1,0,0,0,0,13.761435,51.071091
12,22,8,12,23,6,3,1,5,2,0,1,1,0,0,0,0,13.802611,51.027982
12,22,8,13,2,7,3,7,1,2,0,1,0,0,0,0,0,13.713996,51.038154
12,22,8,15,8,2,3,0,1,0,0,1,0,0,0,0,0,13.722589,51.056557
12,22,8,15,9,2,3,2,5,0,0,1,1,0,0,0,0,13.775016,51.110617
12,22,8,15,11,2,3,5,2,0,0,1,0,0,0,1,0,13.69193,51.08433
12,22,8,15,18,2,2,0,1,1,1,1,0,0,0,0,0,13.757453,51.034842
12,22,8,16,9,3,3,7,7,0,0,1,0,0,0,0,0,13.639485,51.032371
12,22,8,16,15,3,3,5,3,0,0,1,1,0,0,0,0,13.733829,51.075191
12,22,8,16,16,3,2,3,6,0,0,1,1,0,0,0,0,13.879147,51.040992
12,22,8,16,17,3,3,3,6,0,0,1,0,0,0,0,0,13.766347,51.093664
12,22,8,17,8,4,3,0,1,0,0,1,0,0,0,0,0,13.717925,51.048777
12,22,8,18,8,5,3,5,3,0,0,1,1,0,0,0,0,13.783059,51.052052
12,22,8,18,8,5,2,0,1,0,0,1,0,0,0,0,0,13.80427,51.048346
12,22,8,18,13,5,3,0,1,0,0,1,0,0,0,0,0,13.811676,51.02116
12,22,8,18,15,5,3,1,5,0,0,1,1,0,0,0,0,13.632643,51.087258
12,22,8,18,18,5,2,0,1,0,0,1,0,0,0,0,0,13.754078,51.026626
12,22,8,19,5,6,3,0,7,0,0,1,0,0,0,0,0,13.790945,51.043214
12,22,8,19,9,6,3,0,1,0,1,1,0,0,0,0,0,13.722974,51.090166
12,22,8,19,13,6,3,0,1,0,0,1,0,0,0,0,0,13.860811,51.009114
12,22,8,19,16,6,3,5,2,0,0,1,1,0,0,0,0,13.731217,51.024829
12,22,8,19,21,6,3,5,3,2,0,1,1,0,0,0,0,13.724932,51.043953
12,22,8,20,17,7,3,0,1,0,1,1,0,0,0,0,0,13.75579,51.045729
12,22,8,20,18,7,3,0,1,0,1,1,0,0,0,0,0,13.800084,51.140061
12,22,8,20,23,7,3,0,1,2,1,1,0,0,0,0,0,13.739788,51.053719
12,22,8,21,18,1,3,0,1,0,0,1,0,0,0,0,0,13.831048,51.026502
12,22,8,21,19,1,3,0,7,1,0,1,0,0,0,0,0,13.720093,51.080442
12,22,8,21,22,1,3,0,1,2,0,1,0,0,0,0,0,13.798255,51.006335
12,22,8,21,23,1,3,5,3,2,0,1,1,0,0,0,0,13.747047,51.063693
12,22,8,22,0,2,2,0,1,2,0,1,0,0,0,0,0,13.717191,51.077491
12,22,8,22,9,2,3,1,7,0,0,1,1,0,0,0,0,13.748672,51.076093
12,22,8,22,15,2,3,4,6,0,0,1,0,0,0,0,0,13.679949,51.020796
12,22,8,22,16,2,2,0,1,0,0,1,0,0,0,0,0,13.832651,51.029474
12,22,8,23,12,3,3,0,1,0,1,1,0,0,0,0,0,13.733562,51.035637
12,22,8,23,16,3,3,5,3,0,0,1,0,0,0,0,0,13.739365,51.078714
12,22,8,23,16,3,3,0,7,0,0,1,0,0,0,0,0,13.777604,51.052868
12,22,8,23,18,3,3,0,7,0,0,1,0,0,0,0,0,13.691442,51.042721
12,22,8,24,6,4,3,5,3,0,0,1,1,0,0,0,0,13.777197,51.060082
12,22,8,24,8,4,3,5,3,0,0,1,1,0,0,0,0,13.680422,51.062116
12,22,8,24,8,4,3,0,1,0,0,1,0,0,0,0,0,13.880902,51.020206
12,22,8,24,18,4,3,4,6,0,0,1,0,0,0,0,0,13.717449,51.077213
12,22,8,24,19,4,3,5,3,0,0,1,1,0,0,0,0,13.809071,51.047227
12,22,8,25,0,5,3,0,1,2,0,1,0,0,0,0,0,13.811018,51.053747
12,22,8,25,9,5,3,5,2,0,0,1,1,0,0,0,0,13.739032,51.050281
12,22,8,25,17,5,3,5,3,0,0,1,1,0,0,0,0,13.808644,51.038018
12,22,8,25,19,5,3,1,5,0,0,1,1,0,0,0,0,13.824219,51.033383
12,22,8,25,20,5,2,3,6,1,0,1,1,0,0,0,0,13.742129,51.064664
12,22,8,26,10,6,3,0,1,0,0,1,0,0,0,0,0,13.776072,51.051183
12,22,8,26,21,6,3,0,1,2,0,1,0,0,0,0,0,13.817399,51.015256
12,22,8,27,9,7,2,0,1,0,1,1,0,0,0,0,0,13.756134,51.069765
12,22,8,27,14,7,3,5,3,0,1,1,1,0,0,0,0,13.702003,51.032516
12,22,8,27,22,7,3,0,3,2,0,1,1,0,0,0,0,13.822809,51.032073
12,22,8,28,17,1,2,0,1,0,0,1,0,0,0,0,0,13.675755,51.060645
12,22,8,29,6,2,3,6,4,0,0,1,0,1,0,0,0,13.783576,51.035086
12,22,8,29,7,2,3,5,2,0,0,1,1,0,0,0,0,13.7925,51.037253
12,22,8,29,12,2,3,0,7,0,0,1,0,0,0,0,0,13.700338,51.039845
12,22,8,29,15,2,3,5,2,0,0,1,1,0,0,0,0,13.786386,51.028519
12,22,8,30,6,3,3,4,2,0,0,1,1,0,0,0,0,13.748359,51.032334
12,22,8,30,7,3,2,5,3,0,0,1,1,0,0,0,0,13.707008,51.041401
12,22,8,30,14,3,3,0,1,0,0,1,0,0,0,0,0,13.72266,51.074788
12,22,8,30,15,3,3,1,5,0,0,1,1,0,0,0,0,13.759957,51.022367
12,22,8,31,6,4,3,5,3,0,0,1,1,0,0,0,0,13.79242,51.058182
12,22,8,31,6,4,3,5,3,0,0,1,1,0,0,0,0,13.87803,51.059981
12,22,8,31,7,4,3,5,3,0,0,1,1,0,0,0,0,13.761323,51.083411
12,22,8,31,11,4,2,6,7,0,0,1,0,1,0,0,0,13.852364,50.997862
12,22,8,31,14,4,3,0,1,0,0,1,0,0,0,0,0,13.685455,51.084533
12,22,8,31,15,4,3,2,5,0,0,1,1,0,0,0,0,13.719963,51.059321
12,22,8,31,16,4,3,4,6,0,0,1,1,0,0,0,0,13.661887,51.068253
12,22,9,1,6,5,3,5,3,0,0,1,1,0,0,0,0,13.881696,50.994717
12,22,9,1,7,5,3,6,4,0,0,1,0,1,0,0,0,13.747285,51.078692
12,22,9,1,11,5,3,3,2,0,0,1,0,0,0,1,0,13.658037,51.03971
12,22,9,1,11,5,3,0,1,0,0,1,0,0,0,0,0,13.791092,51.066992
12,22,9,1,15,5,3,0,1,0,0,1,0,0,0,0,0,13.813836,51.063869
12,22,9,1,17,5,2,3,1,0,0,1,1,0,0,0,0,13.778732,51.031465
12,22,9,1,17,5,2,5,2,0,0,1,0,0,0,0,0,13.836137,51.007172
12,22,9,1,18,5,3,7,7,0,0,1,0,0,0,0,1,13.758206,51.06485
12,22,9,1,20,5,2,5,3,2,0,1,1,0,0,0,0,13.729842,51.082681
12,22,9,2,10,6,3,0,1,0,0,1,0,0,0,1,0,13.749694,51.070282
12,22,9,2,15,6,3,5,2,0,0,1,1,0,0,0,0,13.73164,51.026527
12,22,9,3,9,7,3,0,7,0,0,1,1,0,0,0,0,13.743136,51.072827
12,22,9,3,15,7,3,0,1,0,0,1,0,0,0,0,0,13.751043,51.071277
12,22,9,3,23,7,3,1,1,2,0,1,1,0,0,0,0,13.750363,51.066196
12,22,9,4,13,1,3,0,1,0,0,1,0,0,0,0,0,13.6929,51.046528
12,22,9,4,16,1,3,5,3,0,0,1,1,0,0,0,0,13.763465,51.068061
12,22,9,4,16,1,3,3,6,0,0,1,0,0,0,0,0,13.860091,51.009272
12,22,9,4,17,1,3,4,2,0,0,1,1,0,0,0,0,13.72617,51.086339
12,22,9,4,18,1,3,0,3,0,0,1,1,0,0,0,0,13.783147,51.018053
12,22,9,5,11,2,3,0,1,0,0,1,0,0,0,0,0,13.790385,51.067093
12,22,9,6,8,3,3,1,5,0,0,1,1,0,0,0,0,13.718268,51.031564
12,22,9,6,12,3,3,2,6,0,0,1,1,0,0,0,0,13.824636,51.012551
12,22,9,6,14,3,3,0,1,0,0,1,0,0,0,0,0,13.791582,51.07236
12,22,9,6,15,3,2,0,1,0,1,1,0,0,0,0,0,13.69066,51.053691
12,22,9,6,15,3,3,0,1,0,0,1,0,0,0,0,0,13.708664,51.078956
12,22,9,6,16,3,3,5,3,0,1,1,1,0,0,0,0,13.719573,51.035213
12,22,9,6,17,3,3,0,1,0,1,1,0,0,0,0,0,13.787065,51.029241
12,22,9,6,18,3,3,6,4,0,1,1,0,1,0,0,0,13.799774,51.005562
12,22,9,7,8,4,3,4,2,0,0,1,1,0,0,0,0,13.818503,51.029419
12,22,9,7,13,4,3,5,2,0,0,1,1,0,0,0,0,13.775646,51.045355
12,22,9,7,14,4,3,5,7,0,0,1,0,0,0,0,0,13.738501,51.069673
12,22,9,7,14,4,3,0,1,0,1,1,0,0,0,0,0,13.739618,51.052591
12,22,9,7,15,4,3,0,7,0,0,1,1,0,0,0,0,13.68955,51.067926
12,22,9,7,17,4,3,3,2,0,0,1,1,0,0,0,0,13.777318,51.058729
12,22,9,7,20,4,3,3,2,2,0,1,1,0,0,0,0,13.741232,51.04634
12,22,9,8,14,5,3,5,3,0,1,1,0,0,0,0,1,13.672768,51.052896
12,22,9,8,14,5,3,5,3,0,1,1,0,0,0,0,0,13.685953,51.062939
12,22,9,8,14,5,3,0,7,0,1,1,0,0,0,0,0,13.81775,51.007847
12,22,9,9,10,6,3,3,2,0,1,1,1,0,0,0,0,13.707735,51.061613
12,22,9,9,10,6,3,5,3,0,0,1,1,0,0,0,0,13.840954,51.004046
12,22,9,9,12,6,3,0,1,0,1,1,0,0,0,0,0,13.797632,51.012585
12,22,9,9,16,6,3,0,1,0,1,1,0,0,0,0,0,13.730475,51.096899
12,22,9,9,16,6,3,0,1,0,0,1,0,0,0,0,0,13.736915,51.071393
12,22,9,10,7,7,3,6,4,0,0,1,0,1,0,0,0,13.735603,51.029279
12,22,9,10,19,7,3,0,1,2,0,1,0,0,0,0,0,13.830663,51.009525
12,22,9,12,5,2,3,0,1,2,1,1,0,0,0,0,0,13.811948,51.064226
12,22,9,12,8,2,3,0,1,0,0,1,0,0,0,0,0,13.771788,51.046889
12,22,9,12,12,2,3,5,3,0,0,1,1,0,0,0,0,13.703784,51.087844
12,22,9,12,13,2,3,5,3,0,0,1,1,0,0,0,0,13.679622,51.04357
12,22,9,12,15,2,3,5,3,0,0,1,0,0,0,0,0,13.73967,51.119031
12,22,9,12,16,2,3,5,3,0,0,1,1,0,0,0,0,13.672012,51.017121
12,22,9,12,17,2,3,5,3,0,0,1,1,0,0,0,0,13.728967,51.059321
12,22,9,13,7,3,3,6,4,0,0,1,0,1,0,0,0,13.705882,51.027637
12,22,9,13,7,3,3,5,3,0,0,1,1,0,0,0,0,13.752184,51.05442
12,22,9,13,10,3,3,0,1,0,1,1,0,0,0,0,0,13.837722,51.024489
12,22,9,13,11,3,3,5,3,0,0,1,1,0,0,0,0,13.725213,51.05021
12,22,9,13,14,3,3,5,2,0,0,1,0,0,0,0,1,13.788647,51.043277
12,22,9,13,16,3,3,6,4,0,0,1,0,1,0,0,0,13.77649,51.016918
12,22,9,13,18,3,3,6,4,0,0,1,0,1,0,0,0,13.757729,51.054041
12,22,9,13,20,3,3,0,1,2,0,1,0,0,0,0,0,13.782551,51.121821
12,22,9,14,15,4,2,0,1,0,1,1,0,0,0,0,0,13.736233,51.04235
12,22,9,14,15,4,3,5,2,0,1,1,1,0,0,0,0,13.758366,51.046258
12,22,9,15,11,5,2,1,5,0,0,1,1,0,0,0,0,13.839824,51.021333
12,22,9,15,14,5,3,5,3,0,0,1,1,0,0,0,0,13.748928,51.027831
12,22,9,16,2,6,3,0,1,2,0,1,0,0,0,0,0,13.709304,51.044792
12,22,9,16,9,6,3,5,3,0,0,1,0,0,0,0,0,13.751368,51.042418
12,22,9,16,11,6,2,5,3,0,0,1,0,0,0,0,1,13.78848,51.041401
12,22,9,16,13,6,3,0,1,0,0,1,0,0,0,0,0,13.708967,51.044707
12,22,9,17,14,7,3,1,1,0,1,1,1,0,0,0,0,13.728251,51.076475
12,22,9,17,17,7,3,5,3,0,1,1,1,0,0,0,0,13.771573,51.015747
12,22,9,17,23,7,3,0,1,2,1,1,0,0,0,0,0,13.733619,51.07548
12,22,9,19,6,2,2,0,1,0,1,1,0,0,0,0,0,13.769544,51.010148
12,22,9,19,9,2,3,5,2,0,1,1,0,0,0,0,1,13.787544,51.053872
12,22,9,19,13,2,3,5,3,0,0,1,1,0,0,0,0,13.804186,51.050753
12,22,9,19,16,2,3,6,6,0,0,1,0,1,0,0,0,13.73897,51.049907
12,22,9,19,16,2,2,5,3,0,0,1,1,0,0,0,0,13.769595,51.051074
12,22,9,20,9,3,2,0,7,0,1,1,0,0,0,0,0,13.827356,51.025261
12,22,9,21,6,4,3,5,2,2,0,1,1,0,0,0,0,13.704237,51.043578
12,22,9,21,9,4,3,7,7,0,0,1,0,0,0,0,0,13.673711,51.091474
12,22,9,21,14,4,2,5,3,0,0,1,0,0,0,0,1,13.746052,51.059647
12,22,9,21,19,4,3,5,3,2,1,1,1,0,0,0,0,13.786419,51.028505
12,22,9,22,1,5,3,0,1,2,0,1,0,0,0,0,0,13.753703,51.06896
12,22,9,22,5,5,3,5,2,2,0,1,1,0,0,0,0,13.799792,50.998525
12,22,9,22,11,5,3,0,1,0,1,1,0,0,0,0,0,13.691739,51.050384
12,22,9,23,8,6,3,5,3,0,0,1,1,0,0,0,0,13.707173,51.042222
12,22,9,23,22,6,3,0,1,2,0,1,0,0,0,0,0,13.749268,51.047822
12,22,9,24,9,7,3,0,7,0,0,1,0,0,0,0,0,13.759824,51.052136
12,22,9,24,11,7,3,2,6,0,0,1,1,0,0,0,0,13.806084,51.052137
12,22,9,24,13,7,3,3,2,0,0,1,1,0,0,0,0,13.777317,51.058729
12,22,9,24,17,7,3,0,1,1,0,1,0,0,0,0,0,13.690618,51.053799
12,22,9,24,19,7,3,5,3,0,0,1,1,0,0,0,0,13.761637,51.036624
12,22,9,25,15,1,3,3,6,0,0,1,1,0,0,0,0,13.737544,51.087253
12,22,9,25,16,1,3,5,3,1,0,1,0,0,0,0,0,13.854978,51.065352
12,22,9,26,5,2,3,1,1,2,1,1,1,0,0,0,0,13.760264,51.026938
12,22,9,26,8,2,3,0,1,0,1,1,0,0,0,0,0,13.684031,51.051354
12,22,9,26,11,2,2,5,3,0,0,1,0,0,0,0,1,13.690328,51.082635
12,22,9,26,11,2,3,2,1,0,0,1,1,0,0,0,0,13.769007,51.013534
12,22,9,27,9,3,3,0,1,0,1,1,0,0,0,0,0,13.837413,51.024868
12,22,9,27,14,3,3,5,2,0,0,1,1,0,0,0,0,13.739054,51.073938
12,22,9,27,14,3,3,0,1,0,1,1,0,0,0,0,0,13.772749,51.046483
12,22,9,27,15,3,3,0,6,0,0,1,1,0,0,0,0,13.672501,51.067296
12,22,9,27,19,3,3,5,2,2,1,1,1,0,0,0,0,13.793629,51.02864
12,22,9,28,7,4,3,0,5,0,0,1,1,0,0,0,0,13.707258,51.091645
12,22,9,28,9,4,3,0,5,0,1,1,1,0,0,0,0,13.799649,51.056513
12,22,9,28,10,4,2,6,4,0,1,1,0,1,0,0,0,13.755418,51.063696
12,22,9,28,14,4,3,5,3,0,1,1,1,0,0,0,0,13.776387,51.067734
12,22,9,28,17,4,3,0,1,0,1,1,0,0,0,0,0,13.724334,51.057876
12,22,9,29,7,5,2,5,3,0,0,1,1,0,0,0,0,13.768257,51.015701
12,22,9,29,15,5,3,5,2,0,0,1,1,0,0,0,0,13.889704,51.065507
12,22,9,30,7,6,3,3,6,0,0,1,0,0,0,0,0,13.758352,51.053122
12,22,9,30,7,6,3,0,1,1,0,1,0,0,0,0,0,13.784332,51.07081
12,22,9,30,16,6,3,5,3,0,0,1,1,0,0,0,0,13.724775,51.073234
12,22,9,30,16,6,3,5,3,0,0,1,1,0,0,0,0,13.774847,51.110254
12,22,9,30,17,6,3,5,2,0,0,1,1,0,0,0,0,13.780342,51.030861
12,22,9,30,21,6,3,5,2,2,0,1,1,0,0,0,0,13.745782,51.028542
12,22,10,2,17,1,3,0,1,0,0,1,0,0,0,0,0,13.701364,51.091235
12,22,10,3,8,2,3,0,1,0,1,1,0,0,0,0,0,13.696158,51.043297
12,22,10,4,7,3,3,5,3,0,0,1,1,0,0,0,0,13.751536,51.047211
12,22,10,4,7,3,3,0,5,0,0,1,1,0,0,0,0,13.755487,51.033719
12,22,10,4,16,3,3,5,2,0,0,1,1,0,0,0,0,13.718976,51.09663
12,22,10,5,15,4,3,6,4,0,0,1,0,1,0,0,0,13.701567,51.039389
12,22,10,5,16,4,3,6,4,0,0,1,0,1,0,0,0,13.673384,51.082107
12,22,10,5,16,4,2,0,1,0,0,1,0,0,0,0,0,13.824498,51.057929
12,22,10,6,8,5,3,8,1,0,1,1,0,0,0,0,0,13.64067,51.058488
12,22,10,6,10,5,3,0,1,0,1,1,0,0,0,0,0,13.704801,51.076227
12,22,10,6,10,5,3,1,5,0,0,1,1,0,0,0,0,13.799562,51.05655
12,22,10,6,16,5,3,4,1,0,0,1,0,0,0,0,0,13.732523,51.061047
12,22,10,6,16,5,3,5,3,0,0,1,0,0,0,0,1,13.874651,51.060562
12,22,10,7,7,6,3,0,1,0,0,1,0,0,0,0,0,13.7763,51.068127
12,22,10,7,11,6,3,0,1,0,0,1,0,0,0,0,0,13.691456,51.051477
12,22,10,8,10,7,2,5,3,0,0,1,1,0,0,0,0,13.812762,51.028531
12,22,10,8,16,7,3,5,3,0,0,1,1,0,0,0,0,13.672013,51.017122
12,22,10,10,8,2,3,3,2,0,0,1,0,0,0,0,1,13.708958,51.047232
12,22,10,10,13,2,2,0,1,0,0,1,0,0,0,0,0,13.720433,51.040975
12,22,10,10,16,2,3,2,6,0,0,1,1,0,0,0,0,13.80759,51.052417
12,22,10,10,17,2,3,5,3,0,0,1,1,0,0,0,0,13.689308,51.067729
12,22,10,11,6,3,3,2,2,0,0,1,1,0,0,0,0,13.681583,51.052444
12,22,10,11,8,3,3,0,7,0,0,1,0,0,0,0,0,13.759113,51.053696
12,22,10,11,15,3,3,5,3,0,0,1,1,0,0,0,0,13.780575,51.042186
12,22,10,11,18,3,3,5,3,1,0,1,1,0,0,0,0,13.7496,51.0336
12,22,10,11,21,3,3,0,1,2,0,1,0,0,0,0,0,13.838045,51.000804