UKREIS,UJAHR,UMONAT,UTAG,USTUNDE,UWOCHENTAG,UKATEGORIE,UART,UTYP,LICHT,USTRZUSTAND,IstRad,IstPKW,IstFuss,IstKrad,IstGkfz,IstSonstige,@lon,@lat
12,22,10,12,12,4,3,5,3,0,0,1,1,0,0,0,0,13.74872,51.048253
12,22,10,12,14,4,3,4,2,0,0,1,1,0,0,0,0,13.775812,51.050804
12,22,10,12,14,4,3,6,6,0,0,1,0,1,0,0,0,13.808019,51.027501
12,22,10,12,15,4,3,4,6,0,0,1,1,0,0,0,0,13.776416,51.112239
12,22,10,12,15,4,3,1,1,0,1,1,1,0,0,0,0,13.848667,51.064002
12,22,10,12,17,4,3,0,1,0,0,1,0,0,0,0,0,13.729092,51.051058
12,22,10,12,17,4,3,5,2,0,0,1,1,0,0,0,0,13.840951,51.126036
12,22,10,12,18,4,3,5,2,1,0,1,1,0,0,0,0,13.759743,51.081143
12,22,10,12,19,4,3,0,1,2,0,1,0,0,0,0,0,13.795189,51.133857
12,22,10,13,7,5,3,4,6,1,0,1,0,0,0,0,0,13.741381,51.053548
12,22,10,13,17,5,3,5,3,0,0,1,1,0,0,0,0,13.803907,51.037813
12,22,10,13,18,5,2,0,1,1,0,1,0,0,0,0,0,13.802724,51.049693
12,22,10,14,10,6,3,5,3,0,0,1,1,0,0,0,0,13.75936,51.028669
12,22,10,14,11,6,3,5,3,0,0,1,1,0,0,0,0,13.825135,51.003416
12,22,10,14,12,6,3,5,3,0,0,1,1,0,0,0,0,13.732988,51.076654
12,22,10,14,14,6,2,5,2,0,0,1,1,0,0,0,0,13.773674,51.048758
12,22,10,14,15,6,3,4,2,0,0,1,1,0,0,0,0,13.78979,51.045249
12,22,10,14,16,6,3,0,1,0,0,1,0,0,0,0,0,13.708467,51.078937
12,22,10,14,16,6,3,0,1,0,0,1,0,0,0,0,0,13.714904,51.028589
12,22,10,14,18,6,3,4,6,1,0,1,1,0,0,0,0,13.853382,51.009977
12,22,10,14,19,6,2,0,1,2,0,1,0,0,0,0,0,13.738151,51.043761
12,22,10,14,20,6,3,1,2,2,0,1,1,0,0,0,0,13.69203,51.049062
12,22,10,15,5,7,3,0,1,2,1,1,0,0,0,0,0,13.71641,51.077661
12,22,10,15,9,7,3,5,2,0,1,1,1,0,0,0,0,13.729456,51.045707
12,22,10,15,14,7,3,0,1,0,1,1,0,0,0,0,0,13.796004,51.135106
12,22,10,15,15,7,3,5,3,0,0,1,1,0,0,0,0,13.761521,51.051802
12,22,10,15,15,7,3,0,1,0,1,1,0,0,0,0,0,13.814247,51.054835
12,22,10,16,16,1,3,0,1,0,0,1,0,0,0,0,0,13.719702,51.09431
12,22,10,17,8,2,3,4,2,0,1,1,1,0,0,0,0,13.814411,51.009897
12,22,10,17,9,2,2,5,3,0,1,1,0,0,1,0,0,13.755976,51.055856
12,22,10,17,14,2,3,5,3,0,0,1,1,0,0,0,0,13.611733,51.044636
12,22,10,17,15,2,3,0,7,0,0,1,0,0,0,0,0,13.750115,51.033437
12,22,10,17,17,2,3,5,2,0,0,1,1,0,0,0,0,13.755946,51.055883
12,22,10,17,17,2,3,0,3,1,0,1,0,0,0,0,1,13.785251,51.008577
12,22,10,18,13,3,3,5,3,0,1,1,1,0,0,0,0,13.781228,51.054257
12,22,10,18,15,3,3,5,3,0,1,1,1,0,0,0,0,13.707924,51.044441
12,22,10,18,15,3,3,5,2,0,1,1,1,0,0,0,0,13.758047,51.052276
12,22,10,18,16,3,3,0,1,0,1,1,0,0,0,0,0,13.766242,51.052992
12,22,10,18,17,3,2,0,7,1,1,1,0,1,0,0,0,13.72893,51.07066
12,22,10,18,17,3,3,0,1,0,0,1,0,0,0,0,0,13.809498,51.012256
12,22,10,18,18,3,3,3,6,1,0,1,1,0,0,0,0,13.78591,51.072506
12,22,10,18,19,3,3,0,1,2,1,1,0,0,0,0,0,13.777195,51.060107
12,22,10,19,6,4,3,5,2,2,0,1,1,0,0,0,0,13.696738,51.082005
12,22,10,19,8,4,3,0,1,0,0,1,0,0,0,0,0,13.782661,51.045394
12,22,10,19,19,4,3,5,3,2,0,1,1,0,0,0,0,13.74304,51.028692
12,22,10,19,20,4,3,5,2,2,0,1,1,0,0,0,0,13.745627,51.049298
12,22,10,20,14,5,3,5,3,0,0,1,1,0,0,0,0,13.701257,51.093053
12,22,10,20,14,5,3,0,1,0,0,1,0,0,0,0,0,13.763051,51.055624
12,22,10,20,16,5,3,5,2,0,0,1,1,0,0,0,0,13.682793,51.042415
12,22,10,21,9,6,3,4,2,0,0,1,1,0,0,0,0,13.700313,51.044953
12,22,10,21,10,6,2,5,7,0,0,1,1,0,0,0,0,13.636603,51.09048
12,22,10,21,10,6,3,0,5,0,0,1,1,0,0,0,0,13.840342,51.005225
12,22,10,21,15,6,3,5,3,0,1,1,1,0,0,0,0,13.779677,51.0199
12,22,10,21,18,6,3,0,7,2,0,1,0,0,0,0,0,13.870224,51.047943
12,22,10,22,10,7,3,0,1,0,1,1,0,0,0,0,0,13.73769,51.053959
12,22,10,22,15,7,3,5,2,0,0,1,1,0,0,0,0,13.749036,51.033749
12,22,10,22,16,7,2,5,3,0,0,1,1,0,0,0,0,13.748717,51.048247
12,22,10,24,7,2,3,0,1,1,1,1,0,0,0,0,0,13.800023,51.140011
12,22,10,24,9,2,3,0,1,0,1,1,0,0,0,0,0,13.685377,51.058106
12,22,10,24,10,2,3,0,5,0,0,1,1,0,0,0,0,13.803715,51.037615
12,22,10,24,11,2,3,0,1,0,0,1,0,0,0,0,0,13.75672,51.077615
12,22,10,26,6,4,3,5,3,2,0,1,1,0,0,0,0,13.757933,51.032865
12,22,10,26,16,4,3,0,1,0,0,1,0,0,0,0,0,13.659514,51.042748
12,22,10,26,19,4,3,2,6,2,0,1,1,0,1,0,0,13.806084,51.052137
12,22,10,27,8,5,3,2,6,0,0,1,1,0,0,0,0,13.749697,51.077674
12,22,10,27,11,5,3,0,7,0,0,1,0,0,0,0,0,13.797978,51.144971
12,22,10,27,11,5,3,0,1,0,0,1,0,0,0,0,0,13.847486,51.028052
12,22,10,27,17,5,3,5,3,0,0,1,1,0,0,0,0,13.811283,51.028699
12,22,10,27,22,5,3,0,7,2,0,1,0,0,0,0,0,13.731157,51.060617
12,22,10,28,6,6,3,0,1,2,0,1,0,0,0,0,0,13.688165,51.057578
12,22,10,28,9,6,2,5,3,0,0,1,0,0,0,1,0,13.721361,51.041768
12,22,10,28,16,6,3,1,5,0,0,1,1,0,0,0,0,13.764653,51.002893
12,22,10,28,17,6,3,0,6,1,0,1,1,0,0,0,0,13.691912,51.084366
12,22,10,28,18,6,3,1,1,2,0,1,0,0,0,0,1,13.725813,51.052994
12,22,10,28,19,6,2,5,2,1,0,1,1,0,0,0,0,13.761298,51.083375
12,22,10,30,5,1,3,0,1,2,1,1,0,0,0,0,0,13.783069,51.016527
12,22,10,30,14,1,3,5,3,0,0,1,1,0,0,0,0,13.669323,51.042587
12,22,10,30,14,1,3,0,1,0,0,1,0,0,0,0,0,13.750399,51.071443
12,22,10,30,23,1,2,0,1,2,0,1,0,0,0,0,0,13.81819,50.998422
12,22,10,31,13,2,3,0,1,0,0,1,0,0,0,0,0,13.769259,51.024552
12,22,10,31,18,2,2,0,1,2,0,1,0,0,0,0,0,13.701576,51.091091
12,22,11,1,7,3,3,0,1,0,0,1,0,0,0,0,0,13.720118,51.093564
12,22,11,1,7,3,3,5,3,0,0,1,1,0,0,0,0,13.742391,51.042097
12,22,11,1,15,3,2,0,1,0,1,1,0,0,0,0,0,13.765705,51.093796
12,22,11,1,16,3,3,6,4,0,0,1,0,1,0,0,0,13.770697,51.07152
12,22,11,2,6,4,3,5,2,0,0,1,0,0,0,1,0,13.771159,51.046133
12,22,11,2,7,4,3,3,6,0,0,1,1,0,0,0,0,13.71376,51.056853
12,22,11,2,14,4,3,0,1,0,0,1,0,0,0,0,0,13.773111,51.113922
12,22,11,2,14,4,3,0,1,0,1,1,0,0,0,0,0,13.803136,51.050999
12,22,11,2,15,4,3,5,2,0,0,1,1,0,0,0,0,13.682382,51.069806
12,22,11,2,16,4,3,0,1,2,0,1,0,0,0,0,0,13.714338,51.079823
12,22,11,3,9,5,3,1,5,0,0,1,1,0,0,0,0,13.791427,51.026509
12,22,11,3,10,5,2,0,7,0,1,1,0,0,0,1,0,13.748879,51.067688
12,22,11,3,12,5,1,5,3,0,0,1,0,0,0,0,1,13.730149,51.032846
12,22,11,3,12,5,3,0,1,0,0,1,0,0,0,0,0,13.842129,51.00107
12,22,11,3,16,5,3,0,2,0,0,1,1,0,0,0,0,13.672445,51.044468
12,22,11,3,19,5,3,5,2,2,0,1,1,0,0,0,0,13.777364,51.058789
12,22,11,4,5,6,3,3,2,2,1,1,1,0,0,0,0,13.671985,51.017111
12,22,11,4,15,6,3,0,7,0,1,1,0,0,0,0,0,13.703758,51.043701
12,22,11,4,15,6,3,5,3,0,1,1,1,0,0,0,0,13.70701,51.0414
12,22,11,4,18,6,3,4,6,2,1,1,1,0,0,0,0,13.749718,51.067541
12,22,11,5,1,7,3,0,7,2,1,1,0,0,0,0,0,13.747478,51.053449
12,22,11,5,23,7,2,0,1,2,0,1,0,0,0,0,0,13.82299,51.004709
12,22,11,6,15,1,3,0,1,0,0,1,0,0,0,0,0,13.739054,51.073901
12,22,11,7,8,2,3,0,3,0,1,1,0,0,0,0,1,13.674504,51.067163
12,22,11,7,8,2,2,5,2,0,0,1,0,0,0,1,0,13.755753,51.02642
12,22,11,8,6,3,3,0,1,0,0,1,0,0,0,0,0,13.693616,51.043003
12,22,11,8,7,3,3,5,3,0,0,1,1,0,0,0,0,13.712324,51.079314
12,22,11,8,8,3,3,5,3,0,0,1,1,0,0,0,0,13.751184,51.074495
12,22,11,8,8,3,3,0,3,0,0,1,1,0,0,0,0,13.7772,51.060056
12,22,11,8,8,3,3,4,6,0,0,1,0,0,0,0,1,13.794204,51.035656
12,22,11,8,8,3,3,5,2,0,0,1,1,0,0,0,0,13.802914,51.042072
12,22,11,8,16,3,2,0,1,0,0,1,0,0,0,0,0,13.777201,51.06004
12,22,11,9,7,4,3,3,6,0,0,1,0,0,0,0,0,13.760003,51.038997
12,22,11,9,17,4,3,0,1,2,0,1,0,0,0,0,0,13.752092,51.06197
12,22,11,10,5,5,3,0,1,2,0,1,0,0,0,0,0,13.716971,51.055783
12,22,11,10,6,5,3,0,1,2,1,1,0,0,0,0,0,13.729567,51.082952
12,22,11,10,14,5,3,5,3,0,0,1,1,0,0,0,0,13.719591,51.059443
12,22,11,10,16,5,3,5,3,0,0,1,1,0,0,0,0,13.803367,51.037256
12,22,11,10,21,5,3,0,1,2,1,1,0,0,0,0,0,13.705197,51.03184
12,22,11,12,10,7,2,5,3,0,0,1,1,0,0,0,0,13.736474,51.03793
12,22,11,12,17,7,3,5,3,1,0,1,1,0,0,0,0,13.688943,51.057962
12,22,11,12,17,7,3,5,2,2,0,1,1,0,0,0,0,13.750753,51.047265
12,22,11,13,11,1,3,5,2,0,0,1,1,0,0,0,0,13.810153,51.012549
12,22,11,13,14,1,3,5,3,0,0,1,1,0,0,0,0,13.701256,51.093054
12,22,11,13,14,1,3,5,3,0,0,1,0,0,0,0,0,13.818071,51.052428
12,22,11,13,15,1,3,5,3,0,0,1,1,0,0,0,0,13.742025,51.064675
12,22,11,13,15,1,3,0,7,0,0,1,0,0,0,0,0,13.808377,51.058543
12,22,11,13,16,1,3,6,4,1,0,1,0,1,0,0,0,13.703243,51.043713
12,22,11,14,9,2,3,0,1,0,1,1,0,0,0,0,0,13.790264,51.12572
12,22,11,14,11,2,3,5,3,0,0,1,1,0,0,0,0,13.781676,51.046829
12,22,11,14,12,2,3,5,3,0,0,1,1,0,0,0,0,13.683788,51.061888
12,22,11,14,15,2,3,5,3,0,0,1,1,0,0,0,0,13.822276,50.997788
12,22,11,14,16,2,2,3,2,1,0,1,0,0,0,0,0,13.729112,51.050948
12,22,11,14,17,2,3,7,7,2,0,1,0,0,0,0,0,13.703974,51.044194
12,22,11,14,17,2,3,0,2,2,0,1,1,0,0,0,0,13.749037,51.033749
12,22,11,15,7,3,3,0,1,0,1,1,0,0,0,0,0,13.707437,51.044316
12,22,11,15,14,3,3,5,3,0,0,1,1,0,0,0,0,13.707115,51.082661
12,22,11,15,22,3,3,5,3,2,0,1,1,0,0,0,0,13.746733,51.053374
12,22,11,16,17,4,3,6,3,2,1,1,1,1,0,0,0,13.771574,51.015746
12,22,11,16,18,4,3,0,1,2,1,1,0,0,0,0,0,13.736401,51.063841
12,22,11,17,8,5,3,5,3,0,0,1,1,0,0,0,0,13.732652,51.029571
12,22,11,17,15,5,3,1,5,0,0,1,1,0,0,0,0,13.817674,51.029685
12,22,11,17,17,5,3,5,1,2,1,1,1,0,0,0,0,13.831888,51.029047
12,22,11,17,21,5,3,5,3,2,1,1,1,0,0,0,0,13.773574,51.048732
12,22,11,18,5,6,3,5,3,2,1,1,1,0,0,0,0,13.728968,51.05932
12,22,11,18,9,6,3,0,7,0,1,1,0,0,0,0,0,13.733076,51.048486
12,22,11,20,11,1,2,5,3,0,0,1,1,0,0,0,0,13.779909,51.044319
12,22,11,21,7,2,3,5,3,0,1,1,1,0,0,0,0,13.722706,51.076123
12,22,11,21,17,2,3,0,3,2,1,1,1,0,0,0,0,13.768249,51.047972
12,22,11,21,17,2,3,1,5,2,1,1,1,0,0,0,0,13.797059,51.046732
12,22,11,21,20,2,2,0,1,2,2,1,0,0,0,0,0,13.853079,51.063631
12,22,11,22,6,3,3,0,1,2,2,1,0,0,0,0,0,13.824123,51.023036
12,22,11,22,7,3,3,5,3,0,1,1,1,0,0,0,0,13.713641,51.080686
12,22,11,22,14,3,3,5,3,0,0,1,1,0,0,0,0,13.734719,51.074026
12,22,11,22,16,3,2,9,1,2,0,1,0,0,0,0,0,13.723317,51.058217
12,22,11,23,9,4,3,0,1,0,1,1,0,0,0,0,0,13.73421,51.088451
12,22,11,23,16,4,3,4,2,1,0,1,1,0,0,0,0,13.732313,51.050471
12,22,11,23,21,4,3,1,2,2,1,1,1,0,0,0,0,13.848327,51.007108
12,22,11,24,0,5,3,0,1,2,1,1,0,0,0,0,0,13.682906,51.059821
12,22,11,24,8,5,3,0,1,0,1,1,0,0,0,0,0,13.733951,51.10881
12,22,11,24,8,5,3,0,1,0,2,1,0,0,0,0,0,13.755626,51.076722
12,22,11,24,8,5,2,0,1,0,1,1,0,0,0,0,0,13.759083,51.053687
12,22,11,24,8,5,2,0,1,0,2,1,0,0,0,0,0,13.781764,51.114499
12,22,11,24,16,5,3,5,3,2,1,1,1,0,0,0,0,13.798916,51.004931
12,22,11,25,8,6,3,5,2,0,1,1,0,0,0,0,1,13.689617,51.068696
12,22,11,25,8,6,3,5,3,0,1,1,0,0,0,0,1,13.758735,51.049472
12,22,11,25,10,6,3,4,2,0,1,1,1,0,0,0,0,13.720254,51.081213
12,22,11,25,16,6,3,5,2,2,1,1,1,0,0,0,0,13.797375,51.024212
12,22,11,25,18,6,3,0,1,2,1,1,0,0,0,0,0,13.720527,51.055537
12,22,11,26,5,7,3,0,1,2,1,1,0,0,0,0,0,13.811579,51.021918
12,22,11,28,14,2,3,5,2,0,0,1,0,0,0,0,1,13.78128,51.054302
12,22,11,28,15,2,3,5,3,0,0,1,1,0,0,0,0,13.755514,51.015704
12,22,11,29,8,3,3,5,3,0,0,1,1,0,0,0,0,13.756837,51.077705
12,22,11,29,15,3,3,5,2,0,0,1,1,0,0,0,0,13.777226,51.059707
12,22,11,29,16,3,3,1,7,2,0,1,0,0,0,0,1,13.634721,51.037507
12,22,11,30,13,4,3,5,3,0,0,1,1,0,0,0,0,13.722623,51.033475
12,22,12,1,13,5,3,0,1,0,0,1,0,0,0,0,0,13.729495,51.04961
12,22,12,2,4,6,3,4,1,2,0,1,0,0,0,0,0,13.739276,51.075512
12,22,12,2,7,6,3,2,2,2,1,1,0,0,0,1,0,13.702759,51.033589
12,22,12,3,14,7,3,0,1,0,1,1,0,0,0,0,0,13.73037,51.054452
12,22,12,3,16,7,3,5,3,1,1,1,1,0,0,0,0,13.762328,51.024504
12,22,12,4,17,1,3,0,1,2,1,1,0,0,0,0,0,13.728983,51.037785
12,22,12,5,7,2,3,0,7,2,1,1,0,0,0,0,0,13.710295,51.077544
12,22,12,5,9,2,3,3,6,0,0,1,0,0,0,0,0,13.733926,51.06148
12,22,12,5,10,2,3,4,1,0,0,1,1,0,0,0,0,13.74517,51.066131
12,22,12,6,7,3,3,5,3,2,1,1,1,0,0,0,0,13.766459,51.056453
12,22,12,6,19,3,3,0,1,2,1,1,0,0,0,0,0,13.782647,51.045434
12,22,12,6,20,3,3,5,3,2,1,1,1,0,0,0,0,13.76272,51.064265
12,22,12,7,9,4,3,5,2,0,0,1,1,0,0,0,0,13.739308,51.073977
12,22,12,7,13,4,3,6,7,0,1,1,0,1,0,0,0,13.703243,51.043713
12,22,12,7,19,4,3,2,2,2,1,1,1,0,0,0,0,13.720772,51.061751
12,22,12,8,17,5,2,0,1,2,0,1,0,0,0,0,0,13.803149,51.052309
12,22,12,8,18,5,3,5,3,2,0,1,1,0,0,0,0,13.730544,51.054319
12,22,12,9,18,6,3,0,1,2,0,1,0,0,0,0,0,13.72837,51.039271
12,22,12,9,21,6,3,0,1,2,0,1,0,0,0,0,0,13.776575,51.066737
12,22,12,10,20,7,3,0,1,2,1,1,0,0,0,0,0,13.800514,51.027415
12,22,12,12,13,2,3,0,1,0,2,1,0,0,0,0,0,13.82857,51.007117
12,22,12,13,7,3,3,5,3,0,2,1,1,0,0,0,0,13.793324,51.04308
12,22,12,13,15,3,3,5,3,0,1,1,1,0,0,0,0,13.777197,51.060084
12,22,12,15,16,5,3,0,1,1,2,1,0,0,0,0,0,13.772906,51.050872
12,22,12,16,5,6,3,5,3,2,1,1,1,0,0,0,0,13.755189,51.055545
12,22,12,16,13,6,3,0,1,0,1,1,0,0,0,0,0,13.715057,51.047821
12,22,12,17,11,7,2,6,4,0,1,1,0,1,0,0,0,13.753906,51.066345
12,22,12,19,8,2,3,0,1,0,2,1,0,0,0,0,0,13.742452,51.059631
12,22,12,21,6,4,3,5,3,2,1,1,1,0,0,0,0,13.688943,51.057962
12,22,12,21,9,4,3,5,3,0,1,1,1,0,0,0,0,13.822757,51.004847
12,22,12,21,16,4,3,5,3,2,0,1,1,0,0,0,0,13.777197,51.060084
12,22,12,22,14,5,3,5,2,0,0,1,1,0,0,0,0,13.731776,51.126293
12,22,12,22,17,5,3,6,4,0,1,1,0,1,0,0,0,13.750292,51.068362
12,22,12,22,17,5,3,5,2,2,0,1,1,0,0,0,0,13.762836,51.064293
12,22,12,22,17,5,2,5,2,2,1,1,1,0,0,0,0,13.814343,51.009903
12,22,12,23,16,6,3,5,2,2,1,1,0,0,0,0,0,13.766454,51.041463
12,22,12,23,17,6,3,5,2,2,1,1,0,0,0,0,1,13.733518,51.044499
12,22,12,24,11,7,3,0,1,0,0,1,0,0,0,0,0,13.706428,51.04551
12,22,12,24,15,7,2,1,1,0,0,1,1,0,0,0,0,13.835779,51.020471
12,22,12,28,18,4,3,5,2,2,0,1,1,0,0,0,0,13.7345,51.061616
12,22,12,29,18,5,3,5,3,2,0,1,1,0,0,0,0,13.716502,51.077614
12,22,12,30,0,6,2,5,3,2,0,1,1,0,0,0,0,13.718975,51.096633
12,22,12,30,11,6,3,6,3,0,0,1,0,1,0,0,0,13.726049,51.057033
12,23,1,2,15,2,3,5,3,0,0,1,1,0,0,0,0,13.737016,51.037722
12,23,1,3,7,3,3,4,6,2,1,1,0,0,0,0,0,13.818612,51.014408
12,23,1,3,8,3,3,0,6,0,0,1,0,1,0,0,0,13.733224,51.038628
12,23,1,3,16,3,3,5,2,1,0,1,1,0,0,0,0,13.731907,51.025208
12,23,1,4,8,4,3,5,3,0,0,1,1,0,0,0,0,13.774229,51.032809
12,23,1,5,9,5,3,0,1,0,1,1,0,0,0,0,0,13.743735,51.023565
12,23,1,5,11,5,3,5,3,0,0,1,1,0,0,0,0,13.743458,51.047593
12,23,1,5,18,5,3,6,6,2,0,1,0,1,0,0,0,13.729459,51.067683
12,23,1,6,8,6,2,5,2,0,1,1,1,0,0,0,0,13.809325,51.016235
12,23,1,6,13,6,3,5,3,0,0,1,1,0,0,0,0,13.806041,51.039399
12,23,1,6,14,6,3,5,3,0,1,1,1,0,0,0,0,13.794322,51.073831
12,23,1,6,15,6,3,5,2,0,1,1,1,0,0,0,0,13.733412,51.046446
12,23,1,6,16,6,2,0,3,1,1,1,0,0,0,0,1,13.761662,51.051967
12,23,1,6,17,6,3,0,7,2,0,1,0,0,0,0,0,13.738162,51.043953
12,23,1,6,19,6,3,0,7,1,0,1,0,0,0,0,0,13.724981,51.084598
12,23,1,7,14,7,3,0,3,0,0,1,1,0,0,0,0,13.675505,51.041943
12,23,1,7,18,7,3,0,1,1,0,1,0,0,0,0,0,13.734925,51.065101
12,23,1,8,7,1,3,5,3,2,1,1,1,0,0,0,0,13.808912,51.151083
12,23,1,8,13,1,3,0,6,0,0,1,1,0,0,0,0,13.806416,51.052134
12,23,1,8,15,1,2,0,1,0,1,1,0,0,0,0,0,13.706836,51.019928
12,23,1,9,7,2,2,0,3,0,1,1,0,0,0,0,1,13.766462,51.05645
12,23,1,10,8,3,3,5,3,0,1,1,1,0,0,0,0,13.717568,51.077995
12,23,1,10,8,3,3,0,1,0,1,1,0,0,0,0,0,13.779485,51.058909
12,23,1,10,16,3,3,5,2,1,0,1,1,0,0,0,0,13.714838,51.051574
12,23,1,10,17,3,3,5,3,2,1,1,1,0,0,0,0,13.727795,51.06018
12,23,1,10,17,3,3,5,2,2,0,1,1,0,0,0,0,13.788474,51.041402
12,23,1,11,5,4,3,5,3,2,0,1,1,0,0,0,0,13.774722,51.049772
12,23,1,11,7,4,3,6,4,2,0,1,0,1,0,0,0,13.677808,51.058322
12,23,1,11,12,4,3,3,2,0,0,1,1,0,0,0,0,13.74192,51.046191
12,23,1,11,14,4,3,2,2,0,0,1,1,0,0,0,0,13.730334,51.06937
12,23,1,11,14,4,3,5,2,0,0,1,1,0,0,0,0,13.796503,51.02811
12,23,1,11,17,4,2,5,3,2,1,1,1,0,0,0,0,13.7418,51.028903
12,23,1,11,17,4,3,5,3,2,1,1,1,0,0,0,0,13.748719,51.048253
12,23,1,12,5,5,2,0,1,2,1,1,0,0,0,0,0,13.828623,51.003208
12,23,1,12,7,5,3,5,3,2,0,1,1,0,0,0,0,13.701256,51.093056
12,23,1,12,7,5,3,5,3,1,0,1,1,0,0,0,0,13.728977,51.059314
12,23,1,12,13,5,3,0,1,0,1,1,0,0,0,0,0,13.692013,51.046254
12,23,1,12,14,5,3,5,3,0,1,1,1,0,0,0,0,13.770617,51.029987
12,23,1,12,15,5,3,0,3,0,0,1,1,0,0,0,0,13.748883,51.044549
12,23,1,13,16,6,3,0,1,0,0,1,0,0,0,0,0,13.757645,51.018937
12,23,1,14,18,7,3,1,5,2,1,1,0,0,0,0,1,13.699941,51.042556
12,23,1,15,3,1,3,0,1,2,1,1,0,0,0,0,0,13.755972,51.07702
12,23,1,16,12,2,3,5,2,0,0,1,0,0,0,0,1,13.827249,51.058274
12,23,1,16,13,2,3,5,2,0,0,1,1,0,0,0,0,13.734612,51.040479
12,23,1,16,15,2,2,0,1,0,0,1,0,0,0,0,0,13.824721,51.062671
12,23,1,16,18,2,3,5,3,2,1,1,1,0,0,0,0,13.714449,51.027519
12,23,1,18,7,4,3,0,1,1,1,1,0,0,0,0,0,13.697374,51.074036
12,23,1,18,9,4,3,0,1,0,1,1,0,0,0,0,0,13.812165,51.019956
12,23,1,18,15,4,2,5,3,0,1,1,1,0,0,0,0,13.719271,51.076438
12,23,1,18,18,4,3,5,3,2,2,1,1,0,0,0,0,13.689678,51.069433
12,23,1,19,8,5,3,0,1,0,2,1,0,0,0,0,0,13.750484,51.073645
12,23,1,20,0,6,3,0,1,2,0,1,0,0,0,0,0,13.75042,51.07144
12,23,1,20,8,6,3,5,3,0,1,1,1,0,0,0,0,13.707011,51.0414
12,23,1,20,12,6,3,5,3,0,1,1,1,0,0,0,0,13.778583,51.042641
12,23,1,23,7,2,3,1,5,0,1,1,1,0,0,0,0,13.727894,51.081723
12,23,1,23,16,2,3,0,7,0,1,1,0,0,0,0,0,13.721669,51.034305
12,23,1,24,8,3,3,3,2,0,0,1,1,0,0,0,0,13.732228,51.056513
12,23,1,24,16,3,3,3,6,0,1,1,1,0,0,0,0,13.792688,51.037228
12,23,1,25,6,4,2,5,3,1,0,1,1,0,0,0,0,13.774513,51.111769
12,23,1,25,7,4,3,6,4,1,1,1,0,1,0,0,0,13.797894,51.047522
12,23,1,25,16,4,3,5,3,0,0,1,1,0,0,0,0,13.779167,51.039683
12,23,1,26,15,5,3,0,1,0,1,1,0,0,0,0,0,13.811166,51.009211
12,23,1,27,15,6,3,5,3,0,1,1,1,0,0,0,0,13.751538,51.04721
12,23,1,27,15,6,3,1,1,0,1,1,0,0,0,0,1,13.773095,51.046345
12,23,1,29,3,1,3,0,1,2,0,1,0,0,0,0,0,13.721819,51.053658
12,23,1,30,11,2,2,5,3,0,1,1,1,0,0,0,0,13.757154,51.031755
12,23,1,30,17,2,3,4,2,2,1,1,1,0,0,0,0,13.761105,51.106178
12,23,2,1,7,4,3,5,3,1,1,1,1,0,0,0,0,13.768257,51.015701
12,23,2,1,17,4,3,3,3,2,0,1,1,0,0,0,0,13.739162,51.058876
12,23,2,2,7,5,3,5,3,0,0,1,1,0,0,0,0,13.761321,51.083407
12,23,2,2,15,5,2,0,7,0,1,1,0,0,0,0,0,13.811571,50.997888
12,23,2,3,7,6,3,4,3,2,1,1,1,0,0,0,0,13.701581,51.030581
12,23,2,4,20,7,3,0,1,2,1,1,0,0,0,0,0,13.738938,51.054369
12,23,2,6,7,2,3,3,2,0,0,1,1,0,0,0,0,13.755933,51.055895
12,23,2,6,18,2,2,6,6,2,0,1,0,1,0,0,0,13.754147,51.041314
12,23,2,7,5,3,3,5,2,2,2,1,1,0,0,0,0,13.774691,51.033317
12,23,2,7,11,3,3,5,3,0,0,1,1,0,0,0,0,13.757942,51.032874
12,23,2,7,13,3,3,0,1,0,1,1,0,0,0,0,0,13.657957,51.080106
12,23,2,7,16,3,3,0,7,0,1,1,0,0,0,0,0,13.731193,51.034299
12,23,2,7,16,3,3,5,3,0,0,1,1,0,0,0,0,13.759754,51.081159
12,23,2,8,8,4,3,2,6,0,0,1,0,0,0,0,0,13.736147,51.053221
12,23,2,8,15,4,3,0,7,0,1,1,0,0,0,0,0,13.763456,51.073958
12,23,2,11,14,7,3,0,1,0,0,1,0,0,0,0,0,13.724996,51.087657
12,23,2,11,16,7,3,0,1,1,1,1,0,0,0,0,0,13.723176,51.089887
12,23,2,12,11,1,3,0,1,0,1,1,0,0,0,0,0,13.840039,51.023353
12,23,2,13,14,2,3,5,3,0,0,1,1,0,0,0,0,13.717999,51.038786
12,23,2,13,15,2,3,5,3,0,0,1,1,0,0,0,0,13.785326,51.035947
12,23,2,15,9,4,3,5,3,0,0,1,1,0,0,0,0,13.742951,51.028686
12,23,2,16,5,5,2,6,3,2,0,1,0,1,0,0,0,13.774146,51.059841
12,23,2,16,14,5,3,5,3,0,0,1,1,0,0,0,0,13.789547,51.018313
12,23,2,17,17,6,3,5,3,0,0,1,1,0,0,0,0,13.719415,51.040249
12,23,2,18,13,7,3,5,3,0,1,1,1,0,0,0,0,13.728981,51.083523