UKREIS,UJAHR,UMONAT,UTAG,USTUNDE,UWOCHENTAG,UKATEGORIE,UART,UTYP,LICHT,USTRZUSTAND,IstRad,IstPKW,IstFuss,IstKrad,IstGkfz,IstSonstige,@lon,@lat
12,23,2,18,15,7,2,6,6,0,1,1,0,1,0,0,0,13.811076,51.022334
12,23,2,20,10,2,3,0,7,0,0,1,0,0,0,0,0,13.690344,51.061876
12,23,2,20,12,2,3,5,3,0,0,1,1,0,0,0,0,13.745529,51.060202
12,23,2,20,13,2,3,5,2,0,0,1,1,0,0,0,0,13.730817,51.033623
12,23,2,20,15,2,3,0,3,0,0,1,0,0,0,0,1,13.781064,51.035842
12,23,2,21,5,3,3,5,3,2,0,1,1,0,0,0,0,13.770149,51.045189
12,23,2,21,6,3,3,5,3,2,1,1,1,0,0,0,0,13.73859,51.08407
12,23,2,21,9,3,2,0,1,0,0,1,0,0,0,0,0,13.812209,51.047902
12,23,2,21,20,3,3,0,1,2,0,1,0,0,0,0,0,13.858902,51.060846
12,23,2,22,8,4,3,5,2,0,0,1,1,0,0,0,0,13.708445,51.046903
12,23,2,22,16,4,3,0,1,0,0,1,0,0,0,0,0,13.812846,51.058894
12,23,2,23,7,5,3,5,3,0,0,1,1,0,0,0,0,13.704173,51.078364
12,23,2,23,8,5,3,5,3,0,0,1,1,0,0,0,0,13.77991,51.04432
12,23,2,24,10,6,3,4,2,0,0,1,0,0,0,0,1,13.733895,51.065922
12,23,2,25,13,7,3,5,3,0,1,1,1,0,0,0,0,13.756579,51.055099
12,23,2,26,18,1,3,0,7,2,1,1,0,0,0,0,0,13.728289,51.056654
12,23,2,28,13,3,3,5,3,0,0,1,1,0,0,0,0,13.70945,51.092873
12,23,2,28,13,3,3,5,3,0,0,1,1,0,0,0,0,13.758742,51.049471
12,23,3,1,7,4,3,3,2,0,0,1,1,0,0,0,0,13.704767,51.046325
12,23,3,1,9,4,3,5,3,0,0,1,1,0,0,0,1,13.768653,51.067084
12,23,3,3,6,6,3,0,1,1,0,1,0,0,0,0,0,13.690278,51.042572
12,23,3,3,7,6,3,0,1,1,2,1,0,0,0,0,0,13.672579,51.052749
12,23,3,3,10,6,2,8,1,0,0,1,0,0,0,0,0,13.828134,50.998919
12,23,3,3,13,6,3,6,4,0,0,1,1,1,0,0,0,13.753607,51.066424
12,23,3,3,15,6,3,5,2,0,0,1,1,0,0,0,0,13.70615,51.046413
12,23,3,5,19,1,3,0,1,2,1,1,0,0,0,0,0,13.786672,51.04334
12,23,3,6,8,2,3,5,3,0,0,1,1,0,0,0,0,13.749009,51.074025
12,23,3,6,11,2,3,5,3,0,0,1,1,0,0,0,0,13.677591,51.05897
12,23,3,6,14,2,3,5,3,0,1,1,1,0,0,0,0,13.744832,51.037157
12,23,3,6,18,2,3,0,7,2,1,1,0,0,0,0,0,13.697929,51.084664
12,23,3,7,16,3,3,3,6,0,0,1,1,0,0,0,0,13.777714,51.052892
12,23,3,7,16,3,3,5,3,0,0,1,1,0,0,0,0,13.779015,51.070109
12,23,3,7,22,3,3,5,3,2,1,1,1,0,0,0,0,13.724944,51.043948
12,23,3,8,14,4,3,5,2,0,1,1,1,0,0,0,0,13.727526,51.084917
12,23,3,9,7,5,3,5,3,0,1,1,1,0,0,0,0,13.707011,51.0414
12,23,3,9,9,5,3,5,2,0,1,1,1,0,0,0,0,13.7324,51.050914
12,23,3,10,6,6,3,5,3,0,1,1,1,0,0,0,0,13.803236,51.021736
12,23,3,10,10,6,2,0,7,0,0,1,0,0,0,0,0,13.850845,51.0045
12,23,3,13,0,2,3,0,1,2,0,1,0,0,0,0,0,13.755234,51.068469
12,23,3,13,21,2,3,5,2,2,1,1,1,0,0,0,0,13.737722,51.074346
12,23,3,14,5,3,3,5,3,1,1,1,1,0,0,0,0,13.749614,51.033598
12,23,3,15,17,4,3,5,3,0,0,1,1,0,0,0,0,13.647127,51.08447
12,23,3,15,17,4,3,2,2,0,0,1,1,0,0,0,0,13.742343,51.036015
12,23,3,16,7,5,3,2,6,0,0,1,1,0,0,0,0,13.822269,51.056668
12,23,3,16,7,5,2,5,2,0,0,1,1,0,0,0,0,13.828779,51.058545
12,23,3,16,12,5,3,5,3,0,0,1,1,0,0,0,0,13.849482,51.061834
12,23,3,16,13,5,2,5,2,0,0,1,0,0,0,0,1,13.786976,51.015768
12,23,3,16,17,5,3,5,3,0,0,1,1,0,0,0,0,13.718977,51.096628
12,23,3,16,19,5,3,6,4,2,0,1,0,1,0,0,0,13.674207,51.045855
12,23,3,17,10,6,3,0,7,0,0,1,0,0,0,0,0,13.793619,51.007934
12,23,3,17,12,6,3,6,4,0,0,1,0,1,0,0,0,13.709969,51.058089
12,23,3,18,8,7,3,5,3,0,0,1,1,0,0,0,0,13.779917,51.04433
12,23,3,18,10,7,3,0,5,0,0,1,1,0,0,0,0,13.730616,51.054161
12,23,3,19,3,1,3,0,1,2,0,1,0,0,0,0,0,13.742333,51.064641
12,23,3,19,19,1,3,0,1,2,1,1,0,0,0,0,0,13.83823,51.02388
12,23,3,20,12,2,3,5,3,0,0,1,1,0,0,0,0,13.75519,51.055545
12,23,3,20,16,2,3,1,5,0,1,1,1,0,0,0,0,13.853673,50.997705
12,23,3,20,22,2,3,0,1,2,1,1,0,0,0,0,0,13.681358,51.061844
12,23,3,21,8,3,3,0,1,0,1,1,0,0,0,0,0,13.735194,51.073386
12,23,3,21,13,3,3,5,3,0,0,1,1,0,0,0,0,13.7325,51.043464
12,23,3,21,17,3,3,5,7,0,1,1,1,0,0,0,0,13.734614,51.07522
12,23,3,22,8,4,3,0,7,0,1,1,1,0,0,0,0,13.746894,51.038518
12,23,3,22,8,4,3,2,6,0,0,1,1,0,0,0,0,13.765316,51.003741
12,23,3,22,13,4,3,5,2,0,0,1,1,0,0,0,0,13.727508,51.044798
12,23,3,23,8,5,3,0,1,0,0,1,0,0,0,0,0,13.733092,51.051688
12,23,3,23,8,5,3,5,3,0,0,1,1,0,0,0,0,13.74554,51.068364
12,23,3,23,18,5,3,0,6,0,0,1,0,1,0,0,0,13.719093,51.0757
12,23,3,24,18,6,3,0,1,1,0,1,0,0,0,0,0,13.837663,51.024557
12,23,3,24,19,6,3,0,7,2,0,1,0,0,0,0,0,13.731427,51.034798
12,23,3,25,7,7,3,0,7,0,0,1,0,0,0,0,0,13.803509,50.99552
12,23,3,25,9,7,3,0,1,0,1,1,0,0,0,0,0,13.725067,51.027853
12,23,3,25,17,7,3,5,3,0,1,1,1,0,0,0,0,13.777197,51.060084
12,23,3,26,0,1,3,0,1,2,1,1,0,0,0,0,0,13.760476,51.07081
12,23,3,26,10,1,3,0,1,0,0,1,0,0,0,0,0,13.760279,51.026919
12,23,3,26,18,1,3,8,6,0,1,1,0,0,0,0,0,13.765222,51.059234
12,23,3,26,21,1,3,6,6,1,0,1,0,1,0,0,0,13.773259,51.10839
12,23,3,27,6,2,3,5,3,0,1,1,1,0,0,0,0,13.793328,51.043085
12,23,3,27,7,2,3,0,1,0,1,1,0,0,0,0,0,13.75001,51.047561
12,23,3,27,8,2,2,0,7,0,0,1,0,0,0,0,0,13.75166,51.077007
12,23,3,27,14,2,3,5,2,0,0,1,1,0,0,0,0,13.737626,51.074373
12,23,3,28,8,3,3,5,3,0,0,1,1,0,0,0,0,13.828172,50.998834
12,23,3,28,9,3,3,5,3,0,0,1,1,0,0,0,0,13.783077,51.043451
12,23,3,28,14,3,3,3,6,0,0,1,1,0,0,0,0,13.788756,51.043274
12,23,3,28,19,3,3,0,7,1,0,1,0,0,0,0,0,13.763554,51.026255
12,23,3,29,5,4,3,6,4,2,0,1,0,1,0,0,0,13.777669,51.012952
12,23,3,29,7,4,2,4,6,0,0,1,0,1,0,0,0,13.835348,51.033092
12,23,3,29,13,4,3,5,2,0,0,1,1,0,0,0,0,13.75805,51.052285
12,23,3,29,18,4,3,2,2,0,0,1,1,0,0,0,0,13.775812,51.050804
12,23,3,30,9,5,3,5,3,0,0,1,1,0,0,0,0,13.738961,51.065912
12,23,3,30,13,5,2,0,1,0,1,1,0,0,0,0,0,13.715242,51.047935
12,23,3,30,20,5,3,5,3,2,0,1,1,0,0,0,0,13.732404,51.050933
12,23,3,31,15,6,3,5,3,0,1,1,0,0,0,0,1,13.772285,51.066697
12,23,3,31,16,6,3,0,6,0,1,1,1,0,0,0,0,13.714376,51.079782
12,23,4,1,13,7,2,7,7,0,0,1,0,1,0,0,0,13.741309,51.056267
12,23,4,1,18,7,2,0,1,0,0,1,0,0,0,0,0,13.690833,51.069395
12,23,4,2,7,1,2,0,1,0,1,1,0,0,0,0,0,13.747383,51.067523
12,23,4,3,7,2,3,5,2,0,0,1,0,0,0,0,0,13.765505,51.073257
12,23,4,3,11,2,3,5,3,0,0,1,0,0,0,0,1,13.788827,51.033583
12,23,4,3,16,2,3,6,4,0,0,1,0,1,0,0,0,13.740424,51.049906
12,23,4,4,5,3,3,0,1,2,0,1,0,0,0,0,0,13.718238,51.093215
12,23,4,4,8,3,2,0,1,0,0,1,0,0,0,0,0,13.777113,51.06097
12,23,4,4,17,3,3,0,1,0,0,1,0,0,0,0,0,13.733378,51.066333
12,23,4,4,17,3,3,5,2,0,0,1,1,0,0,0,0,13.756592,51.055129
12,23,4,6,9,5,3,5,3,0,0,1,0,0,0,0,0,13.79133,51.046742
12,23,4,6,13,5,3,3,6,0,0,1,1,0,0,0,0,13.79742,51.042388
12,23,4,6,13,5,3,5,3,0,0,1,1,0,0,0,0,13.812686,51.035279
12,23,4,6,17,5,3,0,1,0,0,1,0,0,0,0,0,13.760321,51.026869
12,23,4,6,18,5,3,5,3,1,0,1,1,0,0,0,0,13.698122,51.031436
12,23,4,6,20,5,2,0,7,2,0,1,0,0,0,0,0,13.655338,51.06819
12,23,4,10,12,2,3,5,2,0,0,1,1,0,0,0,0,13.797647,51.042288
12,23,4,11,7,3,3,8,1,0,1,1,0,0,0,0,0,13.690738,51.053491
12,23,4,11,8,3,3,5,3,0,1,1,1,0,0,0,0,13.803252,51.021745
12,23,4,11,11,3,3,5,3,0,0,1,1,0,0,0,0,13.647096,51.084481
12,23,4,11,12,3,3,3,6,0,0,1,1,0,0,0,0,13.690536,51.042603
12,23,4,11,12,3,3,0,1,0,1,1,0,0,0,0,0,13.77273,51.046491
12,23,4,12,19,4,2,5,3,1,0,1,1,0,0,0,0,13.732404,51.050933
12,23,4,12,19,4,2,5,2,1,0,1,1,0,0,0,0,13.741838,51.0289
12,23,4,13,11,5,3,5,3,0,0,1,0,0,0,0,0,13.707407,51.078835
12,23,4,13,19,5,3,5,3,1,0,1,1,0,0,0,0,13.72136,51.041763
12,23,4,14,7,6,3,5,3,0,1,1,1,0,0,0,0,13.774722,51.049817
12,23,4,14,9,6,3,0,1,0,0,1,0,0,0,0,0,13.739309,51.07392
12,23,4,14,13,6,3,0,1,0,1,1,0,0,0,0,0,13.779746,51.053088
12,23,4,14,15,6,3,2,2,0,1,1,1,0,0,0,0,13.745421,51.068145
12,23,4,14,18,6,3,0,1,0,1,1,0,0,0,0,0,13.723177,51.089885
12,23,4,14,19,6,3,0,1,2,1,1,0,0,0,0,0,13.776036,51.110709
12,23,4,16,13,1,3,6,7,0,0,1,0,1,0,0,0,13.746779,51.055914
12,23,4,16,14,1,2,6,6,0,0,1,0,1,0,0,0,13.771057,51.065217
12,23,4,16,22,1,2,0,1,2,1,1,0,0,0,0,0,13.760408,51.026762
12,23,4,17,10,2,2,0,1,0,1,1,0,0,0,0,0,13.837439,51.024914
12,23,4,17,16,2,3,0,3,0,0,1,1,0,0,0,0,13.728805,51.076382
12,23,4,17,17,2,3,3,2,0,0,1,1,0,0,0,0,13.795457,51.042905
12,23,4,18,6,3,3,5,3,1,0,1,1,0,0,0,0,13.739274,51.0719
12,23,4,18,10,3,3,5,3,0,0,1,1,0,0,0,0,13.75519,51.055545
12,23,4,18,12,3,3,5,3,0,1,1,1,0,0,0,0,13.796411,51.046112
12,23,4,18,15,3,3,0,1,0,1,1,0,0,0,0,0,13.7589,51.071223
12,23,4,18,16,3,3,0,1,0,1,1,0,0,0,0,0,13.701421,51.047053
12,23,4,18,17,3,3,5,2,0,0,1,1,0,0,0,0,13.774663,51.033285
12,23,4,19,8,4,3,3,3,0,0,1,1,0,0,0,0,13.700017,51.059417
12,23,4,19,9,4,3,0,1,0,0,1,0,0,0,0,0,13.709933,51.044937
12,23,4,19,14,4,3,5,3,0,0,1,1,0,0,0,0,13.766984,51.020625
12,23,4,19,19,4,3,5,3,0,0,1,0,0,0,0,0,13.787885,51.048246
12,23,4,19,21,4,2,0,1,2,1,1,0,0,0,0,0,13.733322,51.038842
12,23,4,19,23,4,2,4,6,2,1,1,0,0,0,0,0,13.731282,51.034475
12,23,4,20,7,5,3,5,3,0,1,1,1,0,0,0,0,13.724307,51.054019
12,23,4,20,7,5,3,6,7,0,0,1,0,1,0,0,0,13.841909,51.019307
12,23,4,20,15,5,3,5,2,0,0,1,1,0,0,0,0,13.695801,51.04326
12,23,4,20,17,5,3,0,1,0,0,1,0,0,0,0,0,13.768674,51.098884
12,23,4,20,18,5,3,0,1,0,0,1,0,0,0,0,0,13.702648,51.09012
12,23,4,21,7,6,3,8,1,0,0,1,0,0,0,0,0,13.71623,51.052175
12,23,4,21,7,6,3,5,3,0,0,1,1,0,0,0,0,13.792544,51.037309
12,23,4,21,7,6,3,0,1,0,0,1,0,0,0,0,0,13.884432,51.056764
12,23,4,21,8,6,3,5,3,0,0,1,0,0,0,0,0,13.739332,51.044843
12,23,4,21,11,6,3,0,7,0,0,1,0,1,0,0,0,13.714969,51.027373
12,23,4,21,13,6,3,0,7,0,0,1,0,0,0,0,0,13.873154,50.999407
12,23,4,21,16,6,3,2,6,0,0,1,1,0,0,0,0,13.675554,51.064235
12,23,4,22,8,7,3,4,6,0,0,1,0,0,0,0,0,13.803149,50.995883
12,23,4,22,10,7,2,0,1,0,0,1,0,0,0,0,0,13.752468,51.060676
12,23,4,22,15,7,3,6,6,0,0,1,0,1,0,0,0,13.838066,51.029307
12,23,4,22,16,7,3,0,1,0,0,1,0,0,0,0,0,13.733325,51.039169
12,23,4,22,19,7,3,9,1,0,0,1,0,0,0,0,0,13.754724,51.057003
12,23,4,23,11,1,3,0,1,0,0,1,0,0,0,0,0,13.72103,51.077402
12,23,4,23,17,1,3,5,3,0,0,1,1,0,0,0,0,13.701933,51.0791
12,23,4,24,8,2,3,5,3,0,0,1,1,0,0,0,0,13.757843,51.075868
12,23,4,24,9,2,3,5,3,0,0,1,1,0,0,0,0,13.707012,51.0414
12,23,4,24,16,2,3,1,5,0,0,1,1,0,0,0,0,13.709961,51.096175
12,23,4,24,20,2,3,0,1,2,0,1,0,0,0,0,0,13.779004,51.037851
12,23,4,25,11,3,3,0,1,0,0,1,0,0,0,0,0,13.753284,51.058328
12,23,4,25,15,3,2,0,1,0,0,1,0,0,0,0,0,13.637474,51.091662
12,23,4,25,17,3,3,5,2,0,0,1,1,0,0,0,0,13.787513,51.059064
12,23,4,26,10,4,3,4,2,0,0,1,1,0,0,0,0,13.808355,51.045277
12,23,4,26,13,4,3,3,2,0,0,1,1,0,0,0,0,13.80177,51.029019
12,23,4,26,14,4,3,4,6,0,0,1,0,0,0,0,0,13.718429,51.039184
12,23,4,27,7,5,3,5,2,0,0,1,0,0,0,0,1,13.70423,51.043567
12,23,4,27,7,5,3,0,6,0,0,1,1,0,0,0,0,13.783337,51.071234
12,23,4,27,14,5,3,5,2,0,0,1,1,0,0,0,0,13.69781,51.032659
12,23,4,27,16,5,3,5,2,0,0,1,1,0,0,0,0,13.729456,51.045707
12,23,4,27,20,5,3,2,2,2,0,1,1,0,0,0,0,13.788575,51.042416
12,23,4,28,10,6,3,0,1,0,0,1,0,0,0,0,0,13.818336,51.064511
12,23,4,28,22,6,3,8,1,2,0,1,0,0,0,0,0,13.706028,51.020332
12,23,4,29,8,7,3,5,3,0,1,1,1,0,0,0,0,13.772563,51.107343
12,23,4,29,9,7,3,0,1,0,0,1,0,0,0,0,0,13.737342,51.053903
12,23,4,29,22,7,3,5,3,2,0,1,1,0,0,0,0,13.692431,51.042849
12,23,5,1,12,2,3,6,6,0,0,1,0,1,0,0,0,13.837295,51.031053
12,23,5,1,14,2,3,5,3,0,0,1,1,0,0,0,0,13.692653,51.085685
12,23,5,1,16,2,3,9,6,0,0,1,0,0,0,0,0,13.801524,51.06184
12,23,5,1,22,2,3,1,1,2,1,1,1,0,0,0,0,13.73002,51.088036
12,23,5,2,5,3,3,1,1,0,0,1,1,0,0,0,0,13.657752,51.083559
12,23,5,2,5,3,3,1,1,1,0,1,1,0,0,0,0,13.793295,51.010448
12,23,5,2,8,3,3,5,7,0,0,1,0,0,0,1,0,13.737536,51.051913
12,23,5,2,12,3,3,6,4,0,0,1,0,1,0,0,0,13.694581,51.049692
12,23,5,3,6,4,3,5,3,0,0,1,1,0,0,0,0,13.79929,51.026267
12,23,5,3,11,4,3,5,3,0,0,1,1,0,0,0,0,13.691624,51.044396
12,23,5,3,16,4,2,0,1,0,1,1,0,0,0,0,0,13.821669,51.059339
12,23,5,3,17,4,3,9,1,0,0,1,1,0,0,0,0,13.886166,51.068407
12,23,5,3,19,4,3,2,5,0,0,1,1,0,0,0,0,13.789442,51.042326
12,23,5,4,11,5,3,5,3,0,0,1,0,0,0,0,0,13.825894,51.025226
12,23,5,4,15,5,3,0,1,0,0,1,0,0,0,0,0,13.691882,51.049808
12,23,5,5,8,6,3,1,5,0,0,1,1,0,0,0,0,13.675733,51.064152
12,23,5,5,11,6,3,5,3,0,0,1,1,0,0,0,0,13.679342,51.062799
12,23,5,5,13,6,3,0,3,0,0,1,1,0,0,0,0,13.7014,51.09121
12,23,5,5,14,6,3,5,7,0,0,1,1,0,0,0,0,13.835156,51.029163
12,23,5,5,17,6,3,4,1,0,0,1,1,0,0,0,0,13.879944,51.01281
12,23,5,5,21,6,3,0,1,2,0,1,0,0,0,0,0,13.702447,51.090478
12,23,5,5,23,6,3,6,6,2,0,1,0,1,0,0,0,13.73986,51.058578
12,23,5,6,13,7,3,6,4,0,0,1,0,1,0,0,0,13.774378,51.022664
12,23,5,7,12,1,3,6,4,0,0,1,0,1,0,0,0,13.734445,51.040532
12,23,5,8,7,2,3,5,2,0,0,1,1,0,0,0,0,13.763757,51.051687
12,23,5,8,16,2,3,5,2,0,0,1,1,0,0,0,0,13.775899,51.032754
12,23,5,9,7,3,2,5,2,0,0,1,1,0,0,0,0,13.671123,51.016743
12,23,5,9,12,3,3,6,4,0,0,1,0,1,0,0,0,13.697204,51.043582
12,23,5,9,16,3,2,5,3,0,0,1,1,0,0,0,0,13.735746,51.041883
12,23,5,9,17,3,3,5,3,0,0,1,1,0,0,0,0,13.792565,51.047676
12,23,5,9,17,3,2,5,3,0,0,1,1,0,0,0,0,13.814296,51.054275
12,23,5,9,19,3,3,5,2,0,0,1,1,0,0,0,0,13.755918,51.055871
12,23,5,10,6,4,3,5,2,0,0,1,1,0,0,0,0,13.739308,51.073963
12,23,5,10,13,4,3,4,2,0,0,1,1,0,0,0,0,13.702265,51.045858
12,23,5,10,15,4,3,5,3,0,0,1,1,0,0,0,0,13.705343,51.051044
12,23,5,10,16,4,3,0,1,0,0,1,0,0,0,0,0,13.76902,51.052645
12,23,5,10,18,4,3,0,2,0,0,1,1,0,0,0,0,13.76105,51.068226
12,23,5,10,20,4,3,6,4,1,0,1,0,1,0,0,0,13.751903,51.070357
12,23,5,10,23,4,3,8,1,2,0,1,0,0,0,0,0,13.690509,51.014625
12,23,5,10,23,4,3,7,7,2,0,1,0,0,0,0,0,13.835523,51.079283
12,23,5,11,7,5,3,0,4,0,0,1,0,1,0,0,0,13.769773,51.042145
12,23,5,11,7,5,3,5,3,0,0,1,1,0,0,0,0,13.825163,51.000656
12,23,5,11,10,5,3,8,7,0,0,1,0,0,0,0,0,13.796046,51.139338
12,23,5,11,11,5,3,0,1,0,0,1,0,0,0,0,0,13.689306,51.014877
12,23,5,11,11,5,3,5,3,0,0,1,1,0,0,0,0,13.803462,51.021824
12,23,5,11,14,5,3,5,3,0,0,1,1,0,0,0,0,13.743164,51.124868
12,23,5,11,15,5,3,1,5,0,0,1,1,0,0,0,0,13.763726,51.087173
12,23,5,11,16,5,3,5,3,0,0,1,1,0,0,0,0,13.669854,51.016209
12,23,5,11,17,5,3,5,3,0,0,1,0,0,0,0,0,13.734243,51.065642
12,23,5,12,9,6,3,0,1,0,0,1,0,0,0,0,0,13.71466,51.079412
12,23,5,12,11,6,3,5,3,0,0,1,1,0,0,0,0,13.728817,51.019711
12,23,5,12,12,6,3,4,1,0,0,1,1,0,0,0,0,13.704469,51.024727
12,23,5,12,12,6,3,5,3,0,0,1,1,0,0,0,0,13.785902,51.05071
12,23,5,12,17,6,3,2,2,0,0,1,1,0,0,0,0,13.792395,51.03137
12,23,5,13,15,7,3,2,6,0,1,1,1,0,0,0,0,13.707364,51.078831
12,23,5,13,15,7,3,3,6,0,0,1,0,0,0,0,0,13.776773,51.051896
12,23,5,13,17,7,3,9,7,0,0,1,1,0,0,0,0,13.752363,51.054528
12,23,5,14,19,1,3,0,7,0,0,1,0,0,0,0,0,13.773086,51.033791
12,23,5,15,0,2,3,0,1,2,0,1,0,0,0,0,0,13.736817,51.071517
12,23,5,15,7,2,3,5,3,0,0,1,1,0,0,0,0,13.793607,51.129189
12,23,5,15,8,2,3,0,1,0,1,1,0,0,0,0,0,13.811787,51.020394
12,23,5,15,9,2,3,0,1,0,0,1,0,0,0,0,0,13.756171,51.060295
12,23,5,15,9,2,3,0,1,0,0,1,0,0,0,0,0,13.783029,51.009292
12,23,5,16,8,3,3,2,2,0,0,1,1,0,0,0,0,13.837322,51.025226
12,23,5,16,11,3,2,3,6,0,0,1,1,0,0,0,0,13.734425,51.088372
12,23,5,16,12,3,3,5,3,0,0,1,0,0,0,0,1,13.75128,51.042543
12,23,5,16,16,3,3,1,3,0,0,1,1,0,0,0,0,13.63547,51.08494
12,23,5,16,17,3,3,0,1,0,0,1,0,0,0,0,0,13.783879,51.053509
12,23,5,16,20,3,3,5,3,0,0,1,1,0,0,0,0,13.747876,51.028803
12,23,5,17,9,4,3,5,3,0,0,1,1,0,0,0,0,13.698581,51.07435
12,23,5,17,13,4,3,8,1,0,0,1,0,0,0,0,0,13.70231,51.043915
12,23,5,17,13,4,2,3,3,0,0,1,1,0,0,0,0,13.717676,51.048712
12,23,5,17,13,4,3,2,6,0,0,1,1,0,0,0,0,13.795526,51.145698
12,23,5,17,17,4,3,5,3,0,0,1,1,0,0,0,0,13.749881,51.074979
12,23,5,18,11,5,3,5,2,0,0,1,0,0,0,0,0,13.729711,51.067517
12,23,5,18,11,5,2,6,4,0,0,1,0,1,0,0,0,13.766826,51.041844
12,23,5,18,19,5,3,8,1,0,0,1,0,0,0,0,0,13.804407,51.131635
12,23,5,18,22,5,3,0,1,2,0,1,0,0,0,0,0,13.806727,51.124718
12,23,5,19,0,6,3,0,1,2,0,1,0,0,0,0,0,13.746174,51.03856
12,23,5,19,11,6,3,4,6,0,0,1,0,0,0,0,0,13.737935,51.057425
12,23,5,19,14,6,3,5,2,0,0,1,1,0,0,0,1,13.830977,51.009914
12,23,5,19,20,6,2,5,3,1,0,1,1,0,0,0,0,13.809052,51.036569
12,23,5,19,23,6,3,0,1,2,0,1,0,0,0,0,0,13.727038,51.06145
12,23,5,20,10,7,3,5,3,0,0,1,1,0,0,0,0,13.677813,51.043077
12,23,5,20,10,7,3,0,1,0,0,1,0,0,0,0,0,13.693957,51.043887
12,23,5,20,16,7,3,5,3,0,0,1,1,0,0,0,0,13.803233,51.021734
12,23,5,20,18,7,3,0,1,0,0,1,0,0,0,0,0,13.793497,51.032438
12,23,5,20,22,7,2,7,7,2,0,1,0,0,0,0,0,13.761424,51.083554
12,23,5,21,12,1,3,0,3,0,0,1,0,0,0,0,1,13.841866,51.002341
12,23,5,21,14,1,3,6,4,0,0,1,0,1,0,0,0,13.669825,51.033303
12,23,5,21,16,1,3,6,6,0,0,1,0,1,0,0,0,13.808036,51.058679
12,23,5,21,22,1,2,9,1,2,0,1,0,0,0,0,0,13.725342,51.056516
12,23,5,21,22,1,3,8,7,2,0,1,0,0,0,0,0,13.78652,51.126809
12,23,5,22,7,2,3,4,2,0,0,1,0,0,0,0,0,13.738033,51.054369
12,23,5,22,12,2,3,5,3,0,0,1,1,0,0,0,0,13.740813,51.047225
12,23,5,22,13,2,3,2,6,0,0,1,1,0,0,0,0,13.752979,51.073894
12,23,5,22,16,2,3,2,6,0,0,1,1,0,0,0,0,13.713895,51.027624
12,23,5,22,16,2,3,5,3,0,0,1,1,0,0,0,0,13.71898,51.096619
12,23,5,22,17,2,3,5,2,0,0,1,1,0,0,0,0,13.728505,51.083983
12,23,5,22,19,2,3,0,7,0,0,1,0,0,0,0,0,13.74528,51.048898
12,23,5,24,8,4,3,2,6,0,0,1,1,0,0,0,0,13.701751,51.038087
12,23,5,24,15,4,3,0,1,0,0,1,0,0,0,0,0,13.702262,51.017123
12,23,5,25,14,5,3,0,1,0,0,1,0,0,0,0,0,13.719721,51.094259
12,23,5,26,5,6,3,0,1,1,0,1,0,0,0,0,0,13.806221,51.052136
12,23,5,26,7,6,3,5,3,0,0,1,1,0,0,0,0,13.812021,51.036976
12,23,5,26,13,6,2,2,6,0,0,1,1,0,0,0,0,13.720836,51.084449
12,23,5,26,14,6,3,5,3,0,0,1,1,0,0,0,0,13.765645,51.073322
12,23,5,26,15,6,2,6,6,0,0,1,0,1,0,0,0,13.825953,51.036868
12,23,5,27,8,7,3,0,6,0,0,1,1,0,0,0,0,13.689172,51.037613
12,23,5,27,12,7,3,2,2,0,0,1,1,0,0,0,0,13.702013,51.032541
12,23,5,27,17,7,3,5,3,0,0,1,1,0,0,0,0,13.796381,51.050086
12,23,5,27,19,7,3,0,5,0,0,1,1,0,0,0,0,13.754325,51.066237
12,23,5,28,8,1,2,0,7,0,0,1,0,0,0,0,0,13.782736,51.010334
12,23,5,28,12,1,2,0,7,0,0,1,0,0,0,0,0,13.749738,51.057121
12,23,5,28,17,1,3,0,7,0,0,1,0,0,0,0,0,13.758064,51.052322
12,23,5,28,17,1,3,2,6,0,0,1,0,0,0,0,0,13.860811,51.009114
12,23,5,28,18,1,3,0,1,0,0,1,0,0,0,0,0,13.809577,51.012399
12,23,5,28,22,1,3,0,7,2,0,1,0,0,0,0,0,13.843397,51.127582
12,23,5,29,9,2,2,0,1,0,0,1,0,0,0,0,0,13.710658,51.02409
12,23,5,29,17,2,3,6,6,0,0,1,0,1,0,0,0,13.816913,51.042777
12,23,5,29,20,2,3,4,6,1,0,1,0,0,0,0,0,13.756775,51.077658
12,23,5,30,7,3,3,5,3,0,0,1,0,0,0,0,1,13.672208,51.083988
12,23,5,30,7,3,2,5,2,1,0,1,1,0,0,0,0,13.710867,51.048683
12,23,5,30,14,3,3,5,2,0,0,1,1,0,0,0,0,13.805862,51.039475
12,23,5,30,15,3,3,0,1,0,0,1,0,0,0,0,0,13.779484,51.058909
12,23,5,30,17,3,3,5,2,0,0,1,1,0,0,0,0,13.755586,51.076686
12,23,5,31,6,4,3,3,3,0,0,1,1,0,0,0,0,13.707012,51.041399
12,23,5,31,6,4,2,8,1,0,0,1,0,0,0,0,0,13.798816,51.062713
12,23,5,31,12,4,3,0,7,0,0,1,0,0,0,0,0,13.75413,51.021205
12,23,5,31,12,4,2,2,6,0,0,1,0,0,0,0,0,13.76465,51.039642
12,23,5,31,13,4,3,0,1,0,0,1,0,0,0,0,0,13.777718,51.052901
12,23,5,31,14,4,3,5,2,0,0,1,1,0,0,0,0,13.744485,51.0663
12,23,5,31,16,4,2,0,1,0,0,1,0,0,0,0,0,13.732756,51.03358