UKREIS,UJAHR,UMONAT,UTAG,USTUNDE,UWOCHENTAG,UKATEGORIE,UART,UTYP,LICHT,USTRZUSTAND,IstRad,IstPKW,IstFuss,IstKrad,IstGkfz,IstSonstige,@lon,@lat
12,23,5,31,16,4,3,5,3,0,0,1,1,0,0,0,0,13.808941,51.04734
12,23,5,31,21,4,3,0,1,2,0,1,0,0,0,0,0,13.835941,50.983745
12,23,6,1,7,5,3,0,7,0,0,1,0,0,0,0,0,13.733308,51.051073
12,23,6,1,7,5,3,5,2,0,0,1,1,0,0,0,0,13.737362,51.033143
12,23,6,1,8,5,3,5,2,0,0,1,1,0,0,0,0,13.797386,51.024223
12,23,6,1,15,5,3,3,2,0,0,1,0,0,0,0,1,13.787857,51.027894
12,23,6,1,17,5,2,5,3,0,0,1,0,0,0,0,1,13.762156,51.04669
12,23,6,1,18,5,3,0,1,0,0,1,0,0,0,0,0,13.7069,51.065963
12,23,6,1,18,5,3,0,7,0,0,1,1,0,0,0,0,13.821055,51.048589
12,23,6,1,20,5,3,0,1,1,0,1,0,0,0,0,0,13.71324,51.057021
12,23,6,2,12,6,3,0,1,0,0,1,0,0,0,0,0,13.703864,51.044261
12,23,6,2,14,6,3,6,7,0,0,1,0,1,0,0,0,13.761066,51.030963
12,23,6,2,21,6,3,5,2,1,0,1,1,0,0,0,0,13.775649,51.069786
12,23,6,3,0,7,3,0,7,2,0,1,0,0,0,0,0,13.738566,51.048422
12,23,6,3,9,7,2,0,1,0,0,1,0,0,0,0,0,13.670779,51.07144
12,23,6,3,11,7,3,5,3,0,0,1,1,0,0,0,0,13.68364,51.057136
12,23,6,3,15,7,3,0,1,0,0,1,0,0,0,0,0,13.721612,51.077396
12,23,6,3,15,7,2,3,6,0,0,1,1,0,0,0,0,13.746891,51.051645
12,23,6,3,16,7,3,0,1,0,0,1,0,0,0,0,0,13.602083,51.091828
12,23,6,3,16,7,2,7,7,0,0,1,0,0,0,0,0,13.839762,51.025809
12,23,6,3,17,7,2,0,7,0,0,1,0,0,0,0,0,13.72808,51.085042
12,23,6,3,17,7,3,0,7,0,0,1,0,0,0,0,0,13.783592,51.036471
12,23,6,4,4,1,3,0,1,1,0,1,0,0,0,0,0,13.750696,51.071382
12,23,6,4,11,1,3,0,3,0,0,1,1,0,0,0,0,13.711976,51.025557
12,23,6,5,7,2,2,3,2,0,0,1,1,0,0,0,0,13.751646,51.042892
12,23,6,5,8,2,3,1,5,0,0,1,1,0,0,0,0,13.798441,51.043871
12,23,6,5,12,2,3,0,7,0,0,1,0,0,0,0,0,13.705526,51.078534
12,23,6,5,14,2,3,3,5,0,0,1,1,0,0,0,0,13.735173,51.050548
12,23,6,5,15,2,3,5,2,0,0,1,1,0,0,0,0,13.760675,51.049197
12,23,6,5,17,2,3,0,1,0,0,1,0,0,0,0,0,13.73429,51.048287
12,23,6,6,9,3,3,0,1,0,1,1,0,0,0,0,0,13.739252,51.060107
12,23,6,6,12,3,3,0,7,0,1,1,0,0,0,0,0,13.795082,51.028394
12,23,6,6,15,3,3,2,1,0,1,1,1,0,0,0,0,13.737828,51.088326
12,23,6,6,18,3,3,3,6,0,0,1,0,0,0,0,0,13.756515,51.055311
12,23,6,6,19,3,3,0,6,1,1,1,0,0,0,1,0,13.793958,51.028625
12,23,6,6,21,3,3,0,1,2,1,1,0,0,0,0,0,13.75901,51.05372
12,23,6,7,9,4,2,0,6,0,0,1,0,0,0,0,0,13.698134,51.064316
12,23,6,7,14,4,3,5,3,0,0,1,1,0,0,0,0,13.778939,51.031584
12,23,6,7,20,4,2,3,6,0,0,1,1,0,0,0,0,13.745373,51.049881
12,23,6,8,7,5,3,0,1,0,1,1,0,0,0,0,0,13.754791,51.06783
12,23,6,8,11,5,2,0,1,0,0,1,0,0,0,0,0,13.695893,51.043269
12,23,6,8,15,5,3,7,7,0,0,1,0,0,0,0,0,13.733055,51.076504
12,23,6,8,18,5,3,5,3,0,0,1,1,0,0,0,0,13.743397,51.064521
12,23,6,9,14,6,3,5,3,0,0,1,1,0,0,0,0,13.772789,51.1278
12,23,6,9,16,6,3,0,3,0,0,1,0,0,0,0,1,13.808355,51.045277
12,23,6,9,17,6,2,1,5,0,0,1,1,0,0,0,0,13.711352,51.090221
12,23,6,9,17,6,3,2,2,0,0,1,0,0,0,0,0,13.756802,51.077678
12,23,6,10,11,7,2,4,6,0,0,1,0,0,0,0,0,13.741913,51.046188
12,23,6,10,13,7,3,5,3,0,0,1,1,0,0,0,0,13.732158,51.118237
12,23,6,10,14,7,3,5,3,0,0,1,1,0,0,0,0,13.842019,51.001864
12,23,6,10,16,7,3,0,1,0,0,1,0,0,0,0,0,13.74065,51.048592
12,23,6,10,19,7,3,0,1,0,0,1,0,0,0,0,0,13.731263,51.053416
12,23,6,10,22,7,3,6,6,2,0,1,0,1,0,0,0,13.766813,51.074696
12,23,6,11,6,1,3,0,1,0,0,1,0,0,0,0,0,13.724153,51.055609
12,23,6,11,14,1,3,0,7,0,0,1,0,0,0,0,0,13.74665,51.057155
12,23,6,11,18,1,3,0,1,0,0,1,0,0,0,0,0,13.883716,51.073674
12,23,6,12,6,2,3,0,1,0,0,1,0,0,0,0,0,13.762294,51.024449
12,23,6,12,7,2,1,5,3,0,0,1,1,0,0,0,0,13.878171,51.072134
12,23,6,12,8,2,3,4,3,0,0,1,0,0,0,0,0,13.752252,51.05888
12,23,6,12,12,2,3,5,3,0,0,1,1,0,0,0,0,13.765553,51.048361
12,23,6,12,16,2,3,3,5,0,0,1,1,0,0,0,0,13.771993,51.057598
12,23,6,12,16,2,2,0,1,0,0,1,0,0,0,0,0,13.796722,50.988759
12,23,6,12,17,2,3,0,3,0,0,1,1,0,0,0,0,13.772276,51.050886
12,23,6,12,22,2,3,0,1,2,0,1,0,0,0,0,0,13.751349,51.042426
12,23,6,13,0,3,3,0,1,2,0,1,0,0,0,0,0,13.736936,51.049047
12,23,6,13,6,3,3,5,3,0,0,1,1,0,0,0,0,13.768257,51.015701
12,23,6,13,8,3,2,5,3,0,0,1,1,0,0,0,0,13.724242,51.030728
12,23,6,13,13,3,3,0,1,0,0,1,0,0,0,0,0,13.68815,51.056365
12,23,6,13,14,3,2,6,7,0,1,1,0,1,0,0,0,13.789502,51.006317
12,23,6,13,19,3,3,3,6,0,0,1,1,0,0,0,0,13.659393,51.044772
12,23,6,13,19,3,2,5,3,0,0,1,1,0,0,0,0,13.779297,51.060865
12,23,6,14,7,4,2,0,6,0,0,1,1,0,0,0,0,13.703972,51.017999
12,23,6,14,8,4,3,5,3,0,0,1,1,0,0,0,0,13.782834,51.122335
12,23,6,14,14,4,2,0,1,0,0,1,0,0,0,0,0,13.750681,51.071365
12,23,6,14,15,4,3,5,3,0,0,1,1,0,0,0,0,13.729489,51.076352
12,23,6,14,16,4,3,1,5,0,0,1,1,0,0,0,0,13.70997,51.083923
12,23,6,14,16,4,3,0,1,0,0,1,0,0,0,0,0,13.776421,51.110882
12,23,6,14,17,4,2,3,6,0,0,1,0,0,0,0,0,13.690056,51.063399
12,23,6,14,18,4,2,5,2,0,0,1,1,0,0,0,0,13.755946,51.055883
12,23,6,14,18,4,3,5,3,0,0,1,1,0,0,0,0,13.793786,51.006901
12,23,6,14,22,4,2,0,7,2,0,1,0,0,0,0,0,13.805586,51.06002
12,23,6,15,14,5,3,5,2,0,0,1,1,0,0,0,0,13.739032,51.050281
12,23,6,15,15,5,3,0,1,0,1,1,0,0,0,0,0,13.724427,51.033035
12,23,6,15,15,5,3,0,1,0,1,1,0,0,0,0,0,13.751304,51.022977
12,23,6,16,6,6,3,5,3,0,0,1,1,0,0,0,0,13.736149,51.049814
12,23,6,16,7,6,3,7,7,0,0,1,0,0,0,0,0,13.813962,51.047127
12,23,6,16,9,6,3,5,2,0,0,1,1,0,0,0,0,13.706513,51.028702
12,23,6,16,16,6,3,0,1,0,1,1,0,0,0,0,0,13.79055,51.053797
12,23,6,17,5,7,3,0,1,1,0,1,0,0,0,0,0,13.772699,51.046504
12,23,6,17,10,7,3,5,2,0,0,1,1,0,0,0,0,13.729453,51.04571
12,23,6,17,14,7,3,0,1,0,1,1,0,0,0,0,0,13.814929,51.043669
12,23,6,17,15,7,3,5,3,0,0,1,1,0,0,0,0,13.734142,51.036458
12,23,6,18,12,1,3,6,4,0,0,1,0,1,0,0,0,13.700566,51.016245
12,23,6,19,7,2,3,4,2,0,0,1,1,0,0,0,0,13.775802,51.050803
12,23,6,19,7,2,3,4,6,0,0,1,0,0,0,0,0,13.782569,51.067103
12,23,6,19,8,2,3,0,1,0,0,1,0,0,0,0,0,13.829607,51.008479
12,23,6,19,15,2,3,5,3,0,0,1,1,0,0,0,0,13.793608,51.129191
12,23,6,19,19,2,3,0,5,0,0,1,1,0,0,0,0,13.755294,51.065986
12,23,6,20,8,3,3,1,5,0,0,1,1,0,0,0,0,13.748935,51.069728
12,23,6,20,14,3,3,5,2,0,0,1,1,0,0,0,0,13.690332,51.061961
12,23,6,20,19,3,3,0,1,0,0,1,0,0,0,0,0,13.748086,51.057446
12,23,6,20,23,3,3,5,3,2,0,1,1,0,0,0,0,13.728962,51.059324
12,23,6,21,7,4,3,1,6,0,0,1,1,0,0,1,0,13.736017,51.029253
12,23,6,21,9,4,3,5,3,0,0,1,1,0,0,0,0,13.74912,51.05255
12,23,6,21,14,4,3,0,3,0,0,1,1,0,0,0,0,13.761097,51.068185
12,23,6,21,17,4,3,5,3,0,0,1,1,0,0,0,0,13.74033,51.064696
12,23,6,22,7,5,3,5,6,0,0,1,1,0,0,0,0,13.727147,51.076892
12,23,6,22,18,5,3,0,1,0,0,1,0,0,0,0,0,13.786673,51.04334
12,23,6,23,6,6,3,0,1,0,1,1,0,0,0,0,0,13.721969,51.086681
12,23,6,23,13,6,3,0,1,0,0,1,0,0,0,0,0,13.783106,51.07079
12,23,6,23,15,6,2,5,3,0,0,1,1,0,0,0,0,13.696889,51.044416
12,23,6,25,1,1,2,0,1,2,0,1,0,0,0,0,0,13.681222,51.06186
12,23,6,25,9,1,3,8,1,0,0,1,0,0,0,0,0,13.718574,51.07605
12,23,6,25,13,1,3,0,1,0,0,1,0,0,0,0,0,13.825267,51.003336
12,23,6,25,15,1,3,0,1,0,0,1,0,0,0,0,0,13.730016,51.076552
12,23,6,26,7,2,3,0,7,0,0,1,0,0,0,0,0,13.804929,51.032417
12,23,6,26,13,2,2,6,7,0,0,1,0,1,0,0,0,13.806612,51.026715
12,23,6,26,14,2,3,5,3,0,0,1,1,0,0,0,0,13.721392,51.088974
12,23,6,26,15,2,3,3,6,0,0,1,1,0,0,0,0,13.746087,51.049133
12,23,6,26,15,2,3,0,1,0,0,1,0,0,0,0,0,13.802125,51.061678
12,23,6,26,20,2,3,0,1,1,1,1,0,0,0,0,0,13.833417,51.01452
12,23,6,27,10,3,3,5,3,0,0,1,1,0,0,0,0,13.758051,51.052287
12,23,6,27,14,3,3,5,3,0,0,1,1,0,0,0,0,13.709891,51.028636
12,23,6,27,14,3,3,5,3,0,0,1,1,0,0,0,0,13.822258,50.997773
12,23,6,27,15,3,3,8,1,0,0,1,0,0,0,0,0,13.718899,51.096892
12,23,6,27,16,3,2,6,4,0,0,1,0,1,0,0,0,13.767391,51.061469
12,23,6,27,19,3,3,0,1,0,0,1,0,0,0,0,0,13.681759,51.061229
12,23,6,28,7,4,3,3,7,0,0,1,1,0,0,0,0,13.777642,51.052793
12,23,6,28,14,4,3,1,5,0,0,1,1,0,0,0,0,13.69641,51.05258
12,23,6,28,15,4,3,3,6,0,0,1,1,0,0,0,0,13.806112,51.025207
12,23,6,28,16,4,3,5,3,0,0,1,1,0,0,0,0,13.690058,51.061711
12,23,6,28,16,4,3,3,2,0,0,1,1,0,0,0,0,13.794644,51.04939
12,23,6,28,19,4,3,5,2,0,0,1,1,0,0,0,0,13.716157,51.077798
12,23,6,29,8,5,3,5,2,0,0,1,1,0,0,0,0,13.705403,51.0343
12,23,6,29,8,5,3,6,4,0,0,1,0,1,0,0,0,13.74073,51.064786
12,23,6,29,10,5,3,0,7,0,0,1,0,0,0,0,0,13.724607,51.057513
12,23,6,29,10,5,3,0,1,0,0,1,0,0,0,0,0,13.755805,51.056012
12,23,6,29,15,5,3,2,7,0,0,1,1,0,0,0,0,13.707136,51.02928
12,23,6,29,16,5,3,7,1,0,0,1,1,0,0,0,0,13.690453,51.007807
12,23,6,29,17,5,3,5,3,0,0,1,1,0,0,0,0,13.738077,51.08999
12,23,6,29,20,5,3,0,7,0,0,1,0,0,0,0,0,13.750925,51.066215
12,23,6,30,12,6,3,6,2,0,0,1,0,1,0,0,0,13.673528,51.064469
12,23,6,30,17,6,3,0,1,0,1,1,0,0,0,0,0,13.745314,51.027107
12,23,6,30,20,6,3,0,1,1,1,1,0,0,0,0,0,13.807999,51.05113
12,23,7,1,7,7,2,5,3,0,0,1,1,0,0,0,0,13.800552,51.065917
12,23,7,1,10,7,3,0,5,0,0,1,1,0,0,0,0,13.74922,51.062501
12,23,7,1,18,7,3,5,3,0,0,1,1,0,0,0,0,13.772541,51.107302
12,23,7,1,22,7,3,0,7,2,1,1,0,0,0,0,0,13.77305,51.032078
12,23,7,1,23,7,3,0,1,2,1,1,0,0,0,0,0,13.771486,51.015862
12,23,7,2,1,1,3,4,6,2,0,1,0,0,0,0,0,13.741897,51.121328
12,23,7,2,6,1,3,0,1,0,0,1,0,0,0,0,0,13.754089,51.066839
12,23,7,2,7,1,3,0,1,0,1,1,0,0,0,0,0,13.837431,51.024876
12,23,7,2,9,1,2,8,1,0,1,1,0,0,0,0,0,13.840317,51.095456
12,23,7,2,11,1,3,0,1,0,0,1,0,0,0,0,0,13.741338,51.053389
12,23,7,3,8,2,3,2,6,0,0,1,1,0,0,0,0,13.724024,51.031037
12,23,7,3,15,2,3,0,7,0,0,1,0,0,0,0,0,13.77059,51.120639
12,23,7,3,15,2,2,0,7,0,0,1,0,0,0,0,0,13.808958,51.151268
12,23,7,3,16,2,2,0,7,0,0,1,0,0,0,0,0,13.662263,51.092095
12,23,7,3,16,2,3,0,3,0,0,1,1,0,0,0,0,13.725118,51.028219
12,23,7,3,16,2,3,5,2,0,0,1,1,0,0,0,0,13.830049,51.010291
12,23,7,3,17,2,3,6,6,0,0,1,0,1,0,0,0,13.817169,51.024707
12,23,7,3,20,2,3,1,1,0,0,1,1,0,0,0,0,13.744138,51.077611
12,23,7,4,6,3,3,5,3,0,0,1,1,0,0,0,0,13.730645,51.117785
12,23,7,4,8,3,2,0,1,0,0,1,0,0,0,0,0,13.703867,51.044259
12,23,7,4,8,3,3,2,6,0,0,1,1,0,0,0,0,13.707984,51.042928
12,23,7,4,17,3,3,5,3,0,0,1,1,0,0,0,0,13.690168,51.073469
12,23,7,4,17,3,3,5,3,0,0,1,1,0,0,0,0,13.742031,51.064674
12,23,7,4,19,3,2,0,1,0,0,1,0,0,0,0,0,13.729698,51.075059
12,23,7,5,7,4,3,0,6,0,0,1,0,0,0,1,0,13.749575,51.033904
12,23,7,5,8,4,3,5,3,0,0,1,0,0,0,0,0,13.740014,51.045181
12,23,7,5,11,4,3,5,3,0,0,1,0,0,0,0,1,13.826564,50.998285
12,23,7,5,14,4,3,0,1,0,0,1,0,0,0,0,0,13.837166,51.062322
12,23,7,5,18,4,3,0,1,0,0,1,0,0,0,0,0,13.792556,51.055299
12,23,7,5,19,4,3,5,3,0,0,1,1,0,0,0,0,13.701934,51.07909
12,23,7,5,19,4,3,5,3,0,0,1,1,0,0,0,0,13.780495,51.116155
12,23,7,5,20,4,2,6,6,2,0,1,0,1,0,0,0,13.727984,51.068155
12,23,7,6,6,5,3,0,1,0,0,1,0,0,0,0,0,13.707438,51.044317
12,23,7,6,6,5,3,2,2,0,0,1,1,0,0,0,1,13.734362,51.061611
12,23,7,6,7,5,3,5,2,0,0,1,1,0,0,0,0,13.689633,51.068935
12,23,7,6,7,5,3,5,3,0,0,1,1,0,0,0,0,13.730279,51.076664
12,23,7,6,10,5,3,0,1,0,0,1,0,0,0,0,0,13.757284,51.049726
12,23,7,6,14,5,2,5,2,0,0,1,1,0,0,0,0,13.748464,51.053542
12,23,7,6,15,5,3,2,6,0,0,1,0,0,0,0,1,13.714549,51.027561
12,23,7,6,15,5,3,4,6,0,0,1,0,0,0,0,0,13.756239,51.056598
12,23,7,6,16,5,2,0,1,0,0,1,0,0,0,0,0,13.603579,51.037807
12,23,7,6,16,5,3,5,3,0,0,1,1,0,0,0,0,13.71878,51.087853
12,23,7,6,17,5,3,5,3,0,0,1,1,0,0,0,0,13.787838,51.04825
12,23,7,6,18,5,3,5,3,0,0,1,1,0,0,0,0,13.740189,51.053716
12,23,7,7,7,6,3,0,2,0,0,1,1,0,0,0,0,13.704208,51.04353
12,23,7,7,10,6,3,0,1,0,0,1,0,0,0,0,0,13.759336,51.063605
12,23,7,7,11,6,3,1,5,0,0,1,1,0,0,0,0,13.766158,51.065936
12,23,7,7,12,6,3,1,5,0,0,1,1,0,0,0,0,13.726414,51.086066
12,23,7,7,15,6,2,0,3,0,0,1,0,0,1,0,0,13.745446,51.048965
12,23,7,8,7,7,2,9,1,0,0,1,0,0,0,0,0,13.843191,51.102528
12,23,7,8,8,7,3,0,1,0,0,1,0,0,0,0,0,13.733545,51.051683
12,23,7,8,9,7,3,5,3,0,0,1,1,0,0,0,0,13.763669,51.023546
12,23,7,8,14,7,2,0,1,0,0,1,0,0,0,0,0,13.779468,51.047717
12,23,7,8,18,7,2,0,1,0,0,1,0,0,0,0,0,13.720772,51.074228
12,23,7,8,20,7,3,0,1,0,0,1,0,0,0,0,0,13.830342,50.999413
12,23,7,8,21,7,3,6,4,2,0,1,0,1,0,0,1,13.742835,51.049731
12,23,7,9,11,1,2,4,2,0,0,1,0,0,0,0,1,13.795426,51.042876
12,23,7,10,8,2,2,2,6,0,0,1,0,0,0,0,0,13.736084,51.062591
12,23,7,10,9,2,3,0,1,0,0,1,0,0,0,0,0,13.752514,51.073381
12,23,7,10,9,2,3,0,1,0,0,1,0,0,0,0,0,13.772886,51.046427
12,23,7,10,15,2,3,3,6,0,0,1,0,0,0,0,0,13.720723,51.04924
12,23,7,10,15,2,3,0,2,0,0,1,1,0,0,0,0,13.733412,51.046445
12,23,7,10,15,2,2,5,2,0,0,1,0,0,0,0,0,13.761453,51.068121
12,23,7,10,15,2,3,0,3,0,0,1,1,0,0,0,0,13.777197,51.060082
12,23,7,10,21,2,3,5,2,0,0,1,1,0,0,0,0,13.739032,51.050281
12,23,7,11,12,3,2,0,1,0,0,1,0,0,0,0,0,13.829111,51.001039
12,23,7,11,16,3,2,3,3,0,0,1,1,0,0,0,0,13.637973,51.087162
12,23,7,12,5,4,3,3,6,0,0,1,0,0,0,0,0,13.690407,51.076722
12,23,7,12,8,4,3,0,7,0,0,1,0,0,0,0,0,13.728541,51.052194
12,23,7,12,12,4,3,1,7,0,0,1,1,0,0,0,0,13.723062,51.04073
12,23,7,12,12,4,2,0,1,0,0,1,0,0,0,0,0,13.794178,51.025421
12,23,7,12,14,4,2,5,3,0,0,1,0,0,0,0,1,13.746082,51.05965
12,23,7,13,5,5,3,0,1,0,0,1,0,0,0,0,0,13.709309,51.044794
12,23,7,13,10,5,2,0,7,0,0,1,0,0,0,0,0,13.733179,51.051289
12,23,7,13,11,5,3,6,4,0,0,1,0,1,0,0,0,13.736237,51.053293
12,23,7,13,16,5,3,0,1,0,0,1,0,0,0,0,0,13.724806,51.056118
12,23,7,13,19,5,2,6,6,0,0,1,0,1,0,0,0,13.86268,51.008541
12,23,7,14,7,6,3,1,2,0,0,1,1,0,0,0,0,13.80538,51.025448
12,23,7,14,10,6,3,5,2,0,0,1,1,0,0,0,0,13.727507,51.044799
12,23,7,14,16,6,3,0,7,0,0,1,0,0,0,0,0,13.782518,51.045466
12,23,7,15,14,7,3,0,6,0,0,1,1,0,0,0,0,13.751164,51.015772
12,23,7,15,21,7,3,0,1,2,0,1,0,0,0,0,0,13.722813,51.056394
12,23,7,15,22,7,3,0,1,2,0,1,0,0,0,0,0,13.847612,51.007845
12,23,7,16,21,1,2,0,1,2,0,1,0,0,0,0,0,13.698054,51.043502
12,23,7,17,8,2,3,8,7,0,0,1,0,0,0,0,0,13.674546,51.040864
12,23,7,17,8,2,3,4,6,0,0,1,0,0,0,0,0,13.731317,51.034994
12,23,7,17,16,2,2,5,3,0,0,1,1,0,0,0,0,13.74203,51.064674
12,23,7,18,8,3,2,0,1,0,0,1,0,0,0,0,0,13.644403,51.047948
12,23,7,18,8,3,3,5,2,0,0,1,1,0,0,0,0,13.726895,51.059505
12,23,7,18,13,3,3,0,1,0,0,1,0,0,0,0,0,13.874786,51.008003
12,23,7,18,15,3,3,5,2,0,0,1,1,0,0,0,0,13.689557,51.067997
12,23,7,18,16,3,3,5,3,0,0,1,1,0,0,0,0,13.778596,51.042637
12,23,7,18,17,3,3,6,6,0,0,1,0,1,0,0,0,13.721854,51.072891
12,23,7,18,17,3,2,5,2,0,0,1,0,0,0,0,1,13.737044,51.063012
12,23,7,18,17,3,3,5,3,0,0,1,1,0,0,0,0,13.774467,51.033083
12,23,7,18,20,3,3,6,4,0,0,1,0,1,0,0,0,13.788763,51.043274
12,23,7,19,7,4,3,0,3,0,0,1,1,0,0,0,0,13.777197,51.060084
12,23,7,19,9,4,3,4,6,0,0,1,1,0,0,0,1,13.821062,51.009238
12,23,7,19,10,4,3,8,7,0,0,1,0,0,0,0,0,13.68308,51.062965
12,23,7,19,10,4,3,5,7,0,0,1,0,0,0,0,0,13.788352,51.03209
12,23,7,19,12,4,3,0,1,0,0,1,0,0,0,0,0,13.727519,51.084924
12,23,7,19,13,4,3,3,2,0,0,1,1,0,0,0,0,13.739032,51.050281
12,23,7,19,14,4,3,1,5,0,0,1,1,0,0,0,0,13.708137,51.030191
12,23,7,19,14,4,3,4,2,0,0,1,1,0,0,0,0,13.720407,51.029682
12,23,7,19,14,4,3,5,2,0,0,1,0,0,0,0,1,13.722206,51.05409
12,23,7,19,16,4,2,0,7,0,0,1,0,0,0,0,0,13.769106,51.09955
12,23,7,19,18,4,2,0,1,0,0,1,0,0,0,0,0,13.704954,51.096833
12,23,7,19,18,4,3,0,1,0,0,1,0,0,0,0,0,13.809998,51.048892
12,23,7,19,21,4,3,0,1,2,1,1,0,0,0,0,0,13.837431,51.024876
12,23,7,20,8,5,3,0,6,0,1,1,1,0,0,0,0,13.685409,51.04726
12,23,7,20,15,5,3,0,1,0,0,1,0,0,0,0,0,13.738213,51.084435
12,23,7,20,16,5,3,0,1,0,0,1,0,0,0,0,0,13.80868,51.038122
12,23,7,20,19,5,3,8,1,0,0,1,0,0,0,0,0,13.766885,51.011944
12,23,7,21,14,6,3,5,7,0,0,1,1,0,0,0,0,13.776331,51.046943
12,23,7,21,21,6,3,5,3,2,1,1,1,0,0,0,0,13.735101,51.052356
12,23,7,22,12,7,3,5,3,0,0,1,1,0,0,0,0,13.7723,51.066699
12,23,7,22,14,7,2,0,7,0,0,1,0,0,0,0,0,13.725729,51.081311
12,23,7,22,16,7,3,5,3,0,0,1,1,0,0,0,0,13.818444,51.039578
12,23,7,22,17,7,3,3,3,0,0,1,0,0,1,0,0,13.801057,50.999926
12,23,7,22,19,7,3,0,1,0,0,1,0,0,0,0,0,13.702161,51.077751
12,23,7,22,19,7,2,3,3,0,0,1,0,0,1,0,0,13.768906,51.099054
12,23,7,23,15,1,3,0,7,0,0,1,0,0,0,0,0,13.725108,51.043691
12,23,7,24,6,2,3,0,7,0,0,1,0,0,0,0,0,13.770059,51.057212
12,23,7,24,9,2,3,3,2,0,0,1,1,0,0,0,0,13.755751,51.026421
12,23,7,24,13,2,3,0,7,0,1,1,0,0,0,0,0,13.884589,51.064412
12,23,7,24,14,2,3,0,3,0,1,1,0,0,0,0,0,13.792771,51.048072
12,23,7,24,15,2,3,5,3,0,0,1,1,0,0,0,0,13.763619,51.058768
12,23,7,24,16,2,3,1,5,0,0,1,1,0,0,0,0,13.748302,51.067848
12,23,7,25,7,3,2,0,7,0,0,1,0,0,0,0,0,13.770248,51.02357
12,23,7,25,14,3,3,0,2,0,1,1,1,0,0,0,0,13.830685,51.028253
12,23,7,25,19,3,2,0,1,0,1,1,0,0,0,0,0,13.772721,51.046494
12,23,7,25,20,3,3,5,3,2,1,1,1,0,0,0,0,13.74203,51.064674
12,23,7,26,6,4,3,5,2,0,0,1,0,0,0,0,1,13.704757,51.046324
12,23,7,26,7,4,3,1,5,0,0,1,1,0,0,0,0,13.729105,51.054694
12,23,7,26,16,4,3,0,1,0,0,1,0,0,0,0,0,13.737522,51.0872
12,23,7,26,16,4,3,6,7,0,0,1,0,1,0,0,0,13.758539,51.039568
12,23,7,27,10,5,3,7,1,0,0,1,0,0,0,0,0,13.747728,51.068047
12,23,7,27,15,5,3,1,7,0,0,1,1,0,0,0,0,13.730966,51.019735
12,23,7,27,19,5,3,5,3,0,1,1,0,0,0,0,0,13.788995,51.050981
12,23,7,28,8,6,3,5,3,0,0,1,0,0,0,0,1,13.757931,51.075884
12,23,7,28,18,6,3,0,1,0,0,1,0,0,0,0,0,13.816181,51.016076
12,23,7,29,10,7,3,1,1,0,0,1,1,0,0,0,0,13.752176,51.061678
12,23,7,29,12,7,3,2,2,0,0,1,1,0,0,0,0,13.726656,51.035038
12,23,7,29,13,7,3,0,1,0,1,1,0,0,0,0,0,13.786905,51.066941
12,23,7,29,15,7,3,3,6,0,0,1,1,0,0,0,0,13.813978,51.018629
12,23,7,29,20,7,3,0,1,1,1,1,0,0,0,0,0,13.837437,51.02492
12,23,7,29,21,7,3,0,1,2,1,1,0,0,0,0,0,13.837372,51.024849
12,23,7,30,10,1,2,0,1,0,0,1,0,0,0,0,0,13.733325,51.039169
12,23,7,31,7,2,3,5,3,0,1,1,1,0,0,0,0,13.724697,51.029804
12,23,7,31,17,2,3,0,1,0,0,1,0,0,0,0,0,13.693192,51.045814
12,23,8,1,10,3,3,0,1,0,1,1,0,0,0,0,1,13.878324,51.063044
12,23,8,1,17,3,3,1,2,0,0,1,1,0,0,0,0,13.744705,51.064264
12,23,8,1,17,3,3,1,2,0,0,1,1,0,0,0,0,13.789738,51.045265
12,23,8,2,14,4,3,1,5,0,0,1,1,0,0,0,0,13.793848,51.050134
12,23,8,2,20,4,3,0,1,2,1,1,0,0,0,0,0,13.702799,51.038881
12,23,8,3,20,5,3,1,1,1,0,1,1,0,0,0,0,13.728021,51.076514
12,23,8,3,22,5,3,0,7,2,0,1,0,0,0,0,0,13.758137,51.052244
12,23,8,3,23,5,3,0,1,2,0,1,0,0,0,0,0,13.736706,51.053669
12,23,8,4,12,6,3,0,1,0,1,1,0,0,0,0,0,13.814118,51.036397
12,23,8,4,12,6,3,0,1,0,1,1,0,0,0,0,0,13.82469,51.013852
12,23,8,5,17,7,2,3,6,0,0,1,0,0,0,0,0,13.701065,51.065375
12,23,8,7,7,2,3,5,3,0,1,1,1,0,0,0,0,13.700639,51.032194
12,23,8,7,8,2,3,2,7,0,0,1,0,0,0,0,0,13.744849,51.116232
12,23,8,7,8,2,2,5,3,0,1,1,1,0,0,0,0,13.834522,51.122101
12,23,8,7,16,2,3,5,2,0,1,1,1,0,0,0,0,13.805799,51.040907
12,23,8,8,8,3,3,3,2,0,0,1,0,0,0,0,1,13.723437,51.056547
12,23,8,8,16,3,3,0,1,0,0,1,0,0,0,0,0,13.690084,51.042562
12,23,8,8,18,3,3,6,6,0,0,1,0,1,0,0,0,13.746279,51.053399
12,23,8,9,9,4,3,0,1,0,1,1,0,0,0,0,0,13.746806,51.063794
12,23,8,9,16,4,2,0,1,0,0,1,0,0,0,0,0,13.821293,51.003099
12,23,8,10,7,5,3,0,1,0,0,1,0,0,0,0,0,13.682279,51.061831
12,23,8,11,6,6,3,0,7,0,0,1,0,0,0,0,0,13.660909,51.092813