UKREIS,UJAHR,UMONAT,UTAG,USTUNDE,UWOCHENTAG,UKATEGORIE,UART,UTYP,LICHT,USTRZUSTAND,IstRad,IstPKW,IstFuss,IstKrad,IstGkfz,IstSonstige,@lon,@lat
12,23,8,11,10,6,3,5,3,0,0,1,1,0,0,0,0,13.756578,51.055099
12,23,8,11,13,6,3,5,2,0,0,1,0,0,0,1,0,13.788722,51.043582
12,23,8,11,15,6,2,0,1,0,0,1,0,0,0,0,0,13.842487,51.021294
12,23,8,11,16,6,3,7,7,0,0,1,0,0,0,0,0,13.842487,51.021293
12,23,8,11,17,6,3,5,2,0,0,1,0,0,0,0,1,13.708467,51.046919
12,23,8,12,14,7,3,0,1,0,0,1,0,0,0,0,0,13.830191,51.031794
12,23,8,12,17,7,2,4,6,0,0,1,0,0,0,0,0,13.72527,51.070214
12,23,8,12,17,7,2,5,3,0,0,1,0,0,0,0,0,13.874267,50.991651
12,23,8,13,3,1,3,1,7,2,0,1,0,0,0,0,1,13.751378,51.072135
12,23,8,13,6,1,3,0,7,0,0,1,0,0,0,0,0,13.821053,51.048592
12,23,8,13,9,1,2,5,3,0,0,1,0,0,0,0,0,13.867878,51.00437
12,23,8,14,14,2,2,7,1,0,0,1,0,0,0,0,0,13.844925,51.008021
12,23,8,14,17,2,3,1,7,0,0,1,1,0,0,0,0,13.704239,51.094452
12,23,8,14,19,2,3,9,1,0,0,1,0,0,0,0,0,13.683191,51.025286
12,23,8,14,20,2,3,0,1,2,0,1,0,0,0,0,0,13.768874,51.056937
12,23,8,14,21,2,3,0,1,2,0,1,0,0,0,0,0,13.771139,51.04614
12,23,8,15,6,3,3,5,2,0,0,1,1,0,0,0,0,13.774539,51.111712
12,23,8,15,6,3,3,5,2,0,0,1,1,0,0,0,0,13.826401,51.004676
12,23,8,15,8,3,3,5,3,0,0,1,1,0,0,0,0,13.697787,51.022541
12,23,8,15,14,3,2,4,7,0,0,1,0,0,0,1,0,13.741051,51.056286
12,23,8,15,16,3,3,0,7,0,0,1,0,0,0,0,0,13.718958,51.046686
12,23,8,15,16,3,3,0,1,0,0,1,0,0,0,0,0,13.805068,51.052766
12,23,8,15,17,3,3,3,1,0,0,1,1,0,0,0,0,13.70153,51.091122
12,23,8,16,7,4,3,5,3,0,0,1,1,0,0,0,0,13.780302,51.042217
12,23,8,16,11,4,2,5,3,0,0,1,1,0,0,0,0,13.745501,51.068292
12,23,8,16,14,4,3,0,7,0,0,1,0,0,0,0,0,13.733742,51.057357
12,23,8,16,15,4,3,5,2,0,0,1,1,0,0,0,0,13.74783,51.05349
12,23,8,17,8,5,3,5,3,0,0,1,0,0,0,0,0,13.862738,51.001951
12,23,8,17,11,5,3,5,3,0,0,1,1,0,0,0,0,13.800408,51.024104
12,23,8,17,14,5,3,0,1,0,0,1,0,0,0,0,0,13.705622,51.084888
12,23,8,18,18,6,2,5,2,0,0,1,1,0,0,0,0,13.68877,51.083023
12,23,8,19,9,7,3,0,7,0,0,1,0,0,0,0,0,13.783109,51.042554
12,23,8,19,13,7,3,4,3,0,0,1,1,0,0,0,0,13.720715,51.04926
12,23,8,20,12,1,2,5,3,0,0,1,1,0,0,0,0,13.698505,51.074236
12,23,8,20,15,1,3,3,6,0,0,1,0,0,0,0,0,13.7565,51.059713
12,23,8,20,19,1,3,0,1,0,1,1,0,0,0,0,0,13.682989,51.059753
12,23,8,20,19,1,2,0,1,0,0,1,0,0,0,0,0,13.735212,51.019125
12,23,8,20,20,1,3,0,7,1,0,1,0,0,0,0,0,13.796444,51.012006
12,23,8,20,22,1,2,4,6,2,1,1,0,0,0,0,0,13.687102,51.022745
12,23,8,21,6,2,3,4,6,0,1,1,0,0,0,0,0,13.763447,51.086697
12,23,8,21,7,2,3,0,1,0,0,1,0,0,0,0,0,13.740622,51.06478
12,23,8,21,8,2,3,3,6,0,0,1,0,0,0,0,0,13.739375,51.079773
12,23,8,21,9,2,3,3,6,0,0,1,1,0,0,0,0,13.67476,51.041656
12,23,8,21,11,2,2,0,7,0,0,1,0,0,0,0,0,13.807457,51.052369
12,23,8,21,12,2,2,0,1,0,0,1,0,0,0,0,0,13.862464,51.060431
12,23,8,21,16,2,3,5,3,0,0,1,1,0,0,0,0,13.785326,51.035947
12,23,8,21,16,2,3,5,2,0,0,1,1,0,0,0,0,13.837324,51.125789
12,23,8,21,17,2,3,0,3,0,0,1,1,0,0,0,0,13.739186,51.047016
12,23,8,21,23,2,2,8,1,2,0,1,0,0,0,0,0,13.720525,51.07452
12,23,8,22,13,3,3,3,2,0,0,1,1,0,0,0,0,13.726028,51.057018
12,23,8,22,14,3,3,0,1,0,0,1,0,0,0,0,0,13.78692,51.015815
12,23,8,22,15,3,3,5,3,0,0,1,1,0,0,0,0,13.710838,51.079175
12,23,8,22,15,3,3,5,2,0,0,1,1,0,0,0,0,13.726031,51.05702
12,23,8,23,8,4,3,1,3,0,0,1,0,0,0,0,0,13.802405,51.047724
12,23,8,23,9,4,2,5,2,0,0,1,1,0,0,0,0,13.79369,51.00172
12,23,8,23,15,4,3,0,1,0,0,1,0,0,0,0,0,13.733251,51.034572
12,23,8,23,16,4,3,0,7,0,0,1,0,0,0,0,0,13.794653,51.05903
12,23,8,23,20,4,3,0,1,2,0,1,0,0,0,0,0,13.73814,51.053882
12,23,8,23,22,4,2,0,1,2,0,1,0,0,0,0,0,13.811325,51.019786
12,23,8,23,23,4,2,7,7,2,0,1,0,0,0,0,0,13.658324,51.0894
12,23,8,24,6,5,3,5,3,0,0,1,0,0,0,0,0,13.810973,51.013628
12,23,8,24,7,5,3,5,3,0,0,1,1,0,0,0,0,13.820121,51.050055
12,23,8,24,8,5,3,5,3,0,0,1,1,0,0,0,0,13.774709,51.049803
12,23,8,24,15,5,3,5,3,0,0,1,1,0,0,0,0,13.707494,51.052523
12,23,8,24,16,5,3,0,7,0,0,1,0,0,0,0,0,13.751299,51.066566
12,23,8,24,17,5,3,5,2,0,0,1,1,0,0,0,0,13.757224,51.049736
12,23,8,24,17,5,3,5,3,0,0,1,1,0,0,0,0,13.807509,51.034966
12,23,8,24,18,5,2,0,7,0,0,1,0,0,0,0,0,13.916284,51.043963
12,23,8,25,9,6,3,5,3,0,0,1,1,0,0,0,0,13.776082,51.039178
12,23,8,25,21,6,3,0,7,2,0,1,0,0,0,0,0,13.746176,51.059498
12,23,8,25,23,6,3,0,6,2,0,1,1,0,0,0,0,13.712011,51.045879
12,23,8,26,10,7,3,4,2,0,0,1,0,0,0,0,0,13.781669,51.052679
12,23,8,26,13,7,3,0,1,0,0,1,0,0,0,0,0,13.690613,51.053812
12,23,8,26,13,7,2,0,7,0,0,1,0,0,0,0,0,13.727925,51.0602
12,23,8,26,16,7,3,5,3,0,0,1,1,0,0,0,0,13.723171,51.033958
12,23,8,26,17,7,2,0,1,0,0,1,0,0,0,0,0,13.811806,51.020235
12,23,8,27,0,1,3,1,5,2,1,1,1,0,0,0,0,13.746571,51.068165
12,23,8,27,5,1,3,7,1,2,1,1,0,0,0,0,0,13.738461,51.068702
12,23,8,27,12,1,3,8,1,0,0,1,0,0,0,0,0,13.742335,51.124995
12,23,8,27,13,1,2,5,3,0,0,1,1,0,0,0,0,13.7933,51.005522
12,23,8,27,14,1,3,0,1,0,1,1,0,0,0,0,0,13.707462,51.020478
12,23,8,27,15,1,2,0,1,0,1,1,0,0,0,0,0,13.701355,51.091241
12,23,8,27,16,1,3,0,1,0,1,1,0,0,0,0,0,13.760342,51.026843
12,23,8,28,2,2,2,0,1,2,0,1,0,0,0,0,0,13.752894,51.0738
12,23,8,28,8,2,3,5,3,0,0,1,1,0,0,0,0,13.815923,51.012309
12,23,8,28,13,2,3,0,5,0,1,1,1,0,0,0,0,13.724517,51.088184
12,23,8,28,21,2,3,0,1,1,1,1,0,0,0,0,0,13.73718,51.053854
12,23,8,30,9,4,3,0,1,0,0,1,0,0,0,0,0,13.772742,51.033926
12,23,8,30,10,4,3,5,3,0,0,1,1,0,0,0,0,13.712423,51.033987
12,23,8,30,16,4,3,0,7,0,0,1,0,0,0,0,0,13.728655,51.076407
12,23,8,30,19,4,2,8,7,0,0,1,0,0,0,0,0,13.738129,51.029126
12,23,8,31,5,5,3,3,6,2,0,1,1,0,0,0,0,13.936025,51.050882
12,23,8,31,9,5,3,6,6,0,0,1,0,1,0,0,0,13.770284,51.065104
12,23,8,31,14,5,3,5,3,0,0,1,1,0,0,0,0,13.793745,51.001833
12,23,8,31,18,5,3,6,6,0,0,1,0,1,0,0,0,13.806746,51.055224
12,23,9,1,18,6,3,1,5,1,1,1,1,0,0,0,0,13.803366,51.040763
12,23,9,2,0,7,3,0,1,2,1,1,0,0,0,0,0,13.784539,51.069442
12,23,9,2,2,7,3,0,1,2,1,1,0,0,0,0,0,13.797721,51.051999
12,23,9,2,12,7,3,0,1,0,0,1,0,0,0,0,0,13.73887,51.059548
12,23,9,2,15,7,3,0,1,0,0,1,0,0,0,0,0,13.741181,51.057681
12,23,9,3,6,1,2,0,1,0,0,1,0,0,0,0,0,13.725201,51.087427
12,23,9,4,8,2,3,4,6,0,0,1,1,0,0,0,0,13.707583,51.078342
12,23,9,4,12,2,3,0,1,0,0,1,0,0,0,0,0,13.696766,51.043361
12,23,9,4,17,2,3,0,1,0,0,1,0,0,0,0,0,13.689928,51.072658
12,23,9,5,10,3,3,5,2,0,0,1,1,0,0,0,0,13.788655,51.043277
12,23,9,5,13,3,3,5,3,0,0,1,1,0,0,0,0,13.783875,51.009644
12,23,9,5,13,3,3,5,2,0,0,1,1,0,0,0,0,13.790006,51.119227
12,23,9,5,17,3,3,5,3,0,0,1,1,0,0,0,0,13.671121,51.016742
12,23,9,5,18,3,3,0,1,0,0,1,0,0,0,0,0,13.738355,51.063949
12,23,9,6,1,4,2,0,1,2,0,1,0,0,0,0,0,13.789557,51.065744
12,23,9,6,6,4,3,5,3,0,0,1,1,0,0,0,0,13.757964,51.05226
12,23,9,6,7,4,3,3,6,0,0,1,0,0,0,0,0,13.671039,51.016706
12,23,9,6,8,4,3,5,2,0,0,1,1,0,0,0,0,13.743468,51.047606
12,23,9,6,16,4,2,0,1,0,0,1,0,0,0,0,0,13.766196,51.015717
12,23,9,6,17,4,2,0,1,0,0,1,0,0,0,0,0,13.671022,51.044327
12,23,9,6,17,4,3,5,2,0,0,1,1,0,0,0,0,13.798627,51.012446
12,23,9,6,19,4,3,5,2,1,0,1,1,0,0,0,0,13.72417,51.057164
12,23,9,7,6,5,3,5,3,0,0,1,1,0,0,0,0,13.7775,51.056042
12,23,9,7,8,5,3,5,2,0,0,1,1,0,0,0,0,13.681006,51.042317
12,23,9,7,8,5,3,0,3,0,0,1,0,0,0,0,0,13.733186,51.066486
12,23,9,7,14,5,3,0,1,0,0,1,0,0,0,0,0,13.726587,51.056934
12,23,9,7,14,5,3,3,2,0,0,1,0,0,0,0,0,13.774456,51.033251
12,23,9,7,15,5,3,0,1,0,0,1,0,0,0,0,0,13.77508,51.069911
12,23,9,7,17,5,3,1,7,0,0,1,1,0,0,0,0,13.817133,51.034464
12,23,9,7,22,5,3,0,7,2,0,1,0,0,0,0,0,13.832916,51.050883
12,23,9,8,6,6,2,3,6,0,0,1,0,0,1,0,0,13.78145,51.052508
12,23,9,8,7,6,3,7,7,0,0,1,0,0,0,0,0,13.840654,51.041833
12,23,9,8,10,6,3,0,6,0,0,1,0,0,0,0,0,13.848881,51.003764
12,23,9,8,15,6,3,5,3,0,0,1,1,0,0,0,0,13.757935,51.032868
12,23,9,8,15,6,3,6,4,0,0,1,0,1,0,0,0,13.827499,51.01144
12,23,9,8,17,6,3,0,1,1,0,1,0,0,0,0,0,13.776636,51.03597
12,23,9,9,12,7,2,3,6,0,0,1,0,0,0,0,0,13.795357,51.099949
12,23,9,10,0,1,3,0,7,2,0,1,1,0,0,0,0,13.755421,51.062577
12,23,9,11,7,2,3,5,3,0,0,1,1,0,0,0,0,13.746475,51.038445
12,23,9,11,7,2,3,5,2,0,0,1,1,0,0,0,0,13.760675,51.049197
12,23,9,11,13,2,3,5,2,0,0,1,1,0,0,0,0,13.69462,51.060799
12,23,9,11,17,2,3,4,6,0,0,1,0,0,0,0,0,13.708403,51.040908
12,23,9,12,9,3,3,5,3,0,0,1,1,0,0,0,0,13.636562,51.087279
12,23,9,12,9,3,3,6,7,0,0,1,0,1,0,0,0,13.751756,51.059474
12,23,9,12,10,3,3,0,2,0,0,1,1,0,0,0,0,13.731204,51.024822
12,23,9,12,17,3,3,1,5,0,0,1,1,0,0,0,0,13.746243,51.069215
12,23,9,12,17,3,3,0,1,0,0,1,0,0,0,0,0,13.757266,51.049729
12,23,9,13,5,4,3,0,1,2,1,1,0,0,0,0,0,13.848247,51.061829
12,23,9,13,7,4,3,0,1,0,1,1,0,0,0,0,0,13.71504,51.04781
12,23,9,13,8,4,3,0,1,0,0,1,0,0,0,0,0,13.727725,51.043777
12,23,9,13,8,4,3,0,7,0,0,1,0,0,0,0,0,13.758177,51.054095
12,23,9,13,17,4,3,0,1,0,1,1,0,0,0,0,0,13.775414,51.110451
12,23,9,14,7,5,3,5,3,0,0,1,1,0,0,0,0,13.689745,51.061775
12,23,9,14,9,5,3,0,2,0,0,1,1,0,0,0,0,13.760414,51.082083
12,23,9,14,13,5,3,0,1,0,0,1,0,0,0,0,0,13.749231,51.057652
12,23,9,14,14,5,3,5,2,0,0,1,1,0,0,0,0,13.782041,51.03036
12,23,9,14,16,5,2,5,3,0,0,1,1,0,0,0,0,13.772347,51.114645
12,23,9,14,22,5,2,0,1,2,0,1,0,0,0,0,0,13.760838,51.081999
12,23,9,15,14,6,3,6,1,0,0,1,0,1,0,0,0,13.738245,51.063898
12,23,9,15,14,6,3,3,3,0,0,1,0,0,0,0,0,13.755473,51.068828
12,23,9,16,3,7,3,3,1,2,0,1,0,0,0,0,1,13.735678,51.072772
12,23,9,16,16,7,2,5,3,0,0,1,1,0,0,0,0,13.718977,51.096628
12,23,9,16,18,7,3,3,6,0,0,1,0,0,0,0,0,13.73229,51.060974
12,23,9,17,19,1,3,0,6,2,0,1,0,1,0,0,0,13.828254,51.058488
12,23,9,18,9,2,3,5,3,0,0,1,1,0,0,0,0,13.650817,51.039366
12,23,9,18,9,2,2,5,2,0,0,1,1,0,0,0,0,13.773651,51.118291
12,23,9,18,12,2,2,5,3,0,0,1,1,0,0,0,0,13.695745,51.08741
12,23,9,18,12,2,3,0,1,0,0,1,0,0,0,0,0,13.80369,51.008703
12,23,9,18,14,2,3,7,7,0,0,1,0,1,0,0,0,13.668596,51.076227
12,23,9,19,5,3,3,5,2,1,0,1,1,0,0,0,0,13.774467,51.033083
12,23,9,19,8,3,3,5,3,0,0,1,1,0,0,0,0,13.742851,51.028311
12,23,9,19,10,3,3,5,3,0,0,1,1,0,0,0,0,13.788283,51.035977
12,23,9,19,15,3,3,0,1,0,0,1,0,0,0,0,0,13.739369,51.079028
12,23,9,19,15,3,3,6,4,0,0,1,0,1,0,0,0,13.754225,51.026687
12,23,9,19,16,3,3,8,7,0,0,1,0,0,0,0,0,13.761932,51.064077
12,23,9,19,19,3,3,0,3,2,0,1,0,0,0,0,1,13.713633,51.050648
12,23,9,20,8,4,2,5,2,0,0,1,1,0,0,0,0,13.828779,51.058545
12,23,9,20,9,4,3,5,3,0,0,1,1,0,0,0,0,13.839272,51.021994
12,23,9,20,11,4,3,5,2,0,0,1,1,0,0,0,0,13.808686,51.037996
12,23,9,20,13,4,2,6,6,0,0,1,0,1,0,0,0,13.83674,51.031848
12,23,9,20,15,4,2,0,4,0,0,1,0,1,0,0,1,13.737025,51.050517
12,23,9,20,20,4,3,0,1,2,0,1,0,0,0,0,0,13.753822,51.066367
12,23,9,21,7,5,3,0,1,0,0,1,0,0,0,0,0,13.760217,51.023278
12,23,9,21,8,5,2,1,5,0,0,1,1,0,0,0,0,13.737975,51.0343
12,23,9,21,12,5,3,0,1,0,0,1,0,0,0,0,0,13.727953,51.076525
12,23,9,21,14,5,3,5,3,0,0,1,0,0,0,1,0,13.749781,51.061765
12,23,9,21,16,5,3,3,2,0,0,1,1,0,0,0,0,13.698491,51.074274
12,23,9,22,8,6,3,0,1,0,1,1,0,0,0,0,0,13.818336,51.064512
12,23,9,22,8,6,3,4,6,0,1,1,1,0,0,0,0,13.82802,51.063348
12,23,9,22,14,6,3,5,3,0,0,1,0,0,0,0,0,13.813803,51.015048
12,23,9,23,6,7,3,0,1,1,0,1,0,0,0,0,0,13.744966,51.067302
12,23,9,23,7,7,3,0,7,0,0,1,0,0,0,0,0,13.79363,51.158086
12,23,9,23,12,7,2,0,1,0,0,1,0,0,0,0,0,13.717229,51.038134
12,23,9,24,14,1,3,6,4,0,0,1,0,1,0,0,0,13.835348,51.033092
12,23,9,24,15,1,3,6,6,0,0,1,0,1,0,0,0,13.835846,51.032743
12,23,9,25,7,2,3,5,2,0,0,1,1,0,0,0,0,13.803227,51.021691
12,23,9,25,11,2,3,5,2,0,0,1,0,0,0,1,0,13.693433,51.061089
12,23,9,25,14,2,3,6,4,0,0,1,0,1,0,0,0,13.778977,51.04452
12,23,9,25,16,2,3,4,7,0,0,1,1,0,0,0,0,13.851601,50.997947
12,23,9,26,7,3,3,5,3,0,0,1,1,0,0,0,0,13.690359,51.049194
12,23,9,26,7,3,3,5,2,0,0,1,1,0,0,0,0,13.788955,51.012143
12,23,9,26,11,3,3,0,7,0,0,1,0,0,0,0,0,13.682251,51.063139
12,23,9,26,13,3,3,0,1,0,1,1,0,0,0,0,0,13.854633,51.0324
12,23,9,26,15,3,3,4,2,0,0,1,1,0,0,0,0,13.79769,51.042329
12,23,9,26,16,3,3,3,2,0,0,1,1,0,0,0,0,13.787857,51.027894
12,23,9,26,20,3,3,0,6,2,0,1,0,0,0,0,0,13.702481,51.033221
12,23,9,26,20,3,2,0,1,2,0,1,0,0,0,0,0,13.732377,51.065156
12,23,9,26,21,3,3,4,6,2,0,1,0,0,0,0,0,13.720976,51.048658
12,23,9,27,10,4,3,5,3,0,0,1,1,0,0,0,0,13.712424,51.033987
12,23,9,27,10,4,3,0,1,0,0,1,0,0,0,0,0,13.79422,51.120453
12,23,9,27,11,4,3,5,2,0,0,1,1,0,0,0,0,13.691904,51.049811
12,23,9,27,13,4,3,5,2,0,0,1,1,0,0,0,0,13.690426,51.054336
12,23,9,27,15,4,3,3,6,0,0,1,1,0,0,0,0,13.737,51.087502
12,23,9,28,7,5,3,8,1,0,0,1,0,0,0,0,0,13.670027,51.059604
12,23,9,28,9,5,3,3,2,0,0,1,1,0,0,0,0,13.755027,51.055473
12,23,9,28,9,5,3,7,1,0,0,1,0,0,0,0,0,13.771071,51.016347
12,23,9,28,13,5,3,5,2,0,0,1,1,0,0,0,0,13.740227,51.064658
12,23,9,28,18,5,3,4,6,0,0,1,0,0,0,0,0,13.692233,51.063161
12,23,9,28,19,5,3,0,7,2,0,1,1,0,0,0,0,13.623162,51.089916
12,23,9,28,19,5,3,5,3,2,0,1,1,0,0,0,0,13.768907,51.025539
12,23,9,29,8,6,3,2,7,0,0,1,0,0,0,0,0,13.767341,51.036063
12,23,9,29,14,6,2,0,7,0,0,1,0,0,0,0,0,13.812826,51.059952
12,23,9,29,16,6,3,2,6,0,0,1,0,0,0,0,0,13.715613,51.077331
12,23,9,29,16,6,3,5,3,0,0,1,0,0,0,0,0,13.748578,51.0717
12,23,9,30,1,7,3,0,1,2,0,1,0,0,0,0,0,13.757911,51.063376
12,23,9,30,3,7,2,8,1,2,0,1,0,0,0,0,0,13.756625,51.055076
12,23,9,30,10,7,3,5,3,0,0,1,1,0,0,0,0,13.837222,51.006548
12,23,9,30,13,7,3,0,1,0,0,1,0,0,0,0,0,13.848143,51.0079
12,23,9,30,19,7,3,0,3,2,0,1,0,0,0,0,1,13.745789,51.06226
12,23,10,1,17,1,3,5,3,0,0,1,1,0,0,0,0,13.74121,51.046326
12,23,10,2,11,2,3,5,3,0,0,1,1,0,0,0,0,13.761699,51.031707
12,23,10,2,11,2,3,0,7,0,0,1,0,0,0,0,0,13.831334,51.030839
12,23,10,2,13,2,3,0,1,0,0,1,0,0,0,0,0,13.76879,51.162588
12,23,10,3,2,3,3,0,1,2,0,1,0,0,0,0,0,13.751926,51.062979
12,23,10,3,11,3,2,0,7,0,0,1,0,0,0,0,0,13.92499,51.041514
12,23,10,3,16,3,2,0,7,0,0,1,0,0,0,0,0,13.840894,51.038188
12,23,10,4,13,4,3,6,6,0,0,1,0,1,0,0,0,13.71989,51.07917
12,23,10,4,15,4,3,4,6,0,0,1,0,0,0,0,0,13.794447,51.061468
12,23,10,5,14,5,3,0,1,0,0,1,0,0,0,0,0,13.690189,51.042567
12,23,10,5,16,5,3,5,3,0,0,1,1,0,0,0,0,13.778429,51.070269
12,23,10,6,8,6,3,5,3,0,0,1,1,0,0,0,0,13.744098,51.06081
12,23,10,6,9,6,3,5,2,0,0,1,1,0,0,0,0,13.799773,50.998535
12,23,10,6,15,6,3,5,3,0,0,1,1,0,0,0,0,13.74733,51.036371
12,23,10,7,12,7,3,5,3,0,0,1,1,0,0,0,0,13.792411,51.031365
12,23,10,8,11,1,3,0,7,0,1,1,0,0,0,0,0,13.737938,51.053927
12,23,10,9,7,2,3,5,3,2,1,1,1,0,0,0,0,13.775013,51.03358
12,23,10,9,9,2,3,0,7,0,1,1,0,0,0,0,0,13.711433,51.079231
12,23,10,9,9,2,3,0,7,0,1,1,0,0,0,0,0,13.831558,51.030387
12,23,10,9,17,2,3,0,7,0,1,1,0,0,0,0,0,13.6908,51.053348
12,23,10,10,7,3,2,3,2,1,1,1,1,0,0,0,0,13.783718,51.02967
12,23,10,10,9,3,3,4,3,0,0,1,1,0,0,0,0,13.733138,51.076311
12,23,10,10,16,3,2,5,3,0,0,1,1,0,0,0,0,13.840692,51.059003
12,23,10,10,16,3,3,5,2,0,0,1,1,0,0,0,0,13.872876,51.012628
12,23,10,10,18,3,3,5,3,2,0,1,1,0,0,0,0,13.728157,51.043348
12,23,10,10,18,3,3,4,6,1,0,1,0,0,0,0,0,13.732356,51.064195
12,23,10,11,11,4,3,0,6,0,0,1,0,0,0,0,1,13.806381,51.037762
12,23,10,11,12,4,2,0,1,0,0,1,0,0,0,0,0,13.690853,51.053225
12,23,10,11,12,4,3,5,3,0,0,1,1,0,0,0,0,13.711957,51.080992
12,23,10,11,12,4,3,0,7,0,0,1,0,0,0,0,0,13.72162,51.029305
12,23,10,11,12,4,2,5,2,0,0,1,0,0,0,0,1,13.726523,51.032097
12,23,10,11,13,4,2,5,3,0,0,1,1,0,0,0,0,13.74877,51.063374
12,23,10,11,15,4,2,5,3,0,0,1,0,0,0,0,1,13.739882,51.045238
12,23,10,11,16,4,3,5,2,0,0,1,1,0,0,0,0,13.788703,51.043319
12,23,10,12,17,5,3,5,3,0,0,1,1,0,0,0,0,13.728389,51.060976
12,23,10,12,18,5,2,0,4,2,0,1,0,1,0,0,0,13.751895,51.071016
12,23,10,13,5,6,3,5,3,2,0,1,1,0,0,0,0,13.777199,51.060058
12,23,10,13,21,6,3,0,7,2,0,1,0,0,0,0,0,13.718491,51.023513
12,23,10,14,8,7,3,5,3,0,0,1,1,0,0,0,0,13.757938,51.03287
12,23,10,15,8,1,3,5,3,0,0,1,1,0,0,0,0,13.874633,51.060565
12,23,10,15,18,1,3,0,1,1,1,1,0,0,0,0,0,13.703316,51.017661
12,23,10,16,8,2,3,0,1,0,0,1,0,0,0,0,0,13.750686,51.071371
12,23,10,16,8,2,3,5,2,0,0,1,1,0,0,0,0,13.8136,51.03612
12,23,10,16,16,2,3,6,7,0,1,1,0,1,0,0,0,13.712287,51.058582
12,23,10,17,9,3,3,5,3,0,0,1,1,0,0,0,0,13.757962,51.05226
12,23,10,17,13,3,3,5,2,0,0,1,1,0,0,0,0,13.81003,51.012625
12,23,10,17,16,3,3,0,1,0,0,1,0,0,0,0,0,13.611998,51.04455
12,23,10,17,21,3,3,0,3,2,0,1,0,0,1,0,0,13.761316,51.0834
12,23,10,18,16,4,3,5,3,0,0,1,0,0,0,0,1,13.71878,51.087853
12,23,10,18,17,4,3,4,6,0,0,1,0,0,0,0,0,13.69741,51.06412
12,23,10,19,8,5,3,0,7,0,1,1,0,0,0,0,0,13.721216,51.0922
12,23,10,19,15,5,3,0,7,0,0,1,0,0,0,0,0,13.729765,51.074906
12,23,10,20,14,6,3,0,1,0,1,1,0,0,0,0,0,13.751329,51.042435
12,23,10,20,14,6,3,5,2,0,1,1,1,0,0,0,0,13.756876,51.02543
12,23,10,20,16,6,3,0,1,0,1,1,0,0,0,0,0,13.830853,51.028363
12,23,10,20,17,6,3,3,6,0,0,1,1,0,0,0,0,13.804648,50.996252
12,23,10,20,19,6,3,0,1,2,1,1,0,0,0,0,0,13.705253,51.02947
12,23,10,21,10,7,3,0,5,0,0,1,1,0,0,0,0,13.750115,51.04292
12,23,10,21,10,7,2,5,3,0,0,1,1,0,0,0,0,13.805161,51.150902
12,23,10,22,4,1,3,0,1,2,1,1,0,0,0,0,0,13.765192,51.064951
12,23,10,22,10,1,3,0,1,0,1,1,0,0,0,0,0,13.764355,51.120118
12,23,10,22,18,1,3,5,3,1,1,1,1,0,0,0,0,13.763697,51.058753
12,23,10,23,9,2,3,2,6,0,0,1,1,0,0,0,0,13.718884,51.059666
12,23,10,23,14,2,3,2,2,0,0,1,1,0,0,0,0,13.748465,51.053541
12,23,10,23,14,2,3,5,2,0,0,1,1,0,0,0,0,13.803228,51.021691
12,23,10,23,16,2,3,7,7,0,0,1,0,0,0,0,0,13.799174,51.052921
12,23,10,23,20,2,3,3,6,2,0,1,1,0,0,0,0,13.721156,51.054389
12,23,10,23,20,2,3,5,2,2,0,1,1,0,0,0,0,13.732271,51.05049
12,23,10,25,7,4,3,5,3,1,1,1,1,0,0,0,0,13.693987,51.048421
12,23,10,25,15,4,3,1,5,0,0,1,1,0,0,0,0,13.827539,51.025157
12,23,10,26,5,5,3,5,3,2,1,1,0,0,0,0,0,13.70511,51.085258
12,23,10,26,7,5,3,3,2,0,1,1,1,0,0,0,0,13.701914,51.074446
12,23,10,26,7,5,3,0,1,0,0,1,0,0,0,0,0,13.724331,51.08839
12,23,10,26,7,5,3,5,3,2,1,1,1,0,0,0,0,13.742018,51.064675
12,23,10,26,7,5,3,2,6,1,0,1,1,0,0,0,0,13.761265,51.063933
12,23,10,26,8,5,2,0,1,0,1,1,0,0,0,0,0,13.696669,51.043351
12,23,10,26,13,5,3,6,4,0,0,1,0,1,0,0,0,13.815765,51.009047
12,23,10,26,15,5,3,0,1,0,1,1,0,0,0,0,0,13.639351,51.095264
12,23,10,26,18,5,3,5,3,1,0,1,1,0,0,0,0,13.80051,51.027411
12,23,10,26,22,5,3,5,3,2,0,1,1,0,0,0,0,13.704776,51.046325
12,23,10,27,8,6,3,0,1,0,1,1,0,0,0,0,0,13.743907,51.060894
12,23,10,27,8,6,3,5,3,0,1,1,1,0,0,0,0,13.761097,51.068185
12,23,10,27,12,6,3,4,6,0,1,1,1,0,0,0,0,13.750965,51.066253
12,23,10,27,12,6,3,1,5,0,1,1,1,0,0,0,0,13.789883,51.034697
12,23,10,27,13,6,3,5,3,0,1,1,1,0,0,0,0,13.728161,51.084315
12,23,10,27,13,6,2,0,1,0,1,1,0,0,0,0,0,13.803979,51.026029
12,23,10,27,14,6,3,0,7,0,1,1,1,0,0,0,0,13.693607,51.044742
12,23,10,27,17,6,3,5,2,1,1,1,1,0,0,0,0,13.756592,51.055128
12,23,10,27,17,6,3,0,7,1,1,1,0,0,0,0,0,13.803285,51.053939
12,23,10,27,20,6,3,3,6,2,1,1,0,0,1,0,0,13.74138,51.073322