UKREIS,UJAHR,UMONAT,UTAG,USTUNDE,UWOCHENTAG,UKATEGORIE,UART,UTYP,LICHT,USTRZUSTAND,IstRad,IstPKW,IstFuss,IstKrad,IstGkfz,IstSonstige,@lon,@lat
12,23,10,28,2,7,3,1,1,2,1,1,1,0,0,0,0,13.788362,51.037803
12,23,10,28,7,7,3,4,6,0,1,1,1,0,0,0,0,13.832175,51.057073
12,23,10,28,10,7,3,5,2,0,1,1,1,0,0,0,0,13.72603,51.05702
12,23,10,28,16,7,3,6,4,1,0,1,0,1,0,0,0,13.728923,51.06069
12,23,10,29,14,1,3,0,7,0,0,1,0,0,0,0,0,13.748773,51.069546
12,23,10,30,18,2,3,5,3,2,0,1,1,0,0,0,0,13.886395,51.068251
12,23,10,31,6,3,3,1,1,2,1,1,1,0,0,0,0,13.702014,51.036333
12,23,11,1,7,4,2,3,2,0,0,1,1,0,0,0,0,13.72605,51.05869
12,23,11,1,11,4,3,3,7,0,0,1,1,0,0,0,0,13.769439,51.047721
12,23,11,1,15,4,3,5,6,0,0,1,0,0,0,0,0,13.737025,51.064148
12,23,11,1,17,4,3,5,2,1,0,1,1,0,0,0,0,13.735724,51.099739
12,23,11,1,17,4,2,5,2,2,0,1,0,0,0,0,0,13.746632,51.053399
12,23,11,1,21,4,3,1,5,2,0,1,1,0,0,0,0,13.740305,51.03668
12,23,11,2,7,5,3,1,5,0,0,1,1,0,0,0,0,13.726673,51.075567
12,23,11,2,7,5,3,5,1,0,0,1,1,0,0,0,0,13.760422,51.082094
12,23,11,2,10,5,3,1,1,0,0,1,1,0,0,0,0,13.820226,51.050413
12,23,11,2,17,5,3,0,1,1,1,1,0,0,0,0,0,13.763439,51.086683
12,23,11,2,19,5,2,0,1,2,1,1,0,0,0,0,0,13.720754,51.026888
12,23,11,3,6,6,3,3,6,1,1,1,0,0,0,0,1,13.694643,51.050735
12,23,11,3,7,6,3,0,1,0,1,1,0,0,0,0,0,13.804929,51.011698
12,23,11,3,14,6,3,3,2,0,0,1,1,0,0,0,0,13.735006,51.019139
12,23,11,3,15,6,3,5,3,0,0,1,1,0,0,0,0,13.73056,51.054326
12,23,11,3,16,6,3,5,2,1,0,1,1,0,0,0,0,13.74345,51.064515
12,23,11,4,9,7,3,0,1,0,0,1,0,0,0,0,0,13.831564,51.061839
12,23,11,4,12,7,3,0,1,0,0,1,0,0,0,0,0,13.797786,51.135274
12,23,11,4,14,7,3,3,2,0,0,1,1,0,0,0,0,13.746968,51.051751
12,23,11,4,14,7,3,0,1,0,0,1,0,0,0,0,0,13.747285,51.057282
12,23,11,6,12,2,3,5,2,0,0,1,1,0,0,0,0,13.775753,51.050859
12,23,11,6,15,2,3,5,3,0,0,1,1,0,0,0,0,13.751536,51.047211
12,23,11,6,15,2,3,0,6,0,0,1,1,0,0,0,0,13.789918,51.118963
12,23,11,7,7,3,3,3,6,1,0,1,1,0,0,0,0,13.805767,51.011548
12,23,11,7,12,3,3,3,6,0,0,1,1,0,0,0,0,13.716105,51.018702
12,23,11,7,17,3,3,5,2,2,0,1,1,0,0,0,0,13.761064,51.083032
12,23,11,7,18,3,3,5,2,2,0,1,1,0,0,0,0,13.789571,51.067184
12,23,11,8,7,4,3,3,2,0,0,1,1,0,0,0,0,13.707595,51.046478
12,23,11,8,7,4,3,5,3,0,0,1,0,0,0,0,1,13.773564,51.048734
12,23,11,8,18,4,3,5,3,2,0,1,1,0,0,0,0,13.755381,51.063638
12,23,11,9,5,5,3,0,6,2,0,1,1,0,0,0,0,13.74682,51.063917
12,23,11,9,7,5,3,2,6,0,0,1,1,0,0,0,0,13.707932,51.02111
12,23,11,9,8,5,3,5,3,0,0,1,1,0,0,0,0,13.785325,51.035947
12,23,11,9,16,5,3,0,1,2,0,1,0,0,0,0,0,13.737569,51.029158
12,23,11,9,20,5,3,1,5,2,1,1,1,0,0,0,0,13.806153,51.038367
12,23,11,9,22,5,3,3,2,2,1,1,1,0,0,0,0,13.823754,51.012819
12,23,11,10,9,6,2,6,6,0,0,1,0,1,0,0,0,13.730785,51.030017
12,23,11,10,12,6,3,6,4,0,1,1,0,1,0,0,0,13.751048,51.031161
12,23,11,10,13,6,3,0,1,0,1,1,0,0,0,0,0,13.764778,51.064829
12,23,11,10,15,6,3,0,1,0,0,1,0,0,0,0,0,13.704909,51.018479
12,23,11,10,15,6,2,5,2,0,0,1,1,0,0,0,0,13.765829,51.065721
12,23,11,10,15,6,3,3,2,0,0,1,1,0,0,0,0,13.793621,51.129213
12,23,11,11,8,7,3,5,3,0,0,1,0,0,0,0,1,13.752955,51.073867
12,23,11,11,10,7,3,0,7,0,0,1,0,0,0,0,0,13.803668,50.983065
12,23,11,11,17,7,3,2,2,2,1,1,1,0,0,0,0,13.72333,51.077335
12,23,11,12,8,1,3,0,1,0,1,1,0,0,0,0,0,13.784915,51.134182
12,23,11,12,17,1,3,5,3,2,1,1,1,0,0,0,0,13.783077,51.043451
12,23,11,13,6,2,3,5,3,0,0,1,1,0,0,0,0,13.752978,51.073892
12,23,11,13,9,2,3,0,1,0,0,1,0,0,0,0,0,13.7513,51.066567
12,23,11,13,15,2,3,2,6,0,1,1,1,0,0,0,0,13.777427,51.057958
12,23,11,13,15,2,2,0,2,0,1,1,1,0,0,0,0,13.786423,51.028559
12,23,11,14,7,3,3,5,2,0,0,1,1,0,0,0,0,13.763758,51.051687
12,23,11,14,11,3,2,2,6,0,0,1,1,0,0,0,0,13.83547,51.058223
12,23,11,14,22,3,3,5,3,2,1,1,1,0,0,0,0,13.785326,51.035947
12,23,11,15,7,4,3,4,6,0,1,1,0,0,0,0,1,13.719254,51.051162
12,23,11,15,13,4,3,6,4,0,1,1,0,1,0,0,0,13.80493,51.052868
12,23,11,15,14,4,1,0,7,0,1,1,0,0,0,0,0,13.773359,51.038763
12,23,11,15,17,4,2,6,1,2,1,1,0,1,0,0,0,13.739274,51.071902
12,23,11,15,18,4,3,2,3,2,1,1,1,0,0,0,0,13.749566,51.070141
12,23,11,15,18,4,3,2,6,2,1,1,1,0,0,0,0,13.767623,51.018268
12,23,11,16,6,5,3,5,3,2,1,1,1,0,0,0,0,13.74912,51.052549
12,23,11,16,6,5,3,5,2,2,0,1,1,0,0,0,0,13.756658,51.077568
12,23,11,16,8,5,3,5,3,0,1,1,1,0,0,0,0,13.757893,51.024714
12,23,11,16,14,5,3,4,6,0,0,1,0,0,0,0,0,13.778066,51.070267
12,23,11,16,18,5,2,7,7,2,0,1,0,1,0,0,0,13.773597,51.065868
12,23,11,16,22,5,3,5,3,2,1,1,1,0,0,0,0,13.736396,51.063846
12,23,11,17,11,6,3,0,1,0,0,1,0,0,0,0,0,13.717201,51.077312
12,23,11,18,10,7,3,0,1,0,1,1,0,0,0,0,0,13.801263,51.0226
12,23,11,18,15,7,3,5,3,0,0,1,1,0,0,0,0,13.832412,50.984543
12,23,11,20,5,2,3,0,1,2,1,1,0,0,0,0,0,13.702845,51.089747
12,23,11,20,16,2,3,5,2,2,1,1,1,0,0,0,0,13.692439,51.083365
12,23,11,20,20,2,2,5,3,2,1,1,1,0,0,0,0,13.751537,51.047211
12,23,11,21,11,3,3,1,5,0,1,1,1,0,0,0,0,13.69923,51.04362
12,23,11,21,12,3,3,5,3,0,1,1,1,0,0,0,0,13.781582,51.011216
12,23,11,23,10,5,3,3,7,0,0,1,1,0,0,0,0,13.741915,51.053513
12,23,11,23,15,5,3,5,3,0,0,1,1,0,0,0,0,13.771033,51.040085
12,23,11,23,17,5,3,5,3,2,0,1,1,0,0,0,0,13.689742,51.061776
12,23,11,23,21,5,2,0,1,2,0,1,0,0,0,0,0,13.7315,51.034959
12,23,11,24,6,6,2,5,3,2,1,1,1,0,0,0,0,13.722615,51.033478
12,23,11,24,15,6,2,2,1,0,1,1,1,0,0,0,0,13.816581,51.06461
12,23,11,24,16,6,3,3,2,1,1,1,1,0,0,0,0,13.810134,51.012561
12,23,11,25,0,7,3,0,3,2,1,1,0,0,0,0,1,13.73871,51.068575
12,23,11,25,15,7,3,5,2,0,1,1,1,0,0,0,0,13.755921,51.055872
12,23,11,25,17,7,3,9,1,2,1,1,0,0,0,0,0,13.796624,51.03565
12,23,11,27,7,2,3,6,4,0,1,1,0,1,0,0,0,13.700767,51.046646
12,23,11,27,7,2,3,5,3,0,1,1,1,0,0,0,0,13.840555,51.008619
12,23,11,28,11,3,3,3,3,0,1,1,1,0,0,0,0,13.756876,51.02543
12,23,11,28,14,3,3,5,3,0,1,1,1,0,0,0,0,13.705144,51.085194
12,23,11,28,15,3,3,5,3,0,1,1,1,0,0,0,0,13.742013,51.064676
12,23,11,28,19,3,3,0,1,2,1,1,0,0,0,0,0,13.775892,51.034544
12,23,11,29,8,4,3,0,1,0,2,1,0,0,0,0,0,13.792266,51.053437
12,23,11,29,14,4,3,1,7,0,1,1,1,0,0,0,0,13.769156,51.091984
12,23,12,1,16,6,3,5,3,2,1,1,1,0,0,0,0,13.788652,51.043277
12,23,12,2,5,7,3,5,7,2,2,1,1,0,0,0,0,13.70865,51.047052
12,23,12,4,15,2,3,3,6,0,0,1,1,0,0,0,0,13.776218,51.045204
12,23,12,4,19,2,3,0,1,2,2,1,0,0,0,0,0,13.703502,51.032364
12,23,12,5,15,3,3,1,5,0,1,1,1,0,0,0,0,13.724226,51.088504
12,23,12,5,22,3,2,5,3,2,0,1,1,0,0,0,0,13.785594,51.1271
12,23,12,6,7,4,3,0,7,0,2,1,0,0,0,0,0,13.74132,51.08426
12,23,12,6,16,4,3,8,1,2,1,1,0,0,0,0,0,13.736941,51.087522
12,23,12,6,21,4,3,3,2,2,0,1,1,0,0,0,0,13.746107,51.057113
12,23,12,7,16,5,3,5,3,1,1,1,1,0,0,0,0,13.715934,51.027178
12,23,12,8,11,6,3,0,7,0,0,1,0,0,0,0,0,13.782458,51.030151
12,23,12,9,1,7,3,0,1,2,1,1,0,0,0,0,0,13.736948,51.063115
12,23,12,11,7,2,3,5,2,0,1,1,1,0,0,0,0,13.786499,51.068396
12,23,12,11,17,2,2,0,1,2,1,1,0,0,0,0,0,13.785118,51.031367
12,23,12,12,6,3,3,6,6,1,0,1,0,1,0,0,0,13.77427,51.066003
12,23,12,12,6,3,3,5,3,2,1,1,0,0,0,0,1,13.781564,51.032167
12,23,12,12,13,3,3,4,2,0,0,1,1,0,0,0,0,13.776359,51.067467
12,23,12,13,13,4,3,6,6,0,1,1,0,1,0,0,0,13.796161,51.00025
12,23,12,14,6,5,3,5,3,2,1,1,1,0,0,0,0,13.738077,51.089982
12,23,12,14,11,5,3,2,6,0,1,1,1,0,0,0,0,13.723899,51.058021
12,23,12,14,14,5,3,0,1,0,1,1,0,0,0,0,0,13.699983,51.015936
12,23,12,14,16,5,3,5,2,2,1,1,1,0,0,0,0,13.712743,51.022296
12,23,12,14,20,5,3,3,6,2,1,1,1,0,0,0,0,13.795153,51.133749
12,23,12,15,11,6,3,6,6,0,1,1,0,1,0,0,0,13.736616,51.047253
12,23,12,15,14,6,3,0,1,0,1,1,0,0,0,0,0,13.808816,51.047536
12,23,12,18,7,2,3,6,6,0,0,1,0,1,0,0,0,13.737813,51.033052
12,23,12,18,8,2,3,0,1,0,1,1,0,0,0,0,0,13.789562,51.067184
12,23,12,18,9,2,3,0,1,0,0,1,0,0,0,0,0,13.75498,51.064434
12,23,12,18,10,2,3,0,1,0,1,1,0,0,0,0,0,13.795068,51.014408
12,23,12,18,11,2,3,6,7,0,0,1,0,1,0,0,0,13.741247,51.052559
12,23,12,18,14,2,3,0,2,0,0,1,1,0,0,0,0,13.715854,51.036863
12,23,12,18,18,2,3,5,2,2,0,1,1,0,0,0,0,13.729261,51.04588
12,23,12,19,7,3,3,5,3,1,0,1,1,0,0,0,0,13.796825,51.041485
12,23,12,19,10,3,3,0,1,0,0,1,0,0,0,0,0,13.771399,51.011182
12,23,12,19,17,3,3,0,2,2,1,1,0,0,0,0,1,13.780786,51.059011
12,23,12,19,22,3,3,0,7,2,1,1,0,0,0,0,0,13.720197,51.04095
12,23,12,20,18,4,3,0,7,2,1,1,0,0,0,0,0,13.752032,51.062175
12,23,12,20,18,4,2,0,1,2,1,1,0,0,0,0,0,13.752123,51.061863
12,23,12,20,19,4,3,2,2,2,1,1,1,0,0,0,0,13.732261,51.050489
12,23,12,23,14,7,3,5,3,0,1,1,1,0,0,0,0,13.751647,51.047235
12,23,12,23,16,7,3,0,1,2,1,1,0,0,0,0,0,13.779721,51.049201
12,23,12,23,20,7,3,6,7,2,0,1,0,1,0,0,0,13.732866,51.042288
12,23,12,27,16,4,3,0,1,2,1,1,0,0,0,0,0,13.705483,51.010525
12,23,12,27,16,4,3,1,7,0,0,1,0,0,0,0,1,13.827551,51.024353
12,23,12,29,11,6,3,0,1,0,1,1,0,0,0,0,0,13.681582,51.086753
12,23,12,31,10,1,3,3,6,0,0,1,1,0,0,0,0,13.887384,51.063499
12,24,1,3,13,4,3,1,1,0,1,1,1,0,0,0,0,13.728122,51.081838
12,24,1,3,13,4,3,5,3,0,0,1,0,0,0,0,1,13.730669,51.030466
12,24,1,3,22,4,3,5,3,2,0,1,1,0,0,0,0,13.769627,51.051111
12,24,1,4,7,5,3,6,4,0,1,1,0,1,0,0,0,13.72934,51.045687
12,24,1,4,9,5,3,5,3,0,0,1,1,0,0,0,0,13.793903,51.050382
12,24,1,4,15,5,3,5,2,0,1,1,1,0,0,0,0,13.796835,51.041495
12,24,1,5,0,6,3,0,1,2,1,1,0,0,0,0,0,13.776685,51.060067
12,24,1,5,5,6,3,5,3,2,1,1,1,0,0,0,0,13.771785,51.040866
12,24,1,5,10,6,3,0,7,0,1,1,0,0,0,0,0,13.775318,51.032985
12,24,1,5,16,6,3,5,2,1,0,1,1,0,0,0,1,13.693313,51.045517
12,24,1,6,13,7,3,5,2,0,0,1,1,0,0,0,0,13.772691,51.047796
12,24,1,8,14,2,2,3,6,0,0,1,0,0,0,1,0,13.745627,51.049298
12,24,1,8,17,2,3,5,2,2,1,1,1,0,0,0,0,13.760141,51.023302
12,24,1,9,7,3,3,4,6,1,1,1,1,0,0,0,0,13.72616,51.029883
12,24,1,9,9,3,3,5,2,0,0,1,1,0,0,0,0,13.766178,51.065242
12,24,1,9,16,3,3,0,1,1,0,1,0,0,0,0,0,13.755003,51.076948
12,24,1,9,18,3,3,1,5,2,0,1,1,0,0,0,0,13.713747,51.05664
12,24,1,10,6,4,2,5,3,2,0,1,1,0,0,0,0,13.773691,51.048775
12,24,1,10,16,4,3,5,2,2,0,1,1,0,0,0,0,13.833889,51.028494
12,24,1,10,18,4,3,5,2,1,0,1,1,0,0,0,0,13.738278,51.063919
12,24,1,11,9,5,2,0,3,0,0,1,0,0,0,0,1,13.730036,51.030566
12,24,1,11,9,5,2,5,3,0,0,1,1,0,0,0,0,13.76825,51.047975
12,24,1,11,11,5,3,5,2,0,0,1,1,0,0,0,0,13.833892,51.028492
12,24,1,11,17,5,3,0,1,2,0,1,0,0,0,0,0,13.750104,51.070731
12,24,1,12,6,6,3,1,7,1,1,1,1,0,0,0,0,13.696916,51.082066
12,24,1,12,18,6,3,5,2,2,0,1,1,0,0,0,0,13.779856,51.044248
12,24,1,15,12,2,3,5,3,0,1,1,1,0,0,0,0,13.782949,51.116033
12,24,1,15,16,2,3,5,2,2,2,1,1,0,0,0,0,13.781552,51.053234
12,24,1,15,18,2,3,6,4,2,2,1,0,1,0,0,0,13.730918,51.091347
12,24,1,15,19,2,3,3,6,2,2,1,0,0,0,0,1,13.730584,51.079843
12,24,1,16,7,3,3,0,1,0,2,1,0,0,0,0,0,13.683699,51.051507
12,24,1,16,7,3,3,0,1,0,2,1,0,0,0,0,0,13.754895,51.060827
12,24,1,16,7,3,3,8,6,1,2,1,1,0,0,0,0,13.874679,51.060557
12,24,1,16,12,3,2,6,4,0,1,1,0,1,0,0,0,13.682808,51.051888
12,24,1,16,21,3,3,5,3,2,0,1,1,0,0,0,0,13.733124,51.076344
12,24,1,17,1,4,3,8,1,2,1,1,0,0,0,0,0,13.770485,51.045529
12,24,1,23,7,3,3,0,1,0,2,1,0,0,0,0,0,13.70053,51.024537
12,24,1,23,8,3,3,0,7,0,2,1,0,0,0,0,0,13.750406,51.079411
12,24,1,24,23,4,3,1,2,2,0,1,0,0,0,0,1,13.708984,51.047216
12,24,1,25,17,5,2,3,6,2,0,1,0,0,0,0,0,13.764225,51.088386
12,24,1,26,6,6,3,5,3,2,0,1,1,0,0,0,0,13.673496,51.040527
12,24,1,27,6,7,3,5,3,2,0,1,1,0,0,0,0,13.770205,51.028896
12,24,1,27,14,7,2,3,2,0,0,1,0,0,0,0,1,13.733385,51.038965
12,24,1,27,15,7,2,6,6,0,0,1,0,1,0,0,0,13.648809,51.091436
12,24,1,28,3,1,2,1,1,2,0,1,1,0,0,0,0,13.819349,51.064334
12,24,1,28,14,1,3,7,7,0,0,1,0,0,0,0,0,13.773741,51.065671
12,24,1,28,16,1,3,5,2,0,0,1,1,0,0,0,0,13.737006,51.063146
12,24,1,28,18,1,2,6,6,2,0,1,0,1,0,0,0,13.737019,51.058134
12,24,1,29,5,2,3,5,3,2,0,1,1,0,0,0,0,13.774717,51.049811
12,24,1,29,7,2,3,0,1,0,2,1,0,0,0,0,0,13.624396,51.08467
12,24,1,29,7,2,3,5,3,0,0,1,1,0,0,0,0,13.737056,51.037785
12,24,1,29,9,2,3,0,1,0,2,1,0,0,0,0,0,13.648552,51.056503
12,24,1,30,5,3,3,5,3,2,0,1,1,0,0,0,0,13.802395,51.029643
12,24,1,30,7,3,3,3,2,0,0,1,1,0,0,0,0,13.703371,51.042141
12,24,1,30,8,3,2,5,3,0,0,1,1,0,0,0,0,13.749614,51.033598
12,24,1,30,10,3,3,5,3,0,0,1,1,0,0,0,0,13.703172,51.036227
12,24,1,30,14,3,3,3,2,0,0,1,0,0,0,0,1,13.753345,51.050367
12,24,1,30,16,3,3,5,3,0,0,1,1,0,0,0,0,13.724935,51.043952
12,24,1,31,8,4,3,5,2,0,0,1,1,0,0,0,0,13.775592,51.045427
12,24,1,31,15,4,3,5,2,0,0,1,1,0,0,0,0,13.801978,51.05562
12,24,1,31,18,4,3,5,2,2,0,1,1,0,0,0,0,13.720695,51.049306
12,24,2,1,6,5,3,5,3,2,1,1,1,0,0,0,0,13.721435,51.034374
12,24,2,1,6,5,3,0,1,2,1,1,0,0,0,0,0,13.741855,51.023604
12,24,2,1,15,5,2,6,4,0,0,1,0,1,0,0,0,13.807853,51.053769
12,24,2,1,16,5,3,5,3,0,0,1,1,0,0,0,0,13.76029,51.081316
12,24,2,2,11,6,3,5,2,0,0,1,1,0,0,0,0,13.777294,51.058725
12,24,2,3,16,7,3,0,1,0,1,1,0,0,0,0,0,13.73018,51.05912
12,24,2,4,3,1,2,0,1,2,1,1,0,0,0,0,0,13.811276,51.064321
12,24,2,4,19,1,3,2,6,2,1,1,1,0,0,0,0,13.700331,51.04492
12,24,2,5,7,2,3,0,7,0,0,1,0,0,0,0,0,13.889945,51.056759
12,24,2,5,12,2,2,6,6,0,0,1,0,1,0,0,0,13.832537,51.03466
12,24,2,5,14,2,2,5,3,0,0,1,1,0,0,0,0,13.676687,51.060816
12,24,2,5,15,2,3,5,3,0,0,1,1,0,0,0,0,13.747018,51.0637
12,24,2,6,11,3,3,5,3,0,0,1,1,0,0,0,0,13.791362,51.037779
12,24,2,7,18,4,3,4,3,2,1,1,1,0,0,0,0,13.798152,51.045414
12,24,2,9,6,6,3,5,3,2,1,1,1,0,0,0,0,13.791366,51.046775
12,24,2,10,1,7,3,1,5,2,1,1,1,0,0,0,0,13.745137,51.067615
12,24,2,12,8,2,3,3,6,0,0,1,0,0,0,0,0,13.783529,51.043432
12,24,2,12,9,2,3,3,2,0,0,1,1,0,0,0,0,13.700144,51.084922
12,24,2,12,9,2,3,0,7,0,1,1,0,0,0,0,0,13.711857,51.112594
12,24,2,12,13,2,3,0,7,0,0,1,0,0,0,0,0,13.829514,51.017114
12,24,2,12,18,2,3,5,3,2,1,1,1,0,0,0,0,13.750874,51.031038
12,24,2,13,10,3,3,5,3,0,0,1,1,0,0,0,0,13.756595,51.055119
12,24,2,13,12,3,2,0,2,0,0,1,0,0,0,0,0,13.808627,51.02788
12,24,2,13,13,3,3,5,3,0,0,1,0,0,0,0,1,13.743028,51.028693
12,24,2,13,19,3,3,5,3,2,0,1,1,0,0,0,0,13.755441,51.050002
12,24,2,14,16,4,3,5,3,0,0,1,1,0,0,0,0,13.77563,51.04536
12,24,2,14,18,4,2,3,7,2,0,1,1,0,0,0,0,13.716183,51.065381
12,24,2,15,7,5,3,5,3,1,1,1,1,0,0,0,0,13.71878,51.087853
12,24,2,15,11,5,3,5,3,0,1,1,1,0,0,0,0,13.750737,51.04724
12,24,2,16,17,6,3,1,5,1,0,1,1,0,0,0,0,13.787808,51.060052
12,24,2,17,11,7,2,0,1,0,0,1,0,0,0,0,0,13.758053,51.052292
12,24,2,18,14,1,3,1,5,0,0,1,1,0,0,0,0,13.874885,51.006053
12,24,2,18,17,1,3,5,2,2,0,1,1,0,0,0,0,13.718975,51.096635
12,24,2,19,7,2,3,5,2,1,1,1,1,0,0,0,0,13.744553,51.037314
12,24,2,19,12,2,3,1,5,0,1,1,1,0,0,0,0,13.800858,51.038543
12,24,2,19,13,2,3,0,1,0,1,1,0,0,0,0,0,13.714167,51.079498
12,24,2,19,14,2,2,0,1,0,1,1,0,0,0,0,0,13.775666,51.066775
12,24,2,19,16,2,2,0,7,0,0,1,0,0,0,0,0,13.728754,51.083742
12,24,2,20,9,3,3,0,1,0,1,1,0,0,0,0,0,13.701224,51.041748
12,24,2,20,12,3,2,0,1,0,1,1,0,0,0,0,0,13.735077,51.033647
12,24,2,20,14,3,2,5,2,0,0,1,1,0,0,0,0,13.756876,51.02543
12,24,2,20,17,3,3,3,6,2,0,1,0,0,0,0,0,13.763968,51.087597
12,24,2,21,15,4,3,5,2,0,0,1,1,0,0,0,0,13.718975,51.096635
12,24,2,22,8,5,3,5,2,0,1,1,1,0,0,0,0,13.708634,51.051903
12,24,2,22,13,5,3,5,3,0,0,1,1,0,0,0,0,13.747015,51.063701
12,24,2,22,19,5,3,0,1,2,1,1,0,0,0,0,0,13.693659,51.043009
12,24,2,23,15,6,3,5,6,0,0,1,1,0,0,0,0,13.728983,51.093653
12,24,2,24,11,7,3,5,3,0,0,1,1,0,0,0,0,13.839757,51.12604
12,24,2,24,14,7,2,5,2,0,0,1,1,0,0,0,0,13.810134,51.012561
12,24,2,24,18,7,3,0,1,2,0,1,0,0,0,0,0,13.857644,51.010275
12,24,2,26,7,2,3,0,7,0,0,1,0,0,0,0,0,13.725913,51.035365
12,24,2,26,15,2,3,0,6,0,0,1,0,0,0,0,1,13.708771,51.030751
12,24,2,26,15,2,2,6,4,0,0,1,0,1,0,0,0,13.772523,51.114482
12,24,2,26,17,2,3,1,3,0,0,1,1,0,0,0,0,13.74704,51.075893
12,24,2,27,6,3,3,5,2,1,0,1,1,0,0,0,0,13.828777,51.058545
12,24,2,27,13,3,3,5,3,0,0,1,1,0,0,0,0,13.752975,51.073889
12,24,2,28,15,4,3,3,2,0,0,1,1,0,0,0,0,13.825873,51.012077
12,24,2,29,7,5,3,0,6,0,1,1,1,0,0,0,0,13.840667,51.050314
12,24,2,29,12,5,2,5,3,0,0,1,1,0,0,0,0,13.802858,51.030119
12,24,2,29,12,5,3,0,1,0,0,1,0,0,0,0,0,13.806613,51.039082
12,24,3,1,7,6,3,5,3,0,1,1,1,0,0,0,0,13.777241,51.07008
12,24,3,1,12,6,3,6,4,0,0,1,0,1,0,0,0,13.761123,51.05053
12,24,3,1,18,6,3,5,3,2,1,1,1,0,0,0,0,13.810016,51.048899
12,24,3,1,19,6,3,5,3,1,1,1,1,0,0,0,0,13.775256,51.032845
12,24,3,1,20,6,3,5,3,2,1,1,1,0,0,0,0,13.747589,51.051789
12,24,3,2,9,7,3,0,7,0,0,1,0,0,0,0,0,13.68088,51.088275
12,24,3,3,9,1,3,5,3,0,0,1,1,0,0,0,0,13.76972,51.044779
12,24,3,3,14,1,3,2,6,0,0,1,0,0,0,0,1,13.742703,51.047953
12,24,3,3,17,1,3,5,3,0,0,1,1,0,0,0,0,13.783076,51.043449
12,24,3,4,7,2,3,5,3,0,0,1,1,0,0,0,0,13.741428,51.073064
12,24,3,4,9,2,3,1,5,0,0,1,1,0,0,0,0,13.816672,51.054829
12,24,3,4,11,2,3,5,3,0,0,1,1,0,0,0,0,13.777751,51.052992
12,24,3,4,15,2,3,5,3,0,0,1,1,0,0,0,0,13.762467,51.085056
12,24,3,4,15,2,3,6,6,0,0,1,0,1,0,0,0,13.786936,51.069383
12,24,3,5,6,3,3,8,1,0,0,1,0,0,0,0,0,13.763018,51.107169
12,24,3,5,8,3,3,3,5,0,0,1,1,0,0,0,0,13.758523,51.054184
12,24,3,5,17,3,3,0,1,0,1,1,0,0,0,0,0,13.700379,51.016146
12,24,3,6,8,4,3,0,1,0,0,1,0,0,0,0,0,13.847227,51.061819
12,24,3,6,14,4,3,5,3,0,0,1,1,0,0,0,0,13.761543,51.052004
12,24,3,7,15,5,3,1,1,0,0,1,1,0,0,0,0,13.690353,51.049223
12,24,3,7,17,5,3,0,1,1,1,1,0,0,0,0,0,13.753092,51.05502
12,24,3,8,8,6,3,5,2,0,0,1,1,0,0,0,0,13.749599,51.033584
12,24,3,8,12,6,3,5,3,0,0,1,1,0,0,0,0,13.741545,51.043297
12,24,3,8,15,6,3,5,3,0,0,1,1,0,0,0,0,13.785317,51.035957
12,24,3,8,16,6,3,5,3,0,0,1,0,0,0,0,1,13.768356,51.015769
12,24,3,8,17,6,3,0,7,1,0,1,0,0,0,0,0,13.7207,51.049293
12,24,3,8,17,6,3,5,2,0,0,1,1,0,0,0,0,13.722164,51.054048
12,24,3,9,19,7,3,0,7,2,0,1,0,0,0,0,0,13.696013,51.043282
12,24,3,9,21,7,2,8,7,2,0,1,0,0,0,0,0,13.837106,51.038334
12,24,3,10,17,1,3,6,4,0,0,1,0,1,0,0,0,13.741469,51.064725
12,24,3,12,7,3,3,5,2,0,0,1,1,0,0,0,0,13.756572,51.077502
12,24,3,12,7,3,3,5,2,0,0,1,1,0,0,0,0,13.769643,51.051069
12,24,3,12,12,3,3,5,2,0,0,1,1,0,0,0,0,13.720548,51.059129
12,24,3,12,12,3,2,5,3,0,0,1,0,0,0,0,0,13.834068,51.111953
12,24,3,12,13,3,3,0,7,0,0,1,1,0,0,0,0,13.720423,51.028237
12,24,3,12,17,3,3,6,4,0,0,1,0,1,0,0,0,13.760205,51.02701
12,24,3,12,21,3,3,0,7,2,0,1,0,0,0,0,0,13.756774,51.048997
12,24,3,13,7,4,2,5,3,0,0,1,1,0,0,0,0,13.746484,51.115456
12,24,3,13,8,4,3,5,3,0,0,1,1,0,0,0,0,13.821256,51.003051
12,24,3,13,9,4,3,4,2,0,0,1,1,0,0,0,0,13.736441,51.063805
12,24,3,13,10,4,2,0,7,0,0,1,0,0,0,0,0,13.90791,51.045924
12,24,3,13,15,4,3,4,6,0,0,1,0,0,1,0,0,13.710403,51.077585
12,24,3,13,16,4,3,0,1,0,0,1,0,0,0,0,0,13.696854,51.017923
12,24,3,13,16,4,3,5,3,0,0,1,1,0,0,0,0,13.709111,51.05199
12,24,3,13,16,4,3,5,3,0,0,1,1,0,0,0,0,13.804301,51.053385
12,24,3,14,14,5,3,0,1,0,0,1,0,0,0,0,0,13.83716,51.02474
12,24,3,15,7,6,3,5,2,0,0,1,1,0,0,0,0,13.782352,51.047645
12,24,3,15,13,6,3,2,6,0,0,1,1,0,0,0,0,13.725654,51.081263