UKREIS,UJAHR,UMONAT,UTAG,USTUNDE,UWOCHENTAG,UKATEGORIE,UART,UTYP,LICHT,USTRZUSTAND,IstRad,IstPKW,IstFuss,IstKrad,IstGkfz,IstSonstige,@lon,@lat
12,24,3,15,14,6,3,5,3,0,0,1,1,0,0,0,0,13.745207,51.062835
12,24,3,15,14,6,2,5,3,0,0,1,0,0,0,0,0,13.762415,51.038581
12,24,3,16,10,7,2,0,1,0,1,1,0,0,0,0,0,13.714395,51.079762
12,24,3,16,11,7,3,5,3,0,0,1,1,0,0,0,0,13.827134,51.058246
12,24,3,17,10,1,3,3,6,0,1,1,1,0,0,0,0,13.86002,51.036257
12,24,3,17,11,1,3,0,7,0,0,1,0,0,0,0,0,13.838435,51.005857
12,24,3,17,15,1,3,0,1,0,0,1,0,0,0,0,0,13.690693,51.053607
12,24,3,18,13,2,3,1,7,0,0,1,0,0,0,0,1,13.707622,51.037058
12,24,3,18,14,2,3,5,2,0,0,1,1,0,0,0,0,13.690524,51.061608
12,24,3,18,16,2,2,5,2,0,0,1,1,0,0,0,0,13.786372,51.028505
12,24,3,19,8,3,2,0,7,0,0,1,0,0,0,0,0,13.722097,51.037037
12,24,3,19,11,3,3,0,7,0,0,1,0,0,0,0,0,13.757823,51.019168
12,24,3,19,12,3,3,5,3,0,0,1,1,0,0,0,0,13.738501,51.039526
12,24,3,19,12,3,3,5,3,0,0,1,1,0,0,0,0,13.827394,51.002069
12,24,3,19,14,3,2,0,7,0,0,1,0,0,0,0,0,13.717834,51.029319
12,24,3,19,17,3,3,0,7,0,0,1,0,0,0,0,0,13.783661,51.115998
12,24,3,19,17,3,3,0,1,0,0,1,0,0,0,0,0,13.862657,51.055711
12,24,3,20,18,4,3,2,6,2,0,1,1,0,0,0,0,13.73928,51.066975
12,24,3,21,7,5,3,2,6,0,0,1,1,0,0,0,0,13.682704,51.042412
12,24,3,21,7,5,3,4,6,0,0,1,0,0,0,0,0,13.689798,51.070345
12,24,3,21,8,5,3,5,3,0,0,1,1,0,0,0,0,13.7222,51.054085
12,24,3,21,9,5,3,5,3,0,0,1,1,0,0,0,0,13.783812,51.036411
12,24,3,21,16,5,3,1,6,0,0,1,0,0,0,0,0,13.74698,51.051768
12,24,3,22,9,6,2,5,3,0,0,1,0,0,0,0,1,13.760961,51.026083
12,24,3,22,14,6,3,6,4,0,0,1,0,1,0,0,0,13.71477,51.051315
12,24,3,22,15,6,3,5,3,0,0,1,1,0,0,0,0,13.765602,51.069264
12,24,3,22,20,6,3,0,1,2,1,1,0,0,0,0,0,13.716556,51.077587
12,24,3,22,20,6,3,0,1,2,1,1,0,0,0,0,0,13.763773,51.064535
12,24,3,22,20,6,3,5,3,2,1,1,1,0,0,0,0,13.777197,51.060088
12,24,3,23,0,7,3,0,1,2,1,1,0,0,0,0,0,13.683045,51.051786
12,24,3,23,7,7,3,0,1,0,0,1,0,0,0,0,0,13.7772,51.060048
12,24,3,24,9,1,3,5,3,0,0,1,0,0,0,0,0,13.742122,51.064665
12,24,3,24,10,1,3,4,7,0,0,1,1,0,0,0,0,13.807778,51.037184
12,24,3,25,7,2,3,5,2,0,0,1,1,0,0,0,0,13.729272,51.039365
12,24,3,25,9,2,3,6,6,0,0,1,0,1,0,0,0,13.815758,51.044457
12,24,3,25,17,2,3,5,2,0,0,1,1,0,0,0,0,13.684521,51.085063
12,24,3,26,15,3,3,1,7,0,0,1,1,0,0,0,0,13.833468,51.064895
12,24,3,27,11,4,3,3,6,0,0,1,1,0,0,0,0,13.739983,51.117282
12,24,3,27,14,4,3,0,7,0,0,1,0,0,0,0,0,13.74228,51.048034
12,24,3,27,15,4,3,5,2,0,0,1,1,0,0,0,0,13.756916,51.055236
12,24,3,28,7,5,3,5,3,0,0,1,1,0,0,0,0,13.716489,51.02993
12,24,3,28,7,5,3,0,1,0,0,1,0,0,0,0,0,13.815786,51.053638
12,24,3,28,10,5,3,8,1,0,0,1,0,0,0,0,0,13.690677,51.053648
12,24,3,28,16,5,3,5,3,0,0,1,1,0,0,0,0,13.787008,51.006588
12,24,3,28,17,5,3,2,2,1,0,1,1,0,0,0,0,13.750733,51.071423
12,24,3,28,17,5,3,0,1,0,0,1,0,0,0,0,0,13.796184,50.990134
12,24,3,29,12,6,2,0,1,0,0,1,0,0,0,0,0,13.805836,51.124591
12,24,3,31,12,1,3,0,1,0,0,1,0,0,0,0,0,13.710671,51.045122
12,24,3,31,14,1,3,3,6,0,0,1,0,0,0,0,0,13.715684,51.048097
12,24,3,31,18,1,2,6,4,0,0,1,0,1,0,0,0,13.748638,51.056281
12,24,3,31,20,1,3,5,3,2,0,1,0,0,0,0,1,13.706962,51.08453
12,24,4,1,19,2,2,6,7,0,0,1,0,1,0,0,0,13.735091,51.056239
12,24,4,2,7,3,3,5,3,0,0,1,0,0,0,0,1,13.785318,51.035955
12,24,4,2,10,3,3,0,1,0,0,1,0,0,0,0,0,13.701667,51.091028
12,24,4,2,11,3,3,7,1,0,0,1,0,0,0,0,0,13.733917,51.049803
12,24,4,2,14,3,3,0,1,0,1,1,0,0,0,0,0,13.837519,51.024747
12,24,4,3,15,4,3,6,6,0,0,1,0,1,0,0,0,13.675998,51.045285
12,24,4,3,16,4,3,1,1,0,0,1,1,0,0,0,0,13.823228,51.031258
12,24,4,4,7,5,3,0,1,0,1,1,0,0,0,0,0,13.733515,51.051688
12,24,4,4,12,5,3,0,7,0,0,1,0,0,0,0,0,13.724997,51.05777
12,24,4,4,20,5,3,3,2,2,0,1,1,0,0,0,0,13.78146,51.043895
12,24,4,4,21,5,2,6,6,2,0,1,0,1,0,0,0,13.734309,51.061595
12,24,4,5,16,6,3,6,6,0,0,1,0,1,0,0,0,13.814534,51.046442
12,24,4,6,12,7,3,5,3,0,0,1,1,0,0,0,0,13.723843,51.08458
12,24,4,6,15,7,2,0,7,0,0,1,0,1,0,0,0,13.727812,51.068258
12,24,4,6,15,7,2,4,6,0,0,1,0,0,0,0,0,13.815532,51.044864
12,24,4,6,16,7,3,0,1,0,0,1,0,0,0,0,0,13.690618,51.053799
12,24,4,7,9,1,3,4,6,0,0,1,0,0,0,0,0,13.837412,51.030761
12,24,4,7,10,1,3,5,3,0,0,1,1,0,0,0,0,13.673404,51.067146
12,24,4,7,11,1,3,0,1,0,0,1,0,0,0,0,0,13.841672,51.008488
12,24,4,7,14,1,3,5,3,0,0,1,1,0,0,0,0,13.788283,51.035978
12,24,4,8,1,2,2,0,1,2,0,1,0,0,0,0,0,13.749924,51.071519
12,24,4,8,8,2,3,0,7,0,0,1,0,0,0,0,0,13.769551,51.028258
12,24,4,8,10,2,3,0,1,0,0,1,0,0,0,0,0,13.750434,51.071437
12,24,4,8,15,2,3,0,1,0,0,1,0,0,0,0,0,13.833061,51.059381
12,24,4,8,16,2,3,5,3,0,0,1,1,0,0,0,0,13.777197,51.060084
12,24,4,8,20,2,3,0,7,1,0,1,0,0,0,0,0,13.679598,51.045001
12,24,4,9,6,3,3,5,3,0,0,1,1,0,0,0,0,13.791044,51.121526
12,24,4,9,15,3,3,5,3,0,0,1,1,0,0,0,0,13.737882,51.06966
12,24,4,9,16,3,3,0,2,0,0,1,1,0,0,0,0,13.749883,51.050919
12,24,4,9,17,3,3,4,6,0,0,1,0,0,0,0,0,13.77925,51.065677
12,24,4,9,19,3,3,2,6,0,0,1,0,0,0,0,0,13.675603,51.066916
12,24,4,10,7,4,3,4,6,0,1,1,1,0,0,0,0,13.793373,51.004108
12,24,4,10,7,4,3,5,2,0,0,1,1,0,0,0,0,13.828785,51.058545
12,24,4,10,19,4,3,5,3,1,0,1,1,0,0,0,0,13.728997,51.0593
12,24,4,11,9,5,3,0,3,0,0,1,1,0,0,0,0,13.705649,51.040867
12,24,4,11,15,5,3,5,3,0,0,1,1,0,0,0,0,13.758699,51.049478
12,24,4,11,16,5,3,2,6,0,0,1,1,0,0,0,0,13.78512,51.048154
12,24,4,11,17,5,3,5,2,0,0,1,1,0,0,0,0,13.724831,51.056136
12,24,4,11,19,5,3,6,7,0,0,1,0,1,0,0,0,13.808685,51.011595
12,24,4,12,7,6,3,0,7,0,0,1,0,0,0,0,0,13.745056,51.049509
12,24,4,12,8,6,3,4,2,0,0,1,1,0,0,0,0,13.749707,51.067526
12,24,4,12,16,6,3,6,7,0,0,1,0,1,0,0,0,13.785523,51.016709
12,24,4,12,20,6,3,4,6,2,0,1,0,0,0,0,0,13.714217,51.037848
12,24,4,13,14,7,3,4,2,0,0,1,1,0,0,0,0,13.655346,51.068192
12,24,4,13,17,7,3,0,7,0,0,1,0,0,0,0,0,13.808901,51.046655
12,24,4,14,12,1,3,4,1,0,0,1,1,0,0,0,0,13.729107,51.067916
12,24,4,14,13,1,3,5,3,0,0,1,1,0,0,0,0,13.739365,51.078724
12,24,4,14,15,1,3,0,7,0,0,1,1,0,0,0,0,13.70644,51.028697
12,24,4,15,7,2,3,0,1,0,1,1,0,0,0,0,0,13.827595,51.016282
12,24,4,15,8,2,3,0,1,0,1,1,0,0,0,0,0,13.769649,51.024858
12,24,4,15,13,2,3,0,1,0,0,1,0,0,0,0,0,13.690631,51.053767
12,24,4,15,15,2,3,4,2,0,0,1,1,0,0,0,0,13.797362,51.024199
12,24,4,16,6,3,3,5,3,0,0,1,1,0,0,0,0,13.803245,51.021741
12,24,4,16,8,3,3,1,3,0,0,1,1,0,0,0,0,13.68048,51.051371
12,24,4,16,15,3,3,0,1,0,1,1,0,0,0,0,0,13.760202,51.023287
12,24,4,17,7,4,3,5,2,0,0,1,1,0,0,0,0,13.726098,51.056542
12,24,4,17,12,4,3,0,1,0,0,1,0,0,0,0,0,13.694248,51.044807
12,24,4,17,14,4,3,0,1,0,0,1,0,0,0,0,0,13.853953,51.008455
12,24,4,17,15,4,3,5,3,0,0,1,0,0,0,0,0,13.777174,51.059908
12,24,4,17,15,4,3,0,1,0,0,1,0,0,0,0,0,13.816446,51.054431
12,24,4,17,16,4,3,6,4,0,0,1,0,1,0,0,0,13.783138,51.047435
12,24,4,18,14,5,3,0,3,0,0,1,0,0,0,0,0,13.72085,51.041311
12,24,4,19,15,6,3,5,3,0,1,1,1,0,0,0,0,13.755189,51.055546
12,24,4,20,17,7,3,0,7,0,0,1,0,0,0,0,0,13.740874,51.064777
12,24,4,20,17,7,3,0,2,0,1,1,1,0,0,0,0,13.756594,51.055123
12,24,4,20,17,7,3,5,2,1,1,1,1,0,0,0,0,13.785542,51.066946
12,24,4,21,18,1,3,0,1,0,0,1,0,0,0,0,0,13.776087,51.050594
12,24,4,22,7,2,3,5,3,0,1,1,1,0,0,0,0,13.773691,51.048775
12,24,4,22,7,2,3,1,5,0,2,1,1,0,0,0,0,13.848916,51.053296
12,24,4,22,11,2,2,7,7,0,0,1,0,1,0,0,0,13.703913,51.043112
12,24,4,22,13,2,3,0,1,0,0,1,0,0,0,0,0,13.809908,51.048919
12,24,4,22,18,2,3,0,7,0,0,1,0,0,0,0,0,13.732587,51.077214
12,24,4,23,8,3,3,5,3,0,0,1,1,0,0,0,0,13.692563,51.041753
12,24,4,23,17,3,3,6,4,0,0,1,0,1,0,0,0,13.724377,51.088338
12,24,4,23,17,3,3,5,3,0,0,1,1,0,0,0,0,13.75108,51.030804
12,24,4,24,7,4,2,5,3,0,0,1,0,0,0,0,0,13.688637,51.072037
12,24,4,24,13,4,3,0,7,0,1,1,0,0,0,0,0,13.727864,51.043131
12,24,4,24,14,4,3,0,1,0,0,1,0,0,0,0,0,13.668956,51.059162
12,24,4,24,19,4,3,0,3,0,0,1,1,0,0,0,0,13.738562,51.086084
12,24,4,25,13,5,3,1,5,0,0,1,1,0,0,0,0,13.812724,51.028516
12,24,4,25,17,5,3,5,3,0,0,1,1,0,0,0,0,13.764703,51.091921
12,24,4,26,12,6,2,0,7,0,0,1,0,0,0,0,0,13.737206,51.032793
12,24,4,27,11,7,3,0,7,0,0,1,0,0,0,0,0,13.753052,51.041746
12,24,4,27,13,7,2,5,2,0,0,1,1,0,0,0,0,13.723645,51.053676
12,24,4,27,17,7,2,0,1,0,0,1,0,0,0,0,0,13.715839,51.106764
12,24,4,28,14,1,3,5,2,0,0,1,1,0,0,0,0,13.744645,51.064278
12,24,4,28,14,1,3,5,2,0,0,1,1,0,0,0,0,13.774504,51.060622
12,24,4,28,17,1,3,0,1,0,0,1,0,0,0,0,0,13.703,51.089438
12,24,4,28,20,1,2,5,3,2,0,1,0,0,0,0,0,13.740215,51.057271
12,24,4,29,8,2,3,5,2,0,0,1,1,0,0,0,0,13.735472,51.073014
12,24,4,29,13,2,3,6,4,0,0,1,0,1,0,0,0,13.718151,51.077578
12,24,4,29,14,2,3,5,3,0,0,1,1,0,0,0,0,13.764388,51.120097
12,24,4,29,17,2,3,0,1,0,0,1,0,0,0,0,0,13.755842,51.04747
12,24,4,30,7,3,3,4,1,0,0,1,1,0,0,0,0,13.611894,51.044567
12,24,4,30,8,3,2,0,7,0,0,1,0,0,0,0,0,13.834407,51.057125
12,24,4,30,17,3,3,5,3,0,0,1,1,0,0,0,0,13.745251,51.066218
12,24,4,30,19,3,3,5,3,0,0,1,1,0,0,0,0,13.728996,51.059301
12,24,4,30,20,3,3,0,7,0,0,1,0,0,0,0,0,13.725681,51.065248
12,24,4,30,22,3,3,6,6,2,0,1,0,1,0,0,0,13.887528,51.037072
12,24,5,1,0,4,3,3,6,2,0,1,1,0,0,0,0,13.696744,51.043359
12,24,5,1,10,4,3,5,2,0,0,1,1,0,0,0,0,13.738831,51.028978
12,24,5,1,13,4,3,6,4,0,0,1,0,1,0,0,0,13.761169,51.058998
12,24,5,1,15,4,3,0,1,0,0,1,0,0,0,0,0,13.818422,51.040961
12,24,5,1,18,4,3,5,2,0,0,1,1,0,0,0,0,13.693158,51.081713
12,24,5,2,8,5,3,0,1,0,0,1,0,0,0,0,0,13.691011,51.052855
12,24,5,2,15,5,3,0,1,0,0,1,0,0,0,0,0,13.712737,51.079362
12,24,5,2,16,5,3,0,7,0,0,1,0,0,0,0,0,13.74007,51.053775
12,24,5,3,7,6,3,0,1,0,0,1,0,0,0,0,0,13.750888,51.060537
12,24,5,3,14,6,2,5,2,0,0,1,1,0,0,0,0,13.842662,51.126406
12,24,5,4,12,7,3,6,7,0,0,1,0,1,0,0,0,13.81044,51.051148
12,24,5,4,20,7,3,0,6,0,0,1,1,0,0,0,0,13.828065,51.016547
12,24,5,5,2,1,3,8,1,2,0,1,0,0,0,0,0,13.745511,51.053411
12,24,5,5,12,1,3,0,1,0,1,1,0,0,0,0,0,13.698409,51.069759
12,24,5,5,13,1,2,0,7,0,0,1,0,0,0,0,0,13.766551,51.094039
12,24,5,5,15,1,3,5,2,0,1,1,1,0,0,0,0,13.746486,51.03844
12,24,5,5,18,1,3,0,7,0,0,1,1,0,0,0,0,13.712807,51.077556
12,24,5,6,11,2,3,5,3,0,1,1,1,0,0,0,0,13.743458,51.047593
12,24,5,6,15,2,3,5,3,0,1,1,1,0,0,0,0,13.756595,51.045758
12,24,5,6,17,2,3,0,1,0,1,1,0,0,0,0,0,13.829276,51.000933
12,24,5,6,22,2,3,8,1,2,0,1,0,0,0,0,0,13.757259,51.050029
12,24,5,7,16,3,3,5,2,0,0,1,1,0,0,0,0,13.780974,51.045851
12,24,5,7,16,3,3,5,3,0,0,1,1,0,0,0,0,13.800288,50.984087
12,24,5,7,17,3,3,2,1,0,0,1,1,0,0,0,0,13.761054,51.063894
12,24,5,7,20,3,3,0,7,0,0,1,0,0,0,0,0,13.761194,51.083222
12,24,5,7,23,3,3,1,1,2,0,1,0,0,0,0,1,13.839178,51.027119
12,24,5,8,10,4,3,5,2,0,0,1,1,0,0,0,0,13.727517,51.084926
12,24,5,8,18,4,3,5,3,0,0,1,0,0,0,0,0,13.722808,51.063092
12,24,5,8,19,4,3,0,1,0,0,1,0,0,0,0,0,13.811609,51.021837
12,24,5,9,10,5,2,0,7,0,0,1,0,0,0,0,0,13.73937,51.079167
12,24,5,9,12,5,3,4,6,0,0,1,0,0,0,0,0,13.783697,51.062926
12,24,5,9,15,5,2,3,7,0,0,1,1,0,0,0,0,13.828191,51.011119
12,24,5,9,17,5,3,6,7,0,0,1,0,1,0,0,0,13.814439,51.046568
12,24,5,9,18,5,3,1,1,0,0,1,1,0,0,0,0,13.729486,51.080128
12,24,5,9,18,5,3,5,3,0,0,1,1,0,0,0,0,13.811207,51.009187
12,24,5,9,19,5,3,5,3,0,0,1,1,0,0,0,0,13.730547,51.073148
12,24,5,10,12,6,3,5,2,0,0,1,1,0,0,0,0,13.672258,51.050256
12,24,5,10,12,6,3,5,3,0,0,1,1,0,0,0,0,13.82216,51.029798
12,24,5,10,22,6,3,0,1,2,0,1,0,0,0,0,0,13.715895,51.077958
12,24,5,11,2,7,3,0,1,2,0,1,0,0,0,0,0,13.780297,51.044868
12,24,5,11,17,7,2,0,1,0,0,1,0,0,0,0,0,13.84265,51.007484
12,24,5,12,16,1,3,0,7,0,0,1,0,0,0,0,0,13.758712,51.057
12,24,5,12,17,1,3,0,1,0,0,1,0,0,0,0,0,13.71863,51.050692
12,24,5,12,18,1,2,0,7,0,0,1,0,0,0,0,0,13.817225,51.103353
12,24,5,12,18,1,3,8,1,0,0,1,0,0,0,0,0,13.849869,51.031755
12,24,5,12,20,1,2,5,3,0,0,1,1,0,0,0,0,13.73826,51.039231
12,24,5,13,6,2,3,0,7,0,0,1,0,0,0,0,0,13.755168,51.046201
12,24,5,13,7,2,3,5,3,0,0,1,1,0,0,0,0,13.699601,51.07821
12,24,5,13,11,2,3,5,2,0,0,1,1,0,0,0,0,13.775663,51.050789
12,24,5,13,12,2,2,5,3,0,0,1,1,0,0,0,0,13.773582,51.04873
12,24,5,13,14,2,2,5,3,0,0,1,0,0,0,0,0,13.76152,51.022566
12,24,5,13,16,2,3,3,5,0,0,1,1,0,0,0,0,13.801815,51.00704
12,24,5,13,18,2,3,0,7,0,0,1,0,0,0,0,0,13.731299,51.07711
12,24,5,13,18,2,3,1,7,0,0,1,1,0,0,0,0,13.760903,51.0673
12,24,5,13,21,2,2,7,7,2,0,1,0,0,0,0,0,13.68572,51.021763
12,24,5,14,10,3,3,3,6,0,0,1,1,0,0,0,0,13.776959,51.04502
12,24,5,14,14,3,2,5,3,0,0,1,0,0,0,0,1,13.77083,51.039866
12,24,5,14,15,3,3,0,1,0,0,1,0,0,0,0,0,13.721903,51.077387
12,24,5,15,11,4,3,1,7,0,0,1,1,0,0,0,0,13.730734,51.08318
12,24,5,15,12,4,3,3,2,0,0,1,1,0,0,0,0,13.777783,51.053165
12,24,5,15,15,4,3,0,7,0,0,1,0,0,0,0,0,13.737397,51.051408
12,24,5,15,16,4,3,0,1,0,0,1,0,0,0,0,0,13.736352,51.063885
12,24,5,15,21,4,3,5,2,1,0,1,0,0,0,0,1,13.756595,51.055119
12,24,5,16,8,5,3,5,3,0,0,1,1,0,0,0,0,13.729131,51.036241
12,24,5,16,8,5,3,0,1,0,0,1,0,0,0,0,0,13.742855,51.068352
12,24,5,16,12,5,3,5,2,0,0,1,1,0,0,0,0,13.772215,51.118776
12,24,5,16,13,5,3,3,6,0,0,1,0,0,0,0,0,13.697712,51.059887
12,24,5,16,13,5,3,0,1,0,0,1,0,0,0,0,0,13.714389,51.079767
12,24,5,16,13,5,3,0,7,0,0,1,0,0,0,0,0,13.736418,51.058695
12,24,5,16,19,5,3,0,1,0,0,1,0,0,0,0,0,13.734354,51.038636
12,24,5,17,14,6,3,2,6,0,0,1,1,0,0,0,0,13.768324,51.015252
12,24,5,18,14,7,3,6,7,0,0,1,0,1,0,0,0,13.809053,51.05263
12,24,5,18,16,7,3,0,1,0,0,1,0,0,0,0,0,13.806113,50.992986
12,24,5,19,10,1,3,0,1,0,1,1,0,0,0,0,0,13.70612,51.076686
12,24,5,20,3,2,2,0,1,2,0,1,0,0,0,0,0,13.718862,51.064646
12,24,5,20,16,2,3,0,7,0,0,1,0,0,0,0,0,13.808067,51.05107
12,24,5,20,17,2,3,0,7,0,0,1,0,0,0,0,0,13.734078,51.049356
12,24,5,21,7,3,3,5,3,0,0,1,0,0,1,0,0,13.82088,51.028484
12,24,5,21,14,3,3,1,5,0,0,1,1,0,0,0,0,13.780975,51.057002
12,24,5,21,15,3,3,0,1,0,0,1,0,0,0,0,0,13.756597,51.077522
12,24,5,21,15,3,3,5,3,0,0,1,1,0,0,0,0,13.783296,51.029657
12,24,5,22,6,4,3,5,3,0,1,1,1,0,0,0,0,13.787922,51.060009
12,24,5,22,7,4,3,2,2,0,1,1,1,0,0,0,0,13.756001,51.055907
12,24,5,22,8,4,2,0,7,0,1,1,0,0,0,0,0,13.831506,51.037355
12,24,5,22,9,4,2,5,2,0,0,1,1,0,0,0,0,13.741912,51.032237
12,24,5,23,1,5,3,7,7,2,0,1,0,0,0,0,0,13.737088,51.063191
12,24,5,23,10,5,2,0,7,0,0,1,0,0,0,0,0,13.762446,51.032609
12,24,5,23,15,5,3,5,3,0,0,1,1,0,0,0,0,13.712641,51.031066
12,24,5,23,19,5,3,1,5,0,0,1,1,0,0,0,0,13.748987,51.068811
12,24,5,24,7,6,3,5,3,0,0,1,1,0,0,0,0,13.772744,51.047799
12,24,5,24,8,6,3,3,2,0,0,1,1,0,0,0,0,13.748982,51.033778
12,24,5,24,11,6,3,4,6,0,0,1,1,0,0,0,0,13.709901,51.082982
12,24,5,24,13,6,3,0,7,0,1,1,0,0,0,0,0,13.809547,51.012379
12,24,5,24,14,6,3,0,1,0,0,1,0,0,0,0,0,13.760431,51.026734
12,24,5,24,14,6,3,5,2,0,1,1,0,0,0,0,1,13.762439,51.085015
12,24,5,24,15,6,3,5,3,0,1,1,0,0,0,0,0,13.739351,51.037023
12,24,5,25,0,7,3,0,1,2,0,1,0,0,0,0,0,13.757201,51.069408
12,24,5,25,10,7,3,0,1,0,0,1,0,0,0,0,0,13.776719,51.111017
12,24,5,25,20,7,3,0,1,0,1,1,0,0,0,0,0,13.683006,51.059739
12,24,5,25,23,7,3,7,7,2,0,1,0,0,0,0,0,13.728542,51.060847
12,24,5,26,13,1,3,8,6,0,0,1,0,0,0,0,0,13.730319,51.060131
12,24,5,26,14,1,3,0,1,0,0,1,0,0,0,0,0,13.696827,51.043367
12,24,5,27,4,2,2,5,2,1,0,1,1,0,0,0,0,13.688722,51.08304
12,24,5,27,16,2,3,7,7,0,0,1,0,0,0,0,0,13.774658,51.033278
12,24,5,27,18,2,2,3,6,0,0,1,1,0,0,0,0,13.721515,51.091874
12,24,5,27,18,2,3,0,1,0,0,1,0,0,0,0,0,13.760391,51.109416
12,24,5,28,7,3,3,1,5,0,1,1,1,0,0,0,0,13.732929,51.118312
12,24,5,28,14,3,3,0,7,0,1,1,0,0,0,0,0,13.715017,51.079252
12,24,5,29,7,4,3,0,7,0,0,1,0,0,0,0,0,13.702305,51.045881
12,24,5,29,10,4,3,6,4,0,0,1,0,1,0,0,0,13.784306,51.034907
12,24,5,29,17,4,3,3,2,0,0,1,0,0,0,0,0,13.754347,51.05881
12,24,5,29,17,4,3,5,7,0,0,1,1,0,0,0,0,13.831477,51.12433
12,24,5,30,7,5,3,0,1,1,0,1,0,0,0,0,0,13.742244,51.089597
12,24,5,30,9,5,3,0,7,0,0,1,0,0,0,0,0,13.750285,51.068352
12,24,5,30,9,5,2,0,1,0,0,1,0,0,0,0,0,13.787784,51.116694
12,24,5,30,16,5,3,5,2,0,0,1,1,0,0,0,0,13.683425,51.042429
12,24,5,30,17,5,3,6,7,0,0,1,0,1,0,0,0,13.715258,51.051582
12,24,5,30,17,5,3,6,4,0,0,1,0,1,0,0,0,13.750406,51.065699
12,24,5,30,18,5,3,6,4,0,0,1,0,1,0,0,0,13.757226,51.049736
12,24,5,30,22,5,2,2,5,2,0,1,1,0,0,0,0,13.76903,51.117005
12,24,5,31,15,6,2,0,1,0,0,1,0,0,0,0,0,13.682982,51.036441
12,24,5,31,15,6,3,3,2,0,0,1,1,0,0,0,0,13.788571,51.025996
12,24,5,31,16,6,3,7,7,0,0,1,0,0,0,0,0,13.796769,51.061333
12,24,5,31,17,6,3,5,3,0,0,1,0,0,0,0,0,13.808114,51.053554
12,24,5,31,18,6,3,5,3,0,0,1,1,0,0,0,0,13.690213,51.072673
12,24,5,31,18,6,3,5,3,0,0,1,0,0,1,0,0,13.724935,51.043952
12,24,6,2,11,1,2,0,1,0,1,1,0,0,0,0,0,13.817105,51.103254
12,24,6,3,9,2,3,7,7,0,0,1,0,0,0,0,0,13.733801,51.061442
12,24,6,3,10,2,3,1,5,0,0,1,0,0,0,0,1,13.85269,51.01323
12,24,6,3,16,2,2,0,3,0,0,1,0,0,0,0,0,13.729423,51.083094
12,24,6,3,17,2,3,0,7,0,0,1,0,0,0,0,0,13.825035,51.01416
12,24,6,3,18,2,3,4,6,0,0,1,0,0,0,0,0,13.702453,51.090467
12,24,6,4,8,3,3,0,4,0,0,1,0,1,0,0,0,13.75042,51.07144
12,24,6,4,11,3,2,0,1,0,0,1,0,0,0,0,0,13.773683,51.118306
12,24,6,4,17,3,3,4,1,0,0,1,0,0,0,0,0,13.790448,51.062149
12,24,6,4,19,3,3,6,6,0,0,1,0,1,0,0,0,13.775329,51.045469
12,24,6,4,21,3,3,5,2,1,0,1,1,0,0,0,0,13.656657,51.051196
12,24,6,4,22,3,3,5,3,2,0,1,1,0,0,0,0,13.729109,51.050961
12,24,6,4,23,3,3,0,7,2,0,1,0,0,0,0,0,13.696198,51.073704
12,24,6,5,7,4,3,5,3,0,0,1,1,0,0,0,0,13.751643,51.047227
12,24,6,5,9,4,2,5,3,0,0,1,1,0,0,0,0,13.774462,51.033078
12,24,6,5,10,4,3,5,2,0,0,1,1,0,0,0,0,13.689633,51.068925
12,24,6,5,13,4,3,5,3,0,0,1,1,0,0,0,1,13.745244,51.026828
12,24,6,5,13,4,3,0,1,0,0,1,0,0,0,0,0,13.826964,51.062239
12,24,6,6,7,5,2,5,3,0,0,1,1,0,0,0,0,13.773555,51.118244
12,24,6,6,14,5,3,5,3,0,0,1,1,0,0,0,0,13.707001,51.041404
12,24,6,6,14,5,3,1,5,0,0,1,1,0,0,0,0,13.824558,51.04755
12,24,6,6,15,5,2,0,6,0,0,1,0,0,0,0,0,13.70734,51.051636
12,24,6,6,15,5,3,3,5,0,0,1,1,0,0,0,0,13.743894,51.066376
12,24,6,6,15,5,3,6,4,0,0,1,0,1,0,0,0,13.757299,51.088036
12,24,6,6,18,5,3,6,4,0,0,1,0,1,0,0,0,13.754766,51.046282
12,24,6,7,4,6,3,8,1,1,1,1,0,0,0,0,0,13.792771,51.063845
12,24,6,7,9,6,3,1,5,0,0,1,1,0,0,0,0,13.73186,51.050419
12,24,6,7,10,6,3,4,6,0,0,1,0,0,0,0,0,13.76002,51.061203
12,24,6,7,13,6,2,5,3,0,0,1,1,0,0,0,0,13.734315,51.051854
12,24,6,7,15,6,3,5,3,0,0,1,1,0,0,0,0,13.7058,51.090898
12,24,6,7,16,6,3,4,3,0,0,1,1,0,0,0,0,13.688975,51.057926
12,24,6,7,17,6,2,5,3,1,0,1,0,0,0,0,1,13.720352,51.051167
12,24,6,7,21,6,3,6,4,2,0,1,0,1,0,0,0,13.734663,51.050784
12,24,6,7,21,6,3,6,4,1,0,1,0,1,0,0,0,13.738181,51.05036
12,24,6,8,8,7,3,0,2,0,0,1,1,0,0,0,0,13.774508,51.033124
12,24,6,8,11,7,3,0,1,0,0,1,0,0,0,0,0,13.834067,51.111951
12,24,6,8,15,7,3,0,1,0,0,1,0,0,0,0,0,13.809332,51.152818
12,24,6,8,18,7,2,8,1,0,0,1,0,0,0,0,0,13.809661,51.049574
12,24,6,8,21,7,2,0,7,1,0,1,0,0,0,0,0,13.656393,51.0553