UKREIS,UJAHR,UMONAT,UTAG,USTUNDE,UWOCHENTAG,UKATEGORIE,UART,UTYP,LICHT,USTRZUSTAND,IstRad,IstPKW,IstFuss,IstKrad,IstGkfz,IstSonstige,@lon,@lat
12,24,6,9,11,1,3,0,1,0,0,1,0,0,0,0,0,13.755837,51.055981
12,24,6,9,14,1,3,0,1,0,0,1,0,0,0,0,0,13.740248,51.036698
12,24,6,9,17,1,3,5,3,0,0,1,0,0,0,0,0,13.842611,50.998265
12,24,6,9,18,1,3,0,7,0,0,1,0,0,0,0,0,13.751208,51.030918
12,24,6,9,20,1,3,4,2,0,0,1,1,0,0,0,0,13.795394,51.042844
12,24,6,10,9,2,3,0,1,0,0,1,0,0,0,0,0,13.715823,51.025889
12,24,6,10,9,2,3,5,3,0,0,1,1,0,0,0,0,13.76896,51.049611
12,24,6,10,9,2,3,1,5,0,0,1,1,0,0,0,0,13.82829,51.009177
12,24,6,10,12,2,3,0,1,0,0,1,0,0,0,0,0,13.705573,51.043392
12,24,6,10,12,2,3,0,1,0,0,1,0,0,0,0,0,13.737184,51.029181
12,24,6,10,14,2,3,8,1,0,0,1,0,0,0,0,0,13.754346,51.058809
12,24,6,10,14,2,3,5,3,0,0,1,1,0,0,0,0,13.793601,51.12918
12,24,6,10,15,2,2,5,2,0,0,1,0,0,0,0,1,13.798846,51.004992
12,24,6,10,19,2,3,3,6,0,0,1,0,0,0,0,0,13.738793,51.054155
12,24,6,11,6,3,3,0,7,0,0,1,0,0,0,0,0,13.692537,51.047274
12,24,6,11,11,3,3,5,3,0,0,1,1,0,0,0,0,13.732654,51.02957
12,24,6,11,15,3,3,5,3,0,0,1,1,0,0,0,0,13.68463,51.083169
12,24,6,11,15,3,2,0,1,0,0,1,0,0,0,0,0,13.71672,51.065297
12,24,6,11,18,3,3,3,2,0,0,1,1,0,0,0,0,13.809234,51.047365
12,24,6,12,7,4,3,0,1,0,0,1,0,0,0,0,0,13.708252,51.044525
12,24,6,12,7,4,3,0,7,0,0,1,0,0,0,0,0,13.709831,51.057763
12,24,6,12,9,4,3,1,5,0,0,1,1,0,0,0,0,13.788776,51.047813
12,24,6,12,16,4,2,5,3,0,0,1,1,0,0,0,0,13.778632,51.033338
12,24,6,12,18,4,2,0,1,0,0,1,0,0,0,0,0,13.800745,51.027704
12,24,6,12,19,4,2,7,1,0,0,1,0,0,0,0,0,13.754456,51.045658
12,24,6,12,19,4,3,6,4,0,0,1,0,1,0,0,0,13.804177,51.058215
12,24,6,12,20,4,3,0,1,0,0,1,0,0,0,0,0,13.782102,51.04732
12,24,6,13,6,5,3,5,3,0,0,1,1,0,0,0,0,13.756913,51.055234
12,24,6,13,8,5,3,6,4,0,0,1,0,1,0,0,0,13.722485,51.056193
12,24,6,13,13,5,3,5,2,0,0,1,1,0,0,0,0,13.733148,51.048509
12,24,6,13,17,5,3,6,4,0,0,1,0,1,0,0,0,13.740925,51.057205
12,24,6,13,19,5,3,6,4,0,0,1,0,1,0,0,0,13.725026,51.050421
12,24,6,14,9,6,3,3,2,0,0,1,1,0,0,0,0,13.715793,51.037024
12,24,6,14,12,6,3,0,7,0,0,1,0,0,0,0,0,13.689554,51.067961
12,24,6,14,12,6,2,5,3,0,0,1,1,0,0,0,0,13.854881,51.058749
12,24,6,14,14,6,3,0,7,0,0,1,0,0,0,0,0,13.74882,51.069844
12,24,6,14,20,6,3,0,1,1,0,1,0,0,0,0,0,13.725268,51.053155
12,24,6,15,0,7,3,0,1,2,0,1,0,0,0,0,0,13.752185,51.034786
12,24,6,15,0,7,3,0,1,2,0,1,0,0,0,0,0,13.824533,51.026953
12,24,6,15,9,7,3,5,3,0,0,1,0,0,0,0,0,13.71226,51.02879
12,24,6,15,11,7,3,0,1,0,1,1,0,0,0,0,0,13.752916,51.044136
12,24,6,16,12,1,3,5,3,0,0,1,1,0,0,0,0,13.795734,51.048556
12,24,6,16,14,1,3,0,1,0,0,1,0,0,0,0,0,13.886127,51.006905
12,24,6,16,15,1,3,0,1,0,0,1,0,0,0,0,0,13.752002,51.062279
12,24,6,16,21,1,2,0,1,0,0,1,0,0,0,0,0,13.788583,51.062332
12,24,6,17,8,2,3,3,5,0,0,1,1,0,0,0,0,13.748332,51.073224
12,24,6,17,12,2,3,5,3,0,0,1,1,0,0,0,0,13.624028,51.084734
12,24,6,17,16,2,3,5,2,0,0,1,1,0,0,0,0,13.777296,51.058726
12,24,6,17,16,2,3,6,6,0,0,1,0,1,0,0,0,13.794753,51.132328
12,24,6,17,17,2,3,5,3,0,0,1,0,0,0,0,0,13.779275,51.065675
12,24,6,17,17,2,3,0,7,0,0,1,0,0,0,0,0,13.857126,51.004618
12,24,6,17,20,2,3,5,3,1,0,1,0,0,0,0,0,13.881695,50.994718
12,24,6,18,7,3,3,5,3,0,0,1,1,0,0,0,0,13.743825,51.040387
12,24,6,18,15,3,2,0,1,0,0,1,0,0,0,0,0,13.746007,51.028509
12,24,6,18,15,3,3,0,7,0,0,1,0,0,0,0,0,13.818681,51.040676
12,24,6,18,16,3,3,3,6,0,0,1,1,0,0,0,0,13.808337,51.052712
12,24,6,18,16,3,3,3,6,0,0,1,1,0,0,0,0,13.843126,51.002615
12,24,6,18,19,3,3,3,6,0,0,1,1,0,0,0,0,13.699891,51.043003
12,24,6,19,7,4,3,0,1,0,1,1,0,0,0,0,0,13.777773,51.058775
12,24,6,19,8,4,3,5,3,0,0,1,1,0,0,0,0,13.768948,51.049586
12,24,6,19,10,4,3,5,3,0,1,1,1,0,0,0,0,13.745578,51.068303
12,24,6,19,15,4,3,0,1,0,1,1,0,0,0,0,0,13.792776,50.981942
12,24,6,19,19,4,3,5,3,0,1,1,1,0,0,0,0,13.794584,51.04199
12,24,6,20,7,5,2,5,3,0,0,1,1,0,1,0,1,13.739329,51.036982
12,24,6,20,17,5,3,5,2,0,0,1,1,0,0,0,0,13.713652,51.080669
12,24,6,20,17,5,3,0,7,0,0,1,0,0,0,0,0,13.755687,51.072315
12,24,6,20,19,5,3,0,7,0,0,1,0,0,0,0,0,13.716377,51.092705
12,24,6,20,22,5,3,5,3,2,0,1,1,0,0,0,0,13.730149,51.030516
12,24,6,21,14,6,2,0,6,0,0,1,0,1,0,0,0,13.768451,51.025745
12,24,6,22,6,7,3,5,3,1,1,1,1,0,0,0,0,13.74743,51.078474
12,24,6,22,11,7,3,0,1,0,0,1,0,0,0,0,0,13.805639,50.993405
12,24,6,22,13,7,3,5,3,0,0,1,1,0,0,0,0,13.820862,51.028491
12,24,6,22,18,7,2,7,7,0,0,1,0,1,0,0,0,13.752851,51.058102
12,24,6,23,17,1,3,1,5,0,0,1,1,0,0,0,0,13.720456,51.028079
12,24,6,23,18,1,3,2,7,0,0,1,0,0,0,0,0,13.724751,51.062331
12,24,6,24,7,2,2,0,1,0,0,1,0,0,0,0,0,13.757795,51.07617
12,24,6,24,14,2,3,5,3,0,0,1,0,0,0,1,0,13.74896,51.033791
12,24,6,24,18,2,3,5,2,0,0,1,1,0,0,0,0,13.725029,51.091959
12,24,6,24,19,2,3,0,1,0,0,1,0,0,0,0,0,13.70145,51.091176
12,24,6,25,5,3,3,5,3,0,0,1,0,0,1,0,0,13.704453,51.050806
12,24,6,25,7,3,3,0,1,0,0,1,0,0,0,0,0,13.684982,51.058435
12,24,6,25,16,3,3,6,4,0,0,1,0,1,0,0,0,13.752468,51.03683
12,24,6,25,16,3,3,0,1,0,0,1,0,0,0,0,0,13.856082,51.061453
12,24,6,25,17,3,3,5,2,0,0,1,1,0,0,0,0,13.666355,51.075542
12,24,6,25,23,3,3,8,1,2,0,1,0,0,0,0,0,13.788594,51.067105
12,24,6,26,8,4,3,3,6,0,0,1,1,0,0,0,0,13.737531,51.08722
12,24,6,26,8,4,3,0,7,0,0,1,0,0,0,0,0,13.761912,51.05327
12,24,6,27,6,5,2,5,3,0,0,1,0,0,0,0,1,13.768257,51.015701
12,24,6,27,13,5,3,5,3,0,0,1,0,0,1,0,0,13.693169,51.081659
12,24,6,27,18,5,3,5,3,0,1,1,1,0,0,0,0,13.705046,51.044468
12,24,6,28,10,6,3,0,1,0,0,1,0,0,0,0,0,13.75729,51.049725
12,24,6,28,10,6,3,1,5,0,0,1,1,0,0,0,0,13.776974,51.050192
12,24,6,28,12,6,3,0,7,0,0,1,1,0,0,0,0,13.707688,51.018088
12,24,6,28,15,6,3,0,1,0,0,1,0,0,0,0,0,13.817768,51.041636
12,24,6,28,17,6,3,0,1,0,0,1,0,0,0,0,0,13.746292,51.053399
12,24,6,28,20,6,3,5,3,0,0,1,1,0,0,0,0,13.715029,51.078879
12,24,6,28,21,6,3,3,6,2,0,1,0,0,0,0,0,13.766957,51.020634
12,24,6,28,23,6,3,0,1,2,0,1,0,0,0,0,0,13.85111,51.035127
12,24,6,29,6,7,3,0,1,0,0,1,0,0,0,0,0,13.725277,51.072857
12,24,6,29,12,7,2,1,7,0,0,1,1,0,0,0,0,13.703335,51.085909
12,24,6,29,17,7,3,0,7,0,0,1,0,0,0,0,0,13.813754,51.054775
12,24,6,30,0,1,3,6,6,2,0,1,0,1,0,0,0,13.778448,51.062898
12,24,6,30,2,1,3,0,1,2,0,1,0,0,0,0,0,13.768307,51.0198
12,24,6,30,6,1,3,0,1,0,0,1,0,0,0,0,0,13.789023,51.05385
12,24,6,30,10,1,3,7,7,0,0,1,0,0,0,0,0,13.835491,51.016283
12,24,6,30,12,1,3,3,7,0,0,1,0,0,0,0,0,13.789715,51.064378
12,24,6,30,23,1,3,0,1,2,1,1,0,0,0,0,0,13.726804,51.057588
12,24,7,1,8,2,3,5,2,0,0,1,1,0,0,0,0,13.720422,51.054649
12,24,7,1,15,2,3,0,1,0,0,1,0,0,0,0,0,13.759697,51.04932
12,24,7,2,6,3,2,6,4,0,0,1,0,1,0,0,0,13.84017,51.021614
12,24,7,2,7,3,3,0,1,0,0,1,0,0,0,0,0,13.758115,51.044822
12,24,7,2,8,3,3,5,3,0,0,1,1,0,0,0,0,13.785321,51.035952
12,24,7,2,11,3,3,5,3,0,0,1,1,0,0,0,0,13.773674,51.048758
12,24,7,2,15,3,3,5,3,0,0,1,1,0,0,0,0,13.705824,51.061562
12,24,7,2,16,3,3,5,3,0,0,1,0,0,0,0,1,13.715242,51.036467
12,24,7,3,0,4,3,0,1,2,0,1,0,0,0,0,0,13.696581,51.043342
12,24,7,3,13,4,3,0,7,0,0,1,0,0,0,0,0,13.73068,51.038361
12,24,7,4,17,5,3,0,1,0,1,1,0,0,0,0,0,13.730191,51.059109
12,24,7,4,17,5,3,6,4,0,1,1,0,1,0,0,0,13.76641,51.041524
12,24,7,5,7,6,2,0,1,0,1,1,0,0,0,0,0,13.770972,51.046022
12,24,7,5,15,6,3,6,4,0,0,1,0,1,0,0,0,13.795367,51.120557
12,24,7,6,5,7,3,0,1,1,0,1,0,0,0,0,0,13.696535,51.082039
12,24,7,6,12,7,3,3,3,0,0,1,0,0,0,0,0,13.822756,51.046013
12,24,7,6,16,7,3,0,7,0,0,1,0,0,0,0,0,13.723468,51.089459
12,24,7,6,17,7,3,0,7,0,0,1,0,0,0,0,0,13.690852,51.053226
12,24,7,6,20,7,3,1,7,0,0,1,1,0,0,0,0,13.800946,51.008425
12,24,7,7,13,1,3,0,7,0,0,1,0,0,0,0,0,13.83465,51.033529
12,24,7,8,8,2,3,5,3,0,0,1,1,0,0,0,0,13.791364,51.046774
12,24,7,8,16,2,3,5,3,0,0,1,1,0,0,0,0,13.722584,51.033494
12,24,7,8,17,2,3,0,1,0,0,1,0,0,0,0,0,13.759231,51.034249
12,24,7,8,21,2,3,1,1,2,0,1,1,0,0,0,0,13.72421,51.08434
12,24,7,8,21,2,3,0,5,2,0,1,1,0,0,0,0,13.789527,51.044984
12,24,7,9,7,3,3,7,7,0,0,1,0,0,0,0,0,13.71256,51.05119
12,24,7,9,9,3,3,0,1,0,0,1,0,0,0,0,0,13.746468,51.115439
12,24,7,9,9,3,3,6,1,0,0,1,0,1,0,0,0,13.783315,51.035061
12,24,7,9,9,3,3,5,3,0,0,1,1,0,0,0,0,13.805161,51.150902
12,24,7,9,11,3,3,0,7,0,0,1,0,0,0,0,0,13.840477,51.000639
12,24,7,9,13,3,2,0,1,0,0,1,0,0,0,0,0,13.839797,51.02574
12,24,7,9,18,3,3,1,1,0,0,1,1,0,0,0,0,13.716142,51.056994
12,24,7,10,6,4,3,5,2,0,0,1,0,0,0,0,1,13.73078,51.05838
12,24,7,10,7,4,2,5,2,0,0,1,1,0,0,0,0,13.767778,51.026083
12,24,7,10,8,4,3,1,5,0,0,1,1,0,0,0,0,13.76924,51.044972
12,24,7,10,17,4,3,0,7,0,0,1,0,1,0,0,0,13.683564,51.052595
12,24,7,11,19,5,3,5,3,0,0,1,1,0,0,0,0,13.755996,51.1179
12,24,7,11,20,5,3,5,2,1,0,1,1,0,0,0,0,13.753056,51.059056
12,24,7,11,22,5,2,5,3,2,0,1,0,0,0,0,1,13.748469,51.053535
12,24,7,12,9,6,3,5,3,0,0,1,1,0,0,0,0,13.843011,51.065041
12,24,7,12,10,6,3,0,2,0,0,1,1,0,0,0,0,13.708164,51.033435
12,24,7,12,12,6,2,5,3,0,0,1,0,0,0,0,1,13.721208,51.047206
12,24,7,12,19,6,3,0,1,0,0,1,0,0,0,0,0,13.712109,51.079294
12,24,7,13,10,7,1,4,1,0,0,1,0,0,0,0,1,13.803558,51.05226
12,24,7,13,17,7,3,6,1,0,0,1,0,1,0,0,0,13.740118,51.053765
12,24,7,13,17,7,2,8,7,0,0,1,0,0,0,0,0,13.874593,51.013534
12,24,7,14,9,1,3,5,3,0,0,1,1,0,0,0,0,13.826567,50.998284
12,24,7,14,11,1,2,0,1,0,0,1,0,0,0,0,0,13.834905,51.058671
12,24,7,14,12,1,2,0,1,0,0,1,0,0,0,0,0,13.735788,51.05293
12,24,7,14,13,1,3,0,7,0,0,1,1,0,0,0,0,13.822362,51.063525
12,24,7,14,15,1,2,0,1,0,0,1,0,0,0,0,0,13.851284,51.025827
12,24,7,15,10,2,3,5,3,0,0,1,1,0,0,0,0,13.747498,51.051617
12,24,7,15,15,2,3,5,3,0,0,1,1,0,0,0,0,13.743601,51.035652
12,24,7,15,15,2,3,5,2,0,0,1,1,0,0,0,0,13.797377,51.024155
12,24,7,15,17,2,3,0,7,0,0,1,0,0,0,0,0,13.704414,51.035698
12,24,7,15,17,2,3,5,3,0,0,1,0,0,0,0,0,13.767458,51.072702
12,24,7,15,20,2,3,5,3,1,0,1,0,0,0,0,0,13.74212,51.064665
12,24,7,15,21,2,3,4,6,2,0,1,0,0,0,0,0,13.751085,51.031103
12,24,7,16,7,3,2,5,3,0,0,1,1,0,0,0,0,13.755433,51.076543
12,24,7,16,7,3,3,0,1,0,1,1,0,0,0,0,0,13.811895,51.020182
12,24,7,16,15,3,3,4,6,0,0,1,0,0,0,0,1,13.752351,51.067621
12,24,7,16,18,3,3,7,1,0,0,1,0,0,0,0,0,13.730144,51.076606
12,24,7,17,6,4,3,5,2,0,0,1,0,0,0,0,1,13.706977,51.084486
12,24,7,17,15,4,3,4,6,0,0,1,1,0,0,0,0,13.785312,51.120692
12,24,7,17,18,4,3,5,3,0,0,1,0,0,0,0,0,13.783843,51.009668
12,24,7,18,15,5,3,3,6,0,0,1,1,0,0,0,0,13.797996,51.140405
12,24,7,18,17,5,3,3,6,0,0,1,1,0,0,0,0,13.680903,51.061718
12,24,7,18,17,5,3,5,3,0,0,1,0,0,0,0,0,13.839665,51.025877
12,24,7,19,10,6,3,0,7,0,0,1,0,0,0,0,0,13.800283,51.034137
12,24,7,19,13,6,3,1,5,0,0,1,0,0,0,0,0,13.74489,51.055789
12,24,7,19,14,6,3,5,3,0,0,1,1,0,0,0,0,13.808827,51.050448
12,24,7,19,19,6,3,7,1,0,0,1,0,0,0,0,0,13.701385,51.043762
12,24,7,19,21,6,2,0,1,2,0,1,0,0,0,0,0,13.851116,51.008176
12,24,7,20,5,7,3,5,3,0,0,1,1,0,0,0,0,13.794576,51.039294
12,24,7,20,13,7,3,0,1,0,0,1,0,0,0,0,0,13.860427,51.015814
12,24,7,21,12,1,2,8,1,0,0,1,0,0,0,0,0,13.650441,51.091481
12,24,7,21,14,1,2,0,7,0,0,1,0,0,0,0,0,13.839771,51.096064
12,24,7,21,19,1,3,1,5,0,0,1,1,0,0,0,0,13.717593,51.071489
12,24,7,22,10,2,3,5,3,0,0,1,1,0,0,0,0,13.718412,51.053391
12,24,7,22,17,2,3,0,1,0,0,1,0,0,0,0,0,13.742558,51.0615
12,24,7,22,17,2,3,6,6,0,0,1,0,1,0,0,0,13.77471,51.06566
12,24,7,22,18,2,2,4,3,0,0,1,0,0,1,0,0,13.713249,51.077527
12,24,7,23,7,3,3,0,1,0,0,1,0,0,0,0,0,13.757121,51.049755
12,24,7,23,7,3,1,5,3,0,0,1,0,0,0,1,0,13.787714,51.035924
12,24,7,23,12,3,3,6,6,0,0,1,0,1,0,0,0,13.743705,51.057411
12,24,7,23,14,3,3,5,3,0,0,1,1,0,0,0,0,13.643756,51.092942
12,24,7,23,16,3,3,2,1,0,0,1,0,0,0,0,1,13.802688,51.012122
12,24,7,23,16,3,3,3,6,0,0,1,1,0,0,0,0,13.807718,51.051407
12,24,7,23,19,3,3,0,1,0,1,1,1,0,0,0,0,13.708857,51.084351
12,24,7,23,22,3,3,1,1,2,0,1,1,0,0,0,0,13.682635,51.05885
12,24,7,24,12,4,3,5,3,0,0,1,1,0,0,0,0,13.705022,51.036752
12,24,7,25,7,5,3,1,7,0,0,1,1,0,0,0,0,13.681942,51.041736
12,24,7,25,11,5,3,3,5,0,0,1,1,0,0,0,0,13.77619,51.055989
12,24,7,25,18,5,2,0,1,0,0,1,0,0,0,0,0,13.707958,51.04445
12,24,7,26,15,6,3,5,3,0,0,1,1,0,0,0,0,13.751644,51.047228
12,24,7,26,15,6,3,0,7,0,0,1,0,0,0,0,0,13.789113,51.030315
12,24,7,26,15,6,3,0,1,0,1,1,0,0,0,0,0,13.851727,51.116913
12,24,7,26,17,6,3,0,7,0,0,1,0,0,0,0,0,13.657885,51.039672
12,24,7,26,18,6,3,3,6,0,0,1,0,0,0,0,0,13.793241,51.061685
12,24,7,26,19,6,2,1,5,0,0,1,1,0,0,0,0,13.711586,51.07754
12,24,7,26,21,6,3,8,1,1,0,1,0,0,0,0,0,13.68274,51.036581
12,24,7,27,9,7,3,0,1,0,1,1,0,0,0,0,0,13.837444,51.024902
12,24,7,27,21,7,3,5,2,2,1,1,1,0,0,0,0,13.77661,51.05173
12,24,7,28,22,1,2,8,1,2,0,1,0,0,0,0,0,13.72455,51.053392
12,24,7,29,6,2,3,0,3,0,0,1,1,0,0,0,0,13.73573,51.099702
12,24,7,29,7,2,3,5,2,0,0,1,1,0,0,0,0,13.731794,51.02527
12,24,7,29,9,2,3,4,2,0,0,1,1,0,0,0,0,13.756004,51.055908
12,24,7,29,12,2,2,5,3,0,0,1,1,0,0,0,0,13.773835,51.032443
12,24,7,29,13,2,3,0,7,0,0,1,0,0,0,0,0,13.740786,51.058139
12,24,7,29,17,2,3,5,2,0,0,1,1,0,0,0,0,13.727927,51.113255
12,24,7,30,8,3,3,0,3,0,0,1,0,0,0,0,1,13.737034,51.050325
12,24,7,30,11,3,3,1,1,0,0,1,1,0,0,0,0,13.820205,51.049911
12,24,7,30,15,3,3,5,2,0,0,1,1,0,0,0,0,13.743477,51.047616
12,24,7,30,17,3,2,0,1,0,0,1,0,0,0,0,0,13.707445,51.084427
12,24,7,30,18,3,2,1,5,0,0,1,0,0,1,0,0,13.689343,51.058971
12,24,7,30,20,3,3,5,3,0,0,1,1,0,0,0,0,13.67277,51.047444
12,24,7,30,21,3,3,5,3,2,0,1,1,0,0,0,0,13.834448,51.02119
12,24,7,31,3,4,2,5,3,2,0,1,0,0,0,0,1,13.752973,51.073887
12,24,7,31,8,4,3,1,5,0,0,1,1,0,0,0,0,13.817073,51.056236
12,24,7,31,10,4,2,3,6,0,0,1,0,0,0,0,0,13.864447,51.00765
12,24,7,31,14,4,3,5,3,0,0,1,1,0,0,0,0,13.724936,51.043951
12,24,7,31,20,4,3,0,7,2,0,1,0,0,0,0,0,13.732907,51.091038
12,24,8,1,12,5,2,6,4,0,0,1,0,1,0,0,0,13.748971,51.062797
12,24,8,1,15,5,3,5,3,0,0,1,1,0,0,0,0,13.707256,51.080055
12,24,8,1,15,5,3,5,3,0,0,1,1,0,0,0,0,13.761323,51.083411
12,24,8,1,18,5,3,5,2,0,1,1,1,0,0,0,0,13.830771,51.026318
12,24,8,2,17,6,3,2,6,0,0,1,1,0,0,0,1,13.686245,51.084074
12,24,8,2,17,6,3,5,3,0,1,1,1,0,0,0,0,13.765527,51.053111
12,24,8,3,8,7,3,3,5,0,0,1,1,0,0,0,0,13.781657,51.052801
12,24,8,3,13,7,3,5,3,0,0,1,1,0,0,0,0,13.689621,51.068749
12,24,8,3,19,7,2,1,5,0,0,1,1,0,0,0,0,13.729439,51.012749
12,24,8,4,18,1,3,0,1,0,1,1,0,0,0,0,0,13.70823,51.044519
12,24,8,5,7,2,3,0,1,0,0,1,1,0,0,0,0,13.75172,51.06698
12,24,8,5,8,2,3,3,6,0,0,1,0,0,0,0,0,13.750393,51.054346
12,24,8,5,10,2,3,5,3,0,0,1,1,0,0,0,0,13.708555,51.078945
12,24,8,6,9,3,3,5,2,0,0,1,1,0,0,0,0,13.678173,51.049344
12,24,8,6,9,3,3,0,1,0,0,1,0,0,0,0,0,13.821865,50.997788
12,24,8,6,12,3,3,5,3,0,0,1,1,0,0,0,0,13.76158,51.022532
12,24,8,6,13,3,2,6,6,0,0,1,0,1,0,0,0,13.670956,51.044798
12,24,8,6,13,3,3,5,2,0,0,1,1,0,0,0,0,13.751718,51.066977
12,24,8,6,19,3,3,5,2,0,0,1,0,0,0,0,0,13.771824,51.040867
12,24,8,7,6,4,3,5,3,0,0,1,1,0,0,0,0,13.79381,51.025569
12,24,8,7,11,4,3,5,3,0,0,1,1,0,0,0,0,13.773583,51.04873
12,24,8,7,18,4,3,0,7,0,1,1,0,1,0,0,0,13.735316,51.088092
12,24,8,7,20,4,3,0,6,1,0,1,1,0,0,0,0,13.678708,51.052434
12,24,8,8,0,5,3,0,1,2,0,1,0,0,0,0,0,13.717003,51.077391
12,24,8,8,7,5,3,5,2,0,0,1,1,0,0,0,0,13.718072,51.035881
12,24,8,8,9,5,3,5,3,0,0,1,1,0,0,0,0,13.80297,51.040485
12,24,8,8,16,5,2,5,2,0,0,1,1,0,0,0,0,13.78482,51.041471
12,24,8,8,21,5,3,5,3,2,0,1,1,0,0,0,0,13.708495,51.030506
12,24,8,8,21,5,3,0,1,2,0,1,0,0,0,0,0,13.746959,51.063716
12,24,8,9,14,6,3,5,2,0,0,1,1,0,0,0,0,13.77379,51.046074
12,24,8,9,14,6,3,3,6,0,0,1,1,0,0,0,0,13.794086,51.036668
12,24,8,9,15,6,3,4,7,0,0,1,0,0,0,0,0,13.82934,51.064122
12,24,8,9,17,6,3,0,1,0,0,1,0,0,0,0,0,13.720183,51.054837
12,24,8,9,17,6,3,0,7,0,0,1,0,0,0,0,0,13.821812,51.062791
12,24,8,10,14,7,3,1,5,0,0,1,1,0,0,0,0,13.740896,51.049847
12,24,8,10,17,7,2,0,1,0,0,1,0,0,0,0,0,13.744804,51.046527
12,24,8,11,2,1,2,8,1,2,0,1,0,0,0,0,0,13.727651,51.084793
12,24,8,12,7,2,3,1,5,0,0,1,1,0,0,0,0,13.683206,51.047759
12,24,8,12,13,2,3,4,6,0,0,1,0,0,0,0,0,13.734319,51.107257
12,24,8,12,15,2,3,5,2,0,0,1,0,0,0,0,1,13.736884,51.06308
12,24,8,12,15,2,3,6,6,0,0,1,0,1,0,0,0,13.803696,51.031091
12,24,8,12,16,2,3,5,3,0,0,1,1,0,0,0,0,13.729637,51.07018
12,24,8,12,21,2,3,3,6,1,0,1,1,0,0,0,0,13.815422,51.054066
12,24,8,13,6,3,2,5,3,0,0,1,0,0,0,0,1,13.774229,51.043459
12,24,8,13,8,3,3,5,3,0,0,1,1,0,0,0,0,13.701394,51.040882
12,24,8,13,10,3,2,5,3,0,0,1,1,0,0,0,0,13.801881,51.042483
12,24,8,13,16,3,3,2,6,0,0,1,1,0,0,0,0,13.805942,51.040485
12,24,8,13,16,3,3,5,2,0,0,1,1,0,0,0,0,13.821645,51.03186
12,24,8,13,17,3,3,5,2,0,0,1,1,0,0,0,0,13.73829,51.063924
12,24,8,13,19,3,3,0,2,0,0,1,1,0,0,0,0,13.826868,51.05819
12,24,8,14,6,4,3,5,3,1,0,1,1,0,0,0,0,13.699833,51.043676
12,24,8,14,6,4,3,5,3,0,0,1,1,0,0,0,0,13.738267,51.039238
12,24,8,14,8,4,3,7,7,0,0,1,0,0,0,0,0,13.780998,51.118112
12,24,8,14,16,4,3,5,2,0,0,1,1,0,0,0,0,13.827672,51.011398
12,24,8,15,6,5,3,0,1,0,0,1,0,0,0,0,0,13.726083,51.057057
12,24,8,15,10,5,3,6,7,0,0,1,0,1,0,0,0,13.695653,51.044214
12,24,8,15,15,5,3,0,1,0,0,1,0,0,0,0,0,13.737031,51.042858
12,24,8,15,15,5,3,0,1,0,0,1,0,0,0,0,0,13.749435,51.039481
12,24,8,15,22,5,2,0,7,2,0,1,0,0,0,0,0,13.766944,51.034496
12,24,8,15,22,5,3,0,7,2,0,1,0,0,0,0,0,13.774669,51.033239
12,24,8,15,23,5,3,0,1,2,0,1,0,0,0,0,0,13.749804,51.057876
12,24,8,16,8,6,3,5,2,0,0,1,1,0,0,0,0,13.737415,51.033161
12,24,8,16,9,6,3,0,2,0,0,1,1,0,0,0,0,13.777197,51.060086
12,24,8,16,10,6,2,0,7,0,0,1,0,0,0,0,0,13.731796,51.056909
12,24,8,16,10,6,3,5,3,0,0,1,1,0,0,0,0,13.781383,51.053897
12,24,8,16,11,6,3,0,7,0,0,1,0,0,0,0,0,13.751332,51.042434
12,24,8,16,12,6,3,5,3,0,0,1,1,0,0,0,0,13.76931,51.058459
12,24,8,17,10,7,3,3,6,0,0,1,1,0,0,0,0,13.776012,51.069051
12,24,8,17,20,7,3,4,6,2,0,1,1,0,0,0,0,13.734679,51.063107
12,24,8,18,5,1,3,0,1,2,0,1,0,0,0,0,0,13.777196,51.060099
12,24,8,18,11,1,3,0,7,0,0,1,0,0,0,0,0,13.733392,51.038974
12,24,8,18,15,1,3,5,2,0,1,1,1,0,0,0,0,13.689683,51.06947
12,24,8,18,15,1,3,0,6,0,0,1,1,0,0,0,0,13.692288,51.04283
12,24,8,19,5,2,3,0,7,1,0,1,0,0,0,0,0,13.77345,51.107121
12,24,8,19,7,2,3,0,1,0,1,1,0,0,0,0,0,13.777752,51.052995
12,24,8,19,13,2,3,7,1,0,0,1,0,0,0,0,0,13.643827,51.085621
12,24,8,19,13,2,3,5,2,0,0,1,1,0,0,0,0,13.715461,51.060644
12,24,8,19,15,2,3,5,3,0,0,1,1,0,0,0,0,13.703989,51.018008
12,24,8,19,16,2,3,0,5,0,0,1,1,0,0,0,0,13.790661,51.046126
12,24,8,19,18,2,3,5,2,0,0,1,0,0,0,0,1,13.787358,51.120024
12,24,8,20,8,3,3,0,1,0,0,1,0,0,0,0,0,13.752048,51.06212
12,24,8,20,9,3,3,4,2,0,0,1,1,0,0,0,0,13.72153,51.047217
12,24,8,20,10,3,3,5,2,0,0,1,0,0,0,1,0,13.763558,51.120605
12,24,8,20,11,3,2,0,1,0,0,1,0,0,0,0,0,13.714391,51.079766
12,24,8,20,14,3,3,5,3,0,0,1,1,0,0,0,0,13.729866,51.082657
12,24,8,20,17,3,3,5,2,0,0,1,1,0,0,0,0,13.689633,51.068926