UKREIS,UJAHR,UMONAT,UTAG,USTUNDE,UWOCHENTAG,UKATEGORIE,UART,UTYP,LICHT,USTRZUSTAND,IstRad,IstPKW,IstFuss,IstKrad,IstGkfz,IstSonstige,@lon,@lat
12,24,8,20,17,3,3,0,1,0,0,1,0,0,0,0,0,13.801373,51.023723
12,24,8,20,18,3,3,0,1,1,0,1,0,0,0,0,0,13.733526,51.051689
12,24,8,20,19,3,3,2,6,0,0,1,0,0,0,0,1,13.73373,51.040381
12,24,8,20,20,3,3,1,5,1,0,1,1,0,0,0,0,13.702597,51.045251
12,24,8,21,6,4,3,0,1,0,1,1,0,0,0,0,0,13.648495,51.056466
12,24,8,21,9,4,3,0,7,0,0,1,0,0,0,0,0,13.754911,51.056831
12,24,8,21,16,4,2,0,1,0,0,1,0,0,0,0,0,13.814935,51.043504
12,24,8,22,7,5,3,5,3,0,0,1,1,0,0,0,0,13.785319,51.035954
12,24,8,22,18,5,2,5,2,0,0,1,1,0,0,0,0,13.708886,51.047224
12,24,8,22,21,5,3,0,1,2,0,1,0,0,0,0,0,13.866393,51.006453
12,24,8,23,0,6,3,0,1,2,0,1,0,0,0,0,0,13.728395,51.060986
12,24,8,23,8,6,3,3,2,0,0,1,1,0,0,0,0,13.777498,51.056042
12,24,8,23,12,6,3,8,1,0,0,1,0,0,0,0,0,13.683607,51.058789
12,24,8,23,14,6,3,6,6,0,0,1,0,1,0,0,0,13.719339,51.081095
12,24,8,23,15,6,3,5,2,0,0,1,1,0,0,0,0,13.786455,51.060173
12,24,8,23,16,6,3,5,2,0,0,1,1,0,0,0,0,13.756005,51.055909
12,24,8,23,17,6,3,4,1,0,0,1,0,0,0,0,1,13.789126,51.075327
12,24,8,23,18,6,3,0,1,0,0,1,0,0,0,0,0,13.784109,50.994819
12,24,8,24,7,7,3,5,3,0,0,1,1,0,0,0,0,13.728434,51.05662
12,24,8,24,11,7,2,0,1,0,0,1,0,0,0,0,0,13.776579,51.066692
12,24,8,24,12,7,3,0,1,0,0,1,0,0,0,0,0,13.805899,51.02631
12,24,8,24,19,7,3,0,1,0,0,1,0,0,0,0,0,13.745339,51.062579
12,24,8,25,13,1,3,6,4,0,1,1,0,1,0,0,0,13.766088,51.041074
12,24,8,25,14,1,3,6,7,0,0,1,0,1,0,0,0,13.773896,51.033471
12,24,8,26,8,2,3,5,3,0,0,1,0,0,1,0,0,13.731906,51.079692
12,24,8,26,13,2,3,1,7,0,0,1,0,0,0,0,1,13.642547,51.044858
12,24,8,26,14,2,2,0,1,0,0,1,0,0,0,0,0,13.719743,51.081147
12,24,8,26,16,2,3,0,1,0,0,1,0,0,0,0,0,13.748574,51.03982
12,24,8,26,16,2,3,3,6,0,0,1,0,0,0,0,0,13.753982,51.057684
12,24,8,26,17,2,3,0,1,0,0,1,0,0,0,0,0,13.691807,51.050509
12,24,8,26,21,2,3,5,2,2,0,1,0,0,0,0,1,13.788704,51.043334
12,24,8,27,7,3,3,0,5,0,0,1,1,0,0,0,0,13.790292,51.026958
12,24,8,27,11,3,3,5,2,0,0,1,0,0,0,0,1,13.719698,51.094321
12,24,8,27,15,3,3,5,2,0,0,1,1,0,0,0,0,13.793783,51.001808
12,24,8,28,1,4,2,0,1,2,0,1,0,0,0,0,0,13.78034,51.066831
12,24,8,28,9,4,3,6,6,0,0,1,0,1,0,0,0,13.801759,51.059752
12,24,8,28,13,4,3,0,1,0,0,1,0,0,0,0,0,13.777746,51.052883
12,24,8,28,17,4,2,0,7,0,0,1,0,0,0,0,0,13.718827,51.059683
12,24,8,28,17,4,3,0,1,0,0,1,0,0,0,0,0,13.725277,51.056468
12,24,8,28,19,4,2,0,1,0,0,1,0,0,0,0,0,13.737578,51.053999
12,24,8,28,19,4,3,0,3,0,0,1,0,0,0,0,1,13.755331,51.046166
12,24,8,28,20,4,3,0,1,1,0,1,0,0,0,0,0,13.800555,51.027466
12,24,8,29,8,5,2,3,6,0,0,1,1,0,0,0,0,13.71873,51.09728
12,24,8,29,19,5,3,3,6,0,0,1,0,0,0,0,0,13.68057,51.06205
12,24,8,29,19,5,3,0,1,0,0,1,0,0,0,0,0,13.744565,51.053429
12,24,8,29,21,5,3,3,6,2,0,1,0,0,0,0,0,13.783563,51.050268
12,24,8,30,7,6,3,5,3,0,0,1,1,0,0,0,0,13.68542,51.05807
12,24,8,30,9,6,2,0,1,0,0,1,0,0,0,0,0,13.79768,51.042298
12,24,8,30,9,6,3,5,2,0,0,1,1,0,0,0,0,13.826672,51.025646
12,24,8,30,15,6,3,5,3,0,0,1,1,0,0,0,0,13.755636,51.076731
12,24,8,30,16,6,3,0,7,0,0,1,0,0,0,0,0,13.777757,51.012922
12,24,8,30,17,6,3,8,1,0,0,1,0,0,0,0,0,13.812333,51.063796
12,24,8,31,13,7,3,1,5,0,0,1,1,0,0,0,0,13.822073,51.029886
12,24,8,31,14,7,3,0,4,0,0,1,0,1,0,0,0,13.743209,51.064543
12,24,9,1,11,1,2,0,1,0,0,1,0,0,0,0,0,13.612016,51.044549
12,24,9,1,12,1,3,0,1,0,0,1,0,0,0,0,0,13.849424,51.028233
12,24,9,1,16,1,3,5,2,0,0,1,1,0,0,0,0,13.749157,51.033558
12,24,9,3,7,3,3,4,6,0,0,1,0,0,0,0,0,13.806088,51.02049
12,24,9,3,7,3,3,0,1,0,0,1,0,0,0,0,0,13.816927,51.125782
12,24,9,3,8,3,3,5,2,0,0,1,1,0,0,0,0,13.708164,51.033434
12,24,9,3,8,3,3,5,3,0,0,1,1,0,0,0,0,13.752488,51.11618
12,24,9,3,15,3,3,0,1,0,0,1,0,0,0,0,0,13.702245,51.093429
12,24,9,3,16,3,2,0,1,0,0,1,0,0,0,0,0,13.694193,51.043081
12,24,9,3,18,3,3,5,3,0,0,1,1,0,0,0,0,13.773583,51.04873
12,24,9,3,18,3,3,5,3,0,0,1,1,0,0,0,0,13.793601,51.12918
12,24,9,3,19,3,3,5,3,0,0,1,1,0,0,0,0,13.818071,51.052428
12,24,9,3,20,3,3,6,4,2,0,1,0,1,0,0,0,13.760441,51.068405
12,24,9,4,16,4,3,3,2,0,0,1,1,0,0,0,0,13.735849,51.047213
12,24,9,5,7,5,2,0,1,0,0,1,0,0,0,0,0,13.850503,51.028256
12,24,9,5,11,5,3,6,4,0,0,1,0,1,0,0,0,13.799015,51.025839
12,24,9,5,12,5,3,0,1,0,0,1,0,0,0,0,0,13.837434,51.024929
12,24,9,5,13,5,3,7,7,0,0,1,0,0,0,0,0,13.769322,51.1242
12,24,9,5,17,5,2,5,3,0,0,1,1,0,0,0,0,13.776394,51.046928
12,24,9,5,18,5,2,3,6,0,0,1,0,0,0,0,0,13.806257,51.056014
12,24,9,6,8,6,3,0,1,0,0,1,0,0,0,0,0,13.706618,51.045637
12,24,9,6,8,6,3,5,3,0,0,1,1,0,0,0,0,13.747186,51.071964
12,24,9,6,14,6,3,5,2,0,0,1,1,0,0,0,0,13.80834,51.050896
12,24,9,6,16,6,3,5,2,0,0,1,1,0,0,0,0,13.688722,51.08304
12,24,9,6,17,6,3,2,6,0,0,1,1,0,0,0,0,13.806538,51.042152
12,24,9,7,11,7,3,5,3,0,0,1,1,0,0,0,0,13.645978,51.084899
12,24,9,7,19,7,3,0,1,2,0,1,0,0,0,0,0,13.833605,51.021909
12,24,9,8,14,1,3,5,3,0,0,1,1,0,0,0,0,13.747061,51.063689
12,24,9,8,15,1,3,0,1,0,0,1,0,0,0,0,0,13.844886,51.017493
12,24,9,8,16,1,3,3,6,0,0,1,1,0,0,0,0,13.69874,51.074266
12,24,9,8,17,1,3,7,1,0,0,1,0,0,0,0,0,13.708838,51.084351
12,24,9,8,17,1,3,7,1,0,0,1,0,0,0,0,0,13.78028,51.019584
12,24,9,8,20,1,3,0,1,2,0,1,0,0,0,0,0,13.755415,51.046144
12,24,9,9,7,2,3,5,7,0,1,1,1,0,0,0,0,13.787353,51.011339
12,24,9,9,8,2,3,5,2,0,1,1,1,0,0,0,0,13.777834,51.053616
12,24,9,9,12,2,3,1,5,0,1,1,1,0,0,0,0,13.659973,51.063682
12,24,9,9,16,2,3,0,1,0,0,1,0,0,0,0,0,13.752818,51.064647
12,24,9,10,6,3,3,5,3,2,1,1,1,0,0,0,0,13.799402,51.05661
12,24,9,10,10,3,3,5,3,0,1,1,1,0,0,0,0,13.761591,51.044955
12,24,9,10,15,3,3,0,1,0,0,1,0,0,0,0,0,13.837793,51.024408
12,24,9,10,16,3,2,5,3,0,0,1,0,0,0,0,1,13.692838,51.081881
12,24,9,10,18,3,3,0,1,0,0,1,0,0,0,0,0,13.72013,51.076088
12,24,9,10,18,3,3,0,1,0,0,1,0,0,0,0,0,13.733588,51.039498
12,24,9,11,7,4,3,5,3,0,0,1,1,0,0,0,0,13.74684,51.064323
12,24,9,11,8,4,3,1,5,0,0,1,1,0,0,0,0,13.753188,51.066535
12,24,9,11,17,4,3,5,2,0,1,1,1,0,0,0,0,13.741254,51.057652
12,24,9,11,17,4,3,5,3,0,0,1,1,0,0,0,0,13.771785,51.040866
12,24,9,11,18,4,3,5,3,0,1,1,1,0,0,0,0,13.723646,51.053677
12,24,9,11,18,4,3,0,7,0,0,1,0,0,0,0,0,13.792626,51.058675
12,24,9,12,6,5,2,6,4,2,0,1,0,1,0,0,0,13.726476,51.044226
12,24,9,12,7,5,3,0,2,0,1,1,1,0,0,0,0,13.720458,51.051201
12,24,9,12,8,5,3,4,2,0,0,1,1,0,0,0,0,13.807425,51.043776
12,24,9,12,11,5,3,6,4,0,0,1,0,1,0,0,0,13.738181,51.05036
12,24,9,12,13,5,3,5,3,0,0,1,1,0,0,0,0,13.831795,51.009633
12,24,9,12,14,5,3,5,3,0,0,1,0,0,0,0,1,13.731245,51.024844
12,24,9,12,16,5,3,5,2,0,0,1,0,0,0,0,0,13.746925,51.051692
12,24,9,13,17,6,3,1,5,0,1,1,1,0,0,0,0,13.734994,51.072597
12,24,9,14,19,7,2,5,3,1,0,1,1,0,0,0,0,13.704534,51.040021
12,24,9,16,14,2,3,5,3,0,1,1,1,0,0,0,0,13.770055,51.05722
12,24,9,16,16,2,3,1,5,0,1,1,1,0,0,0,0,13.785513,51.038882
12,24,9,16,21,2,3,3,6,2,1,1,1,0,0,0,0,13.706097,51.04641
12,24,9,17,6,3,3,0,1,0,1,1,0,0,0,0,0,13.728157,51.043348
12,24,9,17,14,3,3,0,2,0,0,1,0,0,0,0,1,13.775272,51.11039
12,24,9,17,15,3,3,5,3,0,0,1,1,0,0,0,0,13.717047,51.052621
12,24,9,17,17,3,3,5,3,0,0,1,1,0,0,0,0,13.77908,51.037973
12,24,9,17,18,3,3,5,3,0,0,1,1,0,0,0,0,13.824337,51.057891
12,24,9,18,6,4,3,0,7,0,0,1,0,0,0,0,0,13.677765,51.045463
12,24,9,18,7,4,3,0,7,0,0,1,0,0,0,0,0,13.692634,51.085749
12,24,9,18,7,4,3,0,7,0,0,1,0,0,0,0,0,13.738526,51.059623
12,24,9,18,7,4,3,5,2,0,0,1,1,0,0,0,0,13.777312,51.058728
12,24,9,18,13,4,3,0,1,0,0,1,0,0,0,0,0,13.701974,51.032427
12,24,9,18,14,4,3,0,1,0,0,1,0,0,0,0,0,13.707451,51.058463
12,24,9,18,15,4,3,5,2,0,0,1,0,0,0,0,0,13.779861,51.044255
12,24,9,18,16,4,3,5,3,0,0,1,0,0,0,0,0,13.733338,51.051023
12,24,9,18,16,4,3,5,2,0,0,1,0,0,0,0,1,13.755946,51.055883
12,24,9,18,20,4,3,0,7,2,0,1,0,0,0,0,0,13.729691,51.070133
12,24,9,19,13,5,3,5,3,0,0,1,1,0,0,0,0,13.788649,51.039252
12,24,9,19,14,5,3,0,1,0,0,1,0,0,0,0,0,13.771794,51.046886
12,24,9,19,16,5,3,0,1,0,0,1,0,0,0,0,0,13.828665,50.998983
12,24,9,19,17,5,2,5,3,0,0,1,1,0,0,0,0,13.757943,51.032904
12,24,9,19,17,5,2,5,3,0,0,1,1,0,0,0,0,13.761567,51.052002
12,24,9,19,17,5,2,0,1,0,0,1,0,0,0,0,0,13.761657,51.068066
12,24,9,19,18,5,3,0,5,0,0,1,1,0,0,0,0,13.739795,51.05014
12,24,9,20,15,6,3,0,1,0,0,1,0,0,0,0,0,13.76882,51.024211
12,24,9,20,16,6,2,5,3,0,0,1,0,0,0,0,1,13.670681,51.042334
12,24,9,21,16,7,2,8,1,0,0,1,0,0,0,0,0,13.843584,51.094388
12,24,9,21,18,7,3,0,1,0,0,1,0,0,0,0,0,13.793011,51.032805
12,24,9,21,18,7,2,0,7,0,0,1,0,0,0,0,0,13.812958,51.06371
12,24,9,22,16,1,3,0,7,0,0,1,0,0,0,0,0,13.798241,51.074878
12,24,9,23,7,2,2,0,1,0,0,1,0,0,0,0,0,13.699006,51.040737
12,24,9,23,12,2,2,5,3,0,0,1,1,0,0,0,0,13.783548,51.048714
12,24,9,23,13,2,3,5,3,0,0,1,1,0,0,0,0,13.707002,51.041404
12,24,9,23,13,2,3,3,2,0,0,1,0,0,0,0,1,13.807905,51.044558
12,24,9,23,15,2,3,4,6,0,0,1,0,0,0,0,0,13.741376,51.057878
12,24,9,23,16,2,3,5,2,0,0,1,1,0,0,0,0,13.759441,51.027956
12,24,9,24,15,3,3,0,5,0,1,1,1,0,0,0,0,13.726096,51.053509
12,24,9,24,15,3,3,6,4,0,1,1,0,1,0,0,0,13.772537,51.047595
12,24,9,24,16,3,3,5,3,0,0,1,1,0,0,0,0,13.719414,51.040248
12,24,9,24,17,3,3,0,1,0,1,1,0,0,0,0,0,13.816648,51.054672
12,24,9,24,18,3,3,0,1,1,1,1,0,0,0,0,0,13.749124,51.052534
12,24,9,24,20,3,3,0,1,2,0,1,0,0,0,0,0,13.751963,51.059226
12,24,9,25,7,4,3,5,3,0,0,1,1,0,0,0,0,13.878468,51.05996
12,24,9,25,9,4,3,0,3,0,0,1,1,0,0,0,0,13.76446,51.067262
12,24,9,25,12,4,3,0,7,0,0,1,0,0,0,0,0,13.730315,51.031715
12,24,9,25,14,4,3,0,1,0,0,1,0,0,0,0,0,13.813992,51.036432
12,24,9,25,18,4,3,0,7,1,0,1,0,0,0,0,0,13.753426,51.070549
12,24,9,25,19,4,3,0,1,2,1,1,0,0,0,0,0,13.82298,51.065823
12,24,9,25,21,4,3,5,3,2,0,1,1,0,0,0,0,13.692222,51.048129
12,24,9,26,0,5,3,6,4,2,0,1,0,1,0,0,0,13.665898,51.045282
12,24,9,26,13,5,2,0,1,0,1,1,0,0,0,0,0,13.722163,51.07738
12,24,9,26,14,5,2,3,6,0,0,1,1,0,0,0,0,13.727773,51.084672
12,24,9,26,15,5,3,5,2,0,0,1,1,0,0,0,0,13.689627,51.068836
12,24,9,26,15,5,3,5,2,0,0,1,1,0,0,0,0,13.725842,51.032409
12,24,9,27,6,6,2,6,4,1,0,1,0,1,0,0,0,13.727463,51.08498
12,24,9,27,11,6,2,0,1,0,0,1,0,0,0,0,0,13.679303,51.061285
12,24,9,27,13,6,3,5,3,0,0,1,1,0,0,0,0,13.768257,51.015701
12,24,9,27,14,6,3,5,3,0,0,1,0,0,0,0,0,13.788827,51.033583
12,24,9,27,15,6,3,1,5,0,0,1,1,0,0,0,0,13.725345,51.087265
12,24,9,30,7,2,3,2,2,0,0,1,1,0,0,0,0,13.629062,51.088384
12,24,9,30,9,2,3,5,2,0,0,1,1,0,0,0,0,13.798725,51.012684
12,24,9,30,15,2,3,1,5,0,0,1,1,0,0,0,0,13.73217,51.039351
12,24,9,30,16,2,3,1,5,0,0,1,1,0,0,0,0,13.712214,51.05222
12,24,9,30,16,2,3,5,3,0,0,1,1,0,0,0,0,13.745246,51.062835
12,24,10,1,8,3,3,5,3,0,1,1,1,0,0,0,0,13.738198,51.063987
12,24,10,1,9,3,3,5,3,0,1,1,0,0,0,0,0,13.726033,51.057021
12,24,10,2,6,4,3,3,6,1,1,1,1,0,0,0,0,13.881141,51.006531
12,24,10,2,7,4,3,5,2,0,1,1,1,0,0,0,0,13.770357,51.071736
12,24,10,2,10,4,2,0,1,0,1,1,0,0,0,0,0,13.856178,51.005243
12,24,10,2,18,4,3,4,6,0,1,1,0,0,0,0,0,13.806782,51.011407
12,24,10,3,22,5,3,0,1,2,1,1,0,0,0,0,0,13.739132,51.058905
12,24,10,4,17,6,2,4,6,0,1,1,0,0,0,0,0,13.720514,51.022598
12,24,10,5,14,7,3,5,2,0,0,1,1,0,0,0,0,13.739232,51.047351
12,24,10,5,16,7,3,0,3,0,0,1,0,0,0,0,0,13.732402,51.050923
12,24,10,5,21,7,3,0,1,2,1,1,0,0,0,0,0,13.735943,51.053057
12,24,10,6,14,1,3,5,3,0,0,1,1,0,0,0,0,13.788174,51.005718
12,24,10,7,8,2,3,3,2,0,0,1,1,0,0,0,0,13.700314,51.044952
12,24,10,7,8,2,3,0,3,0,1,1,1,0,0,0,0,13.724252,51.030731
12,24,10,7,16,2,3,0,1,0,1,1,0,0,0,0,0,13.730043,51.042542
12,24,10,8,10,3,2,5,3,0,0,1,1,0,0,0,0,13.775062,51.038089
12,24,10,8,18,3,3,9,1,2,0,1,0,0,0,0,0,13.713541,51.082472
12,24,10,8,19,3,2,0,1,2,0,1,0,0,0,0,0,13.830896,51.031349
12,24,10,9,9,4,3,0,5,0,1,1,1,0,0,0,0,13.735517,51.034535
12,24,10,9,14,4,2,5,3,0,0,1,1,0,0,0,0,13.753246,51.050316
12,24,10,9,15,4,2,6,6,0,0,1,0,1,0,0,0,13.809948,51.051643
12,24,10,9,15,4,2,3,6,0,0,1,0,0,0,0,0,13.851604,51.025011
12,24,10,9,21,4,3,0,1,2,0,1,0,0,0,0,0,13.712758,51.046334
12,24,10,9,23,4,3,0,7,2,0,1,0,0,0,0,0,13.830909,51.031341
12,24,10,10,10,5,2,5,3,0,1,1,1,0,0,0,0,13.686642,51.056057
12,24,10,10,10,5,3,0,1,0,1,1,0,0,0,0,0,13.727668,51.04309
12,24,10,10,18,5,3,3,6,0,0,1,0,0,0,0,0,13.731802,51.05952
12,24,10,10,18,5,3,5,3,2,0,1,1,0,0,0,0,13.752601,51.060448
12,24,10,11,13,6,3,5,2,0,0,1,1,0,0,0,0,13.73859,51.047037
12,24,10,11,21,6,3,0,7,2,0,1,0,0,0,0,0,13.7462,51.063914
12,24,10,12,12,7,2,6,4,0,0,1,0,1,0,0,0,13.722493,51.091807
12,24,10,13,0,1,3,0,7,2,0,1,0,0,0,0,0,13.729462,51.020875
12,24,10,13,4,1,3,0,1,2,0,1,0,0,0,0,0,13.750422,51.071439
12,24,10,13,18,1,3,0,1,1,0,1,0,0,0,0,0,13.797001,51.07522
12,24,10,14,11,2,3,5,3,0,0,1,1,0,0,0,0,13.685409,51.04726
12,24,10,14,14,2,3,0,1,0,0,1,0,0,0,0,0,13.728365,51.056641
12,24,10,15,16,3,3,3,6,0,0,1,0,0,0,0,1,13.781466,51.030383
12,24,10,15,16,3,3,5,2,0,0,1,1,0,0,0,0,13.828779,51.058545
12,24,10,16,10,4,3,3,6,0,0,1,1,0,0,0,0,13.72826,51.056847
12,24,10,16,11,4,3,5,3,0,0,1,1,0,0,0,0,13.798185,51.0454
12,24,10,16,14,4,2,0,7,0,0,1,0,0,0,0,0,13.765667,51.114012
12,24,10,17,11,5,3,5,2,0,0,1,0,0,0,0,0,13.721769,51.034132
12,24,10,17,15,5,3,0,1,0,0,1,0,0,0,0,0,13.837226,51.025474
12,24,10,17,22,5,3,0,7,2,0,1,0,0,0,0,0,13.73998,51.045155
12,24,10,18,16,6,2,0,1,0,0,1,0,0,0,0,0,13.752116,51.061886
12,24,10,19,18,7,3,5,3,1,0,1,1,0,0,0,0,13.755532,51.068876
12,24,10,20,10,1,3,0,1,0,0,1,0,0,0,0,0,13.756135,51.107804
12,24,10,21,17,2,2,5,3,0,0,1,1,0,0,0,0,13.69357,51.108855
12,24,10,21,18,2,3,5,3,1,0,1,1,0,0,0,0,13.803244,51.021741
12,24,10,22,8,3,2,0,7,0,0,1,0,0,0,0,1,13.781276,51.054338
12,24,10,22,13,3,3,5,3,0,0,1,1,0,0,0,0,13.670841,51.071389
12,24,10,22,15,3,3,0,3,0,0,1,0,0,0,0,0,13.768238,51.072357
12,24,10,22,18,3,3,5,2,2,0,1,1,0,0,0,0,13.748577,51.071698
12,24,10,23,14,4,3,5,2,0,0,1,1,0,0,0,0,13.739036,51.050292
12,24,10,23,15,4,3,5,3,0,0,1,1,0,0,0,0,13.743451,51.040244
12,24,10,23,16,4,3,6,4,0,0,1,0,1,0,0,0,13.720936,51.041379
12,24,10,24,9,5,3,0,1,0,0,1,0,0,0,0,0,13.759962,51.075157
12,24,10,24,13,5,3,5,2,0,0,1,0,0,0,0,1,13.745498,51.068286
12,24,10,24,14,5,2,5,3,0,0,1,1,0,0,0,0,13.662694,51.049531
12,24,10,24,14,5,3,5,3,0,0,1,1,0,0,0,0,13.746645,51.057176
12,24,10,24,15,5,3,2,2,0,0,1,1,0,0,0,0,13.740317,51.064691
12,24,10,25,2,6,3,0,1,2,0,1,0,0,0,0,0,13.702309,51.043738
12,24,10,25,7,6,3,5,3,1,0,1,1,0,0,0,0,13.771576,51.015748
12,24,10,25,8,6,3,3,2,0,0,1,1,0,0,0,0,13.775856,51.034512
12,24,10,25,12,6,3,5,3,0,0,1,1,0,0,0,0,13.739326,51.036976
12,24,10,25,12,6,3,5,2,0,0,1,1,0,0,0,0,13.759324,51.027971
12,24,10,25,14,6,3,5,2,0,0,1,1,0,0,0,0,13.755946,51.055883
12,24,10,25,14,6,3,5,3,0,0,1,1,0,0,0,0,13.758718,51.049521
12,24,10,25,15,6,3,0,7,0,0,1,0,0,0,0,0,13.768211,51.019914
12,24,10,25,15,6,3,5,3,0,0,1,1,0,0,0,0,13.785321,51.035952
12,24,10,25,22,6,2,8,1,2,0,1,0,0,0,0,0,13.798804,51.065952
12,24,10,26,14,7,2,0,1,0,1,1,0,0,0,0,0,13.80675,51.043873
12,24,10,26,16,7,3,6,4,0,0,1,0,1,0,0,0,13.79991,50.998459
12,24,10,28,6,2,3,0,1,1,1,1,0,0,0,0,0,13.737164,51.074501
12,24,10,28,7,2,3,8,1,0,1,1,0,0,0,0,0,13.693252,51.045666
12,24,10,28,7,2,3,0,1,0,1,1,0,0,0,0,0,13.740457,51.03663
12,24,10,28,7,2,3,0,1,0,1,1,0,0,0,0,0,13.814151,51.055138
12,24,10,28,15,2,3,3,6,0,0,1,1,0,0,0,0,13.745594,51.068461
12,24,10,28,16,2,3,5,3,1,0,1,1,0,0,0,0,13.690159,51.073366
12,24,10,28,16,2,2,5,2,1,0,1,0,0,0,0,0,13.707316,51.077673
12,24,10,28,17,2,3,5,3,2,0,1,1,0,0,0,0,13.813927,51.029133
12,24,10,29,7,3,3,6,4,0,1,1,0,1,0,0,0,13.757481,51.054707
12,24,10,29,8,3,3,0,3,0,1,1,0,0,0,0,1,13.78969,51.030106
12,24,10,29,8,3,3,5,2,0,1,1,1,0,0,0,0,13.808164,51.006053
12,24,10,29,9,3,3,4,2,0,0,1,1,0,0,0,0,13.753344,51.050365
12,24,10,29,13,3,3,0,1,0,0,1,0,0,0,0,0,13.797679,51.042318
12,24,10,29,15,3,3,5,3,0,0,1,1,0,0,0,0,13.842673,51.018495
12,24,10,29,20,3,3,0,7,2,1,1,0,0,0,0,0,13.747884,51.06796
12,24,10,30,5,4,2,0,1,2,1,1,0,0,0,0,0,13.714696,51.079362
12,24,10,30,7,4,3,1,7,0,1,1,0,0,0,1,0,13.690502,51.061614
12,24,10,30,7,4,3,0,7,0,1,1,0,0,0,0,0,13.816508,51.008599
12,24,10,30,9,4,3,0,1,0,1,1,0,0,0,0,0,13.73425,51.029354
12,24,10,30,10,4,3,5,3,0,1,1,1,0,0,0,0,13.773691,51.048774
12,24,10,30,14,4,3,6,4,0,0,1,0,1,0,0,0,13.724294,51.043305
12,24,10,30,14,4,3,5,3,0,0,1,1,0,0,0,0,13.748583,51.071705
12,24,10,30,17,4,2,5,2,2,0,1,1,0,0,0,0,13.707669,51.046372
12,24,10,30,18,4,3,6,6,2,1,1,0,1,0,0,0,13.660103,51.049232
12,24,10,31,17,5,3,0,5,1,1,1,0,0,0,0,0,13.684957,51.023273
12,24,11,1,6,6,3,5,3,0,0,1,1,0,0,0,0,13.735103,51.052355
12,24,11,1,12,6,3,0,1,0,0,1,0,0,0,0,0,13.866788,51.134496
12,24,11,1,12,6,3,5,3,0,0,1,1,0,0,0,0,13.876149,51.060286
12,24,11,2,10,7,3,4,6,0,0,1,1,0,0,0,0,13.677243,51.052217
12,24,11,2,21,7,3,5,3,2,0,1,1,0,0,0,0,13.777341,51.111296
12,24,11,3,13,1,3,0,1,0,1,1,0,0,0,0,0,13.839676,51.066432
12,24,11,3,16,1,3,5,3,0,0,1,0,0,0,0,1,13.673711,51.060263
12,24,11,3,16,1,3,5,3,1,0,1,1,0,0,0,0,13.746934,51.071784
12,24,11,3,22,1,2,5,2,2,0,1,1,0,0,0,0,13.756004,51.055908
12,24,11,4,6,2,3,0,1,1,0,1,0,0,0,0,0,13.707677,51.058434
12,24,11,5,10,3,3,0,3,0,0,1,0,0,0,0,1,13.733358,51.050878
12,24,11,5,12,3,3,0,1,0,0,1,0,0,0,0,0,13.78559,51.053688
12,24,11,5,18,3,3,5,2,2,0,1,0,0,1,0,0,13.706145,51.046413
12,24,11,6,14,4,3,0,7,0,0,1,0,0,0,0,0,13.765852,51.073142
12,24,11,6,20,4,3,0,1,2,1,1,0,0,0,0,0,13.727877,51.060197
12,24,11,7,8,5,3,5,2,0,0,1,1,0,0,0,0,13.755932,51.055877
12,24,11,7,11,5,3,5,2,0,0,1,0,0,0,0,1,13.729472,51.045692
12,24,11,7,11,5,3,0,1,0,0,1,0,0,0,0,0,13.755132,51.064395
12,24,11,8,6,6,3,5,2,1,0,1,1,0,0,0,0,13.757829,51.051451
12,24,11,9,11,7,3,5,2,0,0,1,1,0,0,0,0,13.738278,51.063919
12,24,11,9,14,7,3,0,1,0,0,1,0,0,0,0,0,13.794962,51.002573
12,24,11,9,20,7,3,5,3,2,0,1,1,0,0,0,0,13.701993,51.036538
12,24,11,10,15,1,2,0,7,0,0,1,0,0,0,0,0,13.759968,51.052047
12,24,11,10,17,1,3,0,1,1,1,1,0,0,0,0,0,13.741463,51.071448
12,24,11,11,5,2,3,2,6,2,1,1,1,0,0,0,0,13.747498,51.051617
12,24,11,11,17,2,3,0,1,2,1,1,0,0,0,0,0,13.733549,51.051692
12,24,11,11,17,2,3,5,3,2,1,1,1,0,0,0,0,13.739393,51.086381
12,24,11,11,19,2,3,5,2,2,1,1,1,0,0,0,0,13.760663,51.049163
12,24,11,11,19,2,3,5,3,2,1,1,1,0,0,0,0,13.785644,51.04147
12,24,11,13,5,4,3,5,3,2,0,1,1,0,0,0,0,13.762289,51.120172
12,24,11,13,8,4,3,0,1,1,1,1,0,0,0,0,0,13.760541,51.046557
12,24,11,13,17,4,3,5,3,2,1,1,1,0,0,0,0,13.796842,51.041451
12,24,11,13,18,4,3,1,5,2,1,1,1,0,0,0,0,13.71873,51.056516
12,24,11,14,6,5,3,0,1,0,2,1,0,0,0,0,0,13.653893,51.067848
12,24,11,14,7,5,3,0,1,0,1,1,0,0,0,0,0,13.726965,51.014317
12,24,11,14,12,5,3,0,1,0,1,1,0,0,0,0,0,13.738526,51.053919
12,24,11,14,17,5,3,5,3,2,1,1,1,0,0,0,0,13.747309,51.072017
12,24,11,14,18,5,3,5,3,1,1,1,1,0,0,0,0,13.709219,51.033102