UKREIS,UJAHR,UMONAT,UTAG,USTUNDE,UWOCHENTAG,UKATEGORIE,UART,UTYP,LICHT,USTRZUSTAND,IstRad,IstPKW,IstFuss,IstKrad,IstGkfz,IstSonstige,@lon,@lat
12,24,11,15,7,6,3,0,1,0,0,1,0,0,0,0,0,13.741079,51.057414
12,24,11,15,7,6,3,5,7,0,0,1,1,0,0,0,0,13.806576,51.037325
12,24,11,15,9,6,3,0,3,0,1,1,1,0,0,0,0,13.782125,51.113417
12,24,11,15,12,6,3,5,3,0,0,1,1,0,0,0,0,13.755192,51.055543
12,24,11,15,14,6,2,7,7,0,0,1,0,0,0,0,0,13.863546,51.065933
12,24,11,16,15,7,3,5,3,0,0,1,1,0,0,0,0,13.719214,51.026635
12,24,11,18,9,2,3,6,7,0,0,1,0,1,0,0,0,13.746886,51.07201
12,24,11,18,14,2,3,6,4,0,0,1,0,1,0,0,0,13.739116,51.050046
12,24,11,18,17,2,3,0,1,2,0,1,0,0,0,0,0,13.720859,51.092589
12,24,11,18,18,2,3,5,3,2,0,1,1,0,0,0,0,13.797644,51.042311
12,24,11,18,20,2,3,6,4,2,0,1,0,1,0,0,0,13.767292,51.056593
12,24,11,19,7,3,3,5,3,0,0,1,1,0,0,0,0,13.747451,51.078461
12,24,11,19,13,3,3,5,2,0,0,1,1,0,0,0,0,13.751397,51.063027
12,24,11,19,16,3,3,5,2,2,0,1,1,0,0,0,0,13.734398,51.065524
12,24,11,19,16,3,3,0,1,2,0,1,0,0,0,0,0,13.81939,51.04007
12,24,11,19,21,3,2,5,2,2,1,1,1,0,0,0,0,13.750688,51.047511
12,24,11,20,0,4,3,0,1,2,1,1,0,0,0,0,0,13.756065,51.069707
12,24,11,20,10,4,3,0,5,0,1,1,1,0,0,0,0,13.742861,51.06579
12,24,11,20,10,4,3,1,5,0,0,1,1,0,0,0,0,13.796081,51.024666
12,24,11,20,14,4,3,4,7,0,1,1,1,0,0,0,0,13.693648,51.01204
12,24,11,21,7,5,2,0,1,0,2,1,0,0,0,0,0,13.822479,51.011086
12,24,11,21,8,5,3,5,3,0,0,1,1,0,0,0,0,13.74737,51.070385
12,24,11,21,8,5,3,0,1,0,2,1,0,0,0,0,0,13.799668,51.01506
12,24,11,21,9,5,3,0,1,0,2,1,0,0,0,0,0,13.760588,51.029912
12,24,11,22,6,6,3,0,1,2,2,1,0,0,0,0,0,13.746163,51.051933
12,24,11,22,7,6,3,0,1,0,2,1,0,0,0,0,0,13.761614,51.044919
12,24,11,22,7,6,3,0,1,0,2,1,0,0,0,0,0,13.793245,51.05806
12,24,11,22,7,6,3,0,1,0,2,1,0,0,0,0,0,13.793332,51.058046
12,24,11,22,9,6,3,5,3,0,1,1,0,0,0,0,1,13.822251,50.997768
12,24,11,22,19,6,3,1,2,2,0,1,0,0,0,0,1,13.72622,51.081636
12,24,11,22,22,6,2,6,7,2,1,1,0,1,0,0,0,13.723358,51.062591
12,24,11,23,14,7,3,6,4,0,0,1,0,1,0,0,0,13.748188,51.04387
12,24,11,24,8,1,3,5,3,0,1,1,1,0,0,0,0,13.706513,51.028702
12,24,11,24,10,1,3,5,2,0,1,1,1,0,0,0,0,13.757172,51.049774
12,24,11,25,7,2,3,1,5,0,0,1,1,0,0,0,0,13.694862,51.037803
12,24,11,25,19,2,3,8,1,2,0,1,0,0,0,0,0,13.768852,51.027455
12,24,11,26,7,3,3,5,3,2,1,1,1,0,0,0,0,13.7742,51.0435
12,24,11,26,9,3,3,0,1,0,1,1,0,0,0,0,0,13.724426,51.033036
12,24,11,26,11,3,3,5,3,0,1,1,1,0,0,0,0,13.848674,51.004268
12,24,11,26,17,3,3,5,3,1,0,1,1,0,0,0,0,13.74866,51.071026
12,24,11,26,19,3,3,0,1,2,0,1,0,0,0,0,0,13.728908,51.043236
12,24,11,26,19,3,3,6,7,2,0,1,0,1,0,0,0,13.729952,51.082571
12,24,11,27,6,4,3,5,2,2,0,1,1,0,0,0,0,13.77446,51.060652
12,24,11,27,9,4,2,6,6,0,0,1,0,1,0,0,0,13.703559,51.043706
12,24,11,27,17,4,3,6,4,2,0,1,0,1,0,0,0,13.738594,51.050304
12,24,11,27,19,4,3,6,1,2,0,1,0,1,0,0,0,13.741286,51.057642
12,24,11,28,12,5,3,0,1,0,1,1,0,0,0,0,0,13.753677,51.070474
12,24,11,28,17,5,3,5,3,2,1,1,1,0,0,0,0,13.762175,51.120116
12,24,11,28,17,5,3,5,2,2,1,1,1,0,0,0,0,13.802962,51.040488
12,24,11,28,21,5,3,0,1,2,1,1,0,0,0,0,0,13.773637,51.12812
12,24,11,29,7,6,3,0,7,0,1,1,0,0,0,0,0,13.75666,51.063177
12,24,11,29,12,6,3,5,3,0,0,1,1,0,0,0,0,13.748722,51.048258
12,24,11,29,13,6,3,5,3,0,1,1,1,0,0,0,0,13.647079,51.088674
12,24,11,30,14,7,3,2,6,0,0,1,1,0,0,0,0,13.81786,50.998528
12,24,12,1,14,1,3,0,1,0,2,1,0,0,0,0,0,13.727343,51.012371
12,24,12,2,8,2,2,0,1,0,2,1,0,0,0,0,0,13.779365,51.050762
12,24,12,2,8,2,3,0,1,0,2,1,0,0,0,0,0,13.792382,51.053817
12,24,12,2,8,2,3,0,1,0,2,1,0,0,0,0,0,13.806527,51.011425
12,24,12,2,9,2,2,0,1,0,2,1,0,0,0,0,0,13.707606,51.033549
12,24,12,2,9,2,3,0,7,0,2,1,0,0,0,0,0,13.739669,51.073798
12,24,12,2,9,2,3,0,1,0,2,1,0,0,0,0,0,13.762711,51.051774
12,24,12,2,13,2,3,5,3,0,0,1,1,0,0,0,0,13.728815,51.019673
12,24,12,2,13,2,3,5,3,0,0,1,1,0,0,0,0,13.841863,51.002348
12,24,12,2,17,2,2,0,3,2,1,1,1,0,0,0,0,13.762467,51.085056
12,24,12,2,17,2,3,0,2,2,1,1,1,0,0,0,0,13.833895,51.057589
12,24,12,3,7,3,3,0,1,0,1,1,0,0,0,0,0,13.819696,51.056374
12,24,12,3,9,3,3,5,3,0,1,1,1,0,0,0,0,13.773333,51.031929
12,24,12,3,9,3,3,5,3,0,1,1,1,0,0,0,0,13.795359,51.045105
12,24,12,3,10,3,3,1,3,0,0,1,1,0,0,0,0,13.777817,51.012903
12,24,12,3,11,3,3,5,2,0,1,1,1,0,0,0,0,13.695617,51.04324
12,24,12,3,19,3,3,0,1,2,1,1,0,0,0,0,0,13.687553,51.042511
12,24,12,3,21,3,3,0,1,2,1,1,0,0,0,0,0,13.721244,51.058902
12,24,12,3,21,3,3,5,2,2,1,1,1,0,0,0,0,13.724913,51.057706
12,24,12,4,8,4,3,0,1,0,1,1,0,0,0,0,0,13.744988,51.072531
12,24,12,4,17,4,3,5,2,2,1,1,1,0,0,0,0,13.72304,51.049866
12,24,12,4,17,4,3,1,5,2,1,1,1,0,0,0,0,13.825223,51.023489
12,24,12,5,7,5,2,5,3,1,1,1,1,0,0,0,0,13.800626,51.041289
12,24,12,5,8,5,3,5,2,0,0,1,1,0,0,0,0,13.748576,51.071698
12,24,12,5,10,5,3,0,7,0,0,1,0,0,0,0,0,13.811504,51.022032
12,24,12,5,19,5,3,6,6,2,1,1,0,1,0,0,0,13.736849,51.0292
12,24,12,6,7,6,3,1,5,2,1,1,1,0,0,0,0,13.77765,51.055856
12,24,12,6,7,6,2,0,1,1,1,1,0,0,0,0,0,13.806835,51.037381
12,24,12,6,18,6,3,5,3,2,1,1,1,0,0,0,0,13.803316,51.053891
12,24,12,8,21,1,3,0,1,2,0,1,0,0,0,0,0,13.74807,51.057443
12,24,12,9,15,2,3,0,1,0,1,1,0,0,0,0,0,13.762702,51.018228
12,24,12,12,1,5,3,0,1,2,0,1,0,0,0,0,0,13.742004,51.064677
12,24,12,12,14,5,3,5,2,0,0,1,1,0,0,0,0,13.730717,51.030294
12,24,12,12,18,5,3,0,1,2,0,1,0,0,0,0,0,13.749246,51.057644
12,24,12,13,21,6,2,0,1,2,0,1,0,0,0,0,0,13.673625,51.01747
12,24,12,14,20,7,3,0,1,2,0,1,0,0,0,0,0,13.733141,51.038879
12,24,12,16,18,2,3,5,3,2,1,1,1,0,0,0,0,13.734474,51.05193
12,24,12,17,7,3,3,5,3,0,0,1,1,0,0,0,0,13.748717,51.048248
12,24,12,17,7,3,2,5,3,1,0,1,0,0,0,0,1,13.768102,51.08981
12,24,12,17,15,3,3,7,2,0,0,1,0,0,0,0,1,13.690832,51.078338
12,24,12,17,15,3,2,5,3,0,0,1,1,0,0,0,0,13.777196,51.060092
12,24,12,17,16,3,3,5,2,2,0,1,1,0,0,0,0,13.742997,51.028696
12,24,12,17,19,3,3,5,3,2,1,1,1,0,0,0,0,13.751645,51.047231
12,24,12,18,12,4,3,5,2,0,0,1,1,0,0,0,0,13.771301,51.060325
12,24,12,18,17,4,3,5,3,2,0,1,1,0,0,0,0,13.749119,51.05255
12,24,12,18,20,4,3,0,1,2,0,1,0,0,0,0,0,13.802647,50.98861
12,24,12,19,7,5,3,0,6,1,0,1,0,0,0,1,0,13.733297,51.044143
12,24,12,19,12,5,3,0,7,0,0,1,0,0,0,0,0,13.748977,51.052866
12,24,12,19,18,5,3,5,3,2,1,1,1,0,0,0,0,13.837973,51.024192
12,24,12,19,19,5,3,0,1,2,1,1,0,0,0,0,0,13.738937,51.054367
12,24,12,20,14,6,3,0,1,0,0,1,0,0,0,0,0,13.738937,51.054367
12,24,12,21,16,7,3,5,3,2,0,1,1,0,0,0,0,13.784709,51.008861
12,24,12,21,18,7,3,5,2,2,0,1,1,0,0,0,0,13.719707,51.094296
12,24,12,21,18,7,3,0,7,2,0,1,0,0,0,0,0,13.73106,51.053649
12,24,12,21,20,7,3,0,1,2,0,1,0,0,0,0,0,13.783862,51.009653
12,24,12,25,6,4,3,5,3,2,0,1,0,0,0,0,1,13.751704,51.066964
12,24,12,26,13,5,2,6,4,0,0,1,0,1,0,0,0,13.876046,50.991783
12,24,12,28,10,7,3,3,2,0,0,1,1,0,0,0,0,13.741586,51.116994
12,24,12,31,10,3,3,0,1,0,2,1,0,0,0,0,0,13.729152,51.030061
12,25,1,1,2,4,3,0,1,2,2,1,0,0,0,0,0,13.809525,51.049689
12,25,1,1,9,4,2,0,1,0,2,1,0,0,0,0,0,13.803621,51.051098
12,25,1,2,16,5,3,5,3,1,1,1,1,0,0,0,0,13.748597,51.071718
12,25,1,2,21,5,3,9,1,2,2,1,0,0,0,0,0,13.72225,51.122623
12,25,1,5,19,1,3,2,6,1,1,1,1,0,0,0,0,13.671013,51.016695
12,25,1,6,13,2,3,6,7,0,0,1,0,1,0,0,0,13.751844,51.042227
12,25,1,6,15,2,3,0,1,0,1,1,0,0,0,0,0,13.670582,51.059673
12,25,1,7,13,3,3,5,2,0,0,1,1,0,0,0,0,13.799021,51.041845
12,25,1,8,6,4,3,0,7,0,1,1,0,0,0,0,0,13.941606,51.06376
12,25,1,8,15,4,3,5,2,1,0,1,0,0,0,0,0,13.711279,51.045437
12,25,1,8,17,4,3,0,1,2,0,1,0,0,0,0,0,13.753841,51.066362
12,25,1,9,0,5,3,5,2,2,1,1,0,0,0,0,1,13.731225,51.034358
12,25,1,9,17,5,2,0,1,2,1,1,0,0,0,0,0,13.660444,51.040084
12,25,1,9,19,5,3,5,3,2,1,1,1,0,0,0,0,13.688938,51.057967
12,25,1,10,8,6,3,5,3,1,1,1,1,0,0,0,0,13.73849,51.039535
12,25,1,10,20,6,3,0,7,2,1,1,0,0,0,0,0,13.752631,51.060108
12,25,1,11,14,7,3,1,5,0,0,1,1,0,0,0,0,13.742349,51.065465
12,25,1,13,7,2,3,4,6,0,1,1,0,0,0,0,0,13.83913,51.008862
12,25,1,15,9,4,3,1,5,0,1,1,0,0,0,0,1,13.750426,51.061082
12,25,1,15,11,4,3,3,2,0,1,1,1,0,0,0,0,13.739034,51.050287
12,25,1,16,13,5,3,0,1,0,0,1,0,0,0,0,0,13.772699,51.035504
12,25,1,16,15,5,3,5,3,0,0,1,1,0,0,0,0,13.704175,51.078356
12,25,1,16,15,5,3,6,4,0,0,1,0,1,0,0,0,13.732752,51.050952
12,25,1,16,15,5,3,5,2,0,0,1,1,0,0,0,0,13.804008,51.040127
12,25,1,17,7,6,3,3,2,1,0,1,1,0,0,0,0,13.75304,51.059043
12,25,1,17,8,6,3,5,3,0,0,1,0,0,0,0,0,13.781455,51.043896
12,25,1,17,11,6,3,5,3,0,1,1,1,0,0,0,0,13.748716,51.048244
12,25,1,17,13,6,3,5,3,0,0,1,0,0,0,0,1,13.714955,51.051499
12,25,1,17,15,6,3,5,2,0,0,1,1,0,0,0,0,13.730093,51.032705
12,25,1,20,18,2,2,0,1,2,0,1,0,0,0,0,0,13.727893,51.032008
12,25,1,21,9,3,3,5,2,0,0,1,0,0,0,0,1,13.755923,51.055873
12,25,1,22,13,4,2,6,4,0,0,1,0,1,0,0,0,13.731296,51.034931
12,25,1,22,14,4,3,5,7,0,0,1,1,0,0,0,0,13.795681,51.013113
12,25,1,22,18,4,3,0,1,2,2,1,0,0,0,0,0,13.674403,51.064961
12,25,1,23,9,5,2,0,1,0,2,1,0,0,0,0,0,13.740905,51.057802
12,25,1,23,10,5,3,0,1,0,2,1,0,0,0,0,0,13.789073,51.067152
12,25,1,23,15,5,3,5,3,0,1,1,1,0,0,0,0,13.852098,50.997857
12,25,1,23,17,5,3,5,2,2,1,1,1,0,0,0,0,13.730716,51.030297
12,25,1,23,17,5,3,3,3,2,1,1,0,0,0,0,1,13.793223,51.043069
12,25,1,24,12,6,3,7,7,0,0,1,0,1,0,0,0,13.883099,50.983362
12,25,1,24,13,6,3,5,3,0,0,1,1,0,0,0,0,13.679341,51.062799
12,25,1,25,8,7,3,0,7,0,1,1,0,0,0,0,0,13.778668,51.042619
12,25,1,26,6,1,3,0,7,1,0,1,0,0,0,0,0,13.770116,51.10183
12,25,1,26,17,1,3,0,1,2,0,1,0,0,0,0,0,13.806304,51.039255
12,25,1,26,18,1,2,1,5,2,0,1,1,0,0,0,0,13.712921,51.088679
12,25,1,26,19,1,3,6,4,1,0,1,0,1,0,0,0,13.752875,51.068146
12,25,1,27,14,2,3,5,2,0,1,1,0,0,0,0,1,13.694633,51.060795
12,25,1,27,14,2,3,4,2,0,1,1,1,0,0,0,0,13.757819,51.051453
12,25,1,27,17,2,3,5,2,2,0,1,1,0,0,0,0,13.799773,50.998535
12,25,1,27,19,2,3,4,6,2,0,1,0,0,0,0,1,13.718484,51.05061
12,25,1,28,10,3,3,5,3,0,1,1,1,0,0,0,0,13.812606,51.010985
12,25,1,28,15,3,3,2,2,0,1,1,1,0,0,0,0,13.802043,51.039595
12,25,1,28,18,3,3,5,2,2,1,1,1,0,0,0,0,13.77613,51.068569
12,25,1,29,9,4,3,5,2,0,0,1,1,0,0,0,0,13.755923,51.055873
12,25,1,29,11,4,3,0,3,0,1,1,1,0,0,0,0,13.669987,51.072067
12,25,1,30,6,5,3,0,1,2,2,1,0,0,0,0,0,13.772928,51.118589
12,25,1,30,7,5,3,5,3,0,0,1,1,0,0,0,0,13.781401,51.011208
12,25,1,30,8,5,3,6,4,0,0,1,0,1,0,0,0,13.731259,51.034425
12,25,1,30,13,5,3,0,1,0,0,1,0,0,0,0,0,13.752223,51.158843
12,25,1,30,15,5,3,3,6,0,0,1,1,0,0,0,0,13.778519,51.07032
12,25,1,31,6,6,3,5,3,2,1,1,1,0,0,0,0,13.692429,51.042849
12,25,1,31,15,6,3,0,1,0,0,1,0,0,0,0,0,13.765489,51.073139
12,25,1,31,15,6,3,0,3,0,0,1,0,0,0,0,1,13.808962,51.012014
12,25,2,1,4,7,2,0,1,2,0,1,0,0,0,0,0,13.73734,51.085347
12,25,2,1,16,7,3,1,5,0,0,1,1,0,0,0,0,13.799528,51.033379
12,25,2,1,16,7,3,1,5,0,0,1,1,0,0,0,0,13.829599,51.004235
12,25,2,2,12,1,3,0,7,0,0,1,0,0,0,0,0,13.752509,51.108276
12,25,2,2,14,1,3,0,7,0,0,1,0,0,0,0,0,13.812661,51.014313
12,25,2,2,19,1,3,2,6,2,0,1,0,0,0,0,0,13.726645,51.05275
12,25,2,3,12,2,3,0,7,0,0,1,0,0,0,0,0,13.746842,51.064367
12,25,2,4,8,3,3,5,2,0,0,1,1,0,0,0,0,13.755923,51.055873
12,25,2,4,16,3,3,5,2,0,0,1,1,0,0,0,0,13.775247,51.110379
12,25,2,4,20,3,2,0,1,2,2,1,0,0,0,0,0,13.730302,51.030325
12,25,2,5,14,4,3,0,1,0,1,1,0,0,0,0,0,13.744866,51.072346
12,25,2,5,16,4,3,5,2,2,1,1,1,0,0,0,0,13.797689,51.042328
12,25,2,6,7,5,3,2,6,0,1,1,1,0,0,0,0,13.71617,51.027476
12,25,2,6,7,5,3,5,2,0,1,1,1,0,0,0,0,13.72364,51.04528
12,25,2,6,16,5,3,5,3,1,0,1,1,0,0,0,0,13.809616,51.023127
12,25,2,6,20,5,3,1,5,2,1,1,1,0,0,0,0,13.729404,51.079652
12,25,2,7,7,6,3,0,1,0,2,1,0,0,0,0,0,13.828769,51.058545
12,25,2,7,8,6,3,0,1,0,2,1,0,0,0,0,0,13.730772,51.076801
12,25,2,7,8,6,3,0,1,0,2,1,0,0,0,0,0,13.730772,51.076801
12,25,2,7,8,6,3,0,1,0,2,1,0,0,0,0,0,13.776863,51.060109
12,25,2,7,8,6,3,0,1,0,1,1,0,0,0,0,0,13.798709,51.036425
12,25,2,7,8,6,3,0,1,0,2,1,0,0,0,0,0,13.816552,51.054529
12,25,2,7,8,6,3,0,1,0,2,1,0,0,0,0,0,13.83359,51.036777
12,25,2,7,14,6,3,6,4,0,0,1,0,1,0,0,0,13.756543,51.048599
12,25,2,9,18,1,3,0,7,2,0,1,0,0,0,0,0,13.693197,51.042949
12,25,2,10,10,2,3,0,1,0,1,1,0,0,0,0,0,13.775893,51.025672
12,25,2,11,7,3,3,5,3,0,0,1,1,0,0,0,0,13.677637,51.058953
12,25,2,11,9,3,3,2,7,0,0,1,1,0,0,0,1,13.694259,51.043155
12,25,2,12,5,4,3,0,7,2,0,1,0,0,0,0,0,13.737732,51.057572
12,25,2,12,7,4,3,3,2,0,0,1,0,0,0,1,0,13.72004,51.054712
12,25,2,12,15,4,2,0,7,0,0,1,0,0,0,0,0,13.748951,51.062917
12,25,2,14,7,6,3,0,1,1,1,1,0,0,0,0,0,13.77797,51.049729
12,25,2,15,14,7,3,5,3,0,0,1,1,0,0,0,0,13.75165,51.04724
12,25,2,17,6,2,3,0,7,1,0,1,0,0,0,0,0,13.703556,51.03462
12,25,2,17,9,2,3,2,2,0,0,1,1,0,0,0,0,13.788733,51.043275
12,25,2,18,10,3,3,0,1,0,0,1,0,0,0,0,0,13.81475,51.034472
12,25,2,19,22,4,3,5,2,2,0,1,1,0,0,0,0,13.770185,51.052347
12,25,2,20,8,5,3,0,7,0,0,1,0,0,0,0,0,13.755449,51.026482
12,25,2,25,8,3,3,0,1,0,1,1,0,0,0,0,0,13.733653,51.051705
12,25,2,25,19,3,3,0,1,2,1,1,0,0,0,0,0,13.740331,51.015378
12,25,2,27,8,5,3,2,6,0,0,1,0,0,0,0,1,13.707008,51.083666
12,25,2,27,9,5,3,5,3,0,0,1,1,0,0,0,0,13.678801,51.08838
12,25,2,28,8,6,3,5,3,0,0,1,1,0,0,0,0,13.771993,51.015167
12,25,2,28,10,6,3,3,6,0,0,1,0,0,0,1,0,13.689694,51.069399
12,25,2,28,10,6,3,5,3,0,0,1,1,0,0,0,0,13.756574,51.055097
12,25,3,2,18,1,3,0,1,2,0,1,0,0,0,0,0,13.718965,51.096669
12,25,3,2,18,1,2,0,7,2,0,1,0,0,0,0,0,13.767437,51.045687
12,25,3,3,16,2,3,3,6,0,0,1,1,0,0,0,0,13.77768,51.055576
12,25,3,5,7,4,3,5,2,0,0,1,0,0,0,0,0,13.732445,51.064636
12,25,3,5,9,4,3,5,3,0,0,1,1,0,0,0,0,13.765746,51.022242
12,25,3,5,17,4,3,5,3,0,0,1,1,0,0,0,0,13.736581,51.063679
12,25,3,5,19,4,3,5,2,2,0,1,1,0,0,0,0,13.755923,51.055873
12,25,3,6,7,5,2,3,6,0,0,1,0,0,0,0,0,13.776889,51.050803
12,25,3,6,13,5,3,4,3,0,0,1,1,0,0,0,0,13.726662,51.071959
12,25,3,6,16,5,3,2,6,0,0,1,1,0,0,0,0,13.652552,51.067779
12,25,3,7,6,6,3,5,3,0,0,1,1,0,0,0,0,13.756575,51.055097
12,25,3,7,7,6,3,0,3,2,0,1,1,0,0,0,0,13.839878,51.002888
12,25,3,7,8,6,3,5,3,0,0,1,1,0,0,0,0,13.634123,51.087403
12,25,3,7,10,6,3,5,2,0,0,1,1,0,0,0,0,13.65293,51.082364
12,25,3,7,10,6,3,5,2,0,0,1,1,0,0,0,0,13.777715,51.012936
12,25,3,7,12,6,3,5,3,0,0,1,1,0,0,0,0,13.733194,51.108715
12,25,3,7,12,6,3,0,7,0,0,1,0,0,0,0,0,13.816159,51.016255
12,25,3,7,21,6,2,0,1,2,0,1,0,0,0,0,0,13.719334,51.095413
12,25,3,8,17,7,3,0,1,0,0,1,0,0,0,0,0,13.739502,51.055199
12,25,3,9,15,1,3,0,7,0,0,1,0,0,0,0,0,13.670509,51.040117
12,25,3,9,16,1,2,0,7,0,0,1,0,0,0,0,0,13.818331,51.021425
12,25,3,10,7,2,3,5,3,0,0,1,1,0,0,0,0,13.734744,51.088301
12,25,3,10,7,2,3,1,5,0,0,1,1,0,0,0,0,13.772021,51.057604
12,25,3,10,8,2,3,4,2,0,0,1,0,0,0,0,1,13.702447,51.090478
12,25,3,10,8,2,3,3,6,0,0,1,0,0,0,1,0,13.730177,51.05087
12,25,3,10,15,2,3,5,3,0,0,1,1,0,0,0,0,13.728181,51.085195
12,25,3,11,7,3,3,3,6,0,0,1,0,0,0,0,1,13.780209,51.044743
12,25,3,11,9,3,2,1,5,0,0,1,1,0,0,0,0,13.772747,51.111028
12,25,3,11,17,3,3,5,3,0,0,1,1,0,0,0,0,13.735005,51.033619
12,25,3,12,6,4,3,5,3,1,0,1,1,0,0,0,0,13.758732,51.049472
12,25,3,12,7,4,3,1,5,0,1,1,1,0,0,0,0,13.71257,51.090062
12,25,3,12,7,4,2,5,3,0,1,1,1,0,0,0,0,13.735735,51.099677
12,25,3,12,12,4,3,0,5,0,1,1,1,0,0,0,0,13.721966,51.056421
12,25,3,12,14,4,3,5,3,0,1,1,1,0,0,0,0,13.720456,51.051218
12,25,3,12,22,4,3,5,3,2,1,1,1,0,0,0,0,13.769032,51.052642
12,25,3,13,1,5,3,0,1,2,1,1,0,0,0,0,0,13.737376,51.086776
12,25,3,13,7,5,3,0,1,0,1,1,0,0,0,0,0,13.700054,51.015934
12,25,3,13,8,5,3,0,1,0,1,1,0,0,0,0,0,13.700071,51.015983
12,25,3,13,18,5,3,5,3,1,0,1,1,0,0,0,0,13.752991,51.060583
12,25,3,14,7,6,3,0,7,0,0,1,0,0,0,0,0,13.817664,51.050299
12,25,3,14,9,6,3,6,6,0,0,1,0,1,0,0,0,13.773686,51.113192
12,25,3,14,9,6,2,0,2,0,1,1,0,0,0,0,1,13.79043,51.020655
12,25,3,14,15,6,3,0,1,0,1,1,0,0,0,0,0,13.728708,51.046208
12,25,3,15,11,7,3,5,3,0,0,1,0,0,0,0,0,13.755564,51.076667
12,25,3,15,12,7,3,5,3,0,0,1,1,0,0,0,0,13.698588,51.074351
12,25,3,17,9,2,3,0,1,0,0,1,0,0,0,0,0,13.6793,51.061284
12,25,3,17,17,2,2,0,7,0,0,1,1,0,0,0,0,13.725027,51.050419
12,25,3,17,19,2,3,5,3,2,0,1,1,0,0,0,0,13.748728,51.048272
12,25,3,18,7,3,3,6,3,0,0,1,0,1,0,0,0,13.750732,51.063246
12,25,3,18,15,3,2,5,3,0,0,1,1,0,0,0,0,13.780654,51.050061
12,25,3,19,10,4,3,5,3,0,0,1,0,0,0,0,1,13.734425,51.065503
12,25,3,19,10,4,2,5,3,0,0,1,1,0,0,0,0,13.761543,51.052004
12,25,3,19,11,4,3,2,6,0,0,1,1,0,0,0,0,13.762343,51.024512
12,25,3,19,12,4,2,5,3,0,0,1,1,0,0,0,0,13.825135,51.003414
12,25,3,19,15,4,3,6,6,0,0,1,0,1,0,0,0,13.693412,51.061094
12,25,3,19,15,4,3,1,5,0,0,1,1,0,0,0,0,13.739814,51.041603
12,25,3,19,18,4,2,0,7,0,0,1,0,0,0,0,0,13.720936,51.041608
12,25,3,19,20,4,3,5,3,1,0,1,1,0,0,0,0,13.70511,51.044447
12,25,3,20,6,5,3,5,2,0,0,1,1,0,0,0,0,13.822119,51.029869
12,25,3,21,12,6,3,3,2,0,0,1,1,0,0,0,0,13.795299,51.042863
12,25,3,22,18,7,3,0,1,2,0,1,0,0,0,0,0,13.727661,51.084783
12,25,3,23,11,1,3,0,7,0,0,1,0,0,0,0,0,13.817114,51.040768
12,25,3,24,7,2,3,5,3,0,0,1,1,0,0,0,0,13.782854,51.122329
12,25,3,24,15,2,3,5,3,0,0,1,1,0,0,0,0,13.748717,51.048248
12,25,3,24,15,2,3,0,1,0,0,1,0,0,0,0,0,13.80593,51.039478
12,25,3,24,15,2,2,3,6,0,0,1,0,0,0,0,1,13.883298,51.057874
12,25,3,24,17,2,2,5,3,0,0,1,1,0,0,0,0,13.716507,51.077612
12,25,3,24,18,2,3,5,3,2,0,1,0,0,0,0,0,13.733701,51.035528
12,25,3,24,18,2,3,0,2,0,0,1,1,0,0,0,0,13.736706,51.053669
12,25,3,25,6,3,3,4,6,0,0,1,0,0,0,0,0,13.760444,51.074991
12,25,3,25,7,3,3,5,3,0,0,1,1,0,0,0,0,13.701248,51.09303
12,25,3,25,17,3,3,0,7,0,0,1,0,0,0,0,0,13.747477,51.057322
12,25,3,26,7,4,3,0,2,0,1,1,1,0,0,0,0,13.775798,51.050802
12,25,3,26,16,4,3,6,4,0,0,1,0,1,0,0,0,13.702131,51.034888
12,25,3,27,7,5,3,5,3,0,0,1,1,0,0,0,0,13.720178,51.076123
12,25,3,27,14,5,3,5,3,0,0,1,1,0,0,0,0,13.803931,51.037838
12,25,3,27,17,5,2,0,7,0,0,1,0,0,0,0,0,13.7311,51.024698
12,25,3,27,22,5,3,5,2,2,0,1,0,0,1,0,0,13.773351,51.113624
12,25,3,28,12,6,3,5,3,0,0,1,1,0,0,0,0,13.686362,51.084011
12,25,3,28,20,6,3,6,6,2,0,1,0,1,0,0,0,13.725931,51.069677
12,25,3,29,0,7,3,0,1,2,0,1,0,0,0,0,0,13.746169,51.051946
12,25,3,29,16,7,3,5,3,0,0,1,1,0,0,0,0,13.828573,51.007096
12,25,3,30,10,1,3,0,1,0,0,1,0,0,0,0,0,13.70597,51.01902
12,25,3,31,17,2,3,5,3,0,1,1,1,0,0,0,0,13.729409,51.076299
12,25,4,1,7,3,3,5,3,0,0,1,0,0,0,0,0,13.791367,51.046776
12,25,4,2,12,4,3,0,1,0,0,1,0,0,0,0,0,13.704484,51.024762
12,25,4,2,13,4,3,5,2,0,0,1,1,0,0,0,0,13.829984,51.010317
12,25,4,3,6,5,3,1,5,0,0,1,1,0,0,0,0,13.852858,51.062038
12,25,4,3,16,5,3,5,2,0,0,1,1,0,0,0,0,13.739274,51.037014
12,25,4,3,16,5,3,2,6,0,0,1,0,0,0,0,0,13.788008,51.064663
12,25,4,3,18,5,2,4,6,0,0,1,0,0,0,0,0,13.836258,51.03237
12,25,4,4,4,6,3,6,6,2,0,1,0,1,0,0,0,13.759659,51.08102
12,25,4,4,12,6,3,5,3,0,0,1,1,0,0,0,0,13.748607,51.063396