UKREIS,UJAHR,UMONAT,UTAG,USTUNDE,UWOCHENTAG,UKATEGORIE,UART,UTYP,LICHT,USTRZUSTAND,IstRad,IstPKW,IstFuss,IstKrad,IstGkfz,IstSonstige,@lon,@lat
12,25,4,4,18,6,3,5,3,0,0,1,1,0,0,0,0,13.799321,50.998314
12,25,4,5,19,7,3,5,2,0,0,1,1,0,0,0,0,13.878418,51.059961
12,25,4,7,15,2,3,5,2,0,0,1,1,0,0,0,0,13.690664,51.078304
12,25,4,8,8,3,3,5,3,0,0,1,1,0,0,0,0,13.790664,51.013051
12,25,4,8,13,3,3,5,2,0,0,1,0,0,0,0,1,13.755923,51.055873
12,25,4,8,14,3,3,1,5,0,0,1,1,0,0,0,0,13.716175,51.048259
12,25,4,8,17,3,3,1,1,0,0,1,1,0,0,0,0,13.731369,51.050295
12,25,4,8,19,3,3,1,5,0,0,1,1,0,0,0,0,13.830532,51.028153
12,25,4,9,11,4,3,5,3,0,0,1,0,0,0,0,1,13.720352,51.051167
12,25,4,9,15,4,3,6,4,0,0,1,0,1,0,0,0,13.803024,51.147787
12,25,4,10,6,5,3,5,3,0,0,1,1,0,0,0,0,13.748716,51.048245
12,25,4,10,8,5,3,3,6,0,0,1,0,0,0,0,0,13.798416,51.040916
12,25,4,10,14,5,3,0,7,0,0,1,0,0,0,0,0,13.753878,51.027784
12,25,4,10,17,5,3,5,2,0,0,1,1,0,0,0,0,13.726474,51.032061
12,25,4,10,18,5,3,5,3,0,0,1,1,0,0,0,0,13.742015,51.064676
12,25,4,10,23,5,3,0,1,2,0,1,0,0,0,0,0,13.680409,51.08743
12,25,4,11,8,6,3,1,5,0,0,1,1,0,0,0,0,13.78308,51.054435
12,25,4,12,10,7,3,5,2,0,0,1,1,0,0,0,0,13.849638,51.008043
12,25,4,12,16,7,3,1,3,0,0,1,0,0,0,0,0,13.724966,51.057615
12,25,4,13,16,1,3,2,2,0,0,1,1,0,0,0,0,13.690412,51.054388
12,25,4,13,17,1,2,6,4,0,0,1,0,1,0,0,0,13.756243,51.069736
12,25,4,14,16,2,3,5,3,0,0,1,1,0,0,0,0,13.674431,51.064991
12,25,4,14,19,2,3,5,3,0,0,1,1,0,0,0,0,13.725038,51.050405
12,25,4,15,14,3,3,5,2,0,0,1,1,0,0,0,0,13.75872,51.049527
12,25,4,15,15,3,3,5,3,0,0,1,0,0,0,0,1,13.755022,51.046304
12,25,4,16,11,4,3,2,7,0,0,1,1,0,0,0,0,13.708452,51.046908
12,25,4,16,15,4,3,6,6,0,0,1,0,1,0,0,0,13.718726,51.075947
12,25,4,16,15,4,3,3,6,0,0,1,1,0,0,0,0,13.758695,51.049467
12,25,4,16,16,4,3,7,7,0,0,1,0,0,0,0,0,13.730737,51.042024
12,25,4,16,18,4,3,0,1,0,0,1,0,0,0,0,0,13.735913,51.053033
12,25,4,17,6,5,3,5,3,0,0,1,0,0,0,0,1,13.785315,51.035958
12,25,4,17,7,5,3,7,7,0,0,1,0,0,0,0,0,13.712001,51.039583
12,25,4,17,9,5,3,5,2,0,0,1,1,0,0,0,0,13.702558,51.033323
12,25,4,17,11,5,1,5,3,0,0,1,0,0,0,0,1,13.62667,51.040879
12,25,4,17,16,5,2,5,3,0,0,1,0,0,0,0,0,13.73754,51.070587
12,25,4,17,18,5,3,5,2,0,0,1,1,0,0,0,0,13.740346,51.064701
12,25,4,17,22,5,3,3,6,2,0,1,1,0,0,0,0,13.689648,51.060037
12,25,4,17,23,5,3,6,4,2,0,1,0,1,0,0,0,13.751208,51.060135
12,25,4,20,21,1,3,0,1,2,0,1,0,0,0,0,0,13.78882,51.012122
12,25,4,22,8,3,3,5,2,0,0,1,1,0,0,0,0,13.749389,51.036141
12,25,4,22,8,3,2,3,5,0,0,1,0,0,0,1,0,13.753131,51.062915
12,25,4,22,14,3,3,5,3,0,0,1,1,0,0,0,0,13.714589,51.030779
12,25,4,22,14,3,3,6,4,0,0,1,0,1,0,0,0,13.726195,51.069488
12,25,4,22,16,3,3,5,2,0,0,1,0,0,0,0,0,13.689558,51.068004
12,25,4,22,16,3,3,0,1,0,0,1,0,0,0,0,0,13.728097,51.049023
12,25,4,23,11,4,3,0,1,0,0,1,0,0,0,0,0,13.749132,51.052475
12,25,4,23,12,4,3,5,2,0,0,1,1,0,0,0,0,13.755922,51.055873
12,25,4,23,14,4,3,3,6,0,0,1,0,0,0,0,0,13.804631,51.053088
12,25,4,23,20,4,2,5,3,2,0,1,1,0,0,0,0,13.723227,51.089814
12,25,4,24,10,5,3,0,1,0,1,1,0,0,0,0,0,13.701433,51.047032
12,25,4,24,10,5,3,4,3,0,0,1,0,0,0,0,0,13.754825,51.070068
12,25,4,24,16,5,3,0,1,0,1,1,0,0,0,0,0,13.739501,51.055198
12,25,4,24,17,5,3,5,3,0,1,1,1,0,0,0,0,13.781042,51.045875
12,25,4,24,23,5,3,0,1,2,1,1,0,0,0,0,0,13.777,51.067561
12,25,4,25,7,6,3,0,1,2,1,1,0,0,0,0,0,13.84825,51.06183
12,25,4,26,13,7,3,0,2,0,0,1,1,0,0,0,0,13.654019,51.050236
12,25,4,26,15,7,3,0,1,0,0,1,0,0,0,0,0,13.726859,51.068998
12,25,4,26,18,7,2,0,1,0,0,1,0,0,0,0,0,13.705618,51.078553
12,25,4,26,19,7,3,5,3,0,0,1,1,0,0,0,0,13.785068,51.008595
12,25,4,26,21,7,3,5,3,2,0,1,1,0,0,0,0,13.711935,51.08101
12,25,4,27,3,1,3,0,1,2,0,1,0,0,0,0,0,13.779488,51.066975
12,25,4,27,6,1,2,8,1,0,0,1,0,0,0,0,0,13.753423,51.077388
12,25,4,27,10,1,2,5,3,0,0,1,1,0,0,0,0,13.796839,51.041452
12,25,4,27,14,1,3,1,5,0,0,1,1,0,0,0,0,13.840774,51.018911
12,25,4,27,17,1,3,1,5,0,0,1,1,0,0,0,0,13.801068,51.048161
12,25,4,27,17,1,3,2,5,0,0,1,0,0,0,0,1,13.804442,51.052202
12,25,4,27,19,1,3,0,7,0,0,1,0,0,0,0,0,13.787525,51.03422
12,25,4,28,15,2,3,5,2,0,0,1,1,0,0,0,0,13.695589,51.043237
12,25,4,28,19,2,3,0,6,0,0,1,1,0,0,0,0,13.823595,51.044738
12,25,4,28,21,2,2,0,1,2,0,1,0,0,0,0,0,13.752848,51.073749
12,25,4,29,7,3,3,1,6,0,0,1,1,0,0,0,0,13.788943,51.027494
12,25,4,29,14,3,3,3,2,0,0,1,1,0,0,0,0,13.755923,51.055873
12,25,4,29,15,3,3,0,7,0,0,1,0,0,0,0,0,13.74117,51.073384
12,25,4,29,21,3,2,0,1,2,0,1,0,0,0,0,0,13.817645,51.012701
12,25,4,29,22,3,3,0,1,2,0,1,0,0,0,0,0,13.671359,51.05981
12,25,4,30,6,4,3,5,2,0,0,1,1,0,0,0,0,13.809362,51.028106
12,25,4,30,12,4,3,3,6,0,0,1,0,0,0,0,0,13.775589,51.069882
12,25,4,30,15,4,3,0,1,0,0,1,0,0,0,0,0,13.729979,51.030107
12,25,4,30,15,4,3,7,7,0,0,1,0,0,0,0,0,13.834077,51.111989
12,25,4,30,16,4,3,5,3,0,0,1,1,0,0,0,0,13.77381,51.022879
12,25,5,1,0,5,3,0,1,2,0,1,0,0,0,0,0,13.71261,51.050018
12,25,5,1,0,5,2,8,1,2,0,1,0,0,0,0,0,13.847282,51.016739
12,25,5,1,12,5,3,0,1,0,0,1,0,0,0,0,0,13.740395,51.05648
12,25,5,1,12,5,3,6,6,0,0,1,0,1,0,0,0,13.836258,51.016949
12,25,5,1,13,5,3,0,1,0,0,1,0,0,0,0,0,13.669639,51.072237
12,25,5,1,21,5,3,0,1,1,0,1,0,0,0,0,0,13.738173,51.050362
12,25,5,1,22,5,3,0,1,2,0,1,0,0,0,0,0,13.76367,51.036249
12,25,5,2,3,6,3,0,7,2,0,1,0,0,0,0,0,13.75995,51.038888
12,25,5,2,7,6,3,0,1,0,0,1,0,0,0,0,0,13.774724,51.066273
12,25,5,2,14,6,3,5,3,0,0,1,1,0,0,0,0,13.712679,51.079355
12,25,5,2,15,6,3,1,5,0,0,1,1,0,0,0,0,13.715336,51.051259
12,25,5,2,15,6,3,0,7,0,0,1,0,0,0,0,0,13.727437,51.056794
12,25,5,2,16,6,3,6,4,0,0,1,0,1,0,0,0,13.773658,51.048714
12,25,5,2,17,6,3,0,1,0,0,1,0,0,0,0,0,13.741545,51.057567
12,25,5,2,17,6,3,5,1,0,0,1,1,0,0,0,0,13.798214,51.025056
12,25,5,2,19,6,3,5,2,0,0,1,1,0,0,0,0,13.727819,51.060185
12,25,5,3,9,7,3,5,3,0,0,1,1,0,0,0,0,13.757935,51.032867
12,25,5,3,17,7,3,0,1,0,1,1,0,0,0,0,0,13.756491,51.06315
12,25,5,3,17,7,3,0,1,0,1,1,0,0,0,0,0,13.775982,51.110685
12,25,5,4,11,1,2,2,6,0,0,1,1,0,0,0,0,13.766343,51.011354
12,25,5,4,15,1,3,0,7,0,0,1,0,0,0,0,0,13.780514,51.018836
12,25,5,5,6,2,3,6,3,0,0,1,0,1,0,0,0,13.814682,51.015598
12,25,5,5,7,2,3,0,1,0,0,1,0,0,0,0,0,13.777094,51.061181
12,25,5,5,8,2,3,5,3,0,0,1,1,0,0,0,0,13.703586,51.088241
12,25,5,5,9,2,3,2,6,0,0,1,1,0,0,0,0,13.700251,51.043717
12,25,5,5,18,2,2,5,3,0,0,1,1,0,0,0,0,13.785325,51.035947
12,25,5,5,18,2,3,1,5,0,0,1,1,0,0,0,0,13.813393,50.998045
12,25,5,6,7,3,3,5,3,0,0,1,1,0,0,0,0,13.783706,51.029654
12,25,5,6,8,3,3,5,2,0,0,1,1,0,0,0,0,13.755923,51.055873
12,25,5,6,8,3,2,8,1,0,0,1,1,0,0,0,0,13.758449,51.071399
12,25,5,6,10,3,2,0,7,0,0,1,0,0,0,0,0,13.745299,51.026819
12,25,5,6,10,3,3,0,1,0,0,1,0,0,0,0,0,13.755889,51.05586
12,25,5,6,11,3,3,5,3,0,0,1,1,0,0,0,0,13.849769,51.032121
12,25,5,6,12,3,3,5,2,0,0,1,1,0,0,0,0,13.706396,51.04643
12,25,5,6,16,3,3,5,2,0,0,1,1,0,0,0,0,13.775582,51.045375
12,25,5,7,6,4,3,5,3,0,0,1,1,0,0,0,0,13.740799,51.047233
12,25,5,7,16,4,2,6,6,0,0,1,0,1,0,0,0,13.758015,51.039773
12,25,5,8,7,5,3,8,1,0,0,1,0,0,0,0,0,13.860608,51.065273
12,25,5,8,15,5,3,7,7,0,0,1,0,0,0,0,1,13.780773,51.058953
12,25,5,8,16,5,3,5,2,0,0,1,0,0,0,0,0,13.725503,51.070117
12,25,5,9,5,6,2,5,7,0,0,1,1,0,0,0,0,13.793135,51.048407
12,25,5,9,11,6,3,0,7,0,0,1,0,0,0,0,0,13.745334,51.051698
12,25,5,9,11,6,3,5,2,0,0,1,0,0,0,0,1,13.757079,51.025288
12,25,5,9,12,6,3,0,1,0,0,1,1,0,0,0,0,13.651622,51.082798
12,25,5,9,13,6,3,6,6,0,0,1,0,1,0,0,0,13.74516,51.066228
12,25,5,10,6,7,3,5,3,0,0,1,1,0,0,0,0,13.707186,51.042233
12,25,5,10,10,7,3,0,1,0,0,1,0,0,0,0,0,13.808929,51.038232
12,25,5,10,19,7,3,0,1,0,0,1,0,0,0,0,0,13.789485,51.119088
12,25,5,11,8,1,3,5,3,0,0,1,1,0,0,0,0,13.71259,51.050027
12,25,5,11,16,1,3,2,2,0,0,1,1,0,0,0,0,13.751658,51.023307
12,25,5,11,18,1,2,8,1,0,0,1,0,0,0,0,0,13.825338,51.003499
12,25,5,12,7,2,3,0,1,0,0,1,0,0,0,0,0,13.751834,51.062983
12,25,5,12,12,2,3,0,1,0,0,1,0,0,0,0,0,13.690969,51.043372
12,25,5,12,13,2,3,5,2,0,0,1,1,0,0,0,0,13.755923,51.055873
12,25,5,12,16,2,3,0,1,0,0,1,0,0,0,0,0,13.746729,51.057595
12,25,5,12,17,2,3,2,7,0,0,1,1,0,0,0,0,13.78998,51.012714
12,25,5,13,6,3,3,5,3,0,0,1,1,0,0,0,0,13.751651,51.047241
12,25,5,13,10,3,3,5,3,0,0,1,1,0,0,0,0,13.770211,51.028893
12,25,5,13,11,3,3,0,1,0,0,1,0,0,0,0,0,13.724743,51.043794
12,25,5,13,16,3,3,5,3,0,0,1,1,0,0,0,0,13.703814,51.041129
12,25,5,13,16,3,3,0,1,0,0,1,0,0,0,0,0,13.729585,51.030086
12,25,5,13,17,3,2,0,1,0,0,1,0,0,0,0,0,13.740263,51.015448
12,25,5,13,18,3,3,4,6,0,0,1,0,0,0,0,0,13.734526,51.106959
12,25,5,14,7,4,3,5,2,0,0,1,1,0,0,0,0,13.755915,51.05587
12,25,5,14,9,4,2,5,3,0,0,1,1,0,0,0,0,13.757852,51.051447
12,25,5,14,10,4,3,0,1,0,0,1,0,0,0,0,0,13.75665,51.063175
12,25,5,14,17,4,3,0,3,0,0,1,0,0,0,0,0,13.833953,51.015171
12,25,5,15,15,5,3,5,3,0,0,1,1,0,0,0,0,13.743598,51.019323
12,25,5,15,15,5,3,2,6,0,0,1,1,0,0,0,0,13.757966,51.052057
12,25,5,15,15,5,3,0,1,0,0,1,0,0,0,0,0,13.816317,51.016116
12,25,5,15,17,5,3,5,3,0,0,1,1,0,0,0,0,13.72964,51.037838
12,25,5,16,19,6,3,5,3,0,0,1,1,0,0,0,0,13.742014,51.064676
12,25,5,16,21,6,3,8,1,2,0,1,0,0,0,0,0,13.718088,51.076562
12,25,5,16,21,6,3,0,1,2,0,1,0,0,0,0,0,13.761498,51.054964
12,25,5,17,15,7,3,5,2,0,0,1,1,0,0,0,0,13.755923,51.055873
12,25,5,17,16,7,3,9,1,0,1,1,0,0,0,0,0,13.836486,51.032123
12,25,5,17,20,7,3,0,1,1,1,1,0,0,0,0,0,13.701227,51.091328
12,25,5,18,18,1,3,0,1,0,1,1,0,0,0,0,0,13.772699,51.046504
12,25,5,20,7,3,3,6,4,0,0,1,0,1,0,0,0,13.703001,51.043719
12,25,5,20,8,3,3,5,3,0,0,1,0,0,0,0,1,13.712426,51.034027
12,25,5,20,17,3,3,3,6,0,0,1,1,0,0,0,0,13.787271,51.042376
12,25,5,20,18,3,3,6,4,0,0,1,0,1,0,0,0,13.720033,51.054707
12,25,5,20,18,3,3,3,2,0,0,1,1,0,0,0,0,13.737195,51.050285
12,25,5,20,20,3,3,5,3,1,0,1,1,0,0,0,0,13.777197,51.06009
12,25,5,21,0,4,3,0,1,2,0,1,0,0,0,0,0,13.734968,51.040918
12,25,5,21,7,4,3,0,6,0,0,1,1,0,0,0,0,13.784072,51.034685
12,25,5,21,12,4,3,4,6,0,0,1,0,0,0,0,1,13.705668,51.084875
12,25,5,21,13,4,3,5,2,0,0,1,0,0,0,1,0,13.844856,51.017494
12,25,5,21,16,4,3,4,6,0,0,1,0,0,0,0,0,13.736005,51.059344
12,25,5,21,17,4,3,5,3,0,0,1,1,0,0,0,0,13.774715,51.04981
12,25,5,21,23,4,3,1,1,2,0,1,1,0,0,0,0,13.724552,51.080826
12,25,5,22,7,5,2,5,2,0,0,1,0,0,0,0,1,13.731639,51.026529
12,25,5,22,8,5,3,5,3,0,0,1,1,0,0,0,0,13.72911,51.050955
12,25,5,22,15,5,3,5,2,0,0,1,1,0,0,0,0,13.759124,51.034171
12,25,5,22,16,5,3,0,6,0,0,1,0,0,0,0,1,13.765366,51.056184
12,25,5,23,1,6,2,0,1,2,0,1,0,0,0,0,0,13.748967,51.062802
12,25,5,23,7,6,3,5,3,0,0,1,1,0,0,0,0,13.742016,51.064676
12,25,5,23,8,6,3,5,3,0,0,1,1,0,0,0,0,13.745375,51.063197
12,25,5,23,9,6,3,5,3,0,0,1,1,0,0,0,0,13.763297,51.10507
12,25,5,23,14,6,2,5,3,0,0,1,1,0,0,0,0,13.755454,51.050029
12,25,5,23,16,6,2,6,6,0,0,1,0,1,0,0,0,13.683973,51.042434
12,25,5,24,22,7,3,0,1,2,0,1,0,0,0,0,0,13.762455,51.037443
12,25,5,25,16,1,3,0,1,0,1,1,0,0,0,0,0,13.735309,51.046729
12,25,5,25,17,1,3,0,1,0,1,1,0,0,0,0,0,13.736891,51.053753
12,25,5,26,8,2,3,0,1,0,1,1,0,0,0,0,0,13.723205,51.089847
12,25,5,26,9,2,2,0,1,0,1,1,0,0,0,0,0,13.808719,51.038043
12,25,5,26,10,2,3,7,7,0,0,1,0,1,0,0,0,13.796707,51.061346
12,25,5,27,6,3,3,1,2,0,1,1,1,0,0,0,0,13.645316,51.040492
12,25,5,27,14,3,3,2,2,0,0,1,1,0,0,0,0,13.732171,51.050982
12,25,5,27,14,3,3,0,6,0,0,1,0,0,0,0,1,13.737726,51.053958
12,25,5,27,17,3,3,0,1,0,0,1,0,0,0,0,0,13.732762,51.051828
12,25,5,27,18,3,3,0,7,0,0,1,1,0,0,0,0,13.683037,51.085919
12,25,5,28,9,4,3,5,3,0,1,1,1,0,0,0,0,13.722313,51.019064
12,25,5,28,16,4,3,2,6,0,1,1,1,0,0,0,0,13.801984,51.04789
12,25,5,28,20,4,3,0,1,0,1,1,0,0,0,0,0,13.729109,51.050961
12,25,5,29,11,5,3,0,1,0,0,1,0,0,0,0,0,13.659677,51.040024
12,25,5,29,15,5,3,0,1,0,0,1,0,0,0,0,0,13.86224,51.008689
12,25,5,29,16,5,3,0,1,0,0,1,0,0,0,0,0,13.84045,51.021262
12,25,5,29,18,5,3,8,1,0,0,1,0,0,0,0,0,13.860378,51.132481
12,25,5,29,19,5,3,0,1,0,0,1,0,0,0,0,0,13.741254,51.057652
12,25,5,29,20,5,3,3,6,1,0,1,1,0,0,0,0,13.76107,51.06822
12,25,5,29,20,5,3,0,1,1,0,1,0,0,0,0,0,13.838551,51.126
12,25,5,29,22,5,3,0,1,2,0,1,0,0,0,0,0,13.709663,51.057559
12,25,5,30,8,6,3,5,3,0,0,1,1,0,0,0,0,13.831332,50.999638
12,25,5,30,9,6,3,0,7,0,0,1,0,0,0,0,0,13.748695,51.063384
12,25,5,30,9,6,3,0,7,0,0,1,0,0,0,0,0,13.761109,51.025899
12,25,5,30,11,6,3,2,2,0,0,1,0,0,0,0,0,13.742452,51.059631
12,25,5,30,12,6,3,5,3,0,0,1,1,0,0,0,0,13.773575,51.048731
12,25,5,30,17,6,3,0,1,0,0,1,0,0,0,0,0,13.757018,51.025331
12,25,5,31,15,7,2,0,1,0,0,1,0,0,0,0,0,13.70152,51.091128
12,25,5,31,16,7,3,0,1,0,0,1,0,0,0,0,0,13.718731,51.051471
12,25,5,31,17,7,3,0,7,0,0,1,0,0,0,0,0,13.690199,51.073884
12,25,5,31,17,7,3,5,3,0,0,1,1,0,0,0,0,13.804167,51.041554
12,25,5,31,18,7,3,4,7,0,0,1,1,0,0,0,0,13.658689,51.051221
12,25,6,1,12,1,3,0,1,0,1,1,0,0,0,0,0,13.724927,51.053255
12,25,6,2,13,2,3,4,6,0,0,1,0,0,0,0,0,13.806083,51.020502
12,25,6,2,17,2,3,0,1,0,0,1,0,0,0,0,0,13.742271,51.023564
12,25,6,2,19,2,3,5,3,1,0,1,0,0,0,1,0,13.731504,51.024999
12,25,6,2,21,2,3,0,7,2,0,1,0,0,0,0,0,13.734024,51.061509
12,25,6,2,22,2,3,0,1,2,0,1,0,0,0,0,0,13.753601,51.077445
12,25,6,3,7,3,2,3,5,0,0,1,1,0,0,0,0,13.777566,51.056636
12,25,6,3,8,3,3,5,3,0,0,1,0,0,0,0,0,13.718051,51.076959
12,25,6,3,8,3,3,0,1,0,0,1,0,0,0,0,0,13.7727,51.046503
12,25,6,3,13,3,3,6,4,0,0,1,0,1,0,0,0,13.733297,51.039846
12,25,6,3,15,3,3,5,2,0,0,1,0,0,0,0,0,13.768674,51.072212
12,25,6,3,16,3,3,5,2,0,0,1,0,0,1,0,0,13.787545,51.053862
12,25,6,3,21,3,3,5,3,1,0,1,1,0,0,0,0,13.757944,51.032904
12,25,6,4,17,4,3,5,3,0,0,1,1,0,0,0,0,13.775627,51.045361
12,25,6,4,19,4,3,0,1,0,0,1,0,0,0,0,0,13.673354,51.050297
12,25,6,4,19,4,3,0,1,0,0,1,0,0,0,0,0,13.774635,51.033253
12,25,6,5,7,5,3,4,6,0,0,1,0,0,0,0,0,13.79739,51.061172
12,25,6,5,8,5,2,0,7,0,0,1,0,0,0,0,0,13.705798,51.090616
12,25,6,5,11,5,3,0,1,0,0,1,0,0,0,0,0,13.762059,51.037049
12,25,6,5,12,5,3,5,2,0,0,1,1,0,0,0,0,13.755659,51.026488
12,25,6,5,14,5,3,4,6,0,0,1,0,0,0,0,0,13.730738,51.033813
12,25,6,5,17,5,3,5,7,0,0,1,1,0,0,0,0,13.788515,51.041391
12,25,6,5,18,5,3,5,3,0,0,1,1,0,0,0,0,13.726392,51.06461
12,25,6,6,9,6,3,3,6,0,0,1,0,0,0,0,0,13.810583,51.022607
12,25,6,6,13,6,2,5,3,0,0,1,1,0,0,0,0,13.799359,51.007584
12,25,6,6,19,6,3,5,3,0,0,1,1,0,0,0,0,13.693655,51.08359
12,25,6,7,4,7,2,0,1,2,0,1,0,0,0,0,0,13.811594,51.021889
12,25,6,7,16,7,3,5,3,0,0,1,1,0,0,0,0,13.731912,51.048401
12,25,6,9,12,2,2,0,1,0,0,1,0,0,0,0,0,13.772551,51.066422
12,25,6,9,16,2,3,0,1,0,0,1,0,0,0,0,0,13.761669,51.025188
12,25,6,10,10,3,3,0,1,0,0,1,0,0,0,0,0,13.760411,51.026758
12,25,6,10,13,3,3,5,2,0,0,1,1,0,0,0,0,13.791333,51.046745
12,25,6,10,17,3,3,6,4,0,0,1,0,1,0,0,0,13.723375,51.062867
12,25,6,10,17,3,2,3,5,0,0,1,1,0,0,0,0,13.795233,51.045155
12,25,6,10,19,3,3,5,2,0,1,1,1,0,0,0,0,13.711953,51.081006
12,25,6,11,6,4,3,5,3,0,0,1,0,0,1,0,0,13.746761,51.063769
12,25,6,11,9,4,3,5,3,0,0,1,1,0,0,0,0,13.761543,51.052004
12,25,6,11,13,4,2,0,7,0,1,1,0,0,0,0,1,13.641707,51.08192
12,25,6,11,14,4,3,4,6,0,0,1,0,0,0,0,0,13.754586,51.041139
12,25,6,11,19,4,2,7,7,0,0,1,0,1,0,0,0,13.653457,51.091779
12,25,6,11,19,4,3,5,2,0,0,1,1,0,0,0,0,13.812636,51.01986
12,25,6,12,6,5,3,2,6,0,0,1,1,0,0,0,0,13.811797,50.989352
12,25,6,12,7,5,3,5,2,0,0,1,0,0,0,1,0,13.730354,51.111198
12,25,6,12,7,5,3,4,2,0,0,1,1,0,0,0,0,13.782034,51.030353
12,25,6,12,9,5,3,0,2,0,0,1,1,0,0,0,0,13.726038,51.057025
12,25,6,12,9,5,3,5,3,0,0,1,1,0,0,0,0,13.745225,51.062835
12,25,6,12,10,5,3,2,2,0,0,1,0,0,0,1,0,13.776415,51.067478
12,25,6,12,14,5,3,4,6,0,0,1,0,0,0,0,0,13.755116,51.046212
12,25,6,12,16,5,3,0,1,0,0,1,0,0,0,0,0,13.730577,51.088888
12,25,6,12,18,5,3,5,3,0,0,1,1,0,0,0,0,13.739054,51.073988
12,25,6,12,18,5,2,6,7,0,0,1,0,1,0,0,0,13.830054,51.035434
12,25,6,13,3,6,3,4,1,2,0,1,1,0,0,0,0,13.752209,51.066796
12,25,6,13,6,6,3,5,2,0,0,1,1,0,0,0,0,13.661992,51.050986
12,25,6,13,6,6,3,5,2,0,0,1,0,0,0,0,1,13.755998,51.055906
12,25,6,13,8,6,3,0,1,0,1,1,0,0,0,0,0,13.873316,51.083647
12,25,6,13,11,6,3,0,1,0,0,1,0,0,0,0,0,13.728139,51.043344
12,25,6,13,12,6,2,3,6,0,0,1,1,0,0,0,0,13.768789,51.027376
12,25,6,13,15,6,3,5,2,0,0,1,1,0,0,0,0,13.774594,51.060664
12,25,6,13,18,6,3,1,5,0,0,1,1,0,0,0,0,13.663277,51.040484
12,25,6,14,13,7,3,4,2,0,0,1,1,0,0,0,0,13.79278,51.139528
12,25,6,14,15,7,3,0,1,0,0,1,0,0,0,0,0,13.750696,51.071382
12,25,6,14,18,7,2,8,1,0,0,1,0,0,0,0,0,13.748755,51.053151
12,25,6,14,21,7,2,0,1,0,0,1,0,0,0,0,0,13.765399,51.09192
12,25,6,14,22,7,2,0,1,2,0,1,0,0,0,0,0,13.777532,51.052665
12,25,6,15,1,1,3,0,1,2,0,1,0,0,0,0,0,13.704987,51.036644
12,25,6,15,9,1,3,5,3,0,0,1,1,0,0,0,0,13.755029,51.052283
12,25,6,15,11,1,3,0,1,0,0,1,0,0,0,0,0,13.749412,51.057693
12,25,6,15,12,1,3,1,5,0,0,1,1,0,0,0,0,13.759006,51.054315
12,25,6,15,18,1,3,0,1,1,1,1,0,0,0,0,0,13.692281,51.063176
12,25,6,15,18,1,3,5,3,0,0,1,1,0,0,0,0,13.770119,51.028924
12,25,6,16,6,2,3,5,3,0,1,1,1,0,0,0,0,13.771366,51.060316
12,25,6,16,7,2,3,0,1,0,1,1,0,0,0,0,0,13.696109,51.043292
12,25,6,16,7,2,3,0,1,0,1,1,0,0,0,0,0,13.696635,51.043348
12,25,6,16,7,2,2,0,7,0,0,1,0,0,0,0,0,13.725031,51.044787
12,25,6,16,8,2,2,0,1,0,0,1,0,0,0,0,0,13.735164,51.052432
12,25,6,16,18,2,3,1,5,0,0,1,1,0,0,0,0,13.759348,51.064623
12,25,6,17,7,3,3,5,3,0,0,1,1,0,0,0,0,13.744651,51.018408
12,25,6,17,9,3,3,5,2,0,0,1,1,0,0,0,0,13.739034,51.050287
12,25,6,17,9,3,3,0,3,0,0,1,1,0,0,0,0,13.777197,51.06009
12,25,6,17,11,3,3,5,2,0,0,1,1,0,0,0,0,13.747181,51.071965
12,25,6,17,16,3,3,5,3,0,0,1,1,0,0,0,0,13.725949,51.056963
12,25,6,17,16,3,3,6,7,0,0,1,0,1,0,0,0,13.765702,51.040693
12,25,6,17,17,3,3,5,3,0,0,1,1,0,0,0,0,13.722429,51.03525
12,25,6,17,17,3,3,6,6,0,0,1,0,1,0,0,0,13.732725,51.06341
12,25,6,17,17,3,3,5,2,0,0,1,1,0,0,0,0,13.732976,51.109085
12,25,6,17,18,3,3,1,5,0,0,1,1,0,0,0,0,13.828451,51.028898
12,25,6,17,19,3,2,6,4,0,0,1,0,1,0,0,0,13.810533,51.022635
12,25,6,18,1,4,2,0,1,2,0,1,0,0,0,0,0,13.753058,51.07066
12,25,6,18,7,4,3,0,1,0,1,1,0,0,0,0,0,13.773701,51.065768
12,25,6,18,15,4,3,3,6,0,0,1,1,0,0,0,0,13.772396,51.1146
12,25,6,18,17,4,3,6,7,0,0,1,0,1,0,0,0,13.73147,51.027289
12,25,6,19,10,5,3,0,1,0,0,1,0,0,0,0,0,13.680847,51.061702
12,25,6,19,11,5,3,0,1,0,0,1,0,0,0,0,0,13.780243,51.011867
12,25,6,19,11,5,3,0,3,0,0,1,1,0,0,0,0,13.860828,51.009119
12,25,6,19,15,5,3,0,1,0,0,1,0,0,0,0,0,13.819569,50.998285
12,25,6,19,16,5,2,1,7,0,0,1,1,0,0,0,0,13.710268,51.079122
12,25,6,19,17,5,3,1,5,0,0,1,1,0,0,0,0,13.767128,51.066374
12,25,6,19,17,5,3,5,3,0,0,1,1,0,0,0,0,13.803001,51.040428
12,25,6,20,5,6,3,0,1,0,0,1,0,0,0,0,0,13.694262,51.04309
12,25,6,20,5,6,3,5,3,1,0,1,0,0,0,0,0,13.710941,51.061582
12,25,6,20,10,6,3,0,1,0,0,1,0,0,0,0,0,13.780237,51.053138
12,25,6,20,11,6,3,5,3,0,0,1,1,0,0,0,0,13.716512,51.077609