UKREIS,UJAHR,UMONAT,UTAG,USTUNDE,UWOCHENTAG,UKATEGORIE,UART,UTYP,LICHT,USTRZUSTAND,IstRad,IstPKW,IstFuss,IstKrad,IstGkfz,IstSonstige,@lon,@lat
12,25,8,27,6,4,3,0,1,0,0,1,0,0,0,0,0,13.718881,51.059667
12,25,8,27,7,4,2,5,3,0,0,1,1,0,0,0,0,13.70697,51.041417
12,25,8,27,9,4,3,5,3,0,0,1,0,0,0,0,1,13.73971,51.045329
12,25,8,27,15,4,3,3,2,0,0,1,1,0,0,0,0,13.773311,51.052445
12,25,8,27,16,4,3,0,1,0,0,1,0,0,0,0,0,13.839048,51.058383
12,25,8,27,19,4,3,1,3,0,0,1,1,0,0,0,0,13.785325,51.035947
12,25,8,27,20,4,3,1,1,0,0,1,1,0,0,0,0,13.679625,51.061369
12,25,8,28,6,5,3,5,2,0,0,1,1,0,0,0,0,13.773893,51.112902
12,25,8,28,15,5,3,6,4,0,0,1,0,1,0,0,0,13.757305,51.050163
12,25,8,28,16,5,3,0,7,0,1,1,0,0,0,0,0,13.74848,51.056735
12,25,8,28,16,5,3,3,2,0,1,1,0,0,0,0,0,13.758266,51.067653
12,25,8,28,18,5,3,5,3,0,1,1,1,0,0,0,0,13.748921,51.051258
12,25,8,28,21,5,3,0,7,2,0,1,0,0,0,0,0,13.784531,51.017269
12,25,8,28,22,5,3,7,7,2,1,1,0,0,0,0,0,13.73846,51.053897
12,25,8,29,9,6,3,0,1,0,1,1,0,0,0,0,0,13.738498,51.05391
12,25,8,29,13,6,2,0,1,0,1,1,0,0,0,0,0,13.824044,51.057817
12,25,8,29,18,6,2,5,3,0,0,1,1,0,0,0,0,13.845339,51.063517
12,25,8,30,11,7,3,7,4,0,0,1,0,0,0,0,1,13.739386,51.055029
12,25,8,30,13,7,3,3,2,0,0,1,1,0,0,0,0,13.710023,51.058075
12,25,8,31,12,1,3,0,1,0,0,1,0,0,0,0,0,13.744056,51.037441
12,25,8,31,14,1,2,4,6,0,0,1,0,0,0,0,0,13.74612,51.051792
12,25,8,31,14,1,3,5,2,0,0,1,1,0,0,0,0,13.768544,51.026972
12,25,8,31,17,1,3,5,3,0,0,1,1,0,0,0,0,13.883323,51.057792
12,25,8,31,18,1,3,5,3,0,0,1,1,0,0,0,0,13.723619,51.036302
12,25,9,1,7,2,3,0,1,0,0,1,0,0,0,0,0,13.754819,51.066109
12,25,9,1,17,2,3,0,1,0,0,1,0,0,0,0,0,13.701525,51.091125
12,25,9,1,17,2,3,0,1,0,0,1,0,0,0,0,0,13.741943,51.073163
12,25,9,1,17,2,3,0,1,0,0,1,0,0,0,0,0,13.752112,51.061898
12,25,9,1,21,2,2,0,1,2,0,1,0,0,0,0,0,13.71696,51.077408
12,25,9,2,7,3,3,0,1,0,1,1,0,0,0,0,0,13.74124,51.064746
12,25,9,2,8,3,3,0,1,0,1,1,0,0,0,0,0,13.691446,51.042721
12,25,9,2,8,3,3,5,3,0,1,1,1,0,0,0,0,13.777081,51.059958
12,25,9,2,16,3,3,5,3,0,0,1,1,0,0,0,0,13.76246,51.085047
12,25,9,2,21,3,2,0,1,2,1,1,0,0,0,0,0,13.811818,51.020257
12,25,9,3,7,4,3,5,2,0,0,1,1,0,0,0,0,13.829986,51.010316
12,25,9,3,12,4,3,0,1,0,0,1,0,0,0,0,0,13.769901,51.024986
12,25,9,3,14,4,3,6,3,0,0,1,0,1,0,0,0,13.780342,51.030829
12,25,9,3,14,4,3,0,1,0,0,1,0,0,0,0,0,13.806832,51.052124
12,25,9,3,14,4,3,5,2,0,0,1,1,0,0,0,0,13.848429,51.007888
12,25,9,3,17,4,3,4,7,0,0,1,0,0,0,0,1,13.790136,51.034937
12,25,9,3,17,4,3,5,2,0,0,1,1,0,0,0,0,13.803232,51.021687
12,25,9,3,17,4,3,5,2,0,0,1,1,0,0,0,0,13.855016,51.061816
12,25,9,4,0,5,3,3,6,2,0,1,0,0,0,0,0,13.707352,51.051677
12,25,9,4,8,5,3,1,5,0,0,1,1,0,0,0,0,13.805156,50.999966
12,25,9,4,9,5,3,5,3,0,0,1,1,0,0,0,0,13.701978,51.032444
12,25,9,4,14,5,3,5,2,0,0,1,1,0,0,0,0,13.774388,51.033278
12,25,9,4,15,5,3,5,3,0,1,1,1,0,0,0,0,13.729829,51.082693
12,25,9,4,16,5,3,0,3,0,0,1,1,0,0,0,0,13.757858,51.019178
12,25,9,4,18,5,3,0,1,1,0,1,0,0,0,0,0,13.751982,51.062348
12,25,9,4,18,5,3,5,3,0,0,1,1,0,0,0,0,13.78791,51.048268
12,25,9,4,21,5,3,0,7,2,0,1,0,0,0,0,0,13.678655,51.034687
12,25,9,4,21,5,3,0,1,2,0,1,0,0,0,0,0,13.752164,51.061719
12,25,9,4,21,5,3,0,1,2,0,1,0,0,0,0,0,13.75219,51.061629
12,25,9,5,11,6,3,2,6,0,0,1,0,0,0,0,0,13.787295,51.062435
12,25,9,5,12,6,3,0,1,0,1,1,0,0,0,0,0,13.753003,51.06492
12,25,9,5,17,6,3,5,3,0,0,1,1,0,0,0,0,13.745385,51.062532
12,25,9,6,14,7,3,5,3,0,0,1,1,0,0,0,0,13.681563,51.061839
12,25,9,6,14,7,3,0,1,0,0,1,0,0,0,0,0,13.790146,51.029944
12,25,9,6,16,7,3,5,3,0,0,1,1,0,0,0,0,13.701586,51.03059
12,25,9,7,10,1,2,0,1,0,0,1,0,0,0,0,0,13.720603,51.014359
12,25,9,7,12,1,3,5,3,0,0,1,1,0,0,0,0,13.718044,51.038824
12,25,9,7,13,1,3,8,1,0,0,1,0,0,0,0,0,13.633524,51.036077
12,25,9,8,6,2,3,7,7,0,0,1,0,0,0,0,0,13.692473,51.063054
12,25,9,8,7,2,3,5,2,0,0,1,1,0,0,0,0,13.779708,51.040949
12,25,9,8,11,2,3,5,2,0,0,1,1,0,0,0,0,13.739054,51.073966
12,25,9,8,14,2,3,5,3,0,0,1,1,0,0,0,0,13.886479,51.058535
12,25,9,8,15,2,3,5,3,0,0,1,1,0,0,0,0,13.703946,51.058912
12,25,9,8,22,2,3,1,5,2,0,1,1,0,0,0,0,13.741115,51.036417
12,25,9,9,7,3,3,1,7,0,0,1,1,0,0,0,0,13.753399,51.052901
12,25,9,9,18,3,3,0,1,0,0,1,0,0,0,0,0,13.736687,51.021848
12,25,9,9,19,3,2,0,1,0,0,1,0,0,0,0,0,13.835521,51.000855
12,25,9,10,8,4,3,0,7,0,1,1,0,0,0,0,0,13.805294,51.111733
12,25,9,10,14,4,3,0,1,0,0,1,0,0,0,0,0,13.701198,51.041911
12,25,9,10,15,4,3,0,3,0,0,1,0,0,1,0,0,13.790582,51.021048
12,25,9,10,16,4,3,6,4,0,0,1,0,1,0,0,0,13.729888,51.033081
12,25,9,10,16,4,3,5,3,0,0,1,1,0,0,0,0,13.760138,51.057531
12,25,9,10,16,4,3,0,4,0,0,1,0,1,0,0,0,13.761211,51.017297
12,25,9,10,17,4,3,5,2,0,1,1,1,0,0,0,0,13.797603,51.042244
12,25,9,11,6,5,3,5,3,0,0,1,1,0,0,0,0,13.733189,51.038985
12,25,9,11,6,5,3,6,4,0,0,1,0,1,0,0,0,13.757279,51.050087
12,25,9,11,7,5,3,5,2,0,0,1,0,0,0,0,1,13.721425,51.04176
12,25,9,11,14,5,3,6,7,0,0,1,0,1,0,0,0,13.701556,51.091104
12,25,9,11,15,5,3,0,4,0,0,1,0,1,0,0,0,13.864417,50.99465
12,25,9,11,17,5,3,5,3,0,0,1,1,0,0,0,0,13.676675,51.047464
12,25,9,12,7,6,2,5,3,0,0,1,1,0,0,0,0,13.687308,51.049217
12,25,9,12,9,6,3,0,3,0,0,1,0,0,0,0,1,13.765372,51.046961
12,25,9,12,10,6,3,5,2,0,0,1,1,0,0,0,0,13.755522,51.076628
12,25,9,12,16,6,3,5,2,0,0,1,1,0,0,0,0,13.749876,51.050903
12,25,9,12,22,6,3,0,1,2,0,1,0,0,0,0,0,13.743095,51.028805
12,25,9,12,23,6,2,0,1,2,0,1,0,0,0,0,0,13.821074,51.009253
12,25,9,13,10,7,3,6,7,0,0,1,0,1,0,0,0,13.697992,51.08446
12,25,9,13,10,7,2,5,2,0,0,1,1,0,0,0,0,13.767775,51.026085
12,25,9,13,13,7,3,2,6,0,0,1,0,0,0,1,0,13.680709,51.052532
12,25,9,13,15,7,3,3,6,0,0,1,0,0,0,0,1,13.790388,51.02186
12,25,9,15,8,2,2,0,1,0,1,1,0,0,0,0,0,13.705019,51.018535
12,25,9,15,16,2,3,0,1,0,1,1,0,0,0,0,0,13.770352,51.050993
12,25,9,15,21,2,3,5,3,2,1,1,1,0,0,0,0,13.746609,51.057316
12,25,9,16,6,3,3,5,3,1,0,1,0,0,0,0,1,13.792366,50.999844
12,25,9,16,7,3,3,5,3,0,0,1,1,0,0,0,0,13.803127,51.021764
12,25,9,16,7,3,3,3,6,0,0,1,0,0,0,0,0,13.810059,51.012727
12,25,9,16,12,3,3,1,5,0,0,1,1,0,0,0,0,13.741539,51.039481
12,25,9,16,15,3,3,5,3,0,0,1,1,0,0,0,0,13.714449,51.027519
12,25,9,17,6,4,3,8,1,0,0,1,0,0,0,0,0,13.71196,51.096144
12,25,9,17,7,4,3,5,3,0,0,1,0,0,0,0,1,13.706841,51.041471
12,25,9,17,8,4,3,0,6,0,0,1,1,0,0,0,0,13.770855,51.039893
12,25,9,17,12,4,3,5,2,0,0,1,0,0,0,1,0,13.690393,51.077714
12,25,9,17,15,4,2,0,1,0,0,1,0,0,0,0,0,13.800423,51.14659
12,25,9,17,15,4,2,0,1,0,0,1,0,0,0,0,0,13.883781,51.060828
12,25,9,17,17,4,3,3,6,0,0,1,1,0,0,0,0,13.791188,51.034587
12,25,9,18,14,5,3,5,3,0,0,1,1,0,0,0,0,13.726709,51.126866
12,25,9,18,18,5,3,5,3,0,0,1,0,0,0,0,0,13.757958,51.05226
12,25,9,19,7,6,3,5,3,0,0,1,1,0,0,0,0,13.774535,51.111721
12,25,9,19,8,6,3,0,7,0,0,1,0,0,0,0,0,13.773197,51.060527
12,25,9,19,9,6,3,1,1,0,0,1,1,0,0,0,0,13.761333,51.068563
12,25,9,19,10,6,2,5,3,0,0,1,1,0,0,0,0,13.646039,51.040627
12,25,9,19,14,6,2,8,1,0,0,1,0,0,0,0,0,13.756839,51.019917
12,25,9,19,15,6,3,0,1,0,0,1,0,0,0,0,0,13.727884,51.06968
12,25,9,19,18,6,3,5,3,0,0,1,1,0,0,0,0,13.825784,51.023534
12,25,9,19,20,6,3,0,1,2,0,1,0,0,0,0,0,13.632139,51.087748
12,25,9,20,7,7,3,6,7,0,0,1,0,1,0,0,0,13.71281,51.048245
12,25,9,20,10,7,3,5,2,0,0,1,1,0,0,0,0,13.702397,51.090518
12,25,9,20,10,7,3,4,1,0,0,1,1,0,0,0,0,13.705147,51.085188
12,25,9,20,15,7,3,2,6,0,0,1,1,0,0,0,0,13.752339,51.05452
12,25,9,20,16,7,3,5,2,0,0,1,1,0,0,0,0,13.692391,51.042844
12,25,9,20,17,7,3,3,6,0,0,1,0,0,0,0,0,13.802615,51.040605
12,25,9,21,0,1,3,0,7,2,0,1,0,0,0,0,0,13.737421,51.053924
12,25,9,21,15,1,3,8,1,0,0,1,0,0,0,0,0,13.749213,51.040454
12,25,9,21,16,1,3,3,2,0,0,1,1,0,0,0,0,13.70733,51.051607
12,25,9,21,16,1,3,0,1,0,0,1,0,0,0,0,0,13.720664,51.083894
12,25,9,22,7,2,3,5,3,0,1,1,1,0,0,0,0,13.696588,51.043343
12,25,9,22,14,2,2,0,1,0,1,1,0,0,0,0,0,13.701341,51.091251
12,25,9,22,17,2,3,1,5,0,1,1,1,0,0,0,0,13.750799,51.045969
12,25,9,23,10,3,2,5,3,0,0,1,0,0,0,0,0,13.728642,51.0821
12,25,9,23,16,3,3,5,6,0,0,1,1,0,0,0,0,13.775816,51.050804
12,25,9,23,16,3,3,5,3,0,0,1,1,0,0,0,0,13.792392,51.058186
12,25,9,23,16,3,3,2,6,0,0,1,1,0,0,0,0,13.806264,51.142842
12,25,9,24,7,4,3,7,7,0,0,1,0,0,0,0,0,13.779013,51.03152
12,25,9,24,12,4,3,5,3,0,0,1,1,0,0,0,0,13.769978,51.110797
12,25,9,24,14,4,3,8,6,0,0,1,1,0,0,0,0,13.595345,51.071078
12,25,9,24,18,4,3,2,1,0,0,1,1,0,0,0,0,13.710076,51.023452
12,25,9,24,19,4,2,0,1,2,0,1,0,0,0,0,0,13.755772,51.072418
12,25,9,25,6,5,2,6,4,2,1,1,0,1,0,0,0,13.751906,51.074239
12,25,9,25,16,5,3,5,3,0,1,1,1,0,0,0,0,13.805543,51.044573
12,25,9,25,17,5,3,3,5,0,1,1,1,0,0,0,0,13.721451,51.055423
12,25,9,25,17,5,3,5,3,0,1,1,1,0,0,0,0,13.751699,51.066959
12,25,9,25,17,5,3,5,3,0,0,1,1,0,0,0,0,13.755443,51.050008
12,25,9,25,21,5,3,0,1,2,1,1,0,0,0,0,0,13.754142,51.062091
12,25,9,27,11,7,3,0,1,0,0,1,0,0,0,0,0,13.838303,51.02379
12,25,9,28,13,1,3,0,7,0,0,1,0,0,0,0,0,13.727206,51.044694
12,25,9,28,18,1,3,6,6,1,0,1,0,1,0,0,0,13.743243,51.053458
12,25,9,28,19,1,3,0,1,2,0,1,0,0,0,0,0,13.793795,51.006919
12,25,9,29,11,2,3,5,3,0,0,1,1,0,0,0,0,13.719048,51.059615
12,25,9,29,12,2,3,0,1,0,0,1,0,0,0,0,0,13.682777,51.042415
12,25,9,29,13,2,3,0,1,0,0,1,0,0,0,0,0,13.735089,51.052372
12,25,9,29,15,2,3,1,5,0,0,1,1,0,0,0,0,13.721815,51.055786
12,25,9,29,17,2,3,0,7,0,0,1,0,0,0,0,0,13.766256,51.041249
12,25,9,30,12,3,3,0,1,0,0,1,0,0,0,0,0,13.833817,51.036578
12,25,9,30,14,3,3,2,6,0,0,1,1,0,0,0,0,13.753347,51.065478
12,25,9,30,17,3,3,4,6,0,0,1,0,0,0,0,0,13.746866,51.064854
12,25,9,30,19,3,3,6,6,2,0,1,0,1,0,0,0,13.715842,51.106773
12,25,10,1,6,4,3,0,1,1,1,1,0,0,0,0,0,13.68345,51.042418
12,25,10,1,11,4,3,5,2,0,0,1,1,0,0,0,0,13.767766,51.026089
12,25,10,1,13,4,3,5,3,0,0,1,1,0,0,0,0,13.736987,51.031349
12,25,10,1,17,4,3,1,1,0,0,1,1,0,0,0,0,13.752631,51.064373
12,25,10,1,23,4,3,6,4,2,0,1,0,1,0,0,0,13.689777,51.069399
12,25,10,2,7,5,3,0,1,0,0,1,0,0,0,0,0,13.879807,51.062664
12,25,10,2,7,5,3,0,1,0,0,1,0,0,0,0,0,13.88204,51.065091
12,25,10,2,12,5,3,5,2,0,0,1,1,0,0,0,0,13.775496,51.045283
12,25,10,2,17,5,2,3,6,0,0,1,0,0,0,0,0,13.723154,51.04569
12,25,10,2,17,5,3,5,3,0,0,1,1,0,0,0,0,13.790053,51.004588
12,25,10,3,16,6,3,5,4,0,0,1,0,1,0,0,0,13.765164,51.037356
12,25,10,4,16,7,3,0,1,0,1,1,0,0,0,0,0,13.740331,51.051373
12,25,10,6,7,2,3,5,3,0,1,1,1,0,0,0,0,13.724936,51.043951
12,25,10,6,18,2,3,0,7,1,1,1,0,0,0,0,0,13.748225,51.051375
12,25,10,7,5,3,3,1,5,2,1,1,1,0,0,0,0,13.725011,51.08764
12,25,10,7,8,3,3,0,1,0,1,1,0,0,0,0,0,13.735637,51.053475
12,25,10,7,9,3,3,5,2,0,1,1,1,0,0,0,0,13.669451,51.040038
12,25,10,7,11,3,2,0,7,0,0,1,0,0,0,0,0,13.67625,51.052385
12,25,10,7,14,3,3,0,1,0,0,1,0,0,0,0,0,13.698703,51.074176
12,25,10,7,22,3,3,8,1,2,1,1,0,0,0,0,0,13.758421,51.079236
12,25,10,8,12,4,3,5,3,0,1,1,1,0,0,0,0,13.757954,51.032886
12,25,10,9,6,5,2,0,1,2,1,1,0,0,0,0,0,13.737738,51.087853
12,25,10,10,5,6,3,0,1,2,1,1,0,0,0,0,0,13.66015,51.040072
12,25,10,10,9,6,3,0,1,0,1,1,0,0,0,0,0,13.782665,51.045382
12,25,10,11,19,7,2,0,1,2,0,1,0,0,0,0,0,13.753252,51.062908
12,25,10,11,22,7,3,0,1,2,0,1,0,0,0,0,0,13.728921,51.059354
12,25,10,14,10,3,3,0,7,0,0,1,0,0,0,0,0,13.726099,51.044169
12,25,10,14,11,3,3,0,1,0,0,1,0,0,0,0,0,13.745281,51.027031
12,25,10,14,14,3,3,5,3,0,1,1,1,0,0,0,0,13.752974,51.073888
12,25,10,14,17,3,2,0,5,2,1,1,1,0,0,0,0,13.698091,51.03264
12,25,10,14,19,3,3,0,1,2,1,1,0,0,0,0,0,13.738474,51.053901
12,25,10,15,9,4,3,7,7,0,0,1,0,0,0,0,0,13.75147,51.027329
12,25,10,15,14,4,3,5,3,0,0,1,1,0,0,0,0,13.72684,51.076711
12,25,10,15,17,4,3,0,1,2,0,1,0,0,0,0,0,13.725005,51.076985
12,25,10,15,17,4,3,0,1,0,1,1,0,0,0,0,0,13.7395,51.055196
12,25,10,16,11,5,3,5,3,0,0,1,1,0,0,0,0,13.712608,51.049971
12,25,10,16,11,5,3,5,3,0,0,1,1,0,0,0,0,13.757748,51.051437
12,25,10,16,11,5,3,0,1,0,1,1,0,0,0,0,0,13.820285,51.063532
12,25,10,16,18,5,2,5,2,2,0,1,1,0,0,0,0,13.680839,51.048677
12,25,10,16,19,5,3,5,2,2,0,1,1,0,0,0,0,13.756773,51.056201
12,25,10,17,13,6,3,0,1,0,1,1,0,0,0,0,0,13.733871,51.033854
12,25,10,18,13,7,3,6,4,0,0,1,0,1,0,0,0,13.741306,51.056261
12,25,10,18,14,7,3,5,3,0,0,1,1,0,0,0,0,13.660887,51.050333
12,25,10,18,14,7,3,3,2,0,0,1,1,0,0,0,0,13.741146,51.046286
12,25,10,18,14,7,3,0,1,0,1,1,0,0,0,0,0,13.794371,50.995852
12,25,10,18,14,7,3,0,7,0,1,1,0,0,0,0,0,13.848095,51.063969
12,25,10,18,15,7,2,6,6,0,0,1,0,1,0,0,0,13.814909,51.034412
12,25,10,18,21,7,3,5,3,2,0,1,1,0,0,0,0,13.736645,51.054951
12,25,10,20,11,2,3,5,3,0,0,1,1,0,0,0,0,13.692649,51.085694
12,25,10,21,6,3,3,5,2,1,0,1,0,0,0,0,1,13.736201,51.047232
12,25,10,21,7,3,3,0,1,2,1,1,0,0,0,0,0,13.864159,51.038727
12,25,10,21,8,3,3,0,1,0,1,1,0,0,0,0,0,13.83348,51.056639
12,25,10,21,14,3,3,5,2,0,0,1,1,0,0,0,0,13.741113,51.046266
12,25,10,21,15,3,3,0,7,0,0,1,0,0,0,0,0,13.755819,51.026164
12,25,10,21,16,3,3,0,1,0,0,1,0,0,0,0,0,13.711875,51.033487
12,25,10,21,19,3,3,1,5,2,0,1,1,0,0,0,0,13.742534,51.072997
12,25,10,22,6,4,3,5,3,1,0,1,1,0,0,0,0,13.690103,51.072734
12,25,10,22,8,4,3,0,1,0,1,1,0,0,0,0,0,13.735026,51.03835
12,25,10,22,15,4,2,5,3,0,0,1,0,0,0,0,1,13.735846,51.072581
12,25,10,23,7,5,3,0,1,1,1,1,0,0,0,0,0,13.758724,51.049535
12,25,10,23,8,5,2,0,1,0,1,1,0,0,0,0,0,13.756044,51.069676
12,25,10,23,12,5,3,0,1,0,1,1,0,0,0,0,0,13.751348,51.023019
12,25,10,23,14,5,3,0,2,0,1,1,1,0,0,0,0,13.734504,51.061615
12,25,10,23,17,5,3,5,2,1,0,1,0,0,0,0,1,13.719187,51.054116
12,25,10,24,7,6,3,5,2,0,0,1,1,0,0,0,0,13.776297,51.032436
12,25,10,24,16,6,3,2,2,0,0,1,1,0,0,0,0,13.801817,50.994539
12,25,10,25,11,7,3,6,4,0,0,1,0,1,0,0,0,13.815413,51.045087
12,25,10,26,10,1,3,4,6,0,1,1,1,0,0,0,0,13.71582,51.106703
12,25,10,26,15,1,3,0,7,0,1,1,0,0,0,0,0,13.772039,51.039665
12,25,10,27,7,2,2,4,2,0,1,1,1,0,0,0,0,13.700663,51.08229
12,25,10,27,11,2,3,0,1,0,1,1,0,0,0,0,0,13.746736,51.063775
12,25,10,27,13,2,3,5,2,0,0,1,1,0,0,0,0,13.756729,51.056216
12,25,10,27,14,2,3,5,2,0,1,1,1,0,0,0,0,13.807347,51.043829
12,25,10,28,9,3,3,3,6,0,0,1,1,0,0,0,0,13.808714,51.005633
12,25,10,28,12,3,3,0,1,0,1,1,0,0,0,0,0,13.754935,51.068035
12,25,10,28,17,3,3,5,3,2,1,1,1,0,0,0,0,13.763713,51.058732
12,25,10,29,8,4,2,7,7,0,0,1,0,0,0,0,1,13.767327,51.064339
12,25,10,29,8,4,3,5,3,0,0,1,1,0,0,0,0,13.844255,51.127683
12,25,10,29,12,4,3,5,3,0,0,1,1,0,0,0,0,13.803244,51.021741
12,25,10,29,13,4,3,0,6,0,0,1,0,0,0,0,0,13.689798,51.07034
12,25,10,29,14,4,3,0,7,0,0,1,0,0,0,0,0,13.689932,51.064476
12,25,10,29,17,4,2,4,6,2,0,1,0,0,0,0,0,13.670483,51.081218
12,25,10,29,20,4,3,2,7,2,0,1,1,0,0,0,0,13.709196,51.047084
12,25,10,30,8,5,3,5,2,0,0,1,1,0,0,0,0,13.749643,51.033594
12,25,10,30,16,5,3,5,2,1,0,1,1,0,0,0,0,13.799267,51.04176
12,25,10,31,13,6,3,5,3,0,0,1,1,0,0,0,0,13.748595,51.04825
12,25,11,1,17,7,3,2,6,2,0,1,0,0,0,0,0,13.816104,51.043949
12,25,11,1,21,7,3,1,1,2,1,1,1,0,0,0,0,13.726924,51.050611
12,25,11,2,22,1,2,0,1,2,1,1,0,0,0,0,0,13.691635,51.049084
12,25,11,3,8,2,3,5,2,0,1,1,0,0,0,1,0,13.70423,51.043566
12,25,11,3,9,2,3,0,6,0,1,1,1,0,0,0,0,13.707892,51.038977
12,25,11,3,15,2,3,1,5,0,0,1,1,0,0,0,0,13.726351,51.075614
12,25,11,3,16,2,3,5,3,2,1,1,1,0,0,0,0,13.705777,51.090579
12,25,11,3,16,2,3,3,6,0,0,1,1,0,0,0,0,13.747639,51.043323
12,25,11,4,14,3,2,0,1,0,1,1,0,0,0,0,0,13.757407,51.052271
12,25,11,4,16,3,3,5,3,2,0,1,1,0,0,0,0,13.710088,51.026637
12,25,11,4,18,3,3,0,1,2,0,1,0,0,0,0,0,13.68995,51.007466
12,25,11,4,18,3,3,5,1,2,0,1,0,0,0,0,0,13.754811,51.046273
12,25,11,4,21,3,3,0,1,2,0,1,0,0,0,0,0,13.722507,51.045895
12,25,11,5,7,4,2,5,3,0,0,1,1,0,0,0,0,13.719604,51.035199
12,25,11,5,15,4,3,0,1,0,1,1,0,0,0,0,0,13.733186,51.05128
12,25,11,5,17,4,3,0,1,2,0,1,0,0,0,0,0,13.719483,51.077122
12,25,11,5,17,4,3,5,3,2,0,1,1,0,0,0,0,13.754508,51.046092
12,25,11,5,19,4,3,6,4,2,0,1,0,1,0,0,0,13.748963,51.07167
12,25,11,5,19,4,3,7,7,2,0,1,0,0,0,0,0,13.800096,51.009733
12,25,11,6,11,5,3,5,2,0,0,1,1,0,0,0,0,13.74583,51.028536
12,25,11,6,19,5,3,1,3,2,0,1,1,0,0,0,0,13.730276,51.031861
12,25,11,7,6,6,3,0,1,0,0,1,0,0,0,0,0,13.831888,51.009875
12,25,11,7,8,6,3,5,3,0,0,1,1,0,0,0,0,13.729697,51.075063
12,25,11,7,9,6,2,0,7,0,0,1,0,0,0,0,0,13.745387,51.036997
12,25,11,7,12,6,3,0,6,0,0,1,0,0,0,0,1,13.744608,51.053428
12,25,11,7,12,6,2,0,7,0,0,1,0,0,0,0,0,13.770206,51.102485
12,25,11,7,14,6,3,2,6,0,0,1,1,0,0,0,0,13.843204,51.007514
12,25,11,7,16,6,3,5,3,1,0,1,1,0,0,0,0,13.749613,51.033785
12,25,11,7,17,6,3,5,2,2,0,1,1,0,0,0,0,13.703566,51.034634
12,25,11,8,11,7,3,3,2,0,0,1,1,0,0,0,0,13.772782,51.047838
12,25,11,8,15,7,3,0,7,0,0,1,0,0,0,0,0,13.736151,51.053224
12,25,11,10,5,2,3,5,3,2,1,1,0,0,0,0,1,13.735862,51.072563
12,25,11,11,8,3,3,5,3,0,1,1,1,0,0,0,0,13.765776,51.065783
12,25,11,11,9,3,2,5,3,0,1,1,0,0,1,0,0,13.884855,51.060939
12,25,11,11,13,3,3,5,3,0,0,1,1,0,0,0,0,13.705121,51.037462
12,25,11,11,16,3,3,5,3,0,0,1,1,0,0,0,0,13.745355,51.062561
12,25,11,12,7,4,3,5,3,0,0,1,1,0,0,0,0,13.710776,51.05895
12,25,11,12,7,4,3,6,4,0,1,1,0,1,0,0,0,13.820896,51.056211
12,25,11,12,11,4,3,0,7,0,0,1,0,0,0,0,0,13.756128,51.05228
12,25,11,12,15,4,3,5,2,0,0,1,1,0,0,0,0,13.687962,51.061974
12,25,11,12,16,4,3,0,1,1,0,1,0,0,0,0,0,13.740571,51.071693
12,25,11,12,19,4,3,6,7,2,0,1,0,1,0,0,0,13.685726,51.083317
12,25,11,13,10,5,3,0,1,0,1,1,0,0,0,0,0,13.798388,51.02374
12,25,11,14,14,6,3,3,6,0,0,1,1,0,0,0,0,13.885779,51.061412
12,25,11,14,17,6,3,6,4,2,0,1,0,1,0,0,0,13.747204,51.031086
12,25,11,15,1,7,3,5,3,2,0,1,1,0,0,0,0,13.721515,51.054269
12,25,11,15,16,7,3,0,1,2,1,1,0,0,0,0,0,13.68362,51.036157
12,25,11,16,12,1,3,3,2,0,0,1,1,0,0,0,0,13.749005,51.037454
12,25,11,17,4,2,3,0,1,2,1,1,0,0,0,0,0,13.715673,51.02688
12,25,11,17,5,2,3,7,7,2,1,1,0,0,0,0,0,13.717618,51.077146
12,25,11,17,7,2,3,1,5,0,1,1,1,0,0,0,0,13.79851,51.045787
12,25,11,17,16,2,3,0,1,2,1,1,0,0,0,0,0,13.843365,51.008248
12,25,11,17,17,2,3,5,3,2,1,1,1,0,0,0,0,13.803318,51.053891
12,25,11,18,8,3,3,0,1,0,2,1,0,0,0,0,0,13.71826,51.076336
12,25,11,18,8,3,3,0,3,0,0,1,1,0,0,0,0,13.761543,51.052004
12,25,11,18,17,3,3,0,1,2,0,1,0,0,0,0,0,13.718205,51.059875
12,25,11,20,13,5,3,8,1,0,1,1,0,0,0,0,0,13.748528,51.032597
12,25,11,20,14,5,2,8,1,0,1,1,0,0,0,0,0,13.735057,51.052347
12,25,11,20,14,5,3,5,2,0,1,1,0,0,1,0,0,13.802209,51.000997
12,25,11,20,22,5,3,5,2,2,0,1,1,0,0,0,0,13.708954,51.047234
12,25,11,21,6,6,3,0,6,2,0,1,0,0,0,0,1,13.721884,51.05637
12,25,11,22,10,7,3,5,3,0,0,1,1,0,0,0,0,13.693441,51.069398
12,25,11,22,21,7,3,6,7,2,0,1,0,1,0,0,0,13.743507,51.057301
12,25,11,23,10,1,3,5,3,0,0,1,1,0,0,0,0,13.706991,51.041408
12,25,11,23,15,1,3,0,1,0,0,1,0,0,0,0,0,13.823781,51.012861
12,25,11,24,4,2,3,0,1,2,2,1,0,0,0,0,0,13.719751,51.088153
12,25,11,24,16,2,3,1,5,1,1,1,1,0,0,0,0,13.827017,50.995471