UKREIS,UJAHR,UMONAT,UTAG,USTUNDE,UWOCHENTAG,UKATEGORIE,UART,UTYP,LICHT,USTRZUSTAND,IstRad,IstPKW,IstFuss,IstKrad,IstGkfz,IstSonstige,@lon,@lat
25,23,11,27,18,2,3,5,3,2,1,1,1,0,0,0,0,14.4603,51.196395
25,24,2,15,19,5,3,0,6,2,1,1,1,0,0,0,0,14.447516,51.183714
25,24,2,27,7,3,3,5,3,0,0,1,1,0,0,0,0,14.423514,51.178412
25,24,2,28,19,4,3,1,5,2,0,1,1,0,0,0,0,14.43392,51.179794
25,24,2,29,11,5,3,4,2,0,0,1,1,0,0,0,0,14.435255,51.181263
25,24,3,17,11,1,3,5,3,0,0,1,1,0,0,0,0,14.441525,51.181753
25,24,3,22,0,6,3,0,1,2,1,1,0,0,0,0,0,14.445805,51.176643
25,24,3,28,17,5,3,1,5,0,0,1,1,0,0,0,0,14.434504,51.176275
25,24,3,30,13,7,3,5,3,0,0,1,1,0,0,0,0,14.428697,51.180997
25,24,4,7,16,1,2,0,1,0,1,1,0,0,0,0,0,14.420398,51.176394
25,24,4,8,10,2,2,1,5,0,0,1,1,0,0,0,0,14.425619,51.178552
25,24,4,10,16,4,3,3,6,0,0,1,1,0,0,0,0,14.420613,51.17958
25,24,4,11,15,5,3,3,2,0,0,1,1,0,0,0,0,14.445752,51.17146
25,24,4,12,23,6,3,0,1,2,0,1,0,0,0,0,0,14.447309,51.186583
25,24,4,18,15,5,2,0,1,0,0,1,0,0,0,0,0,14.398989,51.179703
25,24,4,19,11,6,3,0,1,0,1,1,0,0,0,0,0,14.427991,51.181232
25,24,4,27,14,7,3,0,1,0,0,1,0,0,0,0,0,14.422158,51.176424
25,24,4,27,17,7,3,4,1,0,0,1,0,1,0,0,0,14.44761,51.181914
25,24,4,29,9,2,3,3,2,0,0,1,1,0,0,0,0,14.440456,51.185707
25,24,4,29,18,2,3,3,7,0,0,1,1,0,0,0,0,14.435337,51.184001
25,24,5,1,20,4,3,5,3,1,0,1,0,0,0,0,0,14.461095,51.198266
25,24,5,8,7,4,3,5,3,0,0,1,1,0,0,0,0,14.435786,51.155312
25,24,5,8,8,4,3,3,6,0,0,1,1,0,0,0,0,14.433316,51.18222
25,24,5,9,23,5,2,0,1,2,0,1,0,0,0,0,0,14.415325,51.197679
25,24,5,13,11,2,3,1,7,0,0,1,1,0,0,0,0,14.425358,51.177952
25,24,5,14,7,3,3,5,3,0,0,1,1,0,0,0,0,14.394463,51.179571
25,24,5,27,11,2,2,2,6,0,0,1,1,0,0,0,0,14.451171,51.168646
25,24,6,8,11,7,3,0,7,0,0,1,0,0,0,0,0,14.452555,51.175308
25,24,6,8,21,7,3,0,1,1,0,1,0,0,0,0,0,14.422582,51.184366
25,24,6,17,17,2,3,6,7,0,0,1,0,1,0,0,0,14.446815,51.177529
25,24,6,18,7,3,3,5,3,0,0,1,1,0,0,0,0,14.426456,51.167187
25,24,6,18,14,3,3,6,6,0,0,1,0,1,0,0,0,14.416611,51.174307
25,24,6,25,18,3,3,0,1,0,0,1,1,0,0,0,0,14.43254,51.181081
25,24,7,8,8,2,3,0,7,0,0,1,1,0,0,0,0,14.440939,51.173798
25,24,7,16,12,3,3,5,3,0,0,1,1,0,0,0,0,14.430185,51.179188
25,24,7,16,13,3,3,3,6,0,0,1,1,0,0,0,0,14.428358,51.182988
25,24,7,24,16,4,3,0,1,0,0,1,0,0,0,0,0,14.428494,51.163252
25,24,7,25,16,5,3,0,1,0,0,1,0,0,0,0,0,14.417191,51.179391
25,24,7,25,16,5,3,0,1,0,0,1,0,0,0,0,0,14.4546,51.175827
25,24,7,29,15,2,3,3,2,0,0,1,1,0,0,0,0,14.446864,51.179815
25,24,7,30,19,3,3,5,3,1,0,1,1,0,0,0,0,14.417385,51.179408
25,24,8,7,8,4,2,4,2,0,0,1,1,0,0,0,0,14.435254,51.169635
25,24,8,7,15,4,3,5,3,0,0,1,0,0,0,0,0,14.410194,51.193268
25,24,8,8,10,5,3,4,2,0,0,1,1,0,0,0,0,14.401937,51.179776
25,24,8,10,12,7,3,1,5,0,0,1,1,0,0,0,0,14.431155,51.172742
25,24,8,17,7,7,3,4,2,0,0,1,1,0,0,0,0,14.425141,51.179643
25,24,8,23,14,6,2,5,3,0,0,1,1,0,0,0,0,14.439793,51.174992
25,24,8,26,8,2,3,5,3,0,0,1,1,0,0,0,0,14.44236,51.186479
25,24,8,29,10,5,3,1,1,0,0,1,1,0,0,0,0,14.441718,51.168395
25,24,9,3,17,3,3,5,3,0,0,1,1,0,0,0,0,14.415007,51.179249
25,24,9,4,16,4,3,4,2,0,0,1,1,0,0,0,0,14.429177,51.176903
25,24,9,9,10,2,3,4,2,0,1,1,1,0,0,0,0,14.435164,51.183844
25,24,9,11,13,4,3,0,1,0,1,1,0,0,0,0,0,14.441053,51.180178
25,24,9,12,11,5,3,4,2,0,0,1,1,0,0,0,0,14.430183,51.179185
25,24,9,17,15,3,3,5,3,0,0,1,1,0,0,0,0,14.439686,51.177469
25,24,9,22,16,1,3,2,6,0,0,1,1,0,0,0,0,14.434087,51.179971
25,24,9,23,13,2,3,1,5,0,0,1,1,0,0,0,0,14.428862,51.180456
25,24,9,23,17,2,2,0,7,0,0,1,0,0,0,0,0,14.42595,51.180128
25,24,9,25,18,4,3,1,5,1,0,1,1,0,0,0,0,14.442105,51.168362
25,24,10,1,21,3,3,4,2,2,1,1,1,0,0,0,0,14.416057,51.179383
25,24,10,4,9,6,3,3,2,0,0,1,1,0,0,0,0,14.417629,51.17943
25,24,10,21,23,2,3,0,1,2,0,1,0,0,0,0,0,14.42495,51.175596
25,24,10,23,7,4,3,5,3,2,0,1,1,0,0,0,0,14.411509,51.1849
25,24,10,26,20,7,3,8,1,2,0,1,0,0,0,0,0,14.418182,51.156544
25,24,10,30,11,4,3,5,3,0,1,1,1,0,0,0,0,14.445478,51.179986
25,24,11,1,9,6,2,5,3,0,0,1,1,0,0,0,0,14.433356,51.181211
25,24,11,1,10,6,3,5,3,0,0,1,1,0,0,0,0,14.451578,51.178843
25,24,11,3,15,1,3,0,2,0,0,1,0,0,0,0,1,14.452338,51.190341
25,24,11,13,13,4,3,0,1,0,1,1,0,0,0,0,0,14.414707,51.18162
25,24,11,24,18,1,2,8,1,2,1,1,0,0,0,0,0,14.43677,51.189976
25,24,11,26,7,3,3,4,2,1,1,1,1,0,0,0,0,14.43733,51.181002
25,24,11,29,11,6,3,5,3,0,1,1,1,0,0,0,0,14.436074,51.181163
25,24,12,6,6,6,3,4,2,2,1,1,1,0,0,0,0,14.461989,51.189965
25,24,12,7,10,7,3,2,7,0,1,1,1,0,0,0,0,14.454261,51.189017
25,24,12,11,16,4,3,6,7,1,1,1,0,1,0,0,0,14.425456,51.176861
25,24,12,19,6,5,3,0,6,2,0,1,1,0,0,0,0,14.420441,51.180546
25,25,1,7,11,3,3,5,3,0,0,1,1,0,0,0,0,14.429577,51.173573
25,25,1,15,8,4,3,5,3,0,1,1,1,0,0,0,0,14.447485,51.19202
25,25,1,23,7,5,2,0,1,1,0,1,0,0,0,0,0,14.434868,51.152509
25,25,1,30,16,5,3,2,6,0,0,1,1,0,0,0,0,14.439711,51.168412
25,25,2,10,18,2,3,3,2,2,0,1,1,0,0,0,0,14.423684,51.181113
25,25,2,23,15,1,2,0,1,0,0,1,0,0,0,0,0,14.424337,51.181227
25,25,2,24,19,2,3,5,3,2,0,1,1,0,0,0,0,14.423528,51.181948
25,25,3,1,15,7,3,0,1,0,0,1,0,0,0,0,0,14.446809,51.192217
25,25,3,3,6,2,2,5,3,0,0,1,1,0,0,0,0,14.443334,51.18025
25,25,3,10,17,2,3,0,1,0,0,1,0,0,0,0,0,14.430425,51.180972
25,25,3,11,16,3,3,1,5,0,0,1,1,0,0,0,0,14.437244,51.173129
25,25,3,14,14,6,3,0,1,0,1,1,0,0,0,0,0,14.441945,51.180417
25,25,3,17,15,2,3,0,1,0,0,1,0,0,0,0,0,14.432614,51.169951
25,25,3,20,13,5,3,3,1,0,0,1,1,0,0,0,0,14.447387,51.178162
25,25,3,23,16,1,3,6,3,0,0,1,0,1,0,0,0,14.439598,51.185557
25,25,4,1,13,3,3,0,1,0,0,1,0,0,0,0,0,14.435517,51.183605
25,25,4,4,6,6,3,5,3,0,0,1,1,0,0,0,0,14.445493,51.179984
25,25,4,7,15,2,3,4,2,0,0,1,1,0,0,0,0,14.419303,51.170674
25,25,4,7,21,2,3,0,1,2,0,1,0,0,0,0,0,14.433062,51.180212
25,25,4,14,15,2,3,6,4,0,0,1,0,1,0,0,0,14.419365,51.17954
25,25,4,15,8,3,2,0,1,0,0,1,0,0,0,0,0,14.41753,51.16722
25,25,4,16,10,4,2,3,2,0,0,1,0,0,0,0,0,14.438384,51.180864
25,25,4,21,15,2,3,8,1,0,0,1,0,0,0,0,0,14.397172,51.179675
25,25,4,22,22,3,3,0,1,2,0,1,0,0,0,0,0,14.419437,51.178304
25,25,4,26,13,7,3,5,3,0,0,1,0,0,0,0,1,14.40669,51.20071
25,25,4,30,16,4,3,3,6,0,0,1,1,0,0,0,0,14.417074,51.179382
25,25,5,2,20,6,3,2,6,1,1,1,1,0,0,0,0,14.451355,51.190601
25,25,5,3,16,7,2,5,3,0,1,1,1,0,0,0,0,14.437661,51.180955
25,25,5,10,13,7,3,4,2,0,0,1,1,0,0,0,0,14.425001,51.179644
25,25,5,13,17,3,3,5,3,0,0,1,1,0,0,0,0,14.426161,51.167781
25,25,5,17,11,7,2,0,1,0,0,1,0,0,0,0,0,14.440946,51.168453
25,25,5,19,16,2,3,5,3,0,1,1,1,0,0,0,0,14.461791,51.190172
25,25,5,27,9,3,3,5,3,0,0,1,1,0,0,0,0,14.4476,51.178781
25,25,6,2,7,2,3,0,1,0,0,1,0,0,0,0,0,14.441856,51.186103
25,25,6,4,12,4,3,3,2,0,0,1,1,0,0,0,0,14.428033,51.164153
25,25,6,10,6,3,2,0,1,0,0,1,0,0,0,0,0,14.475913,51.213352
25,25,6,10,13,3,3,5,3,0,0,1,1,0,0,0,0,14.406666,51.179592
25,25,6,12,12,5,2,0,1,0,0,1,0,0,0,0,0,14.415042,51.167638
25,25,6,12,13,5,3,1,5,0,0,1,0,0,0,0,1,14.41215,51.215424
25,25,6,14,11,7,3,5,3,0,0,1,1,0,0,0,0,14.426482,51.167137
25,25,6,14,18,7,3,0,1,0,0,1,0,0,0,0,0,14.43332,51.179191
25,25,6,15,18,1,3,4,2,0,0,1,1,0,0,0,0,14.451363,51.190661
25,25,6,18,15,4,3,5,3,0,0,1,1,0,0,0,0,14.461177,51.198846
25,25,6,18,18,4,3,0,1,0,0,1,0,0,0,0,0,14.423627,51.179265
25,25,6,19,10,5,3,4,2,0,0,1,1,0,0,0,0,14.430213,51.180189
25,25,6,24,15,3,3,5,3,0,0,1,0,0,0,0,1,14.451473,51.178873
25,25,6,27,17,6,3,1,1,0,0,1,1,0,0,0,0,14.424963,51.178196
25,25,6,28,8,7,2,0,6,0,0,1,1,0,0,0,0,14.428386,51.183107
25,25,6,28,12,7,3,0,1,0,0,1,0,0,0,0,0,14.452401,51.175349
25,25,6,29,11,1,3,0,7,0,0,1,0,0,0,0,0,14.446152,51.194676
25,25,7,15,7,3,3,5,3,0,0,1,1,0,0,0,0,14.409152,51.197571
25,25,7,15,11,3,2,5,3,0,0,1,0,0,0,0,1,14.449464,51.179426
25,25,7,18,20,6,2,0,1,0,0,1,0,0,0,0,0,14.445588,51.192429
25,25,7,22,9,3,3,3,6,0,0,1,0,0,0,0,0,14.406229,51.179659
25,25,7,22,15,3,3,1,5,0,0,1,1,0,0,0,0,14.42901,51.177556
25,25,7,23,5,4,3,0,1,0,0,1,0,0,0,0,0,14.441271,51.1805
25,25,7,27,17,1,3,5,3,0,0,1,1,0,0,0,0,14.452446,51.175336
25,25,8,3,12,1,3,5,3,0,0,1,1,0,0,0,0,14.445493,51.179984
25,25,8,3,14,1,3,0,1,0,0,1,0,0,0,0,0,14.446088,51.195115
25,25,8,5,16,3,2,5,3,0,1,1,1,0,0,0,0,14.431175,51.17917
25,25,8,7,15,5,3,0,1,0,0,1,0,0,0,0,0,14.442028,51.175508
25,25,8,13,16,4,3,8,7,0,0,1,1,0,0,0,0,14.427495,51.180044
25,25,8,14,18,5,3,0,1,0,0,1,0,0,0,0,0,14.447354,51.191592
25,25,8,19,15,3,3,5,3,0,0,1,1,0,0,0,0,14.446774,51.187423
25,25,8,20,11,4,2,0,2,0,0,1,1,0,0,0,0,14.429126,51.176916
25,25,8,22,13,6,3,3,2,0,0,1,0,0,0,1,0,14.447863,51.179724
25,25,8,25,8,2,3,0,6,0,0,1,0,0,0,0,0,14.413011,51.180945
25,25,8,26,13,3,3,4,2,0,0,1,1,0,0,0,0,14.429124,51.176928
25,25,9,2,13,3,3,0,1,0,1,1,0,0,0,0,0,14.428505,51.176919
25,25,9,9,10,3,3,8,1,0,0,1,0,0,0,0,0,14.423361,51.176962
25,25,9,12,10,6,3,4,2,0,0,1,1,0,0,0,0,14.430924,51.182261
25,25,9,16,10,3,2,0,1,0,0,1,0,0,0,0,0,14.434451,51.177332
25,25,9,16,12,3,3,0,3,0,0,1,1,0,0,0,0,14.433356,51.181211
25,25,9,19,7,6,3,5,3,2,0,1,1,0,0,0,0,14.437314,51.185103
25,25,9,20,14,7,2,5,3,0,0,1,1,0,0,0,0,14.42843,51.163374
25,25,9,23,6,3,3,0,1,2,1,1,0,0,0,0,0,14.399995,51.179712
25,25,9,26,15,6,3,5,3,0,0,1,1,0,0,0,0,14.435554,51.178192
25,25,9,27,13,7,3,4,1,0,0,1,0,0,0,0,0,14.419778,51.188347
25,25,9,29,14,2,1,5,3,0,0,1,0,0,0,0,0,14.425976,51.175196
25,25,10,1,10,4,3,6,7,0,0,1,0,1,0,0,0,14.448109,51.180905
25,25,10,2,13,5,3,1,5,0,0,1,1,0,0,0,0,14.439118,51.18077
25,25,10,2,13,5,3,3,2,0,0,1,1,0,0,0,0,14.455862,51.177593
25,25,10,8,15,4,3,3,2,0,1,1,1,0,0,0,0,14.428013,51.164193
25,25,10,15,14,4,3,5,3,0,0,1,1,0,0,0,0,14.39854,51.17969
25,25,10,15,18,4,3,4,6,1,1,1,0,0,0,0,0,14.450668,51.189957
25,25,10,20,7,2,3,3,6,0,0,1,1,0,0,0,0,14.425134,51.175525
25,25,10,20,14,2,3,0,1,0,0,1,0,0,0,0,0,14.423667,51.178389
25,25,11,5,9,4,2,6,4,0,0,1,0,1,0,0,0,14.425997,51.179665
25,25,11,13,14,5,3,5,3,0,0,1,1,0,0,0,0,14.442391,51.186285
25,25,11,21,17,6,3,6,2,2,0,1,0,1,0,0,0,14.42168,51.171609
25,25,12,4,7,5,3,0,1,1,2,1,0,0,0,0,0,14.429123,51.176932
25,25,12,5,13,6,3,5,3,0,1,1,1,0,0,0,0,14.43733,51.185111
25,25,12,8,18,2,3,5,3,2,0,1,1,0,0,0,0,14.432123,51.182161
25,25,12,23,7,3,3,5,3,2,1,1,1,0,0,0,0,14.394525,51.179649
25,25,12,31,13,4,2,0,1,0,2,1,0,0,0,0,0,14.442457,51.186306
25,16,2,3,10,4,2,5,2,0,0,1,0,0,0,1,0,14.070446,51.376124
25,16,2,4,15,5,3,7,7,0,0,1,0,1,0,0,0,14.042173,51.364022
25,16,6,4,10,7,3,5,3,0,0,1,1,0,0,0,0,14.068004,51.373384
25,16,9,5,9,2,3,1,5,0,1,1,1,0,0,0,0,14.067239,51.361152
25,16,9,5,14,2,3,5,2,0,0,1,1,0,0,0,0,14.070439,51.376118
25,16,11,1,10,3,3,5,3,0,0,1,1,0,0,0,0,14.071668,51.377062
25,17,4,4,12,3,3,5,3,0,1,1,1,1,0,0,0,14.059749,51.36868
25,17,6,20,16,3,3,4,2,0,0,1,0,0,0,0,0,14.066145,51.370488
25,17,7,9,14,1,2,1,5,0,0,1,1,0,0,0,0,14.069402,51.382572
25,17,12,18,16,2,3,5,3,1,1,1,1,0,0,0,0,14.085173,51.384667
25,18,4,6,7,6,3,3,2,0,0,1,1,0,0,0,0,14.066219,51.370595
25,18,7,2,11,2,3,5,3,0,0,1,1,0,0,0,0,14.07176,51.377117
25,18,10,2,5,3,3,5,3,2,0,1,1,0,0,0,0,14.070377,51.376058
25,18,10,2,22,3,3,0,7,2,0,1,0,0,0,0,0,14.045528,51.361216
25,19,3,7,12,5,2,3,2,0,0,1,0,0,0,1,0,14.070401,51.376081
25,19,6,7,18,6,2,5,3,0,0,1,0,0,1,0,0,14.047054,51.361882
25,19,8,1,17,5,2,8,1,0,0,1,0,0,0,0,0,14.013591,51.348531
25,19,8,4,17,1,3,3,2,0,0,1,1,0,0,0,0,14.070461,51.37614
25,19,9,3,16,3,3,5,3,0,0,1,1,0,0,0,0,14.032901,51.389466
25,19,11,6,21,4,2,0,7,2,0,1,0,0,0,0,0,14.065555,51.352044
25,20,1,18,23,7,3,0,1,2,0,1,1,0,0,0,0,14.061769,51.368687
25,20,6,12,17,6,3,3,6,0,0,1,1,0,0,0,0,14.052275,51.363452
25,20,7,25,16,7,3,5,3,0,0,1,0,0,0,0,1,14.065885,51.370164
25,20,9,6,15,1,3,3,2,0,0,1,0,0,1,0,0,14.025463,51.389299
25,21,2,4,14,5,3,5,3,0,1,1,1,0,0,0,0,14.064767,51.368942
25,21,2,8,5,2,3,0,1,2,2,1,0,0,0,0,0,14.067059,51.359686
25,21,6,19,12,7,3,1,5,0,0,1,1,0,0,0,0,14.072167,51.375671
25,21,8,15,21,1,3,5,3,2,0,1,0,0,1,0,0,14.065705,51.377276
25,21,8,30,15,2,2,5,3,0,0,1,1,0,0,0,0,14.068876,51.374615
25,21,10,22,12,6,3,5,3,0,0,1,1,0,0,0,0,14.06594,51.373746
25,21,11,29,12,2,3,5,3,0,1,1,0,0,0,0,1,14.062808,51.366873
25,21,12,7,7,3,3,0,2,0,2,1,1,0,0,0,0,14.062513,51.372766
25,22,5,14,12,7,3,0,1,0,0,1,0,0,0,0,0,14.012668,51.348325
25,22,8,12,9,6,2,5,3,0,0,1,1,0,0,0,0,14.064764,51.368939
25,22,8,27,0,7,2,5,3,2,1,1,0,0,0,0,1,14.054831,51.364187
25,22,10,6,17,5,3,1,5,0,0,1,1,0,0,0,0,14.059673,51.366745
25,22,10,17,14,2,3,5,3,0,0,1,1,0,0,0,0,14.06888,51.374619
25,23,1,4,10,4,3,5,3,0,1,1,1,0,0,0,0,14.067284,51.372273
25,23,4,22,12,7,3,0,1,0,0,1,0,0,0,0,0,14.064804,51.352938
25,23,8,18,12,6,3,5,3,0,0,1,1,0,0,0,0,14.068875,51.374613
25,23,12,1,18,6,2,5,3,2,2,1,1,0,0,0,0,14.071765,51.37712
25,24,2,5,11,2,3,0,1,0,1,1,0,0,0,0,0,14.07177,51.377123
25,24,4,22,9,2,3,5,3,0,0,1,1,0,0,0,0,14.068863,51.37462
25,24,7,4,13,5,3,5,3,0,0,1,0,0,0,0,1,14.065014,51.368738
25,24,7,8,15,2,3,5,3,0,0,1,0,0,0,0,0,14.066141,51.370484
25,24,7,12,12,6,2,0,1,0,0,1,0,0,0,0,0,14.067512,51.360666
25,24,9,10,14,3,3,0,1,0,0,1,0,0,0,0,0,14.068509,51.342773
25,24,10,23,9,4,1,3,2,0,0,1,0,0,0,1,0,14.07045,51.376129
25,25,2,10,17,2,2,0,1,1,0,1,0,0,0,0,0,14.065765,51.352828
25,25,4,9,18,4,2,1,5,2,0,1,1,0,0,0,0,14.065475,51.373026
25,25,5,11,15,1,3,4,2,0,0,1,1,0,0,0,0,14.071243,51.384179
25,25,6,11,22,4,3,0,1,2,0,1,0,0,0,0,0,14.061921,51.370148
25,25,6,24,18,3,3,0,1,0,0,1,0,0,0,0,0,14.057439,51.37
25,25,6,28,20,7,3,0,7,0,0,1,0,0,0,0,0,14.079835,51.376867
25,25,7,26,13,7,3,3,6,0,0,1,1,0,0,0,0,14.067299,51.370622
25,25,10,20,11,2,3,3,2,0,0,1,0,0,0,1,0,14.070442,51.37612
25,16,5,5,5,5,2,7,7,1,0,1,0,0,0,0,0,14.196706,51.157467
25,16,5,7,14,7,3,8,7,0,0,1,0,0,0,0,0,14.204136,51.121293
25,16,6,5,18,1,3,5,2,0,0,1,1,0,0,0,0,14.193,51.137187
25,16,7,5,18,3,3,5,3,0,0,1,1,0,0,0,0,14.194501,51.122077
25,16,7,7,10,5,2,5,3,0,0,1,1,0,0,0,0,14.186707,51.12359
25,16,10,7,16,6,3,1,6,0,0,1,0,0,0,0,1,14.187195,51.130485
25,16,11,2,13,4,3,2,6,0,1,1,1,0,0,0,0,14.183723,51.120504
25,17,6,28,16,4,3,0,1,0,0,1,0,0,0,0,0,14.188102,51.124649
25,17,9,5,15,3,3,0,7,0,0,1,0,0,0,0,0,14.18829,51.124792
25,17,10,1,19,1,3,0,1,2,0,1,0,0,0,0,0,14.219754,51.145214
25,17,11,23,16,5,3,5,3,2,0,1,1,0,0,0,0,14.195133,51.123107
25,17,11,24,7,6,2,5,3,0,0,1,1,0,0,0,0,14.185052,51.131114
25,18,4,5,8,5,3,5,3,0,0,1,1,0,0,0,0,14.182109,51.126093
25,18,4,6,10,6,3,5,3,0,0,1,1,0,0,0,0,14.177629,51.128696
25,18,5,6,15,1,3,3,6,0,0,1,0,0,0,0,0,14.185589,51.142241
25,18,6,3,15,1,3,0,1,0,0,1,0,0,0,0,0,14.208231,51.160237
25,18,6,5,16,3,3,4,2,0,0,1,1,0,0,0,0,14.19287,51.117578
25,18,6,6,11,4,2,5,3,0,0,1,1,0,0,0,0,14.184061,51.131873
25,18,7,5,17,5,2,0,1,0,0,1,0,0,0,0,0,14.176527,51.127367
25,18,9,4,10,3,3,7,7,0,0,1,1,0,0,0,0,14.17477,51.142287
25,18,11,6,17,3,3,0,7,2,1,1,0,0,0,0,0,14.181837,51.130161
25,19,2,6,14,4,3,4,1,0,0,1,1,0,0,0,0,14.179228,51.127648
25,19,4,3,14,4,3,5,3,0,0,1,1,0,0,0,0,14.18897,51.132546
25,19,4,4,18,5,3,0,1,0,0,1,0,0,0,0,0,14.193865,51.121242
25,19,5,1,16,4,2,0,1,0,1,1,0,0,0,0,0,14.183218,51.125345
25,19,5,6,22,2,3,9,3,2,0,1,1,0,0,0,0,14.180203,51.126576
25,19,6,1,21,7,3,8,1,1,0,1,0,0,0,0,0,14.186026,51.121922
25,19,6,2,17,1,3,5,3,0,0,1,1,0,0,0,0,14.182483,51.129434
25,19,6,5,5,4,3,8,6,0,0,1,1,0,0,0,0,14.137448,51.138456
25,19,6,6,10,5,2,5,3,0,0,1,1,0,0,0,0,14.184692,51.121306
25,19,7,3,15,4,3,5,3,0,0,1,1,0,0,0,0,14.182557,51.129437
25,19,7,5,21,6,2,9,1,0,0,1,1,0,0,0,0,14.18489,51.120003
25,19,8,5,22,2,2,4,2,2,0,1,1,0,0,0,0,14.164971,51.14461
25,19,12,2,15,2,3,6,4,0,0,1,0,1,0,0,0,14.17606,51.125495
25,20,5,28,14,5,3,0,7,0,0,1,0,0,0,0,0,14.184033,51.1248
25,20,6,19,21,6,3,0,3,0,1,1,1,0,0,0,0,14.191047,51.124025
25,20,7,5,17,1,3,3,2,0,0,1,1,0,0,0,0,14.135255,51.112935
25,20,7,30,6,5,3,5,3,0,0,1,1,0,0,0,0,14.184691,51.13092
25,20,9,22,15,3,3,0,7,0,0,1,0,0,0,0,0,14.193252,51.130568
25,20,9,28,15,2,3,0,1,0,0,1,0,0,0,0,0,14.194439,51.130622
25,20,11,28,7,7,2,2,2,0,1,1,1,0,0,0,0,14.182417,51.129346
25,21,7,8,13,5,3,3,2,0,0,1,1,0,0,0,0,14.191566,51.136381
25,21,7,18,21,1,3,0,1,2,0,1,0,0,0,0,0,14.180748,51.124949
25,21,8,29,18,1,3,5,3,0,0,1,1,0,0,0,0,14.188165,51.122001
25,21,9,10,6,6,3,2,6,0,0,1,1,0,0,0,0,14.184736,51.124262
25,21,10,15,17,6,2,0,1,1,1,1,0,0,0,0,0,14.15536,51.094036
25,22,5,16,12,2,3,5,3,0,0,1,0,0,0,1,0,14.185252,51.131919
25,22,5,22,18,1,3,3,2,0,0,1,1,0,0,0,0,14.152768,51.111432
25,22,6,10,15,6,3,0,1,0,0,1,0,0,0,0,0,14.181094,51.135718
25,22,6,28,19,3,3,0,1,0,0,1,0,0,0,0,0,14.187813,51.124432
25,22,8,18,10,5,3,1,5,0,0,1,1,0,0,0,0,14.195999,51.119604
25,22,8,18,18,5,2,5,3,1,1,1,0,0,0,0,1,14.186091,51.155014
25,22,9,28,14,4,2,0,7,0,1,1,0,0,0,0,0,14.185055,51.131116
25,22,9,30,16,6,3,0,1,0,0,1,0,0,0,0,0,14.17961,51.127086
25,23,4,17,13,2,3,5,3,0,1,1,1,0,0,0,0,14.181363,51.124364
25,23,5,7,17,1,2,0,1,0,0,1,0,0,0,0,0,14.204993,51.120603
25,23,6,13,11,3,3,5,3,0,0,1,1,0,0,0,0,14.180362,51.128984
25,23,8,11,16,6,2,4,2,0,0,1,1,0,0,0,0,14.178072,51.124076
25,23,12,13,6,4,3,6,6,2,1,1,0,1,0,0,0,14.184902,51.123599
25,24,1,13,9,7,3,6,7,0,0,1,0,1,0,0,0,14.176828,51.125966
25,24,2,6,14,3,2,8,1,0,1,1,0,0,0,0,0,14.201315,51.140936
25,24,3,15,20,6,3,0,1,2,0,1,0,0,0,0,0,14.178339,51.141467
25,24,4,5,16,6,3,0,1,0,0,1,0,0,0,0,0,14.197083,51.130751
25,24,6,8,14,7,3,0,1,0,0,1,0,0,0,0,0,14.185005,51.131084
25,24,6,17,14,2,3,0,3,0,1,1,1,0,0,0,0,14.203982,51.155358
25,24,6,26,10,4,3,5,3,0,0,1,1,0,0,0,0,14.183427,51.128836
25,24,7,6,14,7,3,5,3,0,0,1,1,0,0,0,0,14.188581,51.134681
25,24,7,25,19,5,3,0,1,0,0,1,0,0,0,0,0,14.184178,51.130538
25,24,7,30,13,3,3,4,2,0,0,1,1,0,0,0,0,14.181455,51.126561
25,24,8,1,6,5,3,0,1,0,0,1,0,0,0,0,0,14.186198,51.123154
25,24,8,6,15,3,3,5,3,0,0,1,1,0,0,0,0,14.183423,51.128831
25,24,8,20,7,3,3,5,3,0,0,1,1,0,0,0,0,14.203576,51.141285
25,24,10,4,4,6,3,5,3,2,1,1,1,0,0,0,0,14.181576,51.129889
25,24,11,19,17,3,2,4,6,2,1,1,1,0,0,0,0,14.217817,51.144757
25,25,3,1,19,7,3,2,6,2,0,1,1,0,0,0,0,14.180089,51.124892
25,25,6,6,18,6,2,0,1,0,0,1,0,0,0,0,0,14.180745,51.12495
25,25,6,10,8,3,3,5,3,0,0,1,1,0,0,0,0,14.185074,51.132612
25,25,6,15,19,1,3,8,5,0,0,1,1,0,0,0,0,14.178908,51.126576
25,25,7,4,18,6,2,4,2,0,0,1,1,0,0,0,0,14.203816,51.155249
25,25,7,24,15,5,3,1,5,0,0,1,1,0,0,0,0,14.184768,51.120333
25,25,8,15,16,6,3,0,1,0,0,1,0,0,0,0,0,14.179951,51.120695
25,25,9,11,17,5,2,0,7,0,0,1,0,0,0,0,0,14.192479,51.123611
25,16,5,5,15,5,2,0,1,0,0,1,0,0,0,0,0,14.080896,51.146397
25,16,9,7,6,4,2,3,6,0,0,1,1,0,0,0,0,14.055444,51.145802
25,16,12,3,10,7,2,5,2,0,1,1,1,0,0,0,0,14.060255,51.147924
25,16,6,1,19,4,3,5,3,0,0,1,1,0,0,0,0,14.177865,51.175984
25,16,6,4,23,7,2,7,7,2,0,1,0,0,0,0,0,14.254369,51.198067