UKREIS,UJAHR,UMONAT,UTAG,USTUNDE,UWOCHENTAG,UKATEGORIE,UART,UTYP,LICHT,USTRZUSTAND,IstRad,IstPKW,IstFuss,IstKrad,IstGkfz,IstSonstige,@lon,@lat
25,17,6,21,8,4,3,9,3,0,0,1,1,0,0,0,0,14.180247,51.177325
25,18,1,1,15,2,3,3,6,0,0,1,1,0,0,0,0,14.179929,51.175501
25,23,10,4,13,4,2,8,6,0,0,1,0,0,0,1,0,14.144479,51.166709
25,24,8,26,7,2,2,5,3,0,0,1,1,0,0,0,0,14.157381,51.173542
25,16,9,3,8,7,3,4,6,0,0,1,1,0,0,0,0,14.241336,51.238269
25,17,8,16,18,4,3,8,1,0,0,1,0,0,0,0,0,14.246517,51.266184
25,24,3,9,14,7,3,0,1,0,0,1,0,0,0,0,0,14.246536,51.23847
25,16,8,3,20,4,3,5,3,1,0,1,1,0,0,0,0,14.517064,51.101114
25,16,8,5,14,6,3,4,3,0,0,1,1,0,0,0,0,14.50258,51.099275
25,17,7,6,15,5,2,5,3,0,0,1,0,0,0,0,1,14.530233,51.094935
25,17,8,13,16,1,3,0,1,0,0,1,0,0,0,0,0,14.498864,51.098113
25,17,9,12,16,3,3,5,3,0,0,1,1,0,0,0,0,14.503377,51.099368
25,17,11,30,6,5,3,5,3,1,1,1,1,0,0,0,0,14.477699,51.097223
25,18,9,6,17,5,2,4,2,0,0,1,1,0,0,0,0,14.490877,51.097235
25,19,5,2,17,5,2,5,3,0,0,1,1,0,0,0,0,14.494827,51.110506
25,19,5,6,18,2,3,5,3,0,0,1,0,0,1,0,0,14.492616,51.097969
25,19,6,6,13,5,3,3,2,0,0,1,1,0,0,0,0,14.518808,51.099833
25,20,3,24,16,3,2,0,1,0,0,1,0,0,0,0,0,14.529186,51.097527
25,20,5,27,14,4,3,5,3,0,0,1,1,0,0,0,0,14.486731,51.097
25,20,6,12,17,6,2,8,1,0,0,1,0,0,0,0,0,14.489931,51.078942
25,21,6,5,19,7,3,4,1,0,0,1,1,0,0,0,0,14.477681,51.098255
25,21,7,13,15,3,2,0,7,0,0,1,0,0,0,0,0,14.485627,51.098909
25,23,3,4,14,7,2,0,1,0,1,1,0,0,0,0,0,14.477514,51.092885
25,23,6,24,17,7,2,5,3,0,0,1,1,0,0,0,0,14.501229,51.099486
25,23,7,6,19,5,2,0,1,0,0,1,0,0,0,0,0,14.515718,51.092946
25,23,7,18,20,3,3,5,3,0,0,1,1,0,0,0,0,14.498871,51.098098
25,23,8,5,21,7,3,0,1,2,1,1,0,0,0,0,0,14.48549,51.098855
25,23,9,16,11,7,3,5,3,0,0,1,1,0,0,0,0,14.498877,51.098086
25,23,9,22,11,6,3,0,1,0,1,1,0,0,0,0,0,14.502591,51.099289
25,23,11,4,15,7,2,5,3,0,0,1,1,0,0,0,0,14.497988,51.098063
25,24,6,5,13,4,3,5,3,0,0,1,1,0,0,0,0,14.530177,51.094992
25,24,9,30,17,2,2,5,3,0,0,1,1,0,0,0,0,14.497996,51.098043
25,25,5,9,17,6,3,8,1,0,0,1,0,0,0,0,0,14.480962,51.097014
25,25,5,30,12,6,3,8,1,0,1,1,0,0,0,0,0,14.489945,51.078934
25,16,1,1,18,6,3,5,3,2,0,1,1,0,0,0,0,14.245194,51.151459
25,16,5,2,7,2,3,5,3,0,0,1,1,0,0,0,0,14.272305,51.158978
25,17,6,28,12,4,2,9,1,0,0,1,0,0,0,0,0,14.273198,51.157219
25,17,9,20,18,4,3,2,6,0,0,1,0,0,1,0,0,14.226261,51.172983
25,17,11,3,15,6,3,5,2,0,0,1,0,0,1,0,0,14.249906,51.144366
25,18,1,5,14,6,3,4,1,0,1,1,1,0,0,0,0,14.243858,51.138425
25,18,10,5,12,6,3,4,2,0,0,1,1,0,0,0,0,14.245184,51.151455
25,20,1,24,14,6,3,6,6,0,0,1,0,1,0,0,0,14.246051,51.149746
25,20,4,7,19,3,3,5,3,0,0,1,1,0,0,0,0,14.270107,51.158628
25,20,4,10,16,6,3,3,6,0,0,1,0,0,0,0,0,14.238686,51.149704
25,22,5,11,16,4,3,8,3,0,0,1,1,0,0,0,0,14.281632,51.144432
25,23,5,31,14,4,3,0,1,0,0,1,0,0,0,0,0,14.240621,51.137364
25,24,3,1,22,6,2,0,1,2,0,1,0,0,0,0,0,14.245657,51.140836
25,24,4,9,6,3,3,6,7,0,0,1,0,1,0,0,0,14.267542,51.160943
25,24,8,5,10,2,3,0,7,0,0,1,0,0,0,0,0,14.247157,51.144335
25,16,5,3,15,3,3,5,3,0,0,1,1,0,0,0,0,14.348899,51.136596
25,16,8,5,17,6,2,5,3,0,0,1,1,0,0,0,0,14.395269,51.152637
25,17,4,10,14,2,3,8,1,0,0,1,0,0,0,0,0,14.292267,51.119028
25,17,7,3,15,2,3,3,6,0,0,1,1,0,0,0,0,14.390467,51.146933
25,18,3,1,16,5,3,1,5,0,0,1,1,0,0,0,0,14.401688,51.155934
25,19,4,7,15,1,3,2,2,0,0,1,0,0,0,0,0,14.332779,51.124696
25,19,5,7,16,3,3,8,7,0,0,1,0,0,0,0,0,14.380462,51.145837
25,19,7,3,2,4,2,9,1,2,0,1,0,0,0,0,0,14.355909,51.152856
25,19,9,7,0,7,2,0,1,2,0,1,0,0,0,0,0,14.40437,51.157513
25,19,9,7,10,7,2,3,6,0,0,1,1,0,0,0,0,14.351897,51.1477
25,20,7,4,14,7,3,3,2,0,0,1,1,0,0,0,0,14.288267,51.119385
25,20,8,11,8,3,2,7,7,0,0,1,0,0,0,0,0,14.333936,51.150482
25,20,9,1,18,3,3,4,2,0,0,1,1,0,0,0,0,14.363968,51.116709
25,21,6,5,17,7,3,8,1,0,0,1,0,0,0,0,0,14.35102,51.154626
25,21,8,16,15,2,2,9,1,0,0,1,0,0,0,0,0,14.389521,51.16068
25,23,6,15,14,5,3,0,1,0,1,1,0,0,0,0,0,14.39423,51.165596
25,23,6,26,19,2,3,3,2,0,0,1,1,0,0,0,0,14.405688,51.158503
25,23,9,25,17,2,2,8,7,0,0,1,0,0,0,0,0,14.301964,51.129761
25,24,5,24,8,6,3,8,6,0,0,1,1,0,0,0,0,14.402617,51.155996
25,24,7,17,12,4,3,5,3,0,0,1,1,0,0,0,0,14.405648,51.158473
25,24,10,16,13,4,3,2,6,0,0,1,0,0,0,0,1,14.326295,51.135463
25,25,3,24,9,2,3,5,3,0,0,1,1,0,0,0,0,14.355964,51.152846
25,25,9,8,8,2,3,0,1,0,0,1,0,0,0,0,0,14.372278,51.146942
25,25,10,5,10,1,2,0,1,0,0,1,0,0,0,0,0,14.40688,51.159272
25,25,12,16,5,3,2,0,1,2,2,1,0,0,0,0,0,14.387966,51.148188
25,16,5,6,18,6,2,4,2,0,0,1,1,0,0,0,0,14.194351,51.454715
25,16,9,7,13,4,3,0,1,0,0,1,0,0,0,0,0,14.338855,51.460269
25,16,11,7,15,2,3,5,3,0,0,1,1,0,0,0,0,14.207096,51.45619
25,17,3,5,14,1,3,5,3,0,0,1,1,0,0,0,0,14.236962,51.454332
25,18,3,4,13,1,2,0,7,0,0,1,0,0,0,0,0,14.121641,51.494543
25,18,4,1,15,1,3,4,2,0,0,1,1,0,0,0,0,14.178802,51.519316
25,18,4,1,18,1,3,8,1,0,0,1,0,0,0,0,0,14.145329,51.491474
25,18,10,4,15,5,3,4,2,0,0,1,1,0,0,0,0,14.31781,51.504837
25,19,5,3,10,6,2,5,3,0,0,1,1,0,0,0,0,14.170708,51.526631
25,19,10,4,9,6,3,5,3,0,0,1,1,0,0,0,0,14.236256,51.452571
25,20,6,18,11,5,3,5,3,0,0,1,1,0,0,0,0,14.203841,51.456942
25,20,9,16,18,4,3,0,7,0,0,1,0,0,0,0,0,14.282029,51.526118
25,21,2,26,12,6,3,3,6,0,1,1,1,0,0,0,0,14.17673,51.448119
25,21,3,20,10,7,2,5,3,0,0,1,1,0,0,0,0,14.207082,51.456196
25,22,2,10,16,5,2,0,1,0,1,1,0,0,0,0,0,14.106953,51.485781
25,22,3,26,18,7,3,3,6,1,0,1,1,0,0,0,0,14.196852,51.479746
25,22,8,1,15,2,3,5,3,0,0,1,1,0,0,0,0,14.224394,51.46106
25,22,9,6,10,3,2,3,6,0,0,1,0,0,0,0,0,14.132969,51.496984
25,22,10,16,14,1,3,3,6,0,0,1,1,0,0,0,0,14.205339,51.456803
25,22,11,1,17,3,2,5,3,1,0,1,1,0,0,0,0,14.202846,51.468891
25,23,6,5,6,2,3,9,7,0,0,1,0,0,0,0,0,14.205888,51.456651
25,23,6,5,15,2,2,2,1,0,0,1,0,0,0,0,0,14.13406,51.496929
25,23,7,29,13,7,3,0,7,0,0,1,0,0,0,0,0,14.1571,51.504937
25,23,9,29,13,6,2,3,2,0,0,1,1,0,0,0,0,14.241252,51.446754
25,23,12,17,1,1,3,0,1,2,0,1,0,0,0,0,0,14.2579,51.470302
25,24,6,7,17,6,2,0,1,0,0,1,0,0,0,0,0,14.196556,51.477559
25,24,6,18,16,3,2,3,6,0,0,1,1,0,0,0,0,14.238857,51.473026
25,24,8,11,14,1,3,0,1,0,0,1,0,0,0,0,0,14.196169,51.45648
25,24,9,29,3,1,3,0,1,2,0,1,0,0,0,0,0,14.243425,51.455744
25,25,5,28,9,4,2,4,1,0,1,1,0,0,0,0,0,14.245191,51.457345
25,25,5,30,14,6,3,3,7,0,0,1,0,0,0,0,0,14.136426,51.501664
25,25,6,13,15,6,3,6,6,0,0,1,0,1,0,0,0,14.160652,51.50111
25,25,6,19,11,5,3,0,7,0,0,1,0,0,0,0,0,14.178649,51.518657
25,25,7,30,14,4,2,9,1,0,0,1,0,0,0,0,0,14.197484,51.482969
25,25,9,6,1,7,2,5,3,2,1,1,1,0,0,0,0,14.2329,51.457447
25,25,9,9,14,3,3,1,7,0,0,1,1,0,0,0,0,14.23006,51.465643
25,25,10,13,14,2,3,5,3,0,0,1,1,0,0,0,0,14.19722,51.45592
25,18,5,2,17,4,3,3,6,0,0,1,0,0,0,0,1,14.130765,51.219791
25,18,7,4,12,4,2,0,1,0,0,1,0,0,0,0,0,14.102816,51.229033
25,21,9,10,22,6,2,0,1,2,0,1,0,0,0,0,0,14.130216,51.234086
25,21,10,8,19,6,3,3,6,2,0,1,0,0,0,0,1,14.157026,51.235381
25,22,2,18,10,6,3,0,1,0,0,1,0,0,0,0,0,14.12878,51.221793
25,22,8,14,0,1,2,8,1,2,0,1,0,0,0,0,0,14.130465,51.235407
25,22,9,6,6,3,3,5,3,0,0,1,1,0,0,0,0,14.130566,51.235414
25,22,11,8,15,3,3,0,1,0,0,1,0,0,0,0,0,14.159081,51.260367
25,23,4,22,1,7,2,0,1,2,0,1,0,0,0,0,0,14.133955,51.219608
25,24,11,30,13,7,3,5,3,0,0,1,1,0,0,0,0,14.137193,51.22112
25,25,1,30,7,5,3,0,1,2,2,1,0,0,0,0,0,14.135399,51.224864
25,25,5,29,17,5,2,0,1,0,0,1,0,0,0,0,0,14.131073,51.198194
25,17,8,17,19,5,3,8,1,0,0,1,0,0,0,0,0,14.126717,51.12307
25,18,5,5,12,7,2,5,3,0,0,1,1,0,0,0,0,14.281522,51.16691
25,19,5,7,17,3,2,5,3,0,0,1,1,0,0,0,0,14.324513,51.151237
25,19,10,4,21,6,3,7,7,2,0,1,0,0,0,0,0,14.337537,51.178645
25,20,5,31,12,1,2,0,1,0,0,1,0,0,0,0,0,14.302079,51.182519
25,20,7,13,19,2,2,3,6,0,0,1,1,0,0,0,0,14.296655,51.165028
25,20,11,22,14,1,3,5,3,0,0,1,1,0,0,0,0,14.32665,51.178525
25,22,6,22,6,4,2,0,3,0,0,1,0,0,0,0,1,14.311764,51.221665
25,22,8,20,0,7,3,0,1,2,1,1,0,0,0,0,0,14.326205,51.15674
25,23,10,13,15,6,3,2,6,0,0,1,1,0,0,0,0,14.29338,51.187844
25,23,11,6,8,2,2,8,1,0,0,1,0,0,0,0,0,14.31378,51.177693
25,23,11,8,20,4,2,5,3,2,0,1,1,0,0,0,0,14.320362,51.178596
25,24,8,16,8,6,2,5,3,0,0,1,1,0,0,0,0,14.32363,51.178792
25,24,8,17,22,7,2,0,1,2,0,1,0,0,0,0,0,14.315551,51.178529
25,24,9,24,16,3,3,8,1,0,0,1,1,0,0,0,0,14.32236,51.177551
25,24,10,26,13,7,2,0,1,0,0,1,0,0,0,0,0,14.30984,51.2187
25,25,6,10,8,3,3,4,2,0,0,1,1,0,0,0,0,14.329606,51.178515
25,25,8,11,13,2,3,3,6,0,0,1,1,0,0,0,0,14.310622,51.20322
25,19,5,3,10,6,3,3,6,0,0,1,0,0,1,0,0,14.414908,51.223498
25,19,5,6,10,2,3,3,6,0,0,1,1,0,0,0,0,14.457538,51.245749
25,19,9,2,18,2,2,0,1,0,0,1,0,0,0,0,0,14.461697,51.254731
25,20,2,7,12,6,3,8,7,0,1,1,0,0,0,0,0,14.480218,51.286815
25,20,5,4,14,2,2,0,7,0,0,1,0,0,0,0,0,14.455264,51.255498
25,20,6,30,21,3,2,9,1,0,0,1,0,0,0,0,0,14.462712,51.255385
25,20,10,5,13,2,3,3,2,0,1,1,1,0,0,0,0,14.462936,51.255502
25,21,6,12,12,7,3,0,1,0,0,1,0,0,0,0,0,14.503891,51.263038
25,21,7,13,18,3,2,2,6,0,0,1,1,0,0,0,0,14.454875,51.262904
25,22,1,5,13,4,3,5,3,0,0,1,1,0,0,0,0,14.461694,51.252195
25,22,8,28,1,1,3,0,1,2,1,1,0,0,0,0,0,14.494325,51.267599
25,22,11,5,15,7,3,8,1,0,0,1,0,0,0,0,0,14.478553,51.287389
25,23,5,5,15,6,3,5,3,0,0,1,1,0,0,0,0,14.456188,51.259929
25,23,8,13,17,1,3,0,1,0,0,1,0,0,0,0,0,14.45481,51.261448
25,23,10,24,10,3,2,3,6,0,0,1,0,0,0,0,1,14.454448,51.243581
25,23,12,15,9,6,3,0,1,0,0,1,1,0,0,0,0,14.449443,51.236047
25,24,5,18,15,7,2,3,6,0,0,1,0,0,0,0,0,14.45257,51.270422
25,24,6,23,0,1,2,0,1,2,0,1,0,0,0,0,0,14.461719,51.252258
25,24,7,7,13,1,2,4,1,0,0,1,0,0,1,0,0,14.487891,51.290926
25,24,7,14,14,1,3,7,7,0,0,1,0,0,0,0,0,14.456611,51.267484
25,24,9,20,15,6,2,0,1,0,0,1,0,0,0,0,0,14.452571,51.270255
25,24,10,25,15,6,3,0,1,0,0,1,0,0,0,0,0,14.51065,51.294267
25,25,3,24,22,2,3,9,1,2,0,1,0,0,0,0,0,14.45392,51.27344
25,25,6,23,16,2,2,3,6,0,0,1,0,0,0,0,1,14.537583,51.255167
25,25,9,6,20,7,3,0,1,2,0,1,0,0,0,0,0,14.447273,51.231601
25,25,9,21,17,1,3,3,2,0,0,1,0,0,0,0,0,14.532615,51.256489
25,16,12,3,11,7,2,1,6,0,1,1,0,0,0,0,1,14.09876,51.105457
25,17,4,14,23,6,3,9,6,2,0,1,1,0,0,0,0,14.105803,51.108981
25,18,5,3,19,5,2,4,1,1,0,1,0,0,1,0,0,14.11008,51.118965
25,19,3,5,15,3,2,9,1,0,0,1,0,0,0,0,0,14.102659,51.111203
25,20,2,14,8,6,2,5,3,0,0,1,1,0,0,0,0,14.103881,51.107454
25,21,3,13,14,7,2,0,1,0,0,1,0,0,0,0,0,14.094602,51.10386
25,22,9,5,16,2,3,1,5,0,0,1,1,0,0,0,0,14.087865,51.103519
25,22,10,26,18,4,2,2,6,2,0,1,0,0,0,1,0,14.076669,51.095678
25,23,8,21,5,2,2,2,2,1,0,1,1,0,0,0,0,14.069452,51.093017
25,24,5,2,9,5,3,5,3,0,0,1,1,0,0,0,0,14.055146,51.096707
25,25,5,1,1,5,3,0,1,2,0,1,0,0,0,0,0,14.104203,51.088899
25,25,5,30,2,6,3,0,1,2,1,1,0,0,0,0,0,14.037067,51.101456
25,25,9,19,17,6,2,0,1,0,0,1,0,0,0,0,0,14.090089,51.101089
25,25,11,15,8,7,3,5,3,0,1,1,1,0,0,0,0,14.103881,51.107454
25,23,5,5,7,6,3,8,1,0,0,1,0,0,0,0,0,13.935671,51.203113
25,24,7,15,22,2,3,7,7,2,0,1,0,0,0,0,0,13.93151,51.20409
25,16,4,1,15,6,3,5,3,0,0,1,1,0,0,0,0,14.44066,51.124163
25,16,8,2,13,3,3,5,3,0,0,1,1,0,0,0,0,14.440338,51.144063
25,17,9,13,13,4,3,5,3,0,0,1,1,0,0,0,0,14.441265,51.141341
25,18,5,1,15,3,3,5,3,0,0,1,1,0,0,0,0,14.441265,51.141341
25,18,8,3,10,6,2,0,1,0,0,1,0,0,0,0,0,14.440936,51.126471
25,18,8,4,12,7,2,4,6,0,1,1,1,0,0,0,0,14.436947,51.122745
25,19,5,1,6,4,3,5,3,0,0,1,1,0,0,0,0,14.441268,51.141332
25,19,10,1,18,3,3,5,3,2,0,1,1,0,0,0,0,14.441268,51.141334
25,20,3,11,13,4,3,5,3,0,0,1,1,0,0,0,0,14.440419,51.122066
25,21,5,26,7,4,3,5,3,0,0,1,1,0,0,0,0,14.440669,51.124215
25,21,12,15,15,4,3,0,1,1,1,1,0,0,0,0,0,14.440898,51.126106
25,22,4,30,10,7,3,5,3,0,0,1,0,0,0,0,1,14.441265,51.141342
25,22,5,23,16,2,3,5,3,0,0,1,1,0,0,0,0,14.441261,51.141351
25,22,6,5,14,1,3,3,2,0,0,1,0,0,0,0,0,14.432324,51.124425
25,22,8,1,7,2,3,3,2,0,0,1,1,0,0,0,0,14.44075,51.124802
25,22,9,28,7,4,2,4,1,0,0,1,1,0,0,0,0,14.453495,51.113784
25,23,5,16,14,3,3,5,3,0,0,1,1,0,0,0,0,14.440751,51.124809
25,23,6,4,13,1,2,8,1,0,0,1,0,0,0,0,0,14.440945,51.126562
25,23,8,27,8,1,3,0,3,0,0,1,1,0,0,0,0,14.44126,51.141355
25,23,9,27,12,4,3,8,7,0,0,1,0,0,0,0,0,14.440763,51.118987
25,23,9,29,11,6,3,5,3,0,0,1,1,0,0,0,0,14.44046,51.120221
25,23,10,22,15,1,3,7,7,0,0,1,0,0,0,0,0,14.468554,51.108713
25,24,4,11,6,5,2,0,1,0,0,1,0,0,0,0,0,14.441445,51.140047
25,24,5,23,16,5,3,5,3,0,0,1,1,0,0,0,0,14.441264,51.141343
25,24,7,6,14,7,3,5,3,0,0,1,1,0,0,0,0,14.440342,51.144051
25,24,9,8,14,1,3,0,1,0,0,1,0,0,0,0,0,14.459019,51.106282
25,24,10,10,22,5,2,7,7,2,1,1,0,0,0,0,0,14.441365,51.132446
25,25,7,25,15,6,3,5,3,0,0,1,1,0,0,0,0,14.440751,51.124807
25,25,8,1,17,6,3,5,3,0,0,1,1,0,0,0,0,14.440341,51.144054
25,25,8,11,6,2,3,5,3,0,0,1,1,0,0,0,0,14.443891,51.118639
25,25,8,19,17,3,3,5,3,0,0,1,1,0,0,0,0,14.44127,51.141328
25,25,9,9,8,3,3,5,3,0,0,1,1,0,0,0,0,14.44126,51.141354
25,16,5,4,20,4,3,5,3,0,0,1,1,0,0,0,0,14.020128,51.144939
25,16,6,6,18,2,3,0,7,0,0,1,0,0,0,0,0,14.012648,51.14352
25,16,7,6,6,4,3,5,3,0,0,1,1,0,0,0,0,14.024002,51.147803
25,16,8,2,14,3,3,5,3,0,0,1,1,0,0,0,0,14.033108,51.144445
25,16,9,2,11,6,3,3,6,0,0,1,1,0,0,0,0,14.018405,51.142558
25,16,10,4,14,3,3,5,3,0,0,1,1,0,0,0,0,14.020838,51.145056
25,16,10,5,15,4,3,5,3,0,1,1,0,0,0,0,1,14.036452,51.142639
25,16,10,6,10,5,2,5,3,0,1,1,1,0,0,0,0,14.024011,51.147784
25,17,6,2,17,6,3,5,3,0,0,1,1,0,0,0,0,14.020676,51.144651
25,17,6,7,8,4,3,5,3,0,0,1,1,0,0,0,0,14.058285,51.147054
25,17,7,13,16,5,3,4,6,0,0,1,0,0,0,0,0,14.045607,51.142994
25,17,7,29,3,7,3,8,1,2,0,1,0,0,0,0,0,14.039991,51.142125
25,17,8,31,0,5,3,3,2,2,0,1,1,0,0,0,0,14.024573,51.14651
25,17,9,14,16,5,3,0,1,0,1,1,0,0,0,0,0,14.052731,51.153992
25,17,10,15,16,1,3,5,3,0,0,1,1,0,0,0,0,14.013706,51.142296
25,18,1,2,14,3,3,5,3,0,1,1,0,0,0,0,1,14.006958,51.140888
25,18,3,7,17,4,1,3,6,0,0,1,0,0,0,1,0,14.032598,51.151853
25,18,3,7,18,4,3,5,3,1,1,1,1,0,0,0,0,14.060414,51.14798
25,18,4,5,18,5,3,5,3,0,0,1,1,0,0,0,0,14.057064,51.150129
25,18,8,4,12,7,2,0,1,0,0,1,0,0,0,0,0,14.02084,51.152009
25,18,12,3,7,2,3,4,2,2,1,1,1,0,0,0,0,14.021809,51.147193
25,18,12,3,17,2,3,0,1,2,2,1,0,0,0,0,0,14.024479,51.146504
25,19,3,1,7,6,3,5,3,0,0,1,1,0,0,0,0,14.050451,51.143509
25,19,4,2,6,3,3,3,6,0,0,1,0,0,0,0,1,14.03019,51.145188
25,19,7,5,8,6,3,1,5,0,0,1,1,0,0,0,0,14.057521,51.14848
25,19,8,7,13,4,2,1,5,0,0,1,1,0,0,0,0,13.982548,51.132213
25,20,1,3,16,6,3,5,3,0,1,1,1,0,0,0,0,14.049118,51.156893
25,20,1,15,7,4,3,0,1,0,0,1,0,0,0,0,0,14.020433,51.143134
25,20,2,20,6,5,3,5,3,1,0,1,1,0,0,0,0,14.021141,51.145515
25,20,3,14,8,7,2,5,3,0,0,1,1,0,0,0,0,14.024155,51.142977
25,20,7,2,11,5,3,5,3,0,0,1,1,0,0,0,0,14.02087,51.151315
25,20,7,7,15,3,3,5,3,0,0,1,1,0,0,0,0,14.035828,51.152436
25,20,9,3,16,5,3,4,2,0,0,1,1,0,0,0,0,14.021342,51.153092
25,20,11,7,9,7,3,0,1,0,0,1,0,0,0,0,0,14.073574,51.150373
25,20,11,9,8,2,2,2,6,0,0,1,1,0,0,0,0,14.024292,51.14715
25,21,1,22,16,6,3,5,3,1,1,1,1,0,0,0,0,14.057049,51.150142
25,21,3,25,17,5,2,5,3,0,0,1,1,0,0,0,0,14.047567,51.143039
25,21,7,10,1,7,3,0,1,2,1,1,0,0,0,0,0,14.040325,51.142195
25,21,8,15,15,1,3,3,6,0,0,1,0,0,0,0,0,13.978706,51.134462
25,21,9,9,18,5,3,5,7,0,0,1,1,0,0,0,0,14.020941,51.143473
25,21,9,23,9,5,3,4,2,0,0,1,1,0,0,0,0,14.02396,51.147891
25,21,10,14,14,5,3,0,1,0,1,1,0,0,0,0,0,14.032285,51.143906
25,21,10,24,16,1,2,3,6,0,0,1,0,0,0,0,0,14.014895,51.142336
25,21,11,25,16,5,2,0,7,1,1,1,0,0,0,0,0,14.0597,51.148659
25,21,12,3,15,6,3,5,3,0,0,1,1,0,0,0,0,14.025244,51.153145
25,22,1,28,19,6,3,0,1,2,0,1,0,0,0,0,0,14.071643,51.150223
25,22,3,11,14,6,3,5,3,0,0,1,1,0,0,0,0,14.038753,51.14223
25,22,3,22,17,3,3,1,5,0,0,1,1,0,0,0,0,14.027908,51.145601
25,22,4,6,17,4,2,0,7,0,0,1,0,0,0,0,0,14.0283,51.146655
25,22,4,21,9,5,2,0,1,0,1,1,0,0,0,0,0,14.025778,51.145832
25,22,5,7,9,7,2,5,3,0,0,1,1,0,0,0,0,14.055914,51.146036
25,22,5,17,6,3,3,0,1,1,1,1,0,0,0,0,0,14.0232,51.141755
25,22,5,20,11,6,3,7,1,0,0,1,0,0,0,0,0,14.032384,51.139
25,22,8,7,18,1,3,3,2,0,0,1,1,0,0,0,0,14.091108,51.153183
25,22,11,7,7,2,3,0,7,0,0,1,0,0,0,0,0,14.016792,51.156307
25,23,4,21,15,6,2,5,3,0,0,1,1,0,0,0,0,13.979156,51.130343
25,23,6,1,21,5,3,4,7,2,0,1,0,1,0,0,0,14.008793,51.140587
25,23,6,8,7,5,3,5,3,0,0,1,1,0,0,0,0,14.02725,51.145726
25,23,6,12,15,2,3,0,1,0,0,1,0,0,0,0,0,14.020236,51.144997
25,23,9,10,9,1,3,5,3,0,0,1,1,0,0,0,0,14.026054,51.141363
25,23,9,19,11,3,3,5,3,0,0,1,1,0,0,0,0,14.091941,51.154041
25,23,11,8,15,4,3,4,6,0,0,1,1,0,0,0,0,14.044341,51.143674
25,24,3,9,14,7,3,0,1,0,0,1,0,0,0,0,0,14.023101,51.149021
25,24,5,8,8,4,2,0,7,0,0,1,0,0,0,0,0,14.022389,51.149927
25,24,5,19,15,1,3,8,1,0,1,1,0,0,0,0,0,13.975591,51.127002
25,24,6,6,7,5,3,5,3,0,0,1,1,0,0,0,0,14.02973,51.145321
25,24,6,18,9,3,3,0,1,0,0,1,0,0,0,0,0,13.990279,51.135628
25,24,6,25,18,3,3,0,1,0,0,1,0,0,0,0,0,14.020478,51.151836
25,24,7,1,14,2,2,1,5,0,1,1,1,0,0,0,0,14.023334,51.144802
25,24,7,5,16,6,3,5,3,0,0,1,1,0,0,0,0,14.032586,51.14537
25,24,7,8,12,2,2,0,6,0,0,1,0,0,0,0,0,14.011139,51.141264
25,24,7,30,10,3,3,4,1,0,0,1,1,0,0,0,0,14.020228,51.146314
25,24,8,8,10,5,3,5,3,0,0,1,1,0,0,0,0,14.052398,51.143
25,24,8,29,7,5,3,0,1,0,0,1,0,0,0,0,0,14.01017,51.140099
25,24,9,13,6,6,3,5,3,0,1,1,1,0,0,0,0,14.049199,51.15565
25,24,10,3,16,5,2,0,1,0,1,1,0,0,0,0,0,14.01715,51.144033
25,24,10,30,17,4,3,0,7,1,1,1,0,0,0,0,0,14.042253,51.143784
25,24,11,5,15,3,2,5,3,0,0,1,0,0,0,0,0,14.02322,51.152627
25,25,2,28,20,6,1,8,1,2,0,1,0,0,0,0,0,14.092419,51.160254
25,25,4,16,19,4,3,0,1,0,0,1,0,0,0,0,0,14.060318,51.14887
25,25,5,16,21,6,2,0,1,2,0,1,0,0,0,0,0,14.030781,51.147524
25,25,5,29,22,5,3,8,1,2,0,1,0,0,0,0,0,14.02108,51.151024
25,25,6,12,16,5,3,0,1,0,0,1,0,0,0,0,0,13.971282,51.128097
25,25,7,16,15,4,2,4,2,0,0,1,1,0,0,0,0,14.092083,51.153936
25,25,8,7,10,5,3,5,3,0,0,1,1,0,0,0,0,14.021442,51.145148
25,25,8,20,19,4,2,0,1,0,0,1,0,0,0,0,0,14.001299,51.135751
25,25,8,27,15,4,3,5,3,0,0,1,1,0,0,0,0,14.005942,51.139021
25,25,9,23,21,3,3,0,1,2,0,1,0,0,0,0,0,14.029236,51.153061
25,25,10,30,20,5,2,3,6,2,0,1,1,0,0,0,0,14.032295,51.143894
25,25,11,19,11,4,3,5,3,0,0,1,1,0,0,0,0,14.014953,51.142367
25,16,5,5,20,5,2,5,3,1,0,1,1,0,0,0,0,14.058289,51.225601
25,16,7,2,19,7,3,7,7,0,0,1,0,0,0,0,0,13.992164,51.246606
25,16,9,3,9,7,2,0,7,0,0,1,0,0,0,0,0,14.07348,51.209684
25,16,11,6,17,1,3,6,4,2,0,1,0,1,0,0,0,14.031992,51.23798
25,17,8,24,12,5,3,1,5,0,0,1,1,0,0,0,0,14.03258,51.240736
25,19,1,5,8,7,2,3,6,0,0,1,1,0,0,0,0,14.020082,51.242982
25,19,10,4,16,6,3,5,3,0,0,1,1,0,0,0,0,14.006843,51.245504
25,20,8,7,14,6,3,4,7,0,0,1,1,0,0,0,0,13.981263,51.243109
25,20,10,6,10,3,3,0,1,0,0,1,0,0,0,0,0,14.048274,51.230319
25,20,10,22,15,5,2,5,3,0,0,1,1,0,0,0,0,14.056633,51.22772
25,20,12,22,11,3,3,0,1,0,1,1,0,0,0,0,0,14.043361,51.235207