UKREIS,UJAHR,UMONAT,UTAG,USTUNDE,UWOCHENTAG,UKATEGORIE,UART,UTYP,LICHT,USTRZUSTAND,IstRad,IstPKW,IstFuss,IstKrad,IstGkfz,IstSonstige,@lon,@lat
25,21,3,6,10,7,3,5,3,0,0,1,1,0,0,0,0,14.049501,51.232112
25,21,8,4,11,4,3,2,2,0,0,1,0,0,0,0,0,13.980098,51.244999
25,22,5,27,17,6,3,5,3,0,0,1,1,0,0,0,0,13.984717,51.246113
25,22,7,23,20,7,2,0,1,0,0,1,0,0,0,0,0,14.055058,51.236999
25,23,5,24,7,4,3,3,3,0,0,1,1,0,0,0,0,14.05314,51.229906
25,24,4,30,14,3,2,4,2,0,0,1,1,0,0,0,0,14.048708,51.231354
25,24,10,27,18,1,2,8,1,1,1,1,0,0,0,0,0,13.987171,51.240663
25,24,11,1,10,6,3,8,1,0,0,1,0,0,0,0,0,13.980794,51.245344
25,25,3,31,18,2,3,8,1,0,1,1,0,0,0,0,0,13.98006,51.245022
25,25,5,29,19,5,2,0,1,0,0,1,0,0,0,0,0,14.036494,51.238806
25,25,10,9,15,5,3,5,3,0,0,1,1,0,0,0,0,14.046723,51.232109
25,16,9,4,0,1,2,6,6,2,0,1,0,1,0,0,0,14.603345,51.155814
25,19,2,5,6,3,3,4,2,1,0,1,1,0,0,0,0,14.600512,51.129025
25,19,6,3,18,2,3,5,3,0,0,1,1,0,0,0,0,14.569323,51.148638
25,20,7,12,16,1,3,3,2,0,0,1,1,0,0,0,0,14.574009,51.152272
25,22,7,22,10,6,2,7,7,0,0,1,0,0,0,0,0,14.57594,51.156101
25,24,9,23,20,2,2,0,1,2,0,1,0,0,0,0,0,14.576367,51.150048
25,24,10,26,16,7,3,0,1,0,0,1,0,0,0,0,0,14.591882,51.138904
25,25,8,16,18,7,2,5,3,0,0,1,1,0,0,0,0,14.582843,51.150469
25,16,1,1,12,6,3,3,6,0,2,1,1,0,0,0,0,14.282122,51.430616
25,16,2,1,5,2,3,5,2,2,0,1,1,0,0,0,0,14.244222,51.435227
25,16,2,1,6,2,3,5,3,2,1,1,0,0,0,1,0,14.241938,51.439223
25,16,2,6,11,7,3,5,3,0,0,1,1,0,0,0,0,14.267038,51.434859
25,16,3,2,10,4,3,5,3,0,1,1,1,0,0,0,0,14.267754,51.434266
25,16,3,2,13,4,3,1,5,0,0,1,1,0,0,0,0,14.268369,51.451019
25,16,3,5,13,7,3,1,7,0,0,1,1,0,0,0,0,14.23486,51.438186
25,16,4,1,10,6,2,5,3,0,0,1,0,0,0,0,0,14.26158,51.440046
25,16,4,1,10,6,3,5,3,0,0,1,1,0,0,0,0,14.265524,51.43736
25,16,4,2,8,7,3,3,2,0,0,1,1,0,0,0,0,14.248804,51.434886
25,16,4,2,18,7,3,5,3,0,0,1,1,0,0,0,0,14.234987,51.443056
25,16,4,4,7,2,3,5,3,0,0,1,1,0,0,0,0,14.268768,51.452435
25,16,4,4,21,2,2,0,1,2,0,1,0,0,0,0,0,14.269809,51.442875
25,16,4,6,18,4,2,6,6,0,0,1,0,1,0,0,0,14.256341,51.436582
25,16,5,2,7,2,3,3,2,0,0,1,1,0,0,0,0,14.248864,51.440133
25,16,5,2,8,2,3,5,3,0,0,1,1,0,0,0,0,14.26243,51.441315
25,16,5,2,12,2,3,3,6,0,0,1,1,0,0,0,0,14.278881,51.444495
25,16,5,3,17,3,2,5,3,0,0,1,1,0,0,0,0,14.199238,51.422142
25,16,5,3,17,3,3,5,3,0,0,1,1,0,0,0,0,14.257176,51.438748
25,16,5,5,7,5,2,5,3,0,0,1,1,0,0,0,0,14.266691,51.453732
25,16,5,5,19,5,3,3,6,0,0,1,1,0,0,0,0,14.230254,51.438291
25,16,5,5,20,5,2,9,6,1,0,1,0,0,0,0,0,14.237767,51.426025
25,16,5,7,9,7,2,5,3,0,0,1,1,0,0,0,0,14.261943,51.441043
25,16,5,7,12,7,3,2,6,0,0,1,1,0,0,0,0,14.242154,51.442248
25,16,6,1,13,4,3,3,2,0,0,1,1,0,0,0,0,14.14522,51.431195
25,16,6,1,17,4,2,0,7,0,0,1,0,0,0,0,0,14.264002,51.445748
25,16,6,2,8,5,3,5,3,0,0,1,1,0,0,0,0,14.233511,51.435799
25,16,6,2,8,5,3,0,7,0,0,1,0,0,0,0,0,14.269159,51.448062
25,16,6,2,22,5,3,0,7,2,1,1,0,0,0,0,0,14.269531,51.445225
25,16,6,3,10,6,3,3,2,0,0,1,1,0,0,0,0,14.274607,51.443314
25,16,6,4,3,7,3,0,1,2,1,1,0,0,0,0,0,14.247933,51.437302
25,16,6,6,16,2,3,1,5,0,0,1,1,0,0,0,0,14.260252,51.441401
25,16,6,7,13,3,3,6,7,0,0,1,0,1,0,0,0,14.266696,51.442415
25,16,7,1,19,6,3,5,2,0,0,1,1,0,0,0,0,14.262996,51.439869
25,16,7,1,19,6,3,4,2,0,0,1,1,0,0,0,0,14.269811,51.442872
25,16,7,3,10,1,2,5,3,0,0,1,1,0,0,0,0,14.230423,51.446086
25,16,7,5,18,3,3,5,3,0,0,1,1,0,0,0,0,14.277363,51.44707
25,16,8,1,5,2,3,3,6,2,0,1,1,0,0,0,0,14.273038,51.459077
25,16,8,2,9,3,3,5,2,0,0,1,1,0,0,0,0,14.261596,51.440032
25,16,8,3,19,4,3,5,3,0,0,1,1,0,0,0,0,14.22048,51.451563
25,16,8,4,6,5,3,5,3,0,0,1,1,0,0,0,0,14.240531,51.432426
25,16,8,4,13,5,3,4,2,0,0,1,1,0,0,0,0,14.257805,51.438892
25,16,8,5,9,6,3,5,3,0,0,1,1,0,0,0,0,14.239661,51.430235
25,16,8,6,12,7,3,5,3,0,0,1,1,0,0,0,0,14.306041,51.442201
25,16,9,1,15,5,2,7,7,0,0,1,0,0,0,0,0,14.276188,51.445096
25,16,9,1,17,5,3,1,7,0,0,1,1,0,0,0,0,14.275887,51.432299
25,16,9,4,22,1,3,8,1,2,0,1,0,0,0,0,0,14.261164,51.434033
25,16,9,5,11,2,3,5,3,0,0,1,1,0,0,0,0,14.28426,51.431093
25,16,9,5,17,2,3,3,6,0,0,1,0,0,0,0,1,14.257092,51.442163
25,16,9,6,14,3,3,5,3,0,0,1,0,0,0,0,1,14.255002,51.438798
25,16,9,6,17,3,3,5,3,0,0,1,1,0,0,0,0,14.265432,51.438866
25,16,10,3,17,2,2,5,3,0,1,1,1,0,0,0,0,14.267717,51.434252
25,16,11,1,8,3,3,5,3,0,0,1,1,0,0,0,0,14.271752,51.442858
25,16,11,1,12,3,3,3,6,0,0,1,0,0,0,0,0,14.255375,51.438765
25,16,11,2,13,4,2,5,3,0,0,1,1,0,0,0,0,14.254817,51.438659
25,16,11,3,7,5,2,5,2,0,1,1,1,0,0,0,0,14.261552,51.44007
25,16,11,3,13,5,3,5,2,0,1,1,1,0,0,0,0,14.267298,51.442568
25,16,11,3,15,5,3,5,3,0,0,1,1,0,0,0,0,14.270823,51.435371
25,16,11,4,11,6,3,6,4,0,0,1,0,1,0,0,0,14.24379,51.438849
25,16,11,5,18,7,2,4,2,2,1,1,1,0,0,0,0,14.269826,51.442848
25,16,11,6,9,1,2,5,3,0,0,1,1,0,0,0,0,14.26562,51.430078
25,16,12,2,9,6,3,5,3,0,0,1,1,0,0,0,0,14.265021,51.437157
25,16,12,2,16,6,3,5,3,2,1,1,0,0,0,1,0,14.259302,51.439273
25,16,12,3,0,7,2,1,1,2,1,1,1,0,0,0,0,14.237392,51.43982
25,16,12,6,6,3,3,3,2,2,0,1,1,0,0,0,0,14.260988,51.440629
25,16,12,6,7,3,3,5,3,2,0,1,1,0,0,0,0,14.267401,51.439632
25,17,1,23,7,2,3,3,2,2,1,1,1,0,0,0,0,14.265013,51.437154
25,17,1,24,7,3,3,0,6,1,1,1,1,0,0,0,0,14.278451,51.444569
25,17,3,4,14,7,2,0,1,0,0,1,0,0,0,0,0,14.235348,51.435106
25,17,3,28,16,3,3,0,1,0,0,1,1,0,0,0,0,14.24042,51.435435
25,17,3,31,2,6,3,0,1,2,0,1,0,0,0,0,0,14.226759,51.435554
25,17,4,10,8,2,3,5,3,0,0,1,1,0,0,0,0,14.242801,51.43529
25,17,4,21,15,6,3,5,3,0,0,1,1,0,0,0,0,14.229635,51.428138
25,17,5,17,20,4,3,0,2,1,0,1,1,0,0,0,0,14.26661,51.453663
25,17,5,22,16,2,2,5,3,0,0,1,1,0,0,0,0,14.251445,51.442809
25,17,5,26,14,6,3,5,2,0,0,1,1,0,0,0,0,14.226503,51.424664
25,17,5,30,15,3,3,3,2,0,0,1,1,0,0,0,0,14.254882,51.438785
25,17,6,8,8,5,3,3,6,0,0,1,0,0,0,0,1,14.216424,51.443703
25,17,6,8,15,5,3,5,3,0,0,1,1,0,0,0,0,14.248063,51.439635
25,17,6,21,10,4,3,5,3,0,0,1,1,0,0,0,0,14.261657,51.435454
25,17,6,24,14,7,2,5,2,0,0,1,1,0,0,0,0,14.253001,51.439188
25,17,6,27,13,3,3,3,2,0,0,1,0,0,1,0,0,14.248888,51.434962
25,17,7,11,17,3,3,6,7,0,1,1,0,1,0,0,0,14.270249,51.443687
25,17,7,19,9,4,3,4,2,0,0,1,1,0,0,0,0,14.248848,51.434926
25,17,7,21,11,6,3,7,7,0,0,1,0,0,0,0,0,14.256949,51.442361
25,17,8,5,8,7,3,5,3,0,0,1,1,0,0,0,0,14.266489,51.431513
25,17,8,10,11,5,3,8,1,0,0,1,0,0,0,0,0,14.322233,51.403546
25,17,8,11,9,6,3,5,3,0,0,1,1,0,0,0,0,14.274911,51.44611
25,17,8,26,17,7,3,5,3,0,0,1,1,0,0,0,0,14.265723,51.430064
25,17,8,30,18,4,3,5,3,0,0,1,1,0,0,0,0,14.258355,51.443456
25,17,9,6,15,4,3,4,2,0,1,1,1,0,0,0,0,14.274634,51.443319
25,17,9,14,11,5,3,5,3,0,0,1,1,0,0,0,0,14.246777,51.440824
25,17,9,16,6,7,3,5,2,0,0,1,1,0,0,0,0,14.248909,51.434979
25,17,9,20,12,4,2,0,1,0,0,1,0,0,0,0,0,14.271818,51.449889
25,17,10,2,10,2,3,3,2,0,0,1,1,0,0,0,0,14.283691,51.431176
25,17,10,9,10,2,3,5,3,0,0,1,1,0,0,0,0,14.244528,51.434008
25,17,10,10,5,3,3,4,2,2,1,1,1,0,0,0,0,14.240317,51.43406
25,17,10,12,19,5,2,5,3,2,0,1,1,0,0,0,0,14.265615,51.430078
25,17,10,24,13,3,3,5,3,0,0,1,1,0,0,0,0,14.247117,51.435189
25,17,10,24,16,3,3,5,2,0,0,1,1,0,0,0,0,14.239659,51.430225
25,17,11,1,8,4,1,5,3,0,1,1,1,0,0,0,0,14.260266,51.439681
25,17,11,1,9,4,2,5,3,0,1,1,1,0,0,0,0,14.25933,51.439348
25,17,11,4,10,7,3,3,2,0,0,1,1,0,0,0,0,14.26501,51.437152
25,17,11,21,17,3,2,3,2,2,1,1,1,0,0,0,0,14.26571,51.430065
25,17,11,29,5,4,3,5,3,2,1,1,1,0,0,0,0,14.248375,51.439807
25,17,11,30,8,5,3,5,3,0,0,1,1,0,0,0,0,14.27463,51.443318
25,17,11,30,18,5,2,3,6,2,1,1,1,0,0,0,0,14.1444,51.442732
25,17,12,5,4,3,3,5,3,2,1,1,0,0,1,0,0,14.262317,51.439422
25,17,12,9,11,7,3,4,6,0,2,1,0,0,0,0,0,14.25335,51.439112
25,17,12,18,14,2,2,3,7,0,0,1,1,0,0,0,0,14.235426,51.438127
25,17,12,28,14,5,3,5,3,0,1,1,1,0,0,0,0,14.261974,51.439705
25,18,1,2,11,3,2,5,3,0,1,1,1,0,0,0,1,14.27658,51.444021
25,18,1,3,6,4,3,8,1,2,2,1,0,0,0,0,0,14.195002,51.437208
25,18,1,3,6,4,2,5,3,2,1,1,1,0,0,0,0,14.267293,51.442577
25,18,1,3,9,4,2,0,3,0,2,1,1,0,0,0,0,14.268371,51.441754
25,18,1,4,14,5,3,5,2,0,0,1,1,0,0,0,0,14.252994,51.439173
25,18,1,5,17,6,3,4,2,2,0,1,1,0,0,0,0,14.264707,51.437181
25,18,2,1,13,5,3,5,2,0,0,1,1,0,0,0,0,14.240651,51.437621
25,18,2,5,17,2,2,0,1,1,0,1,0,0,0,0,0,14.256003,51.438737
25,18,2,6,14,3,2,5,3,0,0,1,1,0,0,0,0,14.259301,51.439275
25,18,3,1,15,5,2,4,2,0,0,1,1,0,0,0,0,14.248748,51.440157
25,18,3,4,17,1,1,4,2,0,0,1,1,0,0,0,0,14.253441,51.432868
25,18,3,7,8,4,3,5,3,0,1,1,1,0,0,0,0,14.23854,51.437813
25,18,4,5,10,5,3,0,1,0,0,1,0,0,0,0,0,14.26559,51.440854
25,18,4,5,20,5,2,5,3,2,0,1,1,0,0,0,0,14.235608,51.427841
25,18,4,6,17,6,3,8,6,0,0,1,1,0,0,0,0,14.228278,51.439052
25,18,4,7,9,7,3,0,1,0,0,1,0,0,0,0,0,14.134212,51.443504
25,18,5,1,13,3,3,5,3,0,0,1,1,0,0,0,0,14.240438,51.445698
25,18,5,2,0,4,3,0,7,2,0,1,0,0,0,0,0,14.259591,51.44201
25,18,5,2,11,4,3,5,3,0,0,1,1,0,0,0,0,14.258307,51.443472
25,18,5,2,20,4,3,4,2,1,0,1,1,0,0,0,0,14.263092,51.44146
25,18,5,3,8,5,3,5,3,0,0,1,0,0,0,0,1,14.269643,51.442845
25,18,5,3,20,5,2,0,7,0,1,1,0,0,0,0,0,14.273164,51.427169
25,18,5,6,14,1,3,1,7,0,0,1,0,0,0,0,0,14.23251,51.445759
25,18,5,7,15,2,3,5,3,0,0,1,1,0,0,0,0,14.229113,51.437364
25,18,6,2,8,7,3,4,2,0,0,1,1,0,0,0,0,14.260736,51.448661
25,18,6,2,16,7,3,3,6,0,0,1,1,0,0,0,0,14.222011,51.424989
25,18,6,3,2,1,3,0,1,2,0,1,0,0,0,0,0,14.284074,51.415952
25,18,6,4,6,2,3,5,3,0,0,1,1,0,0,0,0,14.234651,51.427995
25,18,6,5,15,3,3,0,7,0,0,1,0,0,0,0,0,14.262157,51.436094
25,18,6,6,15,4,3,0,7,0,0,1,0,0,0,0,0,14.24231,51.435325
25,18,6,6,16,4,3,0,7,0,0,1,0,0,0,0,0,14.269027,51.448
25,18,6,6,20,4,3,5,3,0,0,1,1,0,0,0,0,14.267559,51.442587
25,18,6,7,7,5,2,5,3,0,0,1,0,0,0,1,0,14.242761,51.445157
25,18,6,7,9,5,2,5,3,0,0,1,1,0,0,0,0,14.267717,51.434252
25,18,6,7,12,5,2,5,3,0,0,1,1,0,0,0,0,14.232501,51.434229
25,18,6,7,16,5,3,5,3,0,0,1,0,0,0,0,0,14.240007,51.435454
25,18,7,2,9,2,3,5,3,0,0,1,1,0,0,0,0,14.246608,51.43876
25,18,7,3,14,3,3,3,6,0,0,1,0,0,0,0,0,14.246268,51.435162
25,18,7,3,19,3,3,5,3,0,0,1,1,0,0,0,0,14.230375,51.446096
25,18,7,4,8,4,2,5,3,0,0,1,1,0,0,0,0,14.270744,51.457775
25,18,7,4,15,4,3,4,6,0,0,1,0,0,0,0,0,14.263071,51.44533
25,18,7,6,19,6,3,5,3,0,0,1,1,0,0,0,0,14.269719,51.442831
25,18,7,7,10,7,3,3,2,0,0,1,1,0,0,0,0,14.232926,51.438369
25,18,8,1,5,4,3,0,3,1,0,1,1,0,0,0,0,14.26661,51.453662
25,18,8,1,7,4,3,1,7,0,0,1,1,0,0,0,0,14.267643,51.431574
25,18,8,2,8,5,3,5,3,0,0,1,1,0,0,0,0,14.257731,51.444077
25,18,8,2,13,5,2,3,2,0,1,1,1,0,0,0,0,14.278395,51.43444
25,18,8,2,14,5,3,2,6,0,1,1,0,0,0,0,0,14.269954,51.442525
25,18,8,2,16,5,3,3,2,0,0,1,1,0,0,0,0,14.25685,51.445714
25,18,8,2,22,5,2,5,3,2,0,1,1,0,0,0,0,14.26964,51.442849
25,18,8,4,17,7,3,0,3,0,0,1,1,0,0,0,0,14.222637,51.435515
25,18,8,5,13,1,2,5,3,0,0,1,1,0,0,0,0,14.273293,51.427089
25,18,8,6,8,2,3,4,2,0,0,1,0,0,0,1,0,14.265615,51.430078
25,18,8,6,9,2,2,5,3,0,0,1,1,0,0,0,0,14.261793,51.440989
25,18,9,7,23,6,3,0,7,2,1,1,0,0,0,0,0,14.249127,51.440077
25,18,10,1,6,2,3,5,3,1,0,1,1,0,0,0,0,14.267712,51.434251
25,18,11,1,10,5,3,0,1,0,0,1,0,0,0,0,0,14.263629,51.431506
25,18,12,3,16,2,2,4,6,1,1,1,0,0,0,0,0,14.249267,51.434822
25,18,12,7,20,6,3,3,2,2,1,1,1,0,0,0,0,14.255949,51.433677
25,19,1,1,8,3,3,5,3,0,0,1,1,0,0,0,0,14.258282,51.443464
25,19,1,1,13,3,3,5,3,0,2,1,1,0,0,0,0,14.248373,51.439806
25,19,1,2,19,4,3,3,2,2,1,1,1,0,0,0,0,14.248864,51.43494
25,19,1,5,14,7,3,5,3,0,1,1,1,0,0,0,0,14.240677,51.437644
25,19,1,7,9,2,2,8,1,0,1,1,0,0,0,0,0,14.261165,51.434032
25,19,2,1,12,6,3,5,3,0,0,1,1,0,0,0,0,14.283609,51.431181
25,19,2,5,5,3,2,7,1,2,0,1,0,0,0,0,0,14.22787,51.418239
25,19,3,2,11,7,2,2,6,0,0,1,0,0,0,0,0,14.292781,51.441667
25,19,5,7,10,3,3,5,3,0,0,1,0,0,0,0,1,14.261546,51.440076
25,19,6,4,4,3,2,5,3,1,0,1,1,0,0,0,0,14.248827,51.440154
25,19,6,5,15,4,3,4,2,0,0,1,1,0,0,0,0,14.227903,51.424502
25,19,6,5,15,4,3,5,3,0,0,1,1,0,0,0,0,14.267323,51.439659
25,19,6,6,7,5,2,0,7,0,0,1,0,0,0,0,0,14.251885,51.443099
25,19,6,6,21,5,3,0,1,2,0,1,0,0,0,0,0,14.258051,51.437844
25,19,6,7,12,6,3,0,3,0,0,1,1,0,0,0,0,14.230796,51.435639
25,19,6,7,15,6,2,5,3,0,0,1,1,0,0,0,0,14.261731,51.439916
25,19,7,3,7,4,3,5,3,0,0,1,1,0,0,0,0,14.267264,51.457185
25,19,7,5,10,6,3,4,2,0,0,1,1,0,0,0,0,14.253001,51.439188
25,19,7,6,10,7,2,0,7,0,0,1,0,0,0,0,0,14.250399,51.441993
25,19,8,1,14,5,3,4,6,0,0,1,1,0,0,0,0,14.264943,51.443037
25,19,8,1,17,5,3,0,1,0,0,1,0,0,0,0,0,14.271758,51.449227
25,19,8,6,8,3,3,4,2,0,0,1,1,0,0,0,0,14.243915,51.443462
25,19,9,3,11,3,3,5,3,0,0,1,1,0,0,0,0,14.275695,51.446417
25,19,9,4,13,4,3,0,6,0,0,1,1,0,0,0,0,14.23161,51.438467
25,19,9,4,18,4,3,1,5,0,0,1,1,0,0,0,0,14.246749,51.437269
25,19,9,5,19,5,3,5,3,1,0,1,1,0,0,0,0,14.248828,51.440154
25,19,9,6,15,6,2,0,6,0,0,1,1,0,1,0,0,14.216561,51.442244
25,19,9,7,11,7,3,1,5,0,1,1,1,0,0,0,0,14.263881,51.445695
25,19,10,1,9,3,3,5,3,0,0,1,1,0,0,0,0,14.245403,51.435141
25,19,10,1,10,3,3,5,3,0,0,1,1,0,0,0,0,14.254985,51.43349
25,19,10,1,12,3,3,4,2,0,0,1,1,0,0,0,0,14.248913,51.434982
25,19,10,2,6,4,2,4,6,1,1,1,0,1,0,0,0,14.23349,51.412784
25,19,10,2,8,4,3,5,3,0,1,1,1,0,0,0,0,14.274599,51.443312
25,19,10,2,17,4,3,6,7,0,0,1,0,1,0,0,0,14.215686,51.423973
25,19,10,4,16,6,3,1,5,0,0,1,1,0,0,0,0,14.265438,51.438868
25,19,10,4,18,6,3,4,2,0,1,1,1,0,0,0,0,14.248905,51.434976
25,19,10,5,10,7,3,4,2,0,0,1,1,0,0,0,0,14.258313,51.443504
25,19,10,5,16,7,3,1,5,0,0,1,1,0,0,0,0,14.264167,51.437794
25,19,10,7,7,2,2,0,7,0,0,1,0,0,0,0,0,14.243167,51.435259
25,19,11,1,16,6,3,4,2,1,0,1,1,0,0,0,0,14.261905,51.44967
25,19,11,2,17,7,3,3,2,2,1,1,1,0,0,0,0,14.248883,51.440208
25,19,11,4,12,2,3,5,3,0,0,1,1,0,0,0,0,14.259674,51.435145
25,19,11,4,16,2,3,5,3,2,0,1,1,0,0,0,0,14.248827,51.440153
25,19,11,4,17,2,3,3,2,2,0,1,1,0,0,0,0,14.26983,51.442842
25,19,11,6,12,4,3,4,6,0,0,1,0,0,0,0,0,14.261478,51.440107
25,19,11,6,20,4,3,5,3,2,0,1,1,0,0,0,0,14.257907,51.438914
25,19,11,7,22,5,3,7,7,2,1,1,0,0,0,0,0,14.235669,51.410005
25,19,12,2,11,2,3,5,3,0,0,1,1,0,0,0,0,14.234111,51.434317
25,19,12,6,17,6,2,3,2,2,1,1,1,0,0,0,0,14.264727,51.437044
25,20,1,9,13,5,3,6,4,0,1,1,0,1,0,0,0,14.237913,51.435602
25,20,1,10,13,6,3,5,3,0,0,1,0,0,0,0,0,14.258855,51.435706
25,20,1,12,18,1,3,0,7,2,0,1,0,0,0,0,0,14.262015,51.44107
25,20,1,14,7,3,2,5,3,2,1,1,1,0,0,0,0,14.239812,51.435466
25,20,1,15,10,4,3,0,1,0,1,1,0,0,0,0,0,14.26186,51.439792
25,20,1,21,6,3,3,4,2,2,1,1,1,0,0,0,0,14.268141,51.434464
25,20,1,23,8,5,2,5,3,0,1,1,1,0,0,0,0,14.25018,51.441816
25,20,1,30,9,5,3,4,2,0,1,1,1,0,0,0,0,14.242886,51.440573
25,20,2,11,19,3,2,0,1,1,1,1,0,0,0,0,0,14.236104,51.424532
25,20,2,15,11,7,3,5,3,0,0,1,1,0,0,0,0,14.230913,51.440215
25,20,2,19,14,4,3,5,3,0,0,1,1,0,0,0,0,14.248838,51.440138
25,20,3,4,7,4,3,4,2,0,1,1,1,0,0,0,0,14.244289,51.435177
25,20,3,4,20,4,3,0,1,2,1,1,0,0,0,0,0,14.267886,51.433485
25,20,3,5,21,5,3,6,4,2,0,1,0,1,0,0,0,14.239562,51.437715
25,20,4,15,21,4,3,0,1,2,0,1,0,0,0,0,0,14.240986,51.436908
25,20,4,21,9,3,3,0,7,0,0,1,0,0,0,0,0,14.258763,51.439157
25,20,4,21,11,3,3,4,2,0,0,1,1,0,0,0,0,14.253005,51.439189
25,20,4,23,11,5,2,5,3,0,0,1,1,0,0,0,0,14.255015,51.438789
25,20,4,23,20,5,2,0,1,1,0,1,0,0,0,0,0,14.271623,51.432911
25,20,4,28,7,3,3,5,3,0,0,1,1,0,0,0,0,14.255761,51.438739
25,20,5,12,9,3,3,5,3,0,0,1,1,0,0,0,0,14.243913,51.44346
25,20,5,15,18,6,1,5,3,0,0,1,1,0,0,0,0,14.261904,51.44103
25,20,5,17,17,1,3,0,1,0,0,1,0,0,0,0,0,14.268727,51.434607
25,20,5,21,9,5,2,1,5,0,0,1,1,0,0,0,0,14.237397,51.436993
25,20,5,24,17,1,3,0,1,0,1,1,0,0,0,0,0,14.265394,51.442146
25,20,6,2,10,3,3,4,2,0,0,1,1,0,0,0,0,14.244213,51.435262
25,20,6,2,13,3,3,0,1,0,1,1,0,0,0,0,0,14.252972,51.439119
25,20,6,3,15,4,3,5,3,0,0,1,1,0,0,0,0,14.194985,51.437209
25,20,6,4,17,5,3,4,2,0,0,1,1,0,0,0,0,14.261556,51.440063
25,20,6,6,14,7,3,5,3,0,0,1,1,0,0,0,0,14.274407,51.447649
25,20,6,8,16,2,3,5,3,0,0,1,1,0,0,0,0,14.281858,51.431304
25,20,6,10,12,4,3,9,3,0,0,1,1,0,0,0,0,14.226488,51.424666
25,20,6,23,17,3,2,4,2,0,0,1,1,0,0,0,0,14.293011,51.441725
25,20,6,25,16,5,3,0,7,0,0,1,0,0,0,0,0,14.260559,51.435585
25,20,7,5,19,1,3,0,7,0,0,1,0,0,0,0,0,14.230733,51.434958
25,20,7,11,16,7,2,0,1,0,0,1,0,0,0,0,0,14.219918,51.440559
25,20,7,21,18,3,3,2,6,0,0,1,1,0,0,0,0,14.259716,51.442092
25,20,7,27,19,2,3,0,1,0,0,1,0,0,0,0,0,14.269648,51.429535
25,20,8,1,15,7,2,5,3,0,0,1,1,0,0,0,0,14.269482,51.433744
25,20,8,2,11,1,3,5,3,0,0,1,1,0,0,0,0,14.265478,51.437352
25,20,8,6,17,5,2,4,2,0,0,1,1,0,0,0,0,14.250701,51.44235
25,20,8,8,16,7,3,5,3,0,0,1,1,0,0,0,0,14.235546,51.438066
25,20,8,13,11,5,3,4,6,0,0,1,1,0,0,0,0,14.148848,51.436896
25,20,8,14,17,6,3,0,1,0,0,1,0,0,0,0,0,14.265757,51.436232
25,20,9,1,11,3,3,5,3,0,0,1,1,0,0,0,0,14.252992,51.439161
25,20,9,2,12,4,2,5,3,0,0,1,1,0,0,0,0,14.263047,51.439823
25,20,9,7,15,2,3,5,3,0,0,1,0,0,0,0,1,14.231054,51.437238
25,20,9,8,16,3,3,5,3,0,0,1,1,0,0,0,0,14.245433,51.435115
25,20,9,24,13,5,3,1,5,0,0,1,1,0,0,0,0,14.269685,51.445293
25,20,9,28,15,2,3,5,3,0,0,1,1,0,0,0,0,14.269286,51.452069
25,20,10,5,15,2,3,3,2,0,1,1,1,0,0,0,0,14.248826,51.434906
25,20,10,7,15,4,3,4,2,0,0,1,1,0,0,0,0,14.247919,51.439581
25,20,10,17,16,7,3,7,1,0,0,1,0,0,0,0,0,14.242252,51.437884
25,20,11,2,7,2,3,5,7,0,1,1,1,0,0,0,0,14.261718,51.449506
25,20,11,16,7,2,3,5,3,1,1,1,1,0,0,0,0,14.268778,51.452457
25,20,11,17,12,3,3,4,2,0,0,1,1,0,0,0,0,14.245311,51.438727
25,20,11,27,17,6,3,0,1,2,0,1,0,0,0,0,0,14.267857,51.43333
25,20,12,7,10,2,3,0,7,0,0,1,0,0,0,0,0,14.257641,51.446223
25,20,12,8,10,3,3,6,6,0,0,1,0,1,0,0,0,14.262749,51.441339
25,20,12,17,17,5,3,5,3,2,0,1,1,0,0,0,0,14.250174,51.44182
25,21,1,21,10,5,2,3,2,0,0,1,1,0,0,0,0,14.239656,51.435527
25,21,1,26,16,3,2,6,4,0,1,1,0,1,0,0,0,14.270888,51.435394
25,21,1,27,16,4,3,3,6,0,0,1,0,0,0,0,0,14.265487,51.446406
25,21,3,2,15,3,3,5,3,0,0,1,1,0,0,0,0,14.237786,51.437897
25,21,3,2,16,3,3,5,3,0,0,1,0,0,0,0,0,14.231088,51.43038
25,21,3,10,7,4,3,5,3,0,0,1,0,0,0,0,1,14.274416,51.447641
25,21,3,19,6,6,3,5,3,0,1,1,1,0,0,0,0,14.255011,51.43879
25,21,3,24,7,4,2,4,6,0,0,1,0,0,0,0,0,14.246297,51.435163
25,21,3,31,15,4,3,5,3,0,0,1,1,0,0,0,0,14.292918,51.441707
25,21,4,21,12,4,3,5,3,0,0,1,1,0,0,0,0,14.277745,51.430983
25,21,4,27,15,3,3,4,2,0,0,1,1,0,0,0,0,14.25071,51.442356
25,21,5,3,16,2,3,5,3,0,0,1,1,0,0,0,0,14.27889,51.444656
25,21,5,4,15,3,3,5,3,0,0,1,0,0,0,0,0,14.255555,51.438746
25,21,5,10,15,2,1,3,6,0,0,1,1,0,0,0,0,14.114608,51.443196
25,21,6,2,9,4,2,5,3,0,0,1,1,0,0,0,0,14.287624,51.433562
25,21,6,4,19,6,2,0,7,0,0,1,0,0,0,0,0,14.217387,51.427614
25,21,6,7,10,2,2,5,3,0,0,1,1,0,0,0,0,14.240557,51.432425
25,21,6,16,15,4,3,0,7,0,0,1,0,0,0,0,0,14.26456,51.437421
25,21,6,21,16,2,2,5,3,0,0,1,1,0,0,0,0,14.251119,51.442601