UKREIS,UJAHR,UMONAT,UTAG,USTUNDE,UWOCHENTAG,UKATEGORIE,UART,UTYP,LICHT,USTRZUSTAND,IstRad,IstPKW,IstFuss,IstKrad,IstGkfz,IstSonstige,@lon,@lat
25,19,8,1,13,5,3,3,6,0,0,1,0,0,0,0,1,14.089893,51.263428
25,19,9,4,14,4,3,1,7,0,0,1,1,0,0,0,0,14.111559,51.268862
25,19,10,4,22,6,3,0,7,2,1,1,0,0,0,0,0,14.099832,51.274131
25,19,10,6,16,1,3,0,1,0,0,1,0,0,0,0,0,14.114371,51.277202
25,19,11,1,19,6,2,4,2,2,0,1,1,0,0,0,0,14.106607,51.273241
25,19,11,7,20,5,2,0,1,2,0,1,0,0,0,0,0,14.096297,51.277302
25,19,12,6,16,6,3,5,3,2,1,1,1,0,0,0,0,14.104055,51.279888
25,20,1,5,9,1,2,0,1,0,2,1,0,0,0,0,0,14.106615,51.273227
25,20,1,13,14,2,3,8,3,0,0,1,1,0,0,0,0,14.103363,51.279181
25,20,2,4,7,3,3,5,3,1,1,1,1,0,0,0,0,14.115632,51.288353
25,20,2,14,10,6,3,5,3,0,0,1,1,0,0,0,0,14.09401,51.294279
25,20,3,5,7,5,3,5,3,0,0,1,1,0,0,0,0,14.101634,51.276392
25,20,3,7,17,7,2,5,3,1,0,1,1,0,0,0,0,14.10301,51.278802
25,20,5,4,19,2,3,0,1,0,1,1,0,0,0,0,0,14.093701,51.274829
25,20,5,7,11,5,3,3,6,0,0,1,1,0,0,0,0,14.093415,51.274598
25,20,5,19,14,3,3,1,5,0,0,1,1,0,0,0,0,14.1507,51.286696
25,20,6,6,18,7,2,0,1,0,0,1,0,0,0,0,0,14.104775,51.278024
25,20,6,9,13,3,3,0,3,0,0,1,1,0,0,0,0,14.106598,51.281874
25,20,6,17,16,4,3,5,3,0,0,1,1,0,0,0,0,14.108645,51.273012
25,20,7,30,15,5,3,0,1,0,0,1,0,0,0,0,0,14.093416,51.274214
25,20,9,16,22,4,3,0,1,2,0,1,0,0,0,0,0,14.111537,51.267628
25,20,9,29,8,3,3,5,3,1,1,1,1,0,0,0,0,14.099279,51.28135
25,20,12,10,15,5,3,5,3,0,1,1,1,0,0,0,0,14.104079,51.279914
25,20,12,18,12,6,2,4,2,0,0,1,1,0,0,0,0,14.101683,51.27639
25,20,12,29,18,3,2,0,1,2,1,1,0,0,0,0,0,14.1193,51.286084
25,21,5,7,15,6,2,0,1,0,0,1,0,0,0,0,0,14.094227,51.276265
25,21,5,17,17,2,3,0,7,0,0,1,0,0,0,0,0,14.073991,51.257419
25,21,5,31,18,2,3,3,6,0,0,1,0,0,0,0,0,14.138308,51.28553
25,21,6,8,11,3,3,5,3,0,0,1,1,0,0,0,0,14.093468,51.274231
25,21,6,29,7,3,3,0,2,0,1,1,0,0,0,0,1,14.112273,51.288562
25,21,7,5,11,2,3,5,3,0,1,1,0,0,0,0,1,14.103004,51.278796
25,21,9,24,12,6,3,0,1,0,0,1,0,0,0,0,0,14.084618,51.26011
25,21,11,2,5,3,3,3,2,2,1,1,1,0,0,0,0,14.09077,51.29394
25,21,11,20,0,7,3,0,1,2,0,1,0,0,0,0,0,14.112084,51.28815
25,21,12,1,7,4,3,5,3,0,1,1,1,0,0,0,0,14.091608,51.27157
25,21,12,1,9,4,3,0,7,0,1,1,0,0,0,0,0,14.091647,51.291855
25,21,12,22,12,4,3,2,1,0,0,1,1,0,0,0,0,14.106615,51.273226
25,22,3,19,11,7,3,0,1,0,0,1,0,0,0,0,0,14.115887,51.272945
25,22,3,26,16,7,3,5,3,0,0,1,1,0,0,0,0,14.102091,51.277825
25,22,4,4,18,2,3,0,1,0,1,1,0,0,0,0,0,14.108578,51.27324
25,22,4,29,17,6,3,5,3,0,0,1,1,0,0,0,0,14.09931,51.270416
25,22,5,10,15,3,3,0,1,0,0,1,0,0,0,0,0,14.126729,51.257886
25,22,5,31,16,3,3,4,2,0,0,1,0,0,0,0,0,14.110396,51.284761
25,22,6,2,7,5,3,5,3,0,0,1,1,0,0,0,0,14.091587,51.271534
25,22,6,3,12,6,3,5,3,0,0,1,0,0,0,0,0,14.10064,51.279584
25,22,6,3,21,6,2,0,7,2,0,1,0,0,0,0,0,14.105356,51.278253
25,22,6,15,17,4,3,2,6,0,0,1,1,0,0,0,0,14.102553,51.278514
25,22,6,17,14,6,3,3,6,0,0,1,0,0,0,0,1,14.093496,51.274269
25,22,6,18,13,7,3,5,3,0,0,1,1,0,0,0,0,14.102751,51.276057
25,22,6,29,6,4,2,5,3,0,1,1,1,0,0,0,0,14.098825,51.278818
25,22,7,5,10,3,2,3,6,0,0,1,1,0,0,0,0,14.105428,51.274831
25,22,8,7,18,1,3,5,3,0,0,1,1,0,0,0,0,14.089645,51.271651
25,22,8,22,18,2,2,0,1,0,0,1,0,0,0,0,0,14.087524,51.272258
25,22,9,7,13,4,3,5,3,0,0,1,1,0,0,0,0,14.112291,51.288601
25,22,9,29,11,5,3,4,2,0,0,1,1,0,0,0,0,14.094608,51.264599
25,22,10,4,17,3,3,0,1,0,0,1,0,0,0,0,0,14.098179,51.275806
25,22,10,10,17,2,3,5,3,1,0,1,1,0,0,0,0,14.110354,51.273909
25,22,11,3,9,5,2,0,1,0,0,1,0,0,0,0,0,14.102073,51.270685
25,22,12,1,14,5,3,5,3,0,0,1,1,0,0,0,0,14.098696,51.282407
25,23,1,1,13,1,2,6,6,0,0,1,0,1,0,0,0,14.158778,51.292222
25,23,2,15,8,4,3,4,2,0,0,1,1,0,0,0,0,14.100378,51.279909
25,23,3,16,15,5,3,4,2,0,0,1,1,0,0,0,0,14.108664,51.275559
25,23,3,29,10,4,3,0,6,0,0,1,0,0,0,1,0,14.111426,51.267937
25,23,4,27,15,5,3,6,6,0,0,1,0,1,0,0,0,14.110494,51.273187
25,23,6,5,17,2,3,0,1,0,1,1,0,0,0,0,0,14.091575,51.271505
25,23,6,14,13,4,3,2,2,0,0,1,1,0,0,0,0,14.108685,51.275563
25,23,6,26,16,2,3,5,3,0,0,1,1,0,0,0,0,14.103012,51.278804
25,23,6,27,10,3,3,6,4,0,0,1,0,1,0,0,0,14.061755,51.289189
25,23,6,28,14,4,2,6,4,0,0,1,0,1,0,0,0,14.107373,51.277107
25,23,8,16,12,4,3,2,2,0,0,1,0,0,1,0,0,14.071539,51.2529
25,23,8,20,16,1,3,6,7,0,0,1,0,1,0,0,0,14.091319,51.27278
25,23,8,24,16,5,3,0,3,0,0,1,1,0,0,0,0,14.139454,51.285789
25,23,9,6,16,4,3,5,3,0,0,1,1,0,0,0,0,14.106593,51.28187
25,23,9,9,20,7,3,6,6,2,0,1,0,1,0,0,0,14.099212,51.281472
25,23,10,18,8,4,2,0,1,0,1,1,0,0,0,0,0,14.111035,51.284746
25,23,11,5,18,1,3,0,1,2,0,1,0,0,0,0,0,14.105459,51.28409
25,23,11,9,13,5,3,5,3,0,0,1,1,0,0,0,0,14.117087,51.280702
25,23,12,18,10,2,2,4,2,0,0,1,1,0,0,0,0,14.108661,51.275559
25,24,1,23,11,3,2,0,1,0,1,1,0,0,0,0,0,14.103751,51.272397
25,24,4,30,6,3,3,5,3,0,0,1,1,0,0,0,0,14.090449,51.29375
25,24,5,23,14,5,3,5,3,0,0,1,1,0,0,0,0,14.093906,51.270689
25,24,5,27,19,2,3,0,1,1,0,1,0,0,0,0,0,14.097913,51.28363
25,24,6,8,11,7,2,5,3,0,0,1,1,0,0,0,0,14.102454,51.270499
25,24,6,17,11,2,3,0,1,0,1,1,0,0,0,0,0,14.118878,51.286727
25,24,8,10,17,7,3,2,7,0,0,1,0,0,0,0,0,14.098533,51.27788
25,24,8,12,20,2,2,5,3,0,0,1,1,0,0,0,0,14.111364,51.284754
25,24,8,23,15,6,3,5,3,0,0,1,1,0,0,0,0,14.094011,51.294279
25,24,9,22,17,1,3,3,6,0,0,1,0,0,0,0,0,14.068145,51.30174
25,24,10,7,16,2,3,0,1,0,1,1,0,0,0,0,0,14.101751,51.276776
25,24,10,25,13,6,3,5,3,0,0,1,1,0,0,0,0,14.107837,51.286449
25,24,11,14,15,5,2,8,1,0,1,1,0,0,0,0,0,14.1036,51.277508
25,24,12,13,11,6,3,3,6,0,0,1,0,0,0,0,0,14.112057,51.275914
25,25,1,21,6,3,3,5,3,2,0,1,0,0,0,0,1,14.10154,51.277911
25,25,3,9,15,1,2,5,3,0,0,1,1,0,0,0,0,14.117122,51.265064
25,25,3,16,15,1,3,0,1,0,0,1,0,0,0,0,0,14.103717,51.295498
25,25,3,19,12,4,3,1,6,0,0,1,0,0,0,0,0,14.107311,51.282409
25,25,5,2,6,6,3,3,6,0,0,1,1,0,0,0,0,14.093573,51.274266
25,25,5,28,12,4,3,0,2,0,1,1,0,0,0,0,0,14.101124,51.271334
25,25,6,4,14,4,3,0,1,0,0,1,0,0,0,0,0,14.096279,51.285763
25,25,6,20,18,6,3,8,1,0,0,1,0,0,0,0,0,14.108619,51.275821
25,25,6,22,20,1,3,0,1,0,0,1,0,0,0,0,0,14.085716,51.283804
25,25,7,2,14,4,3,3,6,0,0,1,1,0,0,0,0,14.14528,51.251077
25,25,7,23,9,4,2,5,3,0,0,1,1,0,0,0,0,14.10658,51.273291
25,25,8,10,15,1,2,4,6,0,0,1,0,0,0,0,1,14.086242,51.282976
25,25,8,11,13,2,3,5,3,0,0,1,1,0,0,0,0,14.107651,51.285056
25,25,8,19,8,3,3,0,1,0,0,1,0,0,0,0,0,14.116234,51.28848
25,25,8,25,7,2,2,2,6,0,0,1,0,0,0,0,1,14.092955,51.265963
25,25,8,29,6,6,3,0,7,0,0,1,0,0,0,0,0,14.110133,51.274206
25,25,9,26,17,6,3,5,3,0,0,1,1,0,0,0,0,14.114597,51.278234
25,25,10,6,9,2,3,0,1,0,1,1,0,0,0,0,0,14.091951,51.271047
25,16,5,3,8,3,2,1,7,0,0,1,1,0,0,0,0,13.905353,51.264683
25,17,3,20,17,2,3,5,3,0,0,1,1,0,0,0,0,13.902298,51.26199
25,17,11,2,13,5,3,5,3,0,1,1,1,0,0,0,0,13.909246,51.26741
25,18,4,2,17,2,2,5,3,0,0,1,1,0,0,0,0,13.882693,51.271123
25,18,4,3,15,3,3,4,2,0,0,1,1,0,0,0,0,13.906474,51.264846
25,18,5,2,6,4,3,0,1,0,0,1,0,0,0,0,0,13.901768,51.265537
25,18,6,4,10,2,3,0,7,0,0,1,0,0,0,0,0,13.899536,51.263925
25,18,11,1,18,5,2,1,5,2,0,1,0,0,0,1,0,13.888204,51.25781
25,20,5,21,15,5,2,9,1,0,0,1,0,0,0,0,0,13.899474,51.278021
25,20,6,11,15,5,2,0,7,0,0,1,0,0,0,0,0,13.923825,51.253159
25,20,7,5,13,1,2,0,3,0,0,1,1,0,0,0,0,13.930432,51.249765
25,21,6,25,8,6,3,8,1,0,0,1,1,0,0,0,0,13.894916,51.261878
25,22,3,25,12,6,3,0,7,0,0,1,0,0,0,0,0,13.925542,51.248235
25,22,4,15,18,6,3,0,1,0,1,1,0,0,0,0,0,13.899407,51.278385
25,22,5,26,17,5,3,8,1,0,0,1,0,0,0,0,0,13.882642,51.271217
25,22,6,15,6,4,2,5,3,0,0,1,1,0,0,0,0,13.89589,51.264388
25,22,7,9,22,7,3,6,1,2,0,1,0,1,0,0,0,13.93078,51.25009
25,23,6,21,12,4,3,5,3,0,0,1,1,0,0,0,0,13.896704,51.260324
25,23,7,31,6,2,3,0,1,0,1,1,0,0,0,0,0,13.902178,51.261377
25,23,10,19,17,5,3,3,2,0,1,1,1,0,0,0,0,13.894906,51.259666
25,23,12,19,21,3,3,1,5,2,1,1,1,0,0,0,0,13.907697,51.265654
25,24,1,5,2,6,2,5,3,2,1,1,1,0,0,0,0,13.894901,51.259664
25,24,6,22,14,7,3,1,7,0,0,1,0,0,0,0,1,13.908832,51.263935
25,24,7,29,19,2,3,5,3,0,0,1,1,0,0,0,0,13.904292,51.263895
25,24,10,23,16,4,3,5,3,0,0,1,1,0,0,0,0,13.906493,51.264752
25,24,12,1,13,1,3,5,3,0,1,1,0,0,0,0,0,13.90857,51.266242
25,25,4,17,12,5,2,9,1,0,0,1,0,0,0,0,0,13.894929,51.261902
25,25,5,14,14,4,3,6,6,0,0,1,0,1,0,0,0,13.894076,51.264614
25,25,8,10,14,1,2,0,1,0,0,1,0,0,0,0,0,13.904693,51.269712
25,17,5,11,14,5,2,5,3,0,0,1,1,0,0,0,0,14.312133,51.309195
25,17,7,5,10,4,3,5,3,0,0,1,1,0,0,0,0,14.331691,51.314121
25,17,8,15,14,3,3,0,7,0,0,1,0,0,0,0,0,14.4179,51.313329
25,18,1,6,14,7,3,5,3,0,0,1,1,0,0,0,0,14.328258,51.309163
25,18,7,3,9,3,3,5,3,0,0,1,1,0,0,0,0,14.332416,51.315176
25,19,5,2,17,5,3,0,6,0,1,1,1,0,0,0,0,14.339864,51.308886
25,20,6,6,22,7,3,7,7,2,0,1,0,0,0,0,0,14.342124,51.336485
25,20,7,1,14,4,3,2,6,0,0,1,1,0,0,0,0,14.304975,51.340795
25,20,7,16,7,5,3,0,1,0,0,1,1,0,0,0,0,14.332362,51.30978
25,20,12,17,21,5,3,7,7,2,0,1,0,0,0,0,0,14.424966,51.304228
25,21,6,14,16,2,3,0,2,0,0,1,1,0,0,0,0,14.320455,51.30989
25,21,7,28,17,4,3,2,6,0,1,1,0,0,0,0,0,14.331045,51.347602
25,21,8,13,16,6,3,5,3,0,0,1,1,0,0,0,0,14.334099,51.309445
25,21,12,17,7,6,2,0,2,1,1,1,1,0,0,0,0,14.333811,51.30879
25,22,2,12,11,7,2,0,1,0,2,1,0,0,0,0,0,14.339368,51.308152
25,22,7,29,15,6,3,5,3,0,0,1,0,0,0,0,0,14.331371,51.313644
25,22,9,11,15,1,2,5,3,0,0,1,1,0,0,0,0,14.328253,51.309153
25,23,11,3,7,6,3,8,3,0,0,1,1,0,0,0,0,14.334104,51.309444
25,24,3,11,16,2,3,5,3,0,0,1,1,0,0,0,0,14.326764,51.310905
25,24,10,30,16,4,3,0,1,0,0,1,0,0,0,0,0,14.327791,51.308111
25,25,1,9,19,5,3,0,7,2,0,1,0,0,0,0,0,14.326106,51.308369
25,25,12,11,16,5,3,0,1,1,0,1,0,0,0,0,0,14.327969,51.30837
25,25,12,16,8,3,3,5,3,0,0,1,1,0,0,0,0,14.330631,51.312573
25,16,5,5,20,5,2,0,1,2,0,1,0,0,0,0,0,14.495473,51.166712
25,17,7,6,16,5,3,3,6,0,0,1,1,0,0,0,0,14.513934,51.159361
25,18,8,3,18,6,2,0,1,0,0,1,0,0,0,0,0,14.457057,51.157357
25,20,5,8,12,6,3,5,3,0,0,1,1,0,0,0,0,14.49487,51.176812
25,20,7,21,18,3,3,5,3,0,0,1,1,0,0,0,0,14.508975,51.162706
25,20,8,14,17,6,3,5,3,0,0,1,1,0,0,0,0,14.471075,51.162611
25,21,7,4,13,1,3,5,3,0,0,1,1,0,0,0,0,14.480387,51.167089
25,21,10,24,16,1,2,9,1,0,0,1,0,0,0,0,0,14.491426,51.125253
25,22,2,6,19,1,1,8,1,2,1,1,0,0,0,0,0,14.494286,51.153054
25,22,11,26,18,7,3,1,1,2,1,1,1,0,0,0,0,14.486665,51.174401
25,24,8,28,16,4,3,5,3,0,0,1,1,0,0,0,0,14.457261,51.15719
25,24,12,11,5,4,3,0,3,2,1,1,1,0,0,0,0,14.496741,51.194781
25,25,4,9,15,4,3,5,3,0,0,1,1,0,0,0,0,14.486679,51.169074
25,25,7,20,15,1,1,0,1,0,0,1,0,0,0,0,0,14.489765,51.172931
25,16,7,1,18,6,3,5,3,0,0,1,1,0,0,0,0,13.88228,51.250578
25,18,6,4,15,2,2,5,3,0,0,1,1,0,0,0,0,13.878829,51.247975
25,19,8,1,11,5,2,0,1,0,0,1,0,0,0,0,0,13.879166,51.246028
25,20,5,21,17,5,2,0,1,0,0,1,0,0,0,0,0,13.870852,51.246649
25,20,11,23,18,2,2,2,6,2,0,1,1,0,0,0,0,13.832626,51.272012
25,21,8,20,21,6,2,3,6,2,0,1,1,0,0,0,0,13.837154,51.204609
25,22,3,25,9,6,2,5,3,0,0,1,0,0,0,1,0,13.882304,51.250565
25,23,5,18,13,5,3,9,1,0,0,1,0,0,0,0,0,13.880528,51.249157
25,24,6,29,18,7,3,0,1,0,0,1,1,0,0,0,0,13.819231,51.209995
25,25,7,23,23,4,2,0,1,2,0,1,0,0,0,0,0,13.909235,51.223658
25,25,7,25,23,6,2,8,1,2,0,1,0,0,0,0,0,13.885931,51.253162
25,25,8,18,12,2,3,0,6,0,0,1,0,0,0,1,0,13.809467,51.218916
25,16,1,5,19,3,3,5,3,2,2,1,1,0,0,0,0,14.094266,51.452415
25,16,4,1,16,6,3,5,3,0,0,1,0,0,1,0,0,14.094449,51.455237
25,16,5,1,8,1,3,0,1,0,0,1,0,0,0,0,0,14.092568,51.444685
25,16,5,6,8,6,3,5,3,0,0,1,1,0,0,0,0,14.108985,51.447126
25,16,6,1,14,4,3,5,3,0,1,1,1,0,0,0,0,14.131972,51.459116
25,16,6,2,11,5,3,1,5,0,0,1,0,0,0,1,0,14.104573,51.438187
25,16,7,1,16,6,2,5,3,0,0,1,1,0,0,0,0,14.09465,51.454138
25,16,8,1,14,2,2,6,7,0,0,1,0,1,0,0,0,14.093369,51.448289
25,17,2,10,9,6,3,5,3,0,0,1,1,0,0,0,0,14.09712,51.459103
25,17,9,7,7,5,2,5,3,0,0,1,1,0,0,0,0,14.091753,51.441032
25,17,12,7,12,5,2,5,3,0,0,1,1,0,0,0,0,14.100325,51.44018
25,18,2,7,15,4,2,0,7,0,0,1,0,0,0,0,0,14.087902,51.443253
25,18,9,1,10,7,3,5,3,0,0,1,1,0,0,0,0,14.094682,51.454281
25,19,4,3,12,4,3,1,7,0,0,1,1,0,0,0,0,14.096258,51.457356
25,19,6,7,11,6,2,5,3,0,0,1,0,0,0,0,1,14.09504,51.459873
25,19,7,3,17,4,3,5,3,0,0,1,1,0,0,0,0,14.096582,51.458092
25,19,9,2,19,2,3,0,7,2,0,1,0,0,0,0,0,14.099278,51.445061
25,20,4,28,16,3,2,5,3,0,0,1,1,0,0,0,0,14.094791,51.455045
25,20,5,16,15,7,2,3,2,0,0,1,1,0,0,0,0,14.081095,51.418344
25,20,5,21,21,5,3,3,6,1,0,1,0,0,0,0,0,14.094296,51.452619
25,20,5,29,14,6,3,5,3,0,0,1,1,0,0,0,0,14.094789,51.455047
25,20,6,3,16,4,3,5,3,0,0,1,1,0,0,0,0,14.096552,51.4581
25,20,8,8,18,7,3,0,6,0,0,1,0,0,1,0,0,14.066563,51.439969
25,20,11,28,22,7,3,0,1,2,0,1,0,0,0,0,0,14.132697,51.461145
25,20,12,22,13,3,3,5,3,0,0,1,1,0,0,0,0,14.098479,51.461367
25,21,3,12,12,6,3,5,3,0,0,1,1,0,0,0,0,14.09598,51.456872
25,21,4,3,23,7,3,2,6,2,1,1,0,0,0,0,0,14.091042,51.434039
25,21,6,5,20,7,3,0,6,1,0,1,1,0,0,0,0,14.087855,51.444502
25,21,10,1,19,6,3,9,1,1,0,1,0,0,0,0,0,14.104193,51.461664
25,21,10,8,22,6,3,1,5,2,0,1,1,0,0,0,0,14.102648,51.44475
25,21,10,20,14,4,3,1,5,0,0,1,1,0,0,0,0,14.086712,51.446369
25,22,1,17,19,2,3,0,1,2,2,1,0,0,0,0,0,14.098509,51.461371
25,22,1,25,7,3,3,0,2,2,1,1,1,0,0,0,0,14.093157,51.446987
25,22,3,29,10,3,3,4,2,0,0,1,1,0,0,0,0,14.094078,51.451641
25,22,4,13,14,4,3,3,6,0,0,1,0,0,0,0,0,14.087846,51.44308
25,22,5,9,13,2,2,4,2,0,0,1,1,0,0,0,0,14.094799,51.455041
25,22,7,12,14,3,3,5,3,0,0,1,1,0,0,0,0,14.093395,51.448467
25,22,7,18,15,2,3,0,1,0,0,1,0,0,0,0,0,14.092737,51.445427
25,22,8,2,12,3,3,5,3,0,0,1,1,0,0,0,0,14.06906,51.46479
25,22,8,17,11,4,3,5,3,0,0,1,1,0,0,0,0,14.091877,51.442052
25,22,11,5,11,7,3,1,5,0,0,1,1,0,0,0,0,14.09065,51.445623
25,23,3,2,18,5,3,2,6,1,0,1,1,0,0,0,0,14.134175,51.467279
25,23,3,26,16,1,3,3,6,0,0,1,0,0,0,0,0,14.140496,51.474493
25,23,6,2,18,6,2,5,3,0,0,1,1,0,0,0,0,14.090593,51.433711
25,23,6,16,10,6,2,3,2,0,0,1,0,0,0,0,0,14.069069,51.464779
25,23,9,25,21,2,2,0,1,2,0,1,0,0,0,0,0,14.101577,51.449797
25,23,10,3,19,3,3,7,7,2,1,1,0,0,0,0,0,14.116874,51.452853
25,23,10,16,14,2,3,0,1,0,0,1,0,0,0,0,0,14.102987,51.439466
25,23,11,4,21,7,3,0,1,2,1,1,0,0,0,0,0,14.094919,51.455027
25,23,11,27,10,2,3,5,3,0,1,1,1,0,0,0,0,14.096545,51.458101
25,24,1,31,19,4,3,5,3,2,0,1,1,0,0,0,0,14.094773,51.455056
25,24,4,23,8,3,2,5,3,0,0,1,1,0,0,0,0,14.100463,51.44224
25,24,5,3,12,6,3,5,3,0,0,1,1,0,0,0,0,14.096571,51.458096
25,24,7,5,17,6,3,6,4,0,0,1,0,1,0,0,0,14.096787,51.458283
25,24,7,5,23,6,2,0,7,2,0,1,0,0,0,0,0,14.133379,51.454455
25,24,9,28,7,7,3,1,5,0,1,1,1,0,0,0,0,14.091213,51.444922
25,24,10,25,9,6,2,0,1,0,0,1,0,0,0,0,0,14.095753,51.443084
25,24,12,21,7,7,2,2,6,2,0,1,1,0,0,0,0,14.095075,51.45529
25,25,1,24,10,6,3,5,3,0,0,1,1,0,0,0,0,14.098112,51.4606
25,25,1,30,6,5,3,0,1,2,1,1,0,0,0,0,0,14.100398,51.442208
25,25,2,8,14,7,2,0,1,0,0,1,0,0,0,0,0,14.131219,51.448493
25,25,2,12,16,4,2,5,3,1,0,1,1,0,0,0,0,14.095801,51.456559
25,25,5,1,21,5,3,0,1,2,0,1,0,0,0,0,0,14.094375,51.436545
25,25,5,13,11,3,3,4,2,0,0,1,1,0,0,0,0,14.096578,51.458095
25,25,9,12,11,6,2,2,2,0,0,1,0,0,0,0,1,14.100393,51.438563
25,25,9,17,5,4,3,4,6,2,1,1,0,0,0,0,0,14.094118,51.460801
25,25,9,27,19,7,3,6,7,2,0,1,0,1,0,0,0,14.098333,51.441047
25,25,11,15,20,7,2,0,1,2,1,1,0,0,0,0,0,14.093088,51.447088
25,25,12,10,12,4,3,0,7,0,0,1,0,0,0,0,0,14.088501,51.446078
25,25,12,27,19,7,2,0,1,2,2,1,0,0,0,0,0,14.095754,51.442982
25,17,8,23,16,4,2,5,3,0,0,1,0,0,0,0,1,13.949427,51.168279
25,17,8,24,6,5,3,5,3,0,0,1,1,0,0,0,0,13.987109,51.168417
25,18,5,5,11,7,3,9,1,0,0,1,0,0,0,0,0,13.950461,51.166967
25,20,3,16,17,2,3,3,6,2,0,1,0,0,0,0,1,13.985167,51.191873
25,24,5,14,7,3,3,0,3,0,0,1,1,0,0,0,0,13.957223,51.171606
25,16,5,5,17,5,2,0,1,0,0,1,0,0,0,0,0,14.380989,51.334996
25,16,10,4,10,3,2,3,6,0,0,1,0,0,0,1,0,14.403576,51.384221
25,17,5,9,13,3,2,5,2,0,0,1,1,0,0,0,0,14.420375,51.36698
25,18,7,2,8,2,3,0,7,0,0,1,0,0,0,0,0,14.39598,51.409972
25,18,7,5,10,5,2,5,3,0,0,1,0,0,0,1,0,14.375634,51.426302
25,18,8,4,0,7,3,0,7,2,0,1,0,0,0,0,0,14.394964,51.412364
25,18,10,2,10,3,3,5,3,0,0,1,0,0,0,1,0,14.406535,51.38538
25,18,11,4,12,1,2,4,2,0,0,1,1,0,0,0,0,14.408822,51.368454
25,19,6,5,18,4,2,5,3,0,0,1,1,0,0,0,0,14.381169,51.344327
25,20,4,21,16,3,3,4,2,0,0,1,0,0,0,0,0,14.4068,51.384862
25,20,8,20,18,5,3,0,7,0,0,1,0,0,0,0,0,14.30874,51.369256
25,20,9,9,15,4,2,9,1,0,0,1,0,0,0,0,0,14.371592,51.431579
25,21,7,13,19,3,3,0,1,0,0,1,0,0,0,0,0,14.372199,51.367535
25,21,9,4,11,7,3,3,6,0,0,1,0,0,0,0,0,14.396023,51.402741
25,22,7,23,19,7,3,5,3,0,0,1,0,0,0,0,0,14.378748,51.344234
25,22,7,26,11,3,3,9,1,0,0,1,0,0,0,0,0,14.405031,51.373656
25,23,4,19,13,4,3,4,6,0,0,1,1,0,0,0,0,14.307628,51.368917
25,23,7,5,21,4,3,9,1,1,0,1,0,0,0,0,0,14.33489,51.375309
25,23,8,12,12,7,3,4,5,0,0,1,1,0,0,0,0,14.397144,51.394754
25,24,7,27,20,7,2,0,1,1,1,1,0,0,0,0,0,14.359258,51.374347
25,24,10,6,15,1,3,3,6,0,0,1,1,0,0,0,0,14.340446,51.437243
25,24,10,29,9,3,3,0,1,0,0,1,0,0,0,0,0,14.394358,51.398054
25,25,6,26,12,5,2,9,1,0,0,1,0,0,0,0,0,14.364617,51.43451
25,25,8,14,20,5,3,8,7,1,0,1,0,0,0,0,0,14.39428,51.397785
25,25,8,20,20,4,3,9,1,2,0,1,0,0,0,0,0,14.326898,51.375138
25,16,4,1,17,6,2,0,7,1,0,1,0,0,0,0,0,14.487249,51.234744
25,16,5,6,1,6,2,8,1,2,0,1,0,0,0,0,0,14.548172,51.252366
25,16,6,7,6,3,3,5,3,0,0,1,1,0,0,0,0,14.557242,51.245913
25,16,7,2,3,7,3,7,7,1,0,1,0,0,0,0,0,14.52941,51.218191
25,16,7,6,10,4,3,0,7,0,0,1,0,0,0,0,0,14.553089,51.256324
25,16,8,3,18,4,2,3,6,0,0,1,1,0,0,0,0,14.589033,51.233832
25,17,4,4,15,3,2,5,3,0,1,1,1,0,0,0,0,14.524726,51.237961
25,18,9,4,5,3,3,3,6,2,0,1,1,0,0,0,0,14.616316,51.270824
25,19,8,4,16,1,3,3,6,0,0,1,0,0,0,0,0,14.551338,51.286632
25,20,3,19,16,5,2,5,3,0,0,1,1,0,0,0,0,14.592631,51.227408
25,20,7,27,18,2,3,1,5,0,0,1,1,0,0,0,0,14.544618,51.221713
25,21,7,11,9,1,3,0,1,0,0,1,0,0,0,0,0,14.558444,51.259318
25,21,7,23,9,6,3,5,3,0,0,1,1,0,0,0,0,14.521681,51.239193
25,22,5,30,15,2,3,5,3,0,0,1,0,0,0,0,1,14.520553,51.236131
25,22,8,25,6,5,3,8,6,1,0,1,1,0,0,0,0,14.523992,51.233452
25,22,10,14,16,6,2,5,3,0,0,1,1,0,0,0,0,14.476611,51.223611
25,22,10,28,15,6,3,5,3,0,1,1,1,0,0,0,0,14.598976,51.264383
25,22,12,8,9,5,3,0,1,0,1,1,0,0,0,0,0,14.483854,51.239148
25,24,5,4,18,7,2,3,6,0,0,1,0,0,0,0,0,14.502481,51.222523
25,24,7,29,15,2,3,0,1,0,0,1,0,0,0,0,0,14.473598,51.22106
25,24,8,18,3,1,3,0,1,2,0,1,0,0,0,0,0,14.52825,51.233193
25,25,8,15,10,6,3,5,3,0,0,1,0,0,0,0,0,14.587395,51.274772
25,16,7,7,16,5,3,5,3,0,1,1,1,0,0,0,0,14.189496,51.284033
25,16,9,7,17,4,3,5,3,0,0,1,1,0,0,0,0,14.158512,51.265359
25,19,4,7,15,1,2,3,2,0,0,1,1,0,0,0,0,14.183821,51.237858
25,21,3,30,18,3,2,9,7,1,0,1,0,0,0,0,0,14.177895,51.265104
25,22,6,10,21,6,2,8,1,1,0,1,0,0,0,0,0,14.18348,51.257674