UKREIS,UJAHR,UMONAT,UTAG,USTUNDE,UWOCHENTAG,UKATEGORIE,UART,UTYP,LICHT,USTRZUSTAND,IstRad,IstPKW,IstFuss,IstKrad,IstGkfz,IstSonstige,@lon,@lat
25,22,7,26,17,3,3,5,3,0,0,1,1,0,0,0,0,14.140849,51.276122
25,23,8,20,23,1,2,0,1,2,0,1,0,0,0,0,0,14.201583,51.301442
25,25,6,23,15,2,3,0,6,0,0,1,0,0,0,0,1,14.177159,51.246464
25,16,4,3,11,1,2,3,6,0,1,1,0,0,0,0,0,14.333979,51.251627
25,17,8,28,15,2,2,3,6,0,0,1,0,0,0,0,1,14.318057,51.296124
25,18,4,6,14,6,3,3,6,0,0,1,1,0,0,0,0,14.361553,51.24879
25,18,6,7,15,5,3,5,3,0,0,1,1,0,0,0,0,14.329114,51.270402
25,19,8,4,2,1,2,0,1,2,0,1,0,0,0,0,0,14.331071,51.261679
25,21,4,12,9,2,2,4,2,0,1,1,1,0,0,0,0,14.326984,51.268471
25,21,6,1,14,3,3,4,2,0,0,1,1,0,0,0,0,14.26681,51.270779
25,21,11,3,15,4,3,9,1,0,0,1,0,0,0,0,0,14.334947,51.229398
25,22,3,20,21,1,3,0,1,2,0,1,0,0,0,0,0,14.318086,51.296068
25,22,8,3,13,4,3,1,1,0,0,1,0,0,0,0,0,14.338173,51.274393
25,22,11,18,13,6,3,1,7,0,1,1,0,0,0,0,1,14.319169,51.288104
25,23,9,1,21,6,2,3,2,2,1,1,1,0,0,0,0,14.337641,51.266791
25,23,10,11,16,4,3,8,1,0,0,1,0,0,0,0,0,14.33552,51.28127
25,24,2,8,18,5,3,5,3,2,1,1,1,0,0,0,0,14.32541,51.266898
25,24,5,22,13,4,2,3,2,0,0,1,1,0,0,0,0,14.328918,51.270793
25,24,9,24,12,3,2,4,2,0,1,1,1,0,0,0,0,14.319988,51.288828
25,24,9,28,3,7,2,0,1,2,0,1,0,0,0,0,0,14.262484,51.280057
25,25,8,16,15,7,3,0,7,0,0,1,1,0,0,0,0,14.329542,51.274877
25,18,8,3,19,6,1,5,3,0,0,1,1,0,0,0,0,13.966685,51.272306
25,19,4,4,5,5,3,4,6,2,0,1,1,0,0,0,0,13.996692,51.284701
25,21,9,19,19,1,2,8,1,1,0,1,0,0,0,0,0,13.989197,51.264519
25,23,2,22,7,4,2,2,6,0,1,1,0,0,0,0,1,13.974004,51.297318
25,25,3,24,9,2,3,3,6,0,0,1,1,0,0,0,0,13.925449,51.277014
25,25,6,15,9,1,3,2,6,0,0,1,1,0,0,0,0,13.955528,51.26832
25,25,8,19,7,3,2,3,6,0,0,1,1,0,0,0,0,14.003031,51.285581
25,16,3,6,1,1,3,0,1,2,0,1,0,0,0,0,0,14.326199,51.089152
25,16,5,1,15,1,2,5,3,0,0,1,1,0,0,0,0,14.310456,51.09529
25,16,6,2,14,5,2,3,6,0,0,1,0,0,0,1,0,14.310521,51.095272
25,16,6,6,15,2,2,5,3,0,0,1,1,0,0,0,0,14.27546,51.093881
25,16,9,1,7,5,3,5,3,0,0,1,1,0,0,0,0,14.318934,51.093018
25,17,5,24,2,4,2,4,6,2,1,1,0,0,0,0,0,14.296903,51.096945
25,17,6,26,16,2,2,5,3,0,0,1,1,0,0,0,0,14.288604,51.096132
25,17,7,25,17,3,2,5,3,0,0,1,1,0,0,0,0,14.315013,51.09407
25,17,9,6,16,4,3,3,2,0,0,1,1,0,0,0,0,14.317432,51.093412
25,17,10,26,5,5,3,4,6,2,1,1,1,0,0,0,0,14.291971,51.09688
25,17,12,21,18,5,3,4,2,2,1,1,1,0,0,0,0,14.309309,51.095685
25,18,3,2,19,6,3,0,1,2,2,1,0,0,0,0,0,14.282431,51.096762
25,18,3,5,6,2,3,5,3,0,0,1,1,0,0,0,0,14.336043,51.096829
25,18,4,6,6,6,3,4,2,0,0,1,1,0,0,0,0,14.306725,51.09695
25,18,9,5,12,4,3,3,2,0,0,1,1,0,0,0,0,14.309396,51.095637
25,19,1,2,12,4,3,0,3,0,2,1,1,0,0,0,0,14.313464,51.094486
25,19,1,3,17,5,3,0,1,2,1,1,0,0,0,0,0,14.327278,51.097097
25,19,4,4,17,5,3,5,3,0,0,1,1,0,0,0,0,14.312758,51.094674
25,19,6,7,13,6,3,5,3,0,0,1,1,0,0,0,0,14.279372,51.096954
25,19,7,4,18,5,3,0,7,0,0,1,0,0,0,0,0,14.321817,51.091029
25,19,7,5,21,6,3,9,1,0,0,1,0,0,0,0,0,14.315057,51.094058
25,19,9,1,22,1,2,0,1,2,0,1,0,0,0,0,0,14.318036,51.093245
25,19,9,2,13,2,3,9,1,0,0,1,0,0,0,0,0,14.325634,51.096959
25,19,10,5,18,7,3,3,2,0,0,1,0,0,0,0,0,14.303344,51.093765
25,20,2,26,5,4,3,5,3,0,0,1,1,0,0,0,0,14.309922,51.095432
25,20,5,15,17,6,3,0,7,0,0,1,0,0,0,0,0,14.322134,51.091028
25,20,6,5,14,6,3,3,2,0,0,1,1,0,0,0,0,14.346784,51.09836
25,20,7,24,10,6,3,5,3,0,0,1,1,0,0,0,0,14.288605,51.096794
25,20,7,27,13,2,2,4,2,0,0,1,1,0,0,0,0,14.339658,51.096925
25,21,4,28,13,4,3,0,7,0,0,1,0,0,0,0,0,14.297783,51.097746
25,21,5,28,21,6,3,8,1,2,0,1,0,0,0,0,0,14.307367,51.099669
25,21,7,3,14,7,2,5,3,0,0,1,1,0,0,0,0,14.305373,51.097057
25,21,9,2,11,5,3,0,1,0,0,1,0,0,0,0,0,14.311263,51.09608
25,21,9,4,17,7,3,4,1,0,0,1,1,0,0,0,0,14.321321,51.090079
25,21,10,25,12,2,3,5,3,0,0,1,1,0,0,0,0,14.322611,51.091835
25,21,10,30,17,7,3,3,6,2,0,1,1,0,0,0,0,14.316086,51.093776
25,21,11,15,12,2,3,3,2,0,0,1,1,0,0,0,0,14.307553,51.096721
25,22,4,26,19,3,3,0,1,0,0,1,0,0,0,0,0,14.316349,51.093708
25,22,6,1,9,4,3,5,3,0,0,1,0,0,0,0,0,14.328024,51.092006
25,22,6,22,15,4,3,7,7,0,0,1,1,0,0,0,0,14.320704,51.093471
25,22,8,26,16,6,2,5,3,0,1,1,1,0,0,0,0,14.315133,51.094028
25,22,9,23,14,6,3,5,3,0,0,1,1,0,0,0,0,14.336034,51.09683
25,23,8,10,17,5,3,1,5,0,0,1,0,0,0,0,1,14.29055,51.096303
25,23,11,9,9,5,2,0,1,0,0,1,0,0,0,0,0,14.285967,51.093827
25,23,12,20,13,4,3,5,3,0,0,1,1,0,0,0,0,14.315077,51.094043
25,23,12,21,0,5,2,8,1,2,1,1,0,0,0,0,0,14.320502,51.092602
25,24,7,30,16,3,3,0,1,0,0,1,0,0,0,0,0,14.325925,51.089582
25,24,8,27,13,3,3,5,3,0,0,1,1,0,0,0,0,14.305313,51.097034
25,24,10,16,13,4,3,6,4,0,0,1,0,1,0,0,0,14.320536,51.092593
25,24,10,19,20,7,3,0,1,2,0,1,0,0,0,0,0,14.326981,51.08631
25,24,10,21,17,2,3,6,6,0,0,1,0,1,0,0,0,14.333086,51.09694
25,24,12,27,17,6,3,5,3,2,0,1,1,0,0,0,0,14.315145,51.094025
25,25,3,3,11,2,2,1,7,0,0,1,1,0,0,0,0,14.320635,51.092207
25,25,7,28,14,2,2,0,1,0,0,1,0,0,0,0,0,14.309788,51.094396
25,25,12,18,6,5,3,4,2,2,2,1,1,0,0,0,0,14.304255,51.09576
25,19,6,5,19,4,3,1,5,1,1,1,1,0,0,0,0,14.402017,51.132147
25,21,6,26,22,7,2,0,1,2,0,1,0,0,0,0,0,14.4044,51.119026
25,21,7,1,16,5,3,0,1,0,0,1,0,0,0,0,0,14.408197,51.132442
25,22,6,18,1,7,3,4,6,2,0,1,1,0,0,0,0,14.407392,51.120281
25,22,10,28,13,6,2,0,1,0,0,1,0,0,0,0,0,14.404702,51.132013
25,23,7,18,13,3,3,5,3,0,0,1,1,0,0,0,0,14.412238,51.147873
25,17,4,10,17,2,3,5,3,0,0,1,1,0,0,0,0,14.046783,51.172662
25,17,6,1,7,5,3,5,3,0,0,1,1,0,0,0,0,14.039995,51.176612
25,18,5,6,16,1,3,5,3,0,0,1,1,0,0,0,0,14.038339,51.177936
25,18,9,6,14,5,3,5,3,0,0,1,1,0,0,0,0,14.039993,51.176613
25,19,7,7,16,1,3,8,1,0,0,1,0,0,0,0,0,14.049511,51.187543
25,19,11,1,6,6,3,3,2,1,0,1,1,0,0,0,0,14.040278,51.175983
25,20,4,3,12,6,3,3,2,0,0,1,1,0,0,0,0,14.042169,51.171866
25,20,9,19,11,7,3,5,3,0,0,1,1,0,0,0,0,14.043167,51.170709
25,21,9,14,9,3,3,5,3,0,0,1,1,0,0,0,0,14.038336,51.177937
25,22,2,27,2,1,3,0,1,2,0,1,0,0,0,0,0,14.041088,51.174113
25,22,5,6,14,6,3,3,6,0,0,1,0,0,0,0,1,14.049314,51.185888
25,22,5,26,18,5,3,0,1,0,0,1,0,0,0,0,0,14.043774,51.170003
25,22,8,18,22,5,3,0,1,2,0,1,0,0,0,0,0,14.040077,51.176536
25,22,11,9,13,4,3,0,1,0,1,1,0,0,0,0,0,14.025605,51.176191
25,25,3,7,17,6,2,3,6,2,0,1,0,0,0,0,0,14.064553,51.167509
25,19,6,2,9,1,3,5,3,0,0,1,1,0,0,0,0,14.175565,51.364922
25,21,9,26,12,1,2,7,7,0,0,1,0,0,0,0,0,14.170002,51.356696
25,23,8,13,13,1,2,5,3,0,0,1,1,0,0,0,0,14.137496,51.354654
25,16,5,2,9,2,3,5,3,0,0,1,1,0,0,0,0,13.821457,51.16671
25,16,5,3,13,3,3,5,3,0,0,1,1,0,0,0,0,13.834452,51.194753
25,16,5,4,15,4,2,0,1,0,1,1,0,0,0,0,0,13.817981,51.18297
25,16,6,3,9,6,3,5,3,0,0,1,1,0,0,0,0,13.829535,51.184429
25,16,7,3,17,1,2,0,1,0,0,1,0,0,0,0,0,13.780293,51.188266
25,16,8,2,19,3,3,1,5,1,0,1,1,0,0,0,0,13.822223,51.180947
25,16,8,4,7,5,2,5,3,0,0,1,1,0,0,0,0,13.784509,51.182479
25,16,9,1,5,5,3,5,3,0,0,1,1,0,0,0,0,13.824008,51.177198
25,16,10,2,12,1,2,0,7,0,0,1,0,0,0,0,0,13.851969,51.189391
25,16,10,4,7,3,3,5,3,1,0,1,1,0,0,0,0,13.828839,51.174587
25,16,11,3,9,5,3,5,3,0,1,1,0,0,0,1,0,13.81997,51.183035
25,16,12,6,11,3,3,5,3,0,0,1,1,0,0,0,0,13.821515,51.170106
25,17,3,8,16,4,3,5,3,0,0,1,1,0,0,0,0,13.838257,51.186398
25,17,3,27,7,2,3,5,3,0,0,1,0,0,0,0,1,13.823883,51.172793
25,17,3,30,15,5,3,5,3,0,0,1,1,0,0,0,0,13.825142,51.176482
25,17,4,24,7,2,3,5,3,0,0,1,1,0,0,0,0,13.821917,51.183012
25,17,6,6,11,3,3,5,3,0,0,1,0,0,0,0,1,13.826783,51.18094
25,17,6,6,15,3,3,0,3,0,0,1,0,0,0,0,1,13.829933,51.185745
25,17,6,12,13,2,3,8,6,0,0,1,1,0,0,0,0,13.792633,51.182213
25,17,7,17,16,2,3,5,3,0,0,1,1,0,0,0,0,13.821493,51.170038
25,17,7,24,6,2,3,3,2,0,0,1,1,0,0,0,0,13.833756,51.181617
25,17,7,28,13,6,3,5,3,0,0,1,1,0,0,0,0,13.824861,51.175431
25,17,7,31,18,2,2,0,1,0,0,1,0,0,0,0,0,13.829707,51.187659
25,17,8,26,14,7,2,4,2,0,0,1,0,0,0,0,0,13.824961,51.176457
25,17,9,1,6,6,2,2,6,0,1,1,1,0,0,0,0,13.821496,51.170048
25,17,9,19,3,3,2,0,1,2,0,1,0,0,0,0,0,13.807244,51.18411
25,17,9,20,17,4,2,5,3,0,0,1,0,0,0,0,1,13.824961,51.17645
25,17,11,9,9,5,3,5,2,0,0,1,1,0,0,0,0,13.828015,51.182504
25,17,12,4,16,2,3,5,3,2,1,1,1,0,0,0,0,13.840424,51.178016
25,17,12,11,22,2,2,8,1,2,1,1,0,0,0,0,0,13.832294,51.187473
25,18,1,4,9,5,2,6,6,0,1,1,0,1,0,0,0,13.828859,51.189483
25,18,2,3,6,7,3,4,2,2,1,1,1,0,0,0,0,13.838238,51.180193
25,18,3,5,5,2,3,5,3,2,0,1,1,0,0,0,0,13.843026,51.176527
25,18,4,7,22,7,3,3,6,2,0,1,1,0,0,0,0,13.831267,51.187097
25,18,5,3,15,5,3,3,2,0,0,1,1,0,0,0,0,13.829846,51.184836
25,18,6,1,16,6,2,0,1,0,1,1,0,0,0,0,0,13.820785,51.182526
25,18,6,1,19,6,3,5,3,0,0,1,0,0,0,0,0,13.83467,51.191401
25,18,6,7,12,5,2,5,3,0,0,1,0,0,0,0,0,13.824031,51.172913
25,18,6,7,16,5,3,5,3,0,0,1,1,0,0,0,0,13.834427,51.19459
25,18,7,1,15,1,2,5,3,0,0,1,1,0,0,0,0,13.824721,51.174236
25,18,7,1,17,1,3,0,3,0,0,1,1,0,0,0,0,13.799907,51.181447
25,18,7,2,8,2,2,0,3,0,0,1,1,0,0,0,0,13.826787,51.180944
25,18,7,3,10,3,3,5,3,0,0,1,1,0,0,0,0,13.826782,51.180938
25,18,8,6,7,2,3,4,2,0,0,1,1,0,0,0,0,13.82368,51.172623
25,18,11,6,16,3,3,3,2,0,0,1,1,0,0,0,0,13.799991,51.181428
25,19,3,6,13,4,2,3,2,0,0,1,1,0,0,0,0,13.827319,51.181621
25,19,4,1,18,2,3,3,6,0,0,1,0,0,0,1,0,13.833592,51.187574
25,19,4,3,12,4,3,5,3,0,0,1,1,0,0,0,0,13.833643,51.172808
25,19,4,5,0,6,3,8,1,2,0,1,0,0,0,0,0,13.83219,51.187506
25,19,4,7,16,1,3,8,6,0,0,1,1,0,0,0,0,13.787058,51.183777
25,19,5,1,6,4,3,1,5,0,1,1,0,0,0,1,0,13.830862,51.179067
25,19,5,1,17,4,2,5,1,0,1,1,1,0,0,0,0,13.790574,51.182877
25,19,5,3,18,6,3,2,2,0,0,1,0,0,0,0,0,13.792563,51.167388
25,19,6,7,16,6,3,3,2,0,0,1,0,0,0,0,1,13.834502,51.192232
25,19,8,2,12,6,2,0,1,0,0,1,0,0,0,0,0,13.837241,51.181185
25,19,10,7,7,2,2,5,3,0,0,1,1,0,0,0,0,13.827414,51.175437
25,19,12,4,18,4,3,5,3,2,1,1,1,0,0,0,0,13.821484,51.17001
25,20,2,9,14,1,3,5,3,0,0,1,1,0,0,0,0,13.832663,51.187537
25,20,2,24,15,2,3,3,2,0,0,1,0,0,0,0,0,13.825386,51.176378
25,20,4,4,7,7,2,4,6,0,0,1,0,0,0,0,1,13.835409,51.189471
25,20,6,3,16,4,2,8,3,0,0,1,0,0,0,0,1,13.827315,51.181616
25,20,6,17,9,4,3,2,6,0,0,1,1,0,0,0,0,13.845109,51.183128
25,20,7,18,22,7,2,3,2,2,0,1,1,0,0,0,0,13.816807,51.181098
25,20,11,4,13,4,3,5,3,0,0,1,1,0,0,0,0,13.824823,51.17506
25,21,3,22,14,2,3,5,3,0,0,1,1,0,0,0,0,13.826791,51.18095
25,21,4,12,6,2,2,5,3,2,1,1,1,0,0,0,0,13.835062,51.180428
25,21,5,31,16,2,3,5,3,0,0,1,1,0,0,0,0,13.814496,51.18395
25,21,6,18,21,6,2,8,1,2,0,1,0,0,0,0,0,13.834972,51.189298
25,21,7,18,18,1,2,5,3,0,0,1,0,0,1,0,0,13.823379,51.192301
25,21,7,26,14,2,3,1,5,0,0,1,1,0,0,0,0,13.834277,51.173706
25,21,8,11,15,4,3,5,3,0,0,1,1,0,0,0,0,13.826782,51.180939
25,21,9,14,16,3,2,2,2,0,0,1,0,0,1,0,0,13.81567,51.182183
25,21,10,1,7,6,3,5,3,0,0,1,1,0,0,0,0,13.841123,51.162355
25,21,10,22,8,6,2,4,2,0,0,1,0,0,0,0,1,13.826214,51.175913
25,21,10,25,18,2,3,2,6,1,0,1,1,0,0,0,1,13.797689,51.182177
25,21,11,13,14,7,3,3,2,0,0,1,0,0,0,0,1,13.834355,51.19416
25,22,1,4,17,3,3,4,2,2,1,1,1,0,0,0,0,13.831807,51.187213
25,22,2,9,5,4,3,1,5,2,0,1,0,0,0,1,0,13.831309,51.179514
25,22,2,12,11,7,3,0,1,0,2,1,0,0,0,0,0,13.821685,51.181114
25,22,4,27,17,4,3,0,1,0,0,1,0,0,0,0,0,13.824034,51.17719
25,22,5,3,16,3,3,4,1,0,0,1,1,0,0,0,0,13.81797,51.156762
25,22,5,15,12,1,3,5,3,0,0,1,1,0,0,0,0,13.824824,51.175064
25,22,5,23,14,2,3,3,2,0,0,1,1,0,0,0,0,13.823777,51.177662
25,22,6,12,16,1,3,3,1,0,0,1,0,0,0,0,1,13.830937,51.186208
25,22,7,15,11,6,3,5,3,0,0,1,1,0,0,0,0,13.826782,51.180938
25,22,7,25,9,2,3,5,3,0,0,1,1,0,0,0,0,13.840685,51.185243
25,22,8,5,17,6,3,5,3,0,0,1,0,0,0,0,1,13.820413,51.186059
25,22,8,31,13,4,2,6,4,0,0,1,0,1,0,0,0,13.785964,51.18015
25,22,9,5,19,2,3,5,3,1,0,1,0,0,0,0,0,13.821969,51.18128
25,22,9,6,15,3,2,1,5,0,1,1,1,0,0,0,0,13.823688,51.17816
25,22,10,4,7,3,2,5,3,1,0,1,1,0,0,0,0,13.818798,51.180506
25,22,10,5,12,4,3,5,3,0,0,1,1,0,0,0,0,13.815113,51.182005
25,22,11,15,14,3,3,5,3,0,0,1,1,0,0,0,0,13.826787,51.180944
25,23,3,3,10,6,3,5,3,0,1,1,1,0,0,0,0,13.825582,51.176268
25,23,5,18,20,5,2,0,1,0,0,1,0,0,0,0,0,13.780278,51.184194
25,23,5,21,17,1,3,5,3,0,0,1,1,0,0,0,0,13.82792,51.159667
25,23,6,25,17,1,3,5,3,0,0,1,1,0,0,0,0,13.835853,51.202124
25,23,7,6,12,5,3,5,3,0,0,1,1,0,0,0,0,13.834728,51.191101
25,23,7,7,19,6,3,0,7,0,0,1,0,0,0,0,0,13.809305,51.180476
25,23,8,23,11,4,3,3,2,0,0,1,1,0,0,0,0,13.824823,51.175057
25,23,9,1,11,6,3,5,3,0,0,1,1,0,0,0,0,13.827815,51.182252
25,23,9,8,8,6,3,5,3,0,0,1,1,0,0,0,0,13.844651,51.173209
25,23,9,14,7,5,3,0,7,0,1,1,0,0,0,0,0,13.81688,51.181074
25,23,11,27,17,2,3,5,3,2,2,1,1,0,0,0,0,13.834718,51.191145
25,24,2,10,17,7,3,5,3,2,0,1,1,0,0,0,0,13.83182,51.187225
25,24,3,28,23,5,3,0,1,2,0,1,0,0,0,0,0,13.833118,51.182695
25,24,4,3,9,4,3,5,3,0,0,1,1,0,0,0,0,13.826787,51.180945
25,24,5,6,15,2,3,5,3,0,1,1,1,0,0,0,0,13.826786,51.180943
25,24,7,5,14,6,2,0,1,0,0,1,0,0,0,0,0,13.816688,51.165724
25,24,8,1,7,5,3,1,5,0,0,1,1,0,0,0,0,13.839106,51.166221
25,24,8,10,20,7,3,0,1,0,0,1,0,0,0,0,0,13.830018,51.185053
25,24,8,26,7,2,3,5,3,0,0,1,0,0,0,0,1,13.824925,51.184855
25,24,9,5,14,5,3,3,2,0,0,1,1,0,0,0,0,13.824974,51.176613
25,24,9,7,19,7,3,0,1,0,0,1,0,0,0,0,0,13.821434,51.166642
25,24,9,7,22,7,3,9,6,2,0,1,0,0,0,0,0,13.82499,51.176846
25,24,9,18,7,4,3,0,1,0,0,1,0,0,0,0,0,13.844492,51.18003
25,24,9,23,10,2,2,5,3,0,0,1,1,0,0,0,0,13.845688,51.161477
25,24,10,10,14,5,2,8,1,0,0,1,0,0,0,0,0,13.822133,51.18107
25,24,11,11,16,2,3,4,6,2,1,1,0,0,0,0,0,13.822674,51.171843
25,24,12,2,11,2,3,0,1,0,2,1,0,0,0,0,0,13.825003,51.17703
25,24,12,23,14,2,3,5,3,0,1,1,1,0,0,0,0,13.826785,51.180942
25,25,2,6,9,5,2,5,3,0,1,1,1,0,0,0,0,13.834437,51.19469
25,25,2,10,14,2,3,1,7,0,0,1,1,0,0,0,0,13.829979,51.185727
25,25,3,13,13,5,3,4,2,0,0,1,1,0,0,0,0,13.829378,51.186202
25,25,4,7,16,2,3,5,3,0,0,1,0,0,0,0,1,13.826787,51.180945
25,25,4,12,14,7,3,1,7,0,0,1,1,0,0,0,0,13.805493,51.18246
25,25,4,22,15,3,2,5,3,0,0,1,1,0,0,0,0,13.826782,51.180938
25,25,5,12,18,2,3,5,3,0,0,1,1,0,0,0,0,13.815111,51.182013
25,25,5,30,11,6,3,6,4,0,0,1,0,1,0,0,0,13.818161,51.167831
25,25,6,16,9,2,3,5,3,0,0,1,1,0,0,0,0,13.825485,51.179246
25,25,6,23,21,2,3,5,3,1,0,1,1,0,0,0,0,13.815093,51.182012
25,25,8,16,17,7,3,2,6,0,0,1,0,0,0,0,0,13.819034,51.183651
25,25,8,26,19,3,2,8,1,1,0,1,0,0,0,0,0,13.794289,51.197887
25,25,9,3,16,4,3,5,3,0,0,1,0,0,0,0,0,13.824157,51.168985
25,25,9,22,7,2,3,5,3,2,1,1,1,0,0,0,0,13.819973,51.183038
25,25,10,16,15,5,2,5,3,0,0,1,1,0,0,0,0,13.83467,51.191392
25,25,11,3,15,2,3,3,2,0,0,1,1,0,0,0,0,13.826749,51.180897
25,25,11,5,15,4,3,5,3,0,0,1,1,0,0,0,0,13.844108,51.175854
25,25,12,2,14,3,3,1,5,0,0,1,0,0,0,1,0,13.835492,51.1806
25,25,12,9,20,3,3,0,1,2,0,1,0,0,0,0,0,13.825037,51.177442
25,16,5,2,18,2,3,4,6,0,0,1,1,0,0,0,0,14.187844,51.217849
25,16,6,6,18,2,2,8,1,0,0,1,0,0,0,0,0,14.18169,51.21045
25,16,8,6,11,7,3,4,2,0,0,1,1,0,0,0,0,14.199795,51.233772
25,23,2,9,15,5,2,5,3,0,0,1,1,0,0,0,0,14.219609,51.224992
25,23,4,5,14,4,3,3,6,0,0,1,0,0,0,0,0,14.210678,51.242623
25,23,5,7,2,1,2,0,1,2,0,1,0,0,0,0,0,14.19235,51.234703
25,23,8,4,17,6,3,0,1,0,0,1,0,0,0,0,0,14.210107,51.232884
25,24,10,5,16,7,3,0,1,0,1,1,0,0,0,0,0,14.204835,51.239653
25,24,11,30,9,7,2,4,2,0,0,1,1,0,0,0,0,14.198334,51.23412
25,25,4,2,13,4,2,0,1,0,0,1,0,0,0,0,0,14.200775,51.233622
25,16,2,2,19,3,2,0,7,2,1,1,0,0,0,0,0,14.022319,51.183397
25,16,7,3,18,1,3,3,6,0,0,1,1,0,0,0,0,14.027986,51.180771
25,16,7,6,17,4,3,3,2,0,0,1,1,0,0,0,0,14.012209,51.181535
25,16,8,7,9,1,2,5,3,0,0,1,1,0,0,0,0,14.022866,51.201356
25,17,4,5,15,4,3,3,6,0,0,1,1,0,0,0,0,14.006055,51.180252
25,17,5,8,19,2,3,3,6,0,0,1,1,0,0,0,0,14.013324,51.17657
25,17,5,16,0,3,3,8,1,2,0,1,0,0,0,0,0,14.013327,51.176609
25,17,5,17,12,4,3,0,7,0,0,1,0,0,0,0,0,14.010107,51.185387
25,17,7,8,12,7,3,1,7,0,0,1,0,0,0,0,1,14.004401,51.209271
25,17,8,31,14,5,2,5,3,0,0,1,1,0,0,0,0,13.990983,51.220536
25,17,10,3,18,3,2,8,1,1,0,1,0,0,0,0,0,14.017589,51.192058
25,17,12,1,22,6,2,8,1,2,0,1,0,0,0,0,0,14.013722,51.178358
25,18,8,3,13,6,3,2,6,0,0,1,1,0,0,0,0,14.013287,51.181694
25,18,8,5,18,1,1,8,7,0,0,1,0,0,0,0,0,14.020765,51.197661
25,19,8,3,11,7,3,0,7,0,0,1,0,0,0,0,0,14.015398,51.187979
25,19,9,1,15,1,3,0,1,0,0,1,0,0,0,0,0,14.013303,51.181697
25,19,11,6,16,4,3,5,3,1,0,1,1,0,0,0,0,14.014046,51.180727
25,20,2,1,15,7,3,5,3,0,0,1,1,0,0,0,0,14.014478,51.182048
25,20,5,6,13,4,3,2,2,0,0,1,1,0,0,0,0,14.011132,51.181465
25,20,7,16,15,5,3,5,3,0,0,1,1,0,0,1,0,14.006058,51.181008
25,20,9,4,17,6,3,5,3,0,0,1,1,0,0,0,0,14.023326,51.202186
25,21,2,5,10,6,3,5,3,0,0,1,1,0,0,0,0,14.016073,51.189368
25,21,5,9,9,1,2,5,3,0,0,1,0,0,0,0,0,14.028585,51.18066
25,21,5,20,15,5,2,4,2,0,0,1,1,0,0,0,0,14.012722,51.186886
25,21,6,1,7,3,3,2,2,0,0,1,0,0,0,0,1,14.014461,51.186182
25,21,6,2,20,4,3,8,1,0,0,1,0,0,0,0,0,14.000065,51.178445
25,21,6,14,6,2,3,0,1,0,0,1,0,0,0,0,0,14.014529,51.169309
25,21,6,24,18,5,3,3,2,0,0,1,1,0,0,0,0,13.998243,51.217105
25,21,7,12,19,2,3,5,3,0,0,1,1,0,0,0,0,14.016421,51.184115
25,21,8,2,20,2,2,4,1,1,0,1,1,0,0,0,0,13.996723,51.217832
25,21,8,11,10,4,3,5,3,0,0,1,1,0,0,0,0,14.013457,51.182748
25,21,11,22,8,2,3,1,5,0,1,1,1,0,0,0,0,14.014231,51.188004
25,22,4,11,15,2,3,5,3,0,0,1,1,0,0,0,0,14.016577,51.182481
25,22,6,22,12,4,3,1,5,0,0,1,0,0,0,1,0,13.995902,51.188795
25,22,7,2,22,7,3,9,1,2,0,1,0,0,0,0,0,14.009537,51.174956
25,23,1,14,7,7,3,5,3,0,0,1,1,0,0,0,0,14.015011,51.181159
25,23,7,7,15,6,3,5,3,0,0,1,1,0,0,0,0,14.010192,51.190137
25,23,9,18,11,2,2,0,1,0,0,1,0,0,0,0,0,14.017445,51.191802
25,24,5,8,21,4,3,6,6,2,0,1,0,1,0,0,0,14.019226,51.180252
25,24,6,10,10,2,1,0,1,0,0,1,0,0,0,0,0,13.972742,51.223372
25,24,6,19,11,4,2,4,2,0,1,1,1,0,0,0,0,13.99066,51.228859
25,24,7,13,23,7,2,0,1,2,0,1,0,0,0,0,0,14.015429,51.18324
25,24,7,30,16,3,3,2,6,0,0,1,0,0,0,0,0,14.005518,51.201225
25,24,8,9,13,6,3,8,1,0,0,1,0,0,0,0,0,13.999054,51.178108
25,24,8,31,12,7,3,1,5,0,0,1,1,0,0,0,0,14.013979,51.182086
25,24,12,1,17,1,3,0,1,2,0,1,0,0,0,0,0,14.00869,51.18144
25,24,12,16,13,2,3,0,1,0,1,1,0,0,0,0,0,14.010546,51.181533
25,25,4,13,17,1,3,2,6,0,0,1,1,0,0,0,0,14.015545,51.200704
25,25,5,14,5,4,3,5,3,0,0,1,1,0,0,0,0,14.009667,51.175277
25,25,7,18,9,6,2,8,1,0,0,1,0,0,0,0,0,14.011625,51.187403
25,25,7,29,11,3,3,1,5,0,0,1,1,0,0,0,0,14.021043,51.186542
25,25,9,3,16,4,3,0,3,0,0,1,1,0,0,0,0,14.013385,51.177382
25,25,9,20,8,7,2,0,1,0,0,1,0,0,0,0,0,14.004356,51.202966
25,16,9,2,23,6,3,8,6,2,0,1,1,0,0,0,0,14.287732,51.250768
25,18,10,6,0,7,2,0,1,2,0,1,0,0,0,0,0,14.288273,51.250811
25,20,9,30,19,4,3,7,7,2,0,1,0,0,0,0,0,14.281624,51.239285
25,25,7,27,14,1,3,3,6,0,0,1,1,0,0,0,0,14.306263,51.259936
25,17,3,13,13,2,3,5,3,0,0,1,0,0,1,0,0,14.222186,51.256303
25,21,3,27,1,7,3,3,6,2,0,1,1,0,0,0,0,14.226347,51.258722