UKREIS,UJAHR,UMONAT,UTAG,USTUNDE,UWOCHENTAG,UKATEGORIE,UART,UTYP,LICHT,USTRZUSTAND,IstRad,IstPKW,IstFuss,IstKrad,IstGkfz,IstSonstige,@lon,@lat
25,22,6,25,23,7,3,0,1,2,0,1,0,0,0,0,0,14.192741,51.25905
25,24,3,6,14,4,3,5,3,0,0,1,1,0,0,0,0,14.217682,51.256294
25,16,4,4,21,2,2,5,3,2,0,1,1,0,0,0,0,13.922569,51.120229
25,16,4,6,13,4,3,5,3,0,0,1,1,0,0,0,0,13.918589,51.104451
25,16,5,2,16,2,3,5,3,0,0,1,1,0,0,0,0,13.896567,51.113146
25,16,6,1,12,4,3,1,5,0,0,1,1,0,0,0,0,13.89886,51.134366
25,16,7,5,10,3,3,0,1,0,0,1,0,0,0,0,0,13.916341,51.106781
25,16,7,7,11,5,3,2,6,0,1,1,1,0,0,0,0,13.905807,51.108931
25,16,8,2,7,3,3,0,6,0,0,1,1,0,0,0,0,13.924697,51.118692
25,16,8,4,10,5,3,3,2,0,0,1,1,0,0,0,0,13.917973,51.11159
25,16,8,4,17,5,3,0,1,0,0,1,0,0,0,0,0,13.898034,51.13649
25,16,8,7,21,1,2,0,1,2,0,1,0,0,0,0,0,13.87971,51.135986
25,16,9,2,16,6,3,1,5,0,0,1,1,0,0,0,0,13.941158,51.06513
25,16,9,6,16,3,3,5,3,0,0,1,1,0,0,0,0,13.922162,51.106351
25,16,10,3,7,2,3,5,3,1,1,1,1,0,0,0,0,13.917915,51.111702
25,16,11,7,8,2,2,5,3,0,1,1,1,0,0,0,0,13.916854,51.090931
25,16,12,1,7,5,3,1,5,1,2,1,1,0,0,0,0,13.898628,51.141307
25,16,12,6,11,3,3,3,6,0,0,1,1,0,0,0,0,13.919128,51.110195
25,17,4,2,4,1,2,1,1,2,0,1,1,0,0,0,0,13.915906,51.104779
25,17,5,23,11,3,3,5,3,0,0,1,0,0,0,0,1,13.916066,51.110196
25,17,6,2,5,6,3,4,2,0,0,1,1,0,0,0,0,13.90457,51.109069
25,17,6,3,15,7,3,0,1,0,0,1,0,0,0,0,0,13.916419,51.115297
25,17,6,14,11,4,3,0,6,0,0,1,1,0,0,0,0,13.907807,51.110945
25,17,6,21,11,4,2,5,3,0,0,1,0,0,0,0,1,13.904587,51.109067
25,17,6,25,9,1,3,5,3,0,0,1,1,0,0,0,0,13.921622,51.087999
25,17,7,22,11,7,2,6,4,0,0,1,0,1,0,0,0,13.918414,51.118373
25,17,8,15,7,3,3,4,2,0,0,1,0,0,0,0,1,13.923212,51.105717
25,17,8,23,14,4,3,3,2,0,0,1,1,0,0,0,0,13.921908,51.105817
25,17,9,1,16,6,3,5,2,0,1,1,0,0,0,0,1,13.901033,51.110214
25,17,9,5,12,3,3,0,1,0,0,1,0,0,0,0,0,13.916687,51.12779
25,17,9,15,18,6,3,1,5,0,0,1,1,0,0,0,0,13.913408,51.111798
25,17,10,15,10,1,3,5,3,0,0,1,1,0,0,0,0,13.879402,51.136311
25,17,10,20,16,6,3,5,3,0,0,1,1,0,0,0,0,13.909995,51.114522
25,17,10,27,6,6,3,3,2,2,1,1,0,0,0,0,1,13.919622,51.130886
25,17,11,1,17,4,3,5,3,2,1,1,1,0,0,0,0,13.921939,51.116512
25,17,11,25,1,7,2,9,1,2,1,1,0,0,0,0,0,13.915981,51.114327
25,17,11,25,12,7,3,5,3,0,1,1,1,0,0,0,0,13.90102,51.110206
25,17,11,29,22,4,2,0,1,2,1,1,0,0,0,0,0,13.919088,51.113359
25,18,1,3,8,4,3,3,6,0,0,1,0,0,0,1,0,13.935788,51.063637
25,18,2,5,15,2,3,1,5,0,0,1,1,0,0,0,0,13.90589,51.10452
25,18,2,5,17,2,3,5,3,0,0,1,1,0,0,0,0,13.917802,51.12221
25,18,3,6,6,3,3,0,1,1,1,1,0,0,0,0,0,13.917787,51.119862
25,18,4,5,17,5,3,5,3,0,0,1,1,0,0,0,0,13.877326,51.136032
25,18,4,7,20,7,3,9,1,2,0,1,0,0,0,0,0,13.911247,51.096317
25,18,5,4,19,6,3,4,6,0,0,1,1,0,0,0,0,13.921805,51.116387
25,18,6,1,17,6,3,2,6,0,0,1,1,0,0,0,0,13.913396,51.100137
25,18,6,4,18,2,3,8,6,0,0,1,1,0,0,0,0,13.903491,51.081871
25,18,6,5,9,3,3,5,3,0,0,1,1,0,0,0,0,13.917482,51.12264
25,18,6,6,6,4,3,4,2,0,0,1,1,0,0,0,0,13.920347,51.118829
25,18,7,2,8,2,2,5,3,0,0,1,1,0,0,0,0,13.914581,51.104423
25,18,7,3,19,3,3,0,7,0,0,1,0,0,0,0,0,13.919274,51.110513
25,18,7,4,6,4,3,6,7,0,0,1,0,1,0,0,0,13.920514,51.119756
25,18,7,4,15,4,3,5,3,0,0,1,1,0,0,0,0,13.908374,51.108415
25,18,8,2,18,5,2,0,1,0,0,1,0,0,0,0,0,13.908234,51.108306
25,18,8,4,17,7,3,5,3,0,0,1,1,0,0,0,0,13.924595,51.117828
25,18,8,6,17,2,3,5,3,0,0,1,1,0,0,0,0,13.92145,51.119173
25,18,9,1,13,7,3,0,7,0,0,1,0,0,0,0,0,13.920124,51.118781
25,18,9,3,15,2,3,5,3,0,0,1,1,0,0,0,0,13.909443,51.114533
25,18,9,4,0,3,3,0,7,2,0,1,0,0,0,0,0,13.898428,51.136664
25,18,9,4,15,3,3,0,7,0,0,1,0,0,0,0,0,13.910512,51.112689
25,18,9,6,18,5,3,5,3,0,0,1,1,0,0,0,0,13.916734,51.115984
25,18,11,2,17,6,3,5,3,2,1,1,1,0,0,0,0,13.91819,51.106505
25,18,11,4,13,1,3,4,2,0,0,1,1,0,0,0,0,13.918978,51.109895
25,18,11,4,18,1,3,3,6,2,0,1,1,0,0,0,0,13.916352,51.126307
25,19,1,7,12,2,3,5,3,0,1,1,1,0,0,0,0,13.917113,51.117897
25,19,1,7,15,2,3,5,3,0,0,1,1,0,0,0,0,13.917926,51.111705
25,19,1,7,18,2,3,5,3,2,0,1,1,0,0,0,0,13.916435,51.115302
25,19,4,4,19,5,3,3,6,0,0,1,1,0,0,0,0,13.94028,51.130218
25,19,5,1,14,4,3,0,3,0,0,1,0,0,1,0,0,13.894593,51.13185
25,19,5,2,15,5,3,0,1,0,0,1,0,0,0,0,0,13.916724,51.115402
25,19,5,3,20,6,3,5,3,0,0,1,1,0,0,0,0,13.915457,51.115029
25,19,5,7,20,3,3,8,6,0,0,1,1,0,0,0,0,13.94354,51.133165
25,19,6,2,10,1,3,0,1,0,0,1,0,0,0,0,0,13.901166,51.113436
25,19,6,3,16,2,3,5,3,0,0,1,1,0,0,0,0,13.920145,51.114795
25,19,6,3,22,2,3,4,2,2,0,1,1,0,0,0,0,13.921367,51.119107
25,19,6,4,14,3,2,3,2,0,0,1,1,0,0,0,0,13.898672,51.141354
25,19,8,7,7,4,2,0,1,0,1,1,0,0,0,0,0,13.916934,51.115586
25,19,10,1,7,3,3,2,6,0,0,1,1,0,0,0,0,13.906588,51.12726
25,19,10,2,5,4,2,3,6,2,1,1,0,0,0,1,0,13.946955,51.126771
25,19,10,4,14,6,3,1,5,0,0,1,1,0,0,0,0,13.91334,51.114495
25,20,1,17,6,6,3,0,1,2,2,1,0,0,0,0,0,13.912621,51.112311
25,20,2,7,12,6,3,0,1,0,1,1,0,0,0,0,0,13.927216,51.121254
25,20,2,16,14,1,3,5,3,0,1,1,1,0,0,0,0,13.923207,51.115797
25,20,4,21,6,3,3,1,5,0,0,1,1,0,0,0,0,13.900103,51.112547
25,20,5,20,7,4,2,0,1,0,1,1,0,0,0,0,0,13.916231,51.11662
25,20,6,11,15,5,3,2,6,0,0,1,1,0,0,0,0,13.91557,51.093768
25,20,6,22,18,2,3,5,3,0,0,1,1,0,0,0,0,13.918933,51.091094
25,20,9,15,23,3,2,0,1,2,0,1,0,0,0,0,0,13.920309,51.109797
25,20,9,16,18,4,2,9,1,0,0,1,0,0,0,0,0,13.901469,51.114011
25,20,9,17,10,5,3,4,2,0,0,1,1,0,0,0,0,13.918644,51.125666
25,20,10,7,17,4,3,2,6,0,1,1,1,0,0,0,0,13.916305,51.115259
25,20,11,9,15,2,3,6,4,0,0,1,0,1,0,0,0,13.901055,51.132976
25,20,11,17,16,3,3,5,3,0,1,1,1,0,0,0,0,13.896644,51.113152
25,21,2,22,6,2,2,0,1,0,1,1,0,0,0,0,0,13.918868,51.116339
25,21,3,31,18,4,3,0,7,0,0,1,0,0,0,0,0,13.907008,51.108757
25,21,4,6,11,3,3,5,3,0,0,1,1,0,0,0,0,13.918891,51.120992
25,21,5,24,15,2,3,5,3,0,0,1,1,0,0,0,0,13.919797,51.105202
25,21,6,8,18,3,3,5,3,0,0,1,1,0,0,0,0,13.919797,51.105202
25,21,6,14,12,2,3,0,3,0,0,1,1,0,0,0,0,13.918032,51.115897
25,21,6,21,10,2,3,5,3,0,0,1,1,0,0,0,0,13.911329,51.11441
25,21,7,5,15,2,3,0,3,0,0,1,1,0,0,0,0,13.872929,51.134532
25,21,8,28,18,7,3,5,3,0,0,1,1,0,0,0,0,13.922039,51.105877
25,21,9,20,20,2,2,9,1,2,0,1,0,0,0,0,0,13.913367,51.102059
25,21,9,25,16,7,3,0,1,0,0,1,0,0,0,0,0,13.93161,51.083249
25,21,10,11,10,2,2,0,1,0,0,1,0,0,0,0,0,13.902466,51.115856
25,21,11,2,18,3,3,5,3,2,1,1,1,0,0,0,0,13.900451,51.110255
25,21,11,11,6,5,3,4,2,2,0,1,0,0,0,0,1,13.915816,51.093709
25,21,11,29,7,2,3,2,6,2,1,1,1,0,0,0,0,13.917472,51.13077
25,22,1,3,18,2,3,5,3,2,1,1,1,0,0,0,0,13.917928,51.111705
25,22,2,18,14,6,3,5,3,0,1,1,1,0,0,0,0,13.921971,51.107473
25,22,3,24,18,5,3,4,6,2,0,1,0,0,0,0,0,13.917467,51.130833
25,22,5,2,16,2,3,0,1,0,0,1,0,0,0,0,0,13.914368,51.104152
25,22,5,23,15,2,2,0,1,0,0,1,0,0,0,0,0,13.932967,51.113933
25,22,6,8,10,4,3,6,7,0,0,1,0,1,0,0,0,13.918836,51.11633
25,22,6,26,13,1,2,4,1,0,0,1,0,0,0,0,0,13.925259,51.118801
25,22,6,29,19,4,3,0,1,0,0,1,0,0,0,0,0,13.91765,51.118114
25,22,7,6,5,4,3,0,1,0,0,1,0,0,0,0,0,13.916396,51.116404
25,22,7,8,17,6,3,5,3,0,0,1,1,0,0,0,0,13.914647,51.104513
25,22,7,10,10,1,3,4,2,0,0,1,1,0,0,0,0,13.9136,51.103003
25,22,7,16,23,7,2,8,1,2,0,1,0,0,0,0,0,13.898987,51.081063
25,22,7,25,12,2,3,0,1,0,0,1,0,0,0,0,0,13.918021,51.105857
25,22,7,29,15,6,3,5,3,0,0,1,1,0,0,0,0,13.920953,51.119447
25,22,8,2,0,3,2,5,3,2,0,1,1,0,0,0,0,13.921374,51.119111
25,22,8,30,13,3,3,3,6,0,0,1,0,0,1,0,0,13.920862,51.116607
25,23,2,7,8,3,2,3,2,0,0,1,1,0,0,0,0,13.923361,51.115724
25,23,5,6,23,7,3,8,1,2,0,1,0,0,0,0,0,13.898652,51.134454
25,23,5,23,17,3,2,8,1,0,0,1,0,0,0,0,0,13.919365,51.113868
25,23,6,23,15,6,3,5,3,0,0,1,1,0,0,0,0,13.918618,51.118478
25,23,7,6,14,5,3,0,7,0,0,1,0,0,0,0,0,13.895275,51.109667
25,23,7,14,19,6,3,5,3,0,0,1,1,0,0,0,0,13.916243,51.116604
25,23,7,24,8,2,3,0,1,0,0,1,0,0,0,0,0,13.910378,51.106256
25,23,8,22,10,3,3,5,3,0,0,1,1,0,0,0,0,13.920109,51.106111
25,23,9,3,1,1,3,0,1,2,0,1,0,0,0,0,0,13.918513,51.100922
25,23,9,5,11,3,3,3,2,0,0,1,1,0,0,0,0,13.916298,51.106665
25,23,9,26,13,3,2,0,5,0,0,1,1,0,0,0,0,13.880089,51.134911
25,23,10,13,18,6,2,5,3,1,0,1,0,0,0,0,0,13.92246,51.088069
25,23,11,22,0,4,1,0,1,0,0,1,0,0,0,0,0,13.929119,51.109599
25,24,3,7,7,5,3,4,2,0,0,1,1,0,0,0,0,13.904613,51.109055
25,24,3,10,16,1,3,8,1,0,0,1,0,0,0,0,0,13.904434,51.123743
25,24,3,27,16,4,3,0,1,0,0,1,0,0,0,0,0,13.914891,51.107133
25,24,4,4,14,5,3,4,2,0,0,1,1,0,0,0,0,13.920059,51.106161
25,24,5,1,17,4,3,8,6,0,0,1,1,0,0,0,0,13.897672,51.131333
25,24,5,3,6,6,3,5,3,0,0,1,1,0,0,0,0,13.92468,51.128688
25,24,5,27,7,2,3,0,1,0,1,1,0,0,0,0,0,13.903403,51.113969
25,24,6,5,21,4,2,0,1,1,0,1,0,0,0,0,0,13.922976,51.11603
25,24,7,3,21,4,2,6,6,0,0,1,0,1,0,1,0,13.915908,51.106699
25,24,7,5,17,6,3,2,6,0,0,1,1,0,0,0,0,13.920706,51.114883
25,24,7,21,4,1,3,2,6,1,0,1,1,0,0,0,0,13.916238,51.114041
25,24,7,30,19,3,3,6,7,0,0,1,0,1,0,0,0,13.916949,51.093548
25,24,7,30,20,3,2,0,1,1,0,1,0,0,0,0,0,13.957135,51.128111
25,24,8,12,21,2,3,2,6,2,0,1,1,0,0,0,0,13.920651,51.118894
25,24,9,10,9,3,3,0,3,0,1,1,1,0,0,0,0,13.922525,51.120209
25,24,9,16,6,2,3,1,5,0,1,1,1,0,0,0,0,13.913386,51.10061
25,24,10,1,13,3,3,5,3,0,0,1,1,0,0,0,0,13.919016,51.109974
25,24,10,20,16,1,3,0,7,0,0,1,0,0,0,0,0,13.954553,51.129708
25,24,10,24,17,5,3,0,1,2,1,1,0,0,0,0,0,13.907993,51.108526
25,24,12,6,12,6,3,5,3,0,1,1,1,0,0,0,0,13.920112,51.106114
25,24,12,9,19,2,3,1,5,1,1,1,1,0,0,0,0,13.895442,51.078219
25,25,1,9,12,5,3,0,1,0,2,1,0,0,0,0,0,13.921191,51.113334
25,25,2,5,11,4,3,5,3,0,0,1,0,0,0,0,1,13.919272,51.129047
25,25,3,10,18,2,3,3,6,1,0,1,1,0,0,0,0,13.916373,51.125166
25,25,3,21,15,6,3,3,6,0,0,1,1,0,0,0,0,13.920681,51.111762
25,25,3,28,16,6,3,0,7,0,0,1,0,0,0,0,0,13.921098,51.115884
25,25,4,11,17,6,3,1,1,0,0,1,1,0,0,0,0,13.903256,51.115563
25,25,5,5,14,2,3,5,3,0,0,1,1,0,0,0,0,13.921424,51.119146
25,25,5,17,3,7,3,0,1,2,0,1,0,0,0,0,0,13.904974,51.109383
25,25,5,21,15,4,3,6,4,0,0,1,0,1,0,0,0,13.920135,51.114762
25,25,6,23,15,2,3,4,1,0,0,1,1,0,0,0,0,13.940131,51.130232
25,25,7,7,16,2,3,5,3,0,0,1,1,0,0,0,0,13.918895,51.109917
25,25,7,11,19,6,3,0,1,0,1,1,0,0,0,0,0,13.918448,51.118691
25,25,7,20,5,1,3,0,1,1,0,1,0,0,0,0,0,13.899503,51.114696
25,25,7,22,8,3,3,0,1,0,0,1,0,0,0,0,0,13.928627,51.085054
25,25,8,7,16,5,3,4,2,0,0,1,1,0,0,0,0,13.911311,51.114411
25,25,8,27,15,4,3,2,6,0,0,1,1,0,0,0,0,13.91811,51.115947
25,25,8,27,18,4,3,0,1,0,0,1,0,0,0,0,0,13.91619,51.106595
25,25,9,1,17,2,3,3,2,0,0,1,1,0,0,0,0,13.915025,51.114917
25,25,9,4,22,5,3,9,1,2,0,1,0,0,0,0,0,13.920749,51.11959
25,25,10,15,18,4,3,0,1,2,1,1,0,0,0,0,0,13.921337,51.117379
25,25,10,24,14,6,3,5,3,0,1,1,1,0,0,0,0,13.919765,51.109845
25,25,10,28,6,3,3,5,3,1,1,1,1,0,0,0,0,13.916255,51.126685
25,25,10,30,8,5,3,0,1,0,0,1,0,0,0,0,0,13.913407,51.102477
25,25,11,15,12,7,3,5,3,0,0,1,0,0,0,0,1,13.943977,51.126298
25,25,12,12,9,6,3,3,2,0,1,1,1,0,0,0,0,13.918365,51.111835
25,25,12,17,7,4,2,0,1,1,2,1,0,0,0,0,0,13.913397,51.099886
25,25,12,29,9,2,3,0,1,0,2,1,0,0,0,0,0,13.917948,51.111624
25,16,7,1,16,6,3,5,3,0,0,1,1,0,0,0,0,14.403723,51.257004
25,16,12,2,6,6,2,5,3,2,0,1,1,0,0,0,0,14.373901,51.237606
25,17,5,27,9,7,3,3,2,0,0,1,1,0,0,0,0,14.427296,51.25658
25,17,10,15,10,1,3,5,3,0,0,1,1,0,0,0,0,14.431807,51.272662
25,18,10,7,3,1,2,0,1,2,0,1,0,0,0,0,0,14.449716,51.298401
25,19,5,1,18,4,3,5,3,0,0,1,1,0,0,0,0,14.428581,51.272511
25,20,6,28,15,1,2,0,7,0,1,1,0,0,0,0,0,14.414897,51.240684
25,21,2,19,18,6,3,5,3,2,0,1,1,0,0,0,0,14.372824,51.237028
25,21,5,10,17,2,3,4,1,0,1,1,1,0,0,0,0,14.424747,51.2724
25,21,7,25,15,1,3,5,3,0,0,1,1,0,0,0,0,14.427297,51.256574
25,21,11,13,0,7,3,9,7,2,0,1,0,0,0,0,0,14.427071,51.257972
25,23,6,19,18,2,3,5,3,0,0,1,1,0,0,0,0,14.393096,51.244073
25,24,3,31,11,1,3,3,6,0,0,1,1,0,0,0,0,14.392653,51.244075
25,24,4,3,9,4,3,3,6,0,0,1,1,0,0,0,0,14.403615,51.246009
25,24,10,5,14,7,3,5,3,0,0,1,1,0,0,0,0,14.431868,51.272614
25,25,5,30,1,6,2,6,7,2,0,1,0,1,0,0,0,14.428688,51.303814
25,16,4,7,18,5,2,3,6,0,0,1,1,0,0,0,0,14.22748,51.322785
25,17,4,22,13,7,3,0,1,0,0,1,0,0,0,0,0,14.227185,51.286772
25,17,12,7,9,5,3,3,6,0,0,1,1,0,0,0,0,14.247642,51.301973
25,18,9,2,15,1,3,5,3,0,0,1,1,0,0,0,0,14.240549,51.274192
25,19,10,6,11,1,3,5,3,0,0,1,1,0,0,0,0,14.251169,51.285796
25,21,3,26,17,6,2,5,3,0,0,1,1,0,0,0,0,14.245251,51.280624
25,22,5,26,9,5,2,3,6,0,0,1,1,0,0,0,0,14.258289,51.279452
25,23,5,18,22,5,3,8,1,2,0,1,0,0,0,0,0,14.244318,51.304669
25,25,7,9,17,4,3,5,3,0,1,1,1,0,0,0,0,14.225158,51.284139
25,17,12,15,17,6,3,5,3,2,1,1,1,0,0,0,0,14.148691,51.151564
25,19,2,5,6,3,3,5,3,1,0,1,1,0,0,0,0,14.133882,51.152853
25,20,9,21,17,2,3,3,2,0,0,1,1,0,0,0,0,14.134356,51.154378
25,22,4,11,17,2,3,4,6,0,0,1,1,0,0,0,0,14.145422,51.14879
25,25,5,5,6,2,3,5,3,0,0,1,1,0,0,0,0,14.148769,51.151541
25,25,5,6,15,3,3,0,1,0,0,1,0,0,0,0,0,14.130979,51.152749
25,16,6,6,5,2,3,5,3,1,0,1,1,0,0,0,0,14.425815,51.086606
25,16,7,1,13,6,3,1,5,0,0,1,1,0,0,0,0,14.426021,51.076502
25,16,8,4,11,5,3,4,2,0,0,1,1,0,0,0,0,14.431366,51.077316
25,16,9,2,15,6,3,5,3,0,0,1,1,0,0,0,0,14.42583,51.086622
25,16,9,2,22,6,2,0,1,2,0,1,0,0,0,0,0,14.435566,51.09781
25,16,9,6,13,3,2,5,3,0,0,1,1,0,0,0,0,14.454712,51.082198
25,17,5,26,13,6,2,3,6,0,0,1,0,0,0,0,0,14.442005,51.099337
25,17,6,13,14,3,3,5,3,0,0,1,1,0,0,0,0,14.428159,51.091497
25,17,7,9,15,1,2,5,3,0,0,1,1,0,0,0,0,14.430056,51.079905
25,17,8,30,6,4,2,0,1,0,0,1,0,0,0,0,0,14.450786,51.102235
25,17,10,21,17,7,2,5,3,0,0,1,1,0,0,0,0,14.445513,51.103595
25,18,7,1,17,1,2,0,7,0,0,1,0,0,0,0,0,14.430634,51.067728
25,18,10,7,11,1,3,8,1,0,0,1,0,0,0,0,0,14.446603,51.081212
25,19,3,7,11,5,3,3,6,0,0,1,1,0,0,0,0,14.430704,51.074785
25,19,6,2,8,1,3,4,2,0,0,1,1,0,0,0,0,14.432214,51.091705
25,20,8,7,9,6,2,7,1,0,0,1,0,0,0,0,0,14.433687,51.093682
25,20,9,19,15,7,3,0,3,0,0,1,1,0,0,0,0,14.426232,51.094772
25,20,10,7,15,4,3,5,3,0,0,1,0,0,0,0,1,14.444748,51.10158
25,21,12,9,16,5,3,5,3,1,1,1,1,0,0,0,0,14.431366,51.077316
25,22,2,13,18,1,2,7,7,2,0,1,0,0,0,0,0,14.445715,51.104414
25,22,7,14,11,5,3,5,3,0,0,1,1,0,0,0,0,14.425838,51.086629
25,22,11,7,6,2,3,5,3,1,0,1,1,0,0,0,0,14.430583,51.074181
25,23,5,10,14,4,3,2,6,0,0,1,1,0,0,0,0,14.433861,51.077904
25,23,5,11,7,5,2,4,1,0,0,1,1,0,0,0,0,14.424789,51.061961
25,23,8,31,13,5,3,5,3,0,0,1,1,0,0,0,0,14.434496,51.090304
25,24,5,1,14,4,3,5,3,0,0,1,0,0,1,0,0,14.418332,51.096995
25,24,5,27,6,2,3,4,6,0,1,1,0,0,1,0,0,14.432283,51.073429
25,24,6,15,3,7,3,8,1,2,0,1,0,0,0,0,0,14.443758,51.10047
25,24,6,26,12,4,3,8,1,0,0,1,0,0,0,0,0,14.426289,51.069149
25,24,7,9,15,3,3,5,3,0,0,1,1,0,0,0,0,14.436254,51.079639
25,24,8,23,15,6,3,5,3,0,0,1,1,0,0,0,0,14.425834,51.086626
25,24,8,27,8,3,3,5,3,0,0,1,1,0,0,0,0,14.445516,51.103605
25,25,5,1,18,5,2,8,7,0,0,1,0,0,0,0,0,14.427528,51.081851
25,25,5,7,7,4,3,0,6,0,0,1,1,0,0,0,0,14.450378,51.088082
25,25,7,31,19,5,3,0,7,0,0,1,0,0,0,0,0,14.445328,51.102969
25,17,5,13,14,7,2,5,2,0,0,1,1,0,0,0,0,14.197028,51.105824
25,17,8,19,15,7,3,0,1,0,0,1,0,0,0,0,0,14.192414,51.11038
25,18,4,3,14,3,2,5,3,0,0,1,1,0,0,0,0,14.261341,51.092383
25,18,6,6,13,4,3,2,2,0,0,1,0,0,0,0,0,14.207426,51.107134
25,19,9,5,7,5,3,0,7,0,0,1,0,0,0,0,0,14.223184,51.103278
25,20,6,26,17,6,2,5,3,0,0,1,1,0,0,0,0,14.234221,51.098208
25,20,8,3,6,2,2,0,1,0,1,1,0,0,0,0,0,14.232075,51.12025
25,20,9,3,12,5,3,5,3,0,0,1,0,0,0,0,1,14.196816,51.106387
25,20,9,9,15,4,2,0,1,0,0,1,0,0,0,0,0,14.240506,51.097948
25,20,10,13,7,3,3,5,3,1,0,1,1,0,0,0,0,14.245235,51.098618
25,21,5,21,17,6,3,3,2,0,0,1,1,0,0,0,0,14.256408,51.099667
25,21,6,8,19,3,2,5,3,0,0,1,1,0,0,0,0,14.231968,51.123243
25,21,12,23,19,5,3,0,1,2,2,1,0,0,0,0,0,14.261396,51.098488
25,22,4,16,13,7,3,3,2,0,0,1,0,0,0,0,1,14.240937,51.099681
25,23,5,11,6,5,3,5,3,0,0,1,0,0,0,0,0,14.218753,51.104423
25,23,6,28,16,4,3,4,6,0,0,1,0,0,1,0,0,14.22637,51.100436
25,23,7,7,8,6,3,4,6,0,0,1,0,0,0,0,0,14.231835,51.097047
25,24,4,9,5,3,3,3,2,2,0,1,1,0,0,0,0,14.265102,51.098039
25,24,7,11,16,5,3,8,6,0,0,1,1,0,0,0,0,14.24318,51.108864
25,24,12,31,17,3,3,6,6,2,0,1,0,1,0,0,0,14.222171,51.125504
25,16,8,5,13,6,3,1,2,0,1,1,1,0,0,0,0,14.071929,51.334984
25,16,9,5,19,2,3,7,7,0,0,1,0,0,0,0,0,14.090785,51.317075
25,19,6,6,9,5,3,0,7,0,0,1,0,0,0,0,0,13.94852,51.325001
25,19,9,1,9,1,3,5,3,0,0,1,1,0,0,0,0,13.958247,51.331859
25,20,3,19,14,5,2,3,6,0,0,1,1,0,0,0,0,13.965261,51.347719
25,21,10,11,13,2,3,0,1,0,1,1,0,0,0,0,0,13.972937,51.32744
25,24,5,25,14,7,3,0,1,0,0,1,0,0,0,0,0,14.014927,51.324298
25,24,8,5,19,2,2,5,3,0,0,1,0,0,0,0,1,13.95452,51.322648
25,25,7,27,13,1,3,5,3,0,0,1,0,0,0,0,0,14.014341,51.327713
25,25,9,21,23,1,2,4,6,2,0,1,1,0,0,0,0,13.999227,51.32664
25,16,5,5,15,5,2,5,2,0,0,1,1,0,0,0,0,14.400606,51.052912
25,16,6,3,17,6,3,6,7,0,0,1,0,0,0,0,1,14.485655,51.058199
25,17,7,20,18,5,2,7,1,0,0,1,0,0,0,0,0,14.440952,51.053547
25,17,7,21,17,6,2,0,1,0,0,1,0,0,0,0,0,14.426498,51.053959
25,17,10,17,18,3,3,4,6,2,0,1,0,0,0,0,0,14.38847,51.054012
25,19,8,6,11,3,3,5,3,0,0,1,1,0,0,0,0,14.431468,51.055523
25,19,12,5,7,5,3,0,1,1,2,1,0,0,0,0,0,14.433926,51.04746
25,20,3,23,10,2,3,5,3,0,0,1,1,0,0,0,0,14.429561,51.04864
25,20,4,23,11,5,3,3,2,0,0,1,1,0,0,0,0,14.387695,51.053992
25,20,12,14,9,2,2,0,1,0,1,1,0,0,0,0,0,14.431471,51.054829
25,21,5,8,19,7,2,3,2,0,0,1,1,0,0,0,0,14.419022,51.05562
25,21,6,27,16,1,2,2,2,0,0,1,0,0,1,0,0,14.426639,51.055358
25,21,8,26,16,5,3,5,3,0,1,1,1,0,0,0,0,14.40066,51.054448
25,21,9,7,20,3,3,9,1,1,0,1,0,0,0,0,0,14.475451,51.04427
25,21,11,1,9,2,3,5,3,0,0,1,0,0,0,0,0,14.391792,51.054131
25,22,3,1,10,3,3,4,2,0,0,1,1,0,0,0,0,14.481611,51.044009
25,22,4,17,20,1,3,0,1,2,0,1,0,0,0,0,0,14.38992,51.026702
25,22,4,21,14,5,2,5,3,0,0,1,1,0,0,0,0,14.43104,51.060211
25,22,4,29,14,6,3,5,3,0,0,1,1,0,0,0,0,14.373798,51.054983
25,22,7,10,10,1,3,3,2,0,0,1,1,0,0,0,0,14.440541,51.055795
25,22,9,4,12,1,2,8,1,0,0,1,0,0,0,0,0,14.401359,51.054468
25,22,10,10,6,2,3,0,3,2,0,1,1,0,0,0,0,14.384193,51.053754
25,23,4,29,20,7,2,8,1,0,0,1,0,0,0,0,0,14.431642,51.049695
25,23,6,18,18,1,2,8,1,0,0,1,0,0,0,0,0,14.400636,51.054448
25,23,6,21,9,4,3,9,6,0,0,1,1,0,0,0,0,14.440854,51.056237
25,24,4,13,18,7,2,5,3,0,0,1,1,0,0,0,0,14.467621,51.044782
25,24,6,9,14,1,3,4,6,0,0,1,0,0,0,0,0,14.474296,51.043998
25,24,8,7,8,4,3,7,7,0,0,1,0,0,0,0,0,14.439766,51.048179
25,24,8,15,21,5,3,6,6,2,0,1,0,1,0,0,0,14.480956,51.056235
25,24,8,20,21,3,2,0,1,2,0,1,0,0,0,0,0,14.447072,51.045216
25,24,9,6,20,6,3,0,1,2,0,1,0,0,0,0,0,14.400609,51.053472
25,25,2,24,16,2,2,5,3,0,0,1,1,0,0,0,0,14.419505,51.036339
25,25,7,6,19,1,3,0,1,0,0,1,0,0,0,0,0,14.456113,51.039725
25,25,8,21,11,5,3,0,1,0,0,1,0,0,0,0,0,14.368048,51.056596