UKREIS,UJAHR,UMONAT,UTAG,USTUNDE,UWOCHENTAG,UKATEGORIE,UART,UTYP,LICHT,USTRZUSTAND,IstRad,IstPKW,IstFuss,IstKrad,IstGkfz,IstSonstige,@lon,@lat
25,25,9,3,6,4,3,0,7,1,0,1,0,0,0,0,0,14.440816,51.055718
25,25,9,9,10,3,3,5,3,0,0,1,0,0,0,0,1,14.431503,51.05553
25,25,12,11,14,5,3,4,1,0,1,1,0,0,0,0,1,14.488935,51.04425
25,17,8,27,18,1,3,4,6,0,0,1,0,0,0,0,0,14.398645,51.512673
25,18,7,4,17,4,3,5,3,0,0,1,1,0,0,0,0,14.396832,51.514696
25,22,2,19,6,7,2,3,6,2,0,1,1,0,0,0,0,14.326035,51.462889
25,22,10,19,18,4,3,8,1,1,1,1,0,0,0,0,0,14.370169,51.488648
25,25,8,21,22,5,2,9,1,2,0,1,0,0,0,0,0,14.349062,51.497415
25,17,9,4,13,2,2,0,1,0,0,1,0,0,0,0,0,14.065211,51.199626
25,20,8,21,23,6,2,1,5,2,0,1,1,0,0,0,0,14.042997,51.205314
25,24,5,5,19,1,2,8,1,1,1,1,0,0,0,0,0,14.060133,51.19855
25,24,5,24,16,6,3,5,3,0,1,1,1,0,0,0,0,14.033215,51.2145
25,24,8,19,11,2,1,5,3,0,0,1,1,0,0,0,0,14.046618,51.20214
25,17,5,28,19,1,2,0,6,0,0,1,0,0,0,0,1,14.364401,51.057722
25,18,6,4,17,2,3,0,1,0,0,1,0,0,0,0,0,14.345162,51.073042
25,18,10,4,14,5,3,5,3,0,0,1,1,0,0,0,0,14.346627,51.063041
25,19,2,6,5,4,2,5,3,2,0,1,1,0,0,0,0,14.342491,51.068444
25,19,9,2,14,2,3,5,3,0,0,1,1,0,0,0,0,14.345004,51.068298
25,20,6,29,16,2,2,0,1,0,0,1,1,0,0,0,0,14.339786,51.075809
25,20,12,12,11,7,2,3,2,0,1,1,0,0,0,0,1,14.360522,51.075748
25,22,4,17,3,1,3,8,1,2,0,1,0,0,0,0,0,14.342712,51.062728
25,23,6,24,14,7,2,0,1,0,0,1,0,0,0,0,0,14.365936,51.057175
25,25,6,17,18,3,3,2,6,0,0,1,1,0,0,0,0,14.333569,51.078824
25,25,6,24,8,3,3,4,1,0,0,1,1,0,0,0,0,14.345972,51.066154
25,17,8,1,14,3,2,1,7,0,0,1,1,0,0,0,0,13.902911,51.160955
25,18,5,2,10,4,3,5,3,0,0,1,1,0,0,0,0,13.903568,51.15992
25,18,7,4,6,4,2,0,1,0,0,1,0,0,0,0,0,13.886117,51.153463
25,18,7,6,20,6,3,0,1,0,0,1,0,0,0,0,0,13.874234,51.16421
25,18,8,5,1,1,2,8,1,2,0,1,0,0,0,0,0,13.955471,51.142459
25,18,11,4,13,1,2,0,6,0,0,1,1,0,0,0,0,13.951973,51.139613
25,18,12,5,17,4,2,5,3,2,0,1,1,0,0,0,0,13.908495,51.143769
25,19,8,4,18,1,3,0,1,1,0,1,0,0,0,0,0,13.974027,51.15416
25,19,12,1,1,1,3,6,6,2,0,1,0,1,0,0,0,13.895787,51.157096
25,20,5,24,11,1,2,4,2,0,1,1,1,0,0,0,0,13.895522,51.193508
25,20,11,17,19,3,3,0,7,2,1,1,0,0,0,0,1,13.966885,51.155088
25,21,3,30,20,3,3,8,6,2,0,1,1,0,0,0,0,13.904104,51.176264
25,21,5,11,13,3,3,4,6,0,0,1,0,0,0,0,0,13.902984,51.158399
25,22,7,5,14,3,2,5,3,0,0,1,0,0,1,0,0,13.895467,51.192936
25,22,10,24,15,2,3,5,3,0,0,1,1,0,0,0,0,13.88859,51.157134
25,23,4,30,21,1,3,6,6,2,0,1,0,1,0,0,0,13.898939,51.157212
25,23,5,13,10,7,3,0,1,0,0,1,0,0,0,0,0,13.875409,51.163004
25,23,9,18,14,2,3,5,3,0,0,1,1,0,0,0,0,13.862271,51.16751
25,24,4,6,1,7,2,0,1,2,0,1,0,0,0,0,0,13.877381,51.160699
25,24,4,28,17,1,3,1,5,0,0,1,1,0,0,0,0,13.885468,51.158026
25,24,8,29,7,5,3,7,7,0,0,1,0,0,0,0,0,13.859466,51.169991
25,24,11,4,17,2,3,0,7,2,0,1,0,0,0,0,1,13.908749,51.164003
25,25,4,20,7,1,2,0,1,0,0,1,0,0,0,0,0,13.873454,51.165012
25,16,6,6,5,2,3,8,6,1,1,1,0,0,0,1,0,14.628639,51.187977
25,18,1,7,14,1,2,5,3,0,0,1,1,0,0,0,0,14.599783,51.193773
25,19,7,5,17,6,3,3,6,0,0,1,1,0,0,0,0,14.592777,51.191519
25,21,2,24,18,4,2,5,3,2,0,1,1,0,0,0,0,14.596172,51.191322
25,23,4,27,13,5,3,5,2,0,0,1,1,0,0,0,0,14.665689,51.197131
25,25,3,20,6,5,2,2,1,0,0,1,1,0,0,0,0,14.63982,51.187577
25,25,4,19,17,7,2,8,1,0,0,1,0,0,0,0,0,14.57089,51.179424
25,25,8,14,17,5,2,0,1,0,0,1,0,0,0,0,0,14.599074,51.196593
25,16,9,2,19,6,2,3,2,1,0,1,1,0,0,0,0,14.347702,51.098442
25,17,6,12,17,2,3,3,2,0,0,1,1,0,0,0,0,14.388354,51.095644
25,17,8,2,10,4,2,3,7,0,0,1,0,0,0,0,1,14.377492,51.096819
25,17,9,11,14,2,3,0,1,0,0,1,0,0,0,0,0,14.409627,51.097954
25,17,12,6,13,4,2,5,3,0,0,1,1,0,0,0,0,14.398579,51.100377
25,18,3,5,16,2,3,3,6,0,1,1,1,0,0,0,0,14.395886,51.097571
25,18,4,2,12,2,3,5,3,0,0,1,1,0,0,0,0,14.384809,51.096111
25,18,7,4,10,4,3,0,1,0,0,1,0,0,0,0,0,14.391052,51.096404
25,18,9,2,17,1,2,5,3,0,0,1,1,0,0,0,0,14.399317,51.102378
25,18,10,4,13,5,3,4,2,0,0,1,1,0,0,0,0,14.379568,51.096488
25,19,5,2,13,5,2,0,7,0,0,1,0,0,0,0,0,14.388268,51.09561
25,19,5,5,21,1,2,0,1,0,0,1,0,0,0,0,0,14.393691,51.097081
25,19,6,4,17,3,3,3,2,0,0,1,1,0,0,0,0,14.388418,51.095667
25,19,7,6,2,7,3,6,7,2,0,1,0,1,0,0,0,14.38926,51.097155
25,19,8,6,11,3,3,2,6,0,0,1,1,0,0,0,0,14.388344,51.095677
25,19,9,4,14,4,3,5,3,0,0,1,1,0,0,0,0,14.380407,51.097095
25,19,9,7,16,7,2,5,3,0,0,1,1,0,0,0,0,14.386704,51.098152
25,19,10,2,20,4,3,3,6,2,0,1,1,0,0,0,0,14.393652,51.097073
25,20,7,29,15,4,3,0,1,0,0,1,0,0,0,0,0,14.399676,51.098313
25,20,8,4,14,3,3,0,1,0,1,1,0,0,0,0,0,14.350131,51.098394
25,20,9,23,5,4,2,2,2,2,0,1,1,0,0,0,0,14.348207,51.098476
25,20,10,22,17,5,3,3,2,0,0,1,1,0,0,0,0,14.348213,51.098476
25,20,12,24,21,5,3,4,2,2,1,1,1,0,0,0,0,14.397525,51.102566
25,21,1,25,12,2,3,5,3,0,1,1,1,0,0,0,0,14.402594,51.098718
25,21,6,6,21,1,2,0,1,1,0,1,0,0,0,0,0,14.379022,51.097886
25,21,8,29,15,1,3,5,3,0,0,1,1,0,0,0,0,14.398062,51.098094
25,21,10,3,14,1,2,5,3,0,0,1,1,0,0,0,0,14.397647,51.102288
25,21,10,11,5,2,2,0,7,2,0,1,0,0,0,0,0,14.385276,51.098567
25,21,11,25,22,5,3,5,3,2,0,1,1,0,0,0,0,14.350461,51.098431
25,22,4,23,11,7,2,0,1,0,0,1,0,0,0,0,0,14.377117,51.096382
25,22,12,6,7,3,3,5,3,2,1,1,1,0,0,0,0,14.397036,51.097863
25,23,5,25,14,5,2,5,3,0,0,1,1,0,0,0,0,14.389813,51.096091
25,23,7,7,19,6,2,5,3,0,0,1,0,0,1,0,0,14.388394,51.095658
25,23,7,12,10,4,2,0,1,0,0,1,0,0,0,0,0,14.399896,51.098355
25,23,7,29,15,7,2,0,1,0,0,1,0,0,0,0,0,14.399761,51.098337
25,24,9,26,14,5,3,5,3,0,0,1,1,0,0,0,0,14.378302,51.096358
25,25,3,20,10,5,3,5,3,0,0,1,1,0,0,0,0,14.390029,51.098094
25,25,4,24,20,5,3,0,1,1,1,1,0,0,0,0,0,14.399749,51.098335
25,25,7,6,12,1,2,0,1,0,0,1,0,0,0,0,0,14.400077,51.09838
25,25,8,14,17,5,2,6,6,0,0,1,0,1,0,0,0,14.389647,51.097211
25,25,10,4,15,7,3,0,1,0,1,1,0,0,0,0,0,14.399793,51.098341
25,25,11,5,21,4,3,8,1,2,0,1,0,0,0,0,0,14.378629,51.097858
25,16,5,5,16,5,3,4,6,0,0,1,1,0,0,0,0,14.242586,51.389628
25,16,9,5,17,2,3,5,3,0,1,1,1,0,0,0,0,14.243685,51.385285
25,17,6,14,15,4,3,5,3,0,0,1,1,0,0,0,0,14.239212,51.383238
25,17,6,18,16,1,2,1,5,0,0,1,0,0,0,0,1,14.29254,51.396303
25,18,1,2,9,3,2,4,6,0,1,1,1,0,0,1,1,14.242627,51.384787
25,18,2,2,12,6,3,5,3,0,0,1,1,0,0,0,0,14.232928,51.383048
25,18,5,6,2,1,1,8,1,2,0,1,0,0,0,0,0,14.242035,51.377188
25,18,6,1,6,6,3,5,3,0,0,1,1,0,0,0,0,14.255102,51.385046
25,18,6,4,7,2,3,5,3,0,0,1,1,0,0,0,0,14.243633,51.388799
25,18,9,1,4,7,3,0,7,2,0,1,0,0,0,0,0,14.227098,51.357162
25,19,5,1,5,4,1,5,3,2,0,1,1,0,0,0,0,14.291835,51.415099
25,19,5,2,22,5,3,1,5,2,0,1,1,0,0,0,0,14.241033,51.375327
25,19,5,3,21,6,2,0,7,2,0,1,0,0,0,0,0,14.246989,51.383776
25,19,6,2,4,1,2,2,6,2,0,1,0,0,0,0,0,14.242714,51.378492
25,19,7,6,2,7,3,7,7,2,0,1,0,0,0,0,0,14.236273,51.389563
25,19,12,2,11,2,3,5,3,0,0,1,1,0,0,0,0,14.244221,51.381412
25,20,9,23,15,4,3,5,3,0,0,1,1,0,0,0,0,14.265963,51.363055
25,21,1,29,15,6,2,2,6,0,1,1,0,0,0,0,1,14.234425,51.383206
25,21,2,25,9,5,2,5,3,0,0,1,1,0,0,0,0,14.259541,51.384176
25,21,3,31,15,4,2,5,3,0,0,1,1,0,0,0,0,14.25138,51.381007
25,21,6,8,14,3,3,0,6,0,0,1,1,0,0,0,0,14.237794,51.383545
25,21,6,15,15,3,3,8,6,0,0,1,0,0,0,0,1,14.240966,51.384438
25,21,7,23,9,6,3,0,3,0,0,1,0,0,0,0,0,14.240994,51.385568
25,21,10,12,23,3,3,0,1,2,0,1,0,0,0,0,0,14.270914,51.359985
25,22,4,30,21,7,3,4,1,2,0,1,1,0,0,0,0,14.243633,51.388447
25,22,6,2,17,5,3,0,7,0,0,1,0,0,0,0,0,14.225114,51.384063
25,22,7,4,5,2,3,5,3,0,0,1,1,0,0,0,0,14.255118,51.385041
25,22,7,4,16,2,2,5,3,0,0,1,1,0,0,0,0,14.291149,51.406893
25,22,7,30,5,7,3,8,7,0,0,1,0,0,0,0,0,14.216488,51.347065
25,22,10,7,10,6,2,0,7,0,0,1,0,0,0,0,0,14.244683,51.384712
25,22,11,9,12,4,3,1,5,0,0,1,1,0,0,0,0,14.247892,51.383518
25,22,11,18,18,6,3,5,3,2,0,1,1,0,0,0,0,14.246611,51.383765
25,23,1,13,20,6,2,5,3,2,1,1,1,0,0,0,0,14.216482,51.346252
25,23,5,27,17,7,3,4,2,0,0,1,1,0,0,0,0,14.225933,51.382012
25,23,8,23,14,4,3,2,2,0,0,1,1,0,0,0,0,14.23787,51.382677
25,23,9,12,12,3,3,0,1,0,0,1,0,0,0,0,0,14.243693,51.387187
25,23,9,17,20,1,3,0,7,2,0,1,0,0,0,0,0,14.305538,51.403143
25,23,11,8,17,4,2,1,5,2,0,1,1,0,0,0,0,14.245209,51.384515
25,24,4,10,7,4,3,5,3,0,1,1,1,0,0,0,0,14.244363,51.381776
25,24,4,28,1,1,2,8,1,2,0,1,0,0,0,0,0,14.265605,51.403112
25,24,9,18,15,4,3,8,1,0,0,1,0,0,0,0,0,14.269709,51.405651
25,24,9,25,6,4,3,5,3,1,0,1,1,0,0,0,0,14.255139,51.385045
25,24,10,19,17,7,3,0,1,0,0,1,0,0,0,0,0,14.241692,51.395851
25,25,4,2,17,4,2,4,2,0,0,1,1,0,0,0,0,14.242825,51.378664
25,25,4,12,20,7,2,0,1,2,0,1,0,0,0,0,0,14.261692,51.383317
25,25,4,29,15,3,2,0,7,0,0,1,0,0,0,0,0,14.240289,51.380273
25,25,4,30,16,4,2,5,3,0,0,1,1,0,0,0,0,14.241618,51.380932
25,25,5,31,0,7,3,0,1,2,0,1,0,0,0,0,0,14.24694,51.383794
25,25,6,22,20,1,3,0,1,0,0,1,0,0,0,0,0,14.2618,51.38325
25,25,8,8,22,6,3,0,1,2,0,1,0,0,0,0,0,14.294191,51.397023
26,16,3,4,10,6,3,5,3,0,0,1,1,0,0,0,0,14.726181,51.537473
26,16,10,2,11,1,3,5,3,0,0,1,1,0,0,0,0,14.718265,51.548551
26,17,5,31,18,4,3,5,3,0,0,1,1,0,0,0,0,14.719917,51.546813
26,17,7,14,6,6,2,5,3,0,0,1,0,0,0,0,1,14.709225,51.567099
26,18,6,6,14,4,3,0,7,0,0,1,0,0,0,0,0,14.724478,51.543656
26,18,6,7,15,5,2,4,2,0,0,1,1,0,0,0,0,14.714461,51.545666
26,18,11,6,12,3,3,0,3,0,0,1,0,0,0,0,0,14.713898,51.551017
26,19,9,4,10,4,2,0,1,0,1,1,0,0,0,0,0,14.68746,51.541868
26,19,11,3,14,1,3,2,6,0,0,1,1,0,0,0,0,14.725849,51.541908
26,20,2,22,14,7,3,1,5,0,0,1,1,0,0,0,0,14.717059,51.54949
26,20,8,24,13,2,3,0,7,0,0,1,0,0,0,0,0,14.716288,51.549996
26,21,2,2,12,3,2,0,1,0,2,1,0,0,0,0,0,14.713041,51.552733
26,21,9,11,13,7,2,0,1,0,0,1,0,0,0,0,0,14.720736,51.545799
26,21,10,20,11,4,3,4,2,0,0,1,0,0,0,0,1,14.712469,51.54882
26,21,10,21,23,5,2,3,6,2,1,1,1,0,0,0,0,14.716807,51.549663
26,21,10,28,15,5,2,3,6,0,0,1,1,0,0,0,0,14.714419,51.549931
26,23,5,7,10,1,2,6,6,0,0,1,0,1,0,0,0,14.711551,51.553841
26,23,6,21,7,4,3,5,3,0,0,1,1,0,0,0,0,14.708813,51.552589
26,23,8,29,15,3,2,5,3,0,0,1,1,0,0,0,0,14.718262,51.548554
26,23,11,7,12,3,2,5,3,0,0,1,1,0,0,0,0,14.724184,51.543659
26,24,5,11,16,7,3,3,1,0,0,1,0,0,0,0,0,14.715144,51.533832
26,24,5,17,10,6,2,5,3,0,0,1,1,0,0,0,0,14.704028,51.555601
26,24,6,20,18,5,3,0,7,0,0,1,1,0,0,0,0,14.720021,51.546702
26,24,8,16,14,6,3,5,3,0,0,1,1,0,0,0,0,14.726162,51.537474
26,24,9,13,13,6,3,5,3,0,1,1,1,0,0,0,0,14.71203,51.549173
26,24,9,19,19,5,2,9,7,2,0,1,0,0,0,0,0,14.718605,51.552835
26,25,5,28,17,4,3,5,3,1,1,1,1,0,0,0,0,14.708813,51.552589
26,25,5,29,16,5,2,0,1,0,0,1,0,0,0,0,0,14.715797,51.550278
26,25,6,19,11,5,2,0,1,0,0,1,0,0,0,0,0,14.726724,51.536565
26,25,12,22,16,2,3,0,1,2,1,1,0,0,0,0,0,14.725397,51.540068
26,19,8,6,16,3,3,6,4,0,0,1,0,1,0,0,0,14.531076,51.071595
26,16,6,1,18,4,3,8,6,0,0,1,1,0,0,0,0,14.825563,51.048036
26,16,7,5,10,3,3,1,5,0,0,1,1,0,0,0,0,14.827909,51.046547
26,16,10,4,13,3,3,6,4,0,0,1,0,1,0,0,0,14.826383,51.049938
26,17,9,23,13,7,3,5,3,0,0,1,1,0,0,0,0,14.821114,51.046486
26,19,6,4,12,3,2,4,1,0,0,1,1,0,0,0,0,14.82793,51.049446
26,20,5,20,8,4,3,5,3,0,0,1,0,0,0,1,0,14.831449,51.049103
26,20,5,23,14,7,3,4,2,0,0,1,1,0,0,0,0,14.86452,51.017603
26,20,8,25,17,3,2,4,2,0,0,1,0,0,0,1,0,14.851387,51.049742
26,21,6,5,16,7,3,0,7,0,0,1,0,0,0,0,0,14.838817,51.049529
26,21,9,25,12,7,1,0,7,0,0,1,0,0,0,0,0,14.806828,51.086246
26,22,11,2,5,4,2,2,6,2,0,1,0,0,0,0,1,14.824801,51.049035
26,24,4,28,13,1,3,0,1,0,0,1,0,0,0,0,0,14.866278,51.003508
26,24,9,16,10,2,3,0,1,0,1,1,0,0,0,0,0,14.863142,51.052763
26,24,12,28,8,7,3,5,3,0,1,1,1,0,0,0,0,14.842866,51.050085
26,25,2,24,6,2,3,0,1,0,0,1,0,0,0,0,0,14.826511,51.047728
26,25,3,7,11,6,2,0,1,0,0,1,0,0,0,0,0,14.827175,51.047201
26,25,6,12,14,5,2,3,6,0,0,1,1,0,0,0,0,14.839616,51.049758
26,16,6,2,12,5,3,5,3,0,0,1,1,0,0,0,0,14.722117,50.879926
26,16,9,2,15,6,3,5,3,0,0,1,1,0,0,0,0,14.722154,50.880239
26,16,10,7,16,6,3,8,1,0,0,1,0,0,0,0,0,14.747735,50.904323
26,17,9,7,16,5,2,2,7,0,0,1,1,0,0,0,0,14.753702,50.897114
26,19,4,7,12,1,3,5,3,0,0,1,1,0,0,0,0,14.723104,50.879273
26,20,8,27,16,5,2,0,3,0,0,1,1,0,0,0,0,14.722345,50.880222
26,20,9,27,15,1,2,0,7,0,0,1,1,0,0,0,0,14.729745,50.883384
26,22,7,31,10,1,2,0,1,0,0,1,0,0,0,0,0,14.733268,50.903564
26,22,11,6,1,1,3,0,1,2,0,1,0,0,0,0,0,14.749317,50.896664
26,23,5,9,6,3,3,4,6,0,0,1,1,0,0,0,0,14.746102,50.891397
26,23,5,13,18,7,2,0,1,0,0,1,0,0,0,0,0,14.736682,50.887112
26,24,3,15,16,6,2,0,1,0,0,1,0,0,0,0,0,14.728576,50.881204
26,24,3,19,10,3,3,5,3,0,0,1,1,0,0,0,0,14.722191,50.880216
26,24,7,31,6,4,2,0,1,0,0,1,0,0,0,0,0,14.730032,50.876206
26,25,4,27,12,1,3,7,7,0,0,1,0,0,0,0,0,14.732248,50.88392
26,25,7,6,19,1,3,0,1,0,0,1,0,0,0,0,0,14.684179,50.873002
26,25,8,13,9,4,2,0,1,0,0,1,0,0,0,0,0,14.728732,50.87936
26,16,7,4,15,2,3,2,6,0,0,1,1,0,0,0,0,14.572951,51.402281
26,17,6,2,7,6,3,5,3,0,0,1,1,0,0,0,0,14.603322,51.348759
26,19,5,2,16,5,2,4,6,0,0,1,0,0,0,0,0,14.58412,51.412817
26,20,3,5,14,5,3,3,6,0,0,1,1,0,0,0,0,14.584612,51.418607
26,20,11,7,19,7,2,0,1,2,0,1,0,0,0,0,0,14.578536,51.403396
26,21,2,2,7,3,2,0,7,0,2,1,0,0,0,0,0,14.580376,51.404175
26,21,7,25,14,1,3,8,1,0,0,1,0,0,0,0,0,14.508176,51.369156
26,22,6,17,14,6,3,2,6,0,0,1,1,0,0,0,0,14.620943,51.347102
26,22,8,3,18,4,3,4,7,0,0,1,0,0,0,0,0,14.581813,51.356919
26,22,8,25,13,5,2,5,3,0,0,1,1,0,0,0,0,14.575791,51.404801
26,22,9,4,14,1,2,5,3,0,0,1,0,0,1,0,0,14.582119,51.412419
26,22,10,4,16,3,1,5,3,0,0,1,1,0,0,0,0,14.573999,51.400568
26,22,12,30,12,6,3,0,1,0,1,1,0,0,0,0,0,14.549577,51.407748
26,23,3,17,15,6,3,5,3,0,0,1,1,0,0,0,0,14.60339,51.34876
26,23,6,30,9,6,3,5,3,0,0,1,1,0,0,0,0,14.581162,51.402381
26,23,7,16,19,1,2,0,1,0,0,1,0,0,0,0,0,14.57587,51.40486
26,24,7,21,3,1,3,6,6,2,0,1,0,1,0,0,0,14.633648,51.379983
26,24,7,25,1,5,3,0,1,2,0,1,0,0,0,0,0,14.530584,51.402555
26,24,8,8,17,5,3,8,1,0,0,1,0,0,0,0,0,14.484335,51.332133
26,24,9,17,12,3,3,0,1,0,1,1,0,0,0,0,0,14.539212,51.405138
26,25,1,8,12,4,3,8,1,0,1,1,0,0,0,0,0,14.548713,51.407389
26,25,3,31,22,2,2,8,1,2,1,1,0,0,0,0,0,14.522983,51.400324
26,25,9,8,12,2,2,0,1,0,0,1,0,0,0,0,0,14.599236,51.431352
26,25,10,15,20,4,3,0,1,2,0,1,0,0,0,0,0,14.579649,51.402924
26,16,6,7,19,3,2,0,1,0,0,1,0,0,0,0,0,14.577694,51.016639
26,16,7,3,11,1,3,4,2,0,0,1,1,0,0,0,0,14.597145,51.008654
26,16,7,7,15,5,3,5,3,0,0,1,1,0,0,0,0,14.589002,51.00841
26,16,8,1,10,2,3,3,2,0,0,1,1,0,0,0,0,14.608274,50.979002
26,16,8,4,10,5,3,2,6,0,0,1,1,0,0,0,0,14.615791,51.000645
26,16,8,5,15,6,3,8,1,0,0,1,0,0,0,0,0,14.617731,50.984034
26,16,9,3,18,7,2,0,1,1,1,1,0,0,0,0,0,14.612734,51.003508
26,17,5,17,13,4,3,5,3,0,0,1,0,0,1,0,0,14.611927,50.992925
26,17,5,20,19,7,2,0,1,0,0,1,0,0,0,0,0,14.590803,50.99027
26,17,8,23,16,4,3,5,3,0,0,1,1,0,0,0,0,14.598555,51.007647
26,17,9,4,8,2,3,8,1,0,0,1,0,0,0,0,0,14.625681,50.999953
26,17,12,6,17,4,3,5,3,2,0,1,1,0,0,0,0,14.616241,51.000825
26,18,4,2,13,2,3,5,3,0,0,1,1,0,0,0,0,14.601566,50.98837
26,18,6,4,10,2,2,3,6,0,0,1,1,0,0,0,0,14.613719,50.986232
26,18,9,1,17,7,2,5,3,0,0,1,1,0,0,0,0,14.580518,51.007631
26,19,3,2,13,7,2,0,1,0,0,1,0,0,0,0,0,14.604605,50.988853
26,19,5,1,17,4,3,6,4,0,0,1,0,1,0,0,0,14.60793,50.978766
26,19,5,3,20,6,3,0,1,0,0,1,0,0,0,0,0,14.579334,51.006793
26,19,6,3,9,2,2,5,3,0,0,1,1,0,0,0,0,14.580345,50.999929
26,19,9,3,18,3,1,8,1,0,0,1,0,0,0,0,0,14.60142,50.977419
26,19,12,4,8,4,2,3,6,0,1,1,1,0,0,0,0,14.603885,51.004071
26,20,4,4,14,7,1,3,6,0,0,1,1,0,0,0,0,14.604262,50.987447
26,20,4,16,15,5,3,3,2,0,0,1,1,0,0,0,0,14.580521,51.007634
26,20,4,27,9,2,2,4,2,0,0,1,1,0,0,0,0,14.608198,50.97895
26,20,5,21,21,5,2,0,1,1,0,1,0,0,0,0,0,14.598743,50.989617
26,20,8,23,16,1,2,5,3,0,1,1,1,0,0,0,0,14.586844,51.006897
26,20,11,15,14,1,3,3,2,0,0,1,1,0,0,0,0,14.599204,51.007317
26,21,5,12,10,4,2,5,3,0,0,1,1,0,0,0,0,14.58153,50.996702
26,21,6,7,22,2,3,9,1,2,0,1,0,0,0,0,0,14.613342,50.985599
26,21,6,30,9,4,3,0,1,0,1,1,0,0,0,0,0,14.580351,50.999913
26,21,10,28,18,5,3,8,1,2,0,1,0,0,0,0,0,14.584846,51.006396
26,22,2,10,12,5,2,5,3,0,0,1,1,0,0,0,0,14.611921,50.998164
26,22,5,26,21,5,2,0,1,2,0,1,0,0,0,0,0,14.612876,50.977086
26,22,6,21,13,3,3,4,2,0,0,1,1,0,0,0,0,14.624951,50.999892
26,22,7,3,19,1,2,2,6,0,0,1,1,0,0,0,0,14.613746,50.986324
26,22,8,1,10,2,3,7,7,0,0,1,0,0,0,0,0,14.579726,51.000115
26,22,9,2,14,6,3,2,2,0,0,1,0,0,0,0,1,14.607852,50.990942
26,22,12,25,7,1,2,0,1,2,2,1,0,0,0,0,0,14.618518,51.002949
26,23,4,14,13,6,3,5,3,0,1,1,1,0,0,0,0,14.586761,51.006112
26,23,5,29,18,2,2,0,1,0,0,1,0,0,0,0,0,14.597342,50.974705
26,23,6,16,17,6,3,0,1,0,0,1,0,0,0,0,0,14.589442,50.990801
26,23,9,9,18,7,3,3,6,0,0,1,1,0,0,0,0,14.60988,50.985762
26,23,9,29,16,6,3,4,1,0,0,1,0,0,0,0,1,14.602104,50.981669
26,24,3,20,17,4,3,0,1,0,0,1,0,0,0,0,0,14.610875,50.979778
26,24,3,26,10,3,2,5,3,0,0,1,1,0,0,0,0,14.582417,51.006982
26,24,5,8,17,4,3,2,2,0,0,1,1,0,0,0,0,14.612059,50.981685
26,24,6,18,14,3,2,5,3,0,0,1,1,0,0,0,0,14.613452,50.977143
26,24,6,24,13,2,3,5,3,0,0,1,1,0,0,0,0,14.611262,50.981067
26,24,7,25,15,5,3,0,6,0,0,1,0,0,0,0,0,14.585197,50.99283
26,24,8,28,17,4,3,5,3,0,0,1,1,0,0,0,0,14.614435,50.980896
26,24,9,1,21,1,3,8,1,2,0,1,0,0,0,0,0,14.587917,50.991497
26,24,10,1,10,3,2,0,7,0,1,1,0,0,0,0,0,14.610884,50.98196
26,25,1,6,19,2,3,0,1,1,2,1,0,0,0,0,0,14.615991,50.979287
26,25,2,1,18,7,3,0,1,2,0,1,0,0,0,0,0,14.597156,51.008648
26,25,3,14,7,6,3,5,3,0,0,1,1,0,0,0,0,14.616547,50.979976
26,25,4,1,16,3,2,0,1,0,0,1,0,0,0,0,0,14.615804,50.993865
26,25,6,2,17,2,3,5,3,0,0,1,1,0,0,0,0,14.575571,51.009177
26,25,6,23,11,2,3,8,6,0,0,1,1,0,0,0,0,14.616892,51.019701
26,25,6,30,9,2,3,2,2,0,0,1,1,0,0,0,0,14.61568,50.984892
26,25,8,30,14,7,3,0,1,0,0,1,0,0,0,0,0,14.61273,50.974245
26,25,9,26,16,6,3,4,3,0,1,1,1,0,0,0,0,14.603625,51.004148
26,25,10,21,15,3,2,5,3,0,0,1,0,0,0,0,1,14.572851,51.013599
26,25,10,24,15,6,3,3,2,0,0,1,1,0,0,0,0,14.614369,50.989175
26,17,7,30,15,1,3,3,6,0,0,1,0,0,0,0,1,14.609973,51.536972
26,18,5,7,14,2,3,5,3,0,0,1,1,0,0,0,0,14.674568,51.538116
26,18,12,2,6,1,3,9,1,2,1,1,0,0,0,0,0,14.660372,51.522413
26,19,6,5,13,4,3,0,7,0,0,1,0,0,0,0,0,14.634945,51.537182
26,20,3,12,7,5,2,8,1,0,0,1,0,0,0,0,0,14.662193,51.532607
26,20,7,13,16,2,3,0,7,0,0,1,0,0,0,0,0,14.624318,51.537219
26,20,7,30,15,5,3,5,3,0,0,1,1,0,0,0,0,14.662541,51.519095
26,21,5,13,12,5,3,4,6,0,0,1,0,0,0,0,0,14.611744,51.536798
26,22,7,12,21,3,2,2,6,1,0,1,0,0,0,0,0,14.650072,51.53382
26,23,4,25,13,3,3,0,1,0,0,1,0,0,0,0,0,14.662531,51.51909
26,24,9,3,10,3,2,0,1,0,0,1,0,0,0,0,0,14.659284,51.530007
26,24,10,27,11,1,3,2,6,0,1,1,1,0,0,0,0,14.66162,51.520121
26,25,7,22,14,3,2,0,1,0,0,1,0,0,0,0,0,14.634473,51.542815
26,25,7,30,20,4,3,1,7,1,0,1,1,0,0,0,0,14.633392,51.542617
26,25,12,1,16,2,3,5,3,2,0,1,1,0,0,0,0,14.674477,51.538092
26,16,1,1,6,6,2,5,3,2,0,1,1,0,0,0,0,14.970506,51.150794