UKREIS,UJAHR,UMONAT,UTAG,USTUNDE,UWOCHENTAG,UKATEGORIE,UART,UTYP,LICHT,USTRZUSTAND,IstRad,IstPKW,IstFuss,IstKrad,IstGkfz,IstSonstige,@lon,@lat
26,16,3,3,16,5,2,5,3,0,0,1,1,0,0,0,0,14.983941,51.170531
26,16,3,4,9,6,3,0,7,0,0,1,1,0,0,0,0,14.974084,51.161405
26,16,4,2,16,7,2,6,4,0,0,1,0,1,0,0,0,14.980221,51.11775
26,16,4,2,16,7,3,5,3,0,0,1,1,0,0,0,0,14.984224,51.149353
26,16,4,4,8,2,3,7,1,0,0,1,0,0,0,0,0,14.981973,51.120606
26,16,4,4,23,2,3,0,1,2,0,1,0,0,0,0,0,14.98239,51.154766
26,16,4,7,16,5,3,0,7,0,0,1,0,0,0,0,0,14.993064,51.158995
26,16,5,1,9,1,3,3,2,0,0,1,1,0,0,0,0,14.979901,51.139092
26,16,5,2,11,2,3,0,7,0,0,1,0,0,0,0,0,14.975909,51.112546
26,16,5,3,12,3,3,3,6,0,0,1,0,0,0,0,0,14.941376,51.145194
26,16,5,3,23,3,3,8,1,2,0,1,0,0,0,0,0,14.982943,51.123288
26,16,5,4,11,4,3,8,7,0,1,1,0,0,0,0,1,14.962743,51.185061
26,16,5,5,15,5,3,6,6,0,0,1,0,1,0,0,0,14.974924,51.143725
26,16,5,7,12,7,3,5,3,0,0,1,1,0,0,0,0,14.955331,51.163057
26,16,6,1,13,4,2,5,3,0,0,1,1,0,0,0,0,14.974098,51.161502
26,16,6,2,5,5,3,5,3,1,0,1,1,0,0,0,0,14.977472,51.115624
26,16,6,2,7,5,2,8,1,0,0,1,0,0,0,0,0,14.98395,51.126098
26,16,6,2,16,5,3,5,3,0,0,1,1,0,0,0,0,14.955335,51.163058
26,16,6,2,16,5,3,0,4,0,0,1,0,1,0,0,0,14.987149,51.152595
26,16,6,3,17,6,3,5,3,0,0,1,1,0,0,0,0,14.983251,51.124131
26,16,6,4,8,7,3,5,3,0,0,1,1,0,0,0,0,14.983243,51.124111
26,16,6,4,17,7,3,0,7,0,1,1,0,0,0,0,0,14.982735,51.122683
26,16,6,4,18,7,3,0,1,0,0,1,0,0,0,0,0,14.980774,51.145622
26,16,6,5,2,1,3,2,6,2,0,1,1,0,0,0,0,14.987808,51.141867
26,16,6,6,9,2,3,5,2,0,0,1,1,0,0,0,0,14.947978,51.148164
26,16,6,7,6,3,3,6,7,0,0,1,0,1,0,0,0,14.973518,51.156207
26,16,6,7,8,3,3,0,1,0,0,1,0,0,0,0,0,14.983711,51.150872
26,16,6,7,12,3,3,5,3,0,0,1,1,0,0,0,0,14.961762,51.150531
26,16,7,1,9,6,2,1,5,0,0,1,1,0,0,0,0,14.971098,51.146784
26,16,7,1,15,6,3,5,3,0,0,1,1,0,0,0,0,14.972313,51.117155
26,16,7,2,1,7,3,0,7,2,0,1,0,0,0,0,0,14.987076,51.154136
26,16,7,2,3,7,3,8,1,2,1,1,0,0,0,0,0,14.98703,51.152422
26,16,7,4,18,2,3,0,7,0,0,1,0,0,0,0,0,14.952403,51.15066
26,16,7,7,16,5,3,5,3,0,1,1,1,0,0,0,0,14.981704,51.158685
26,16,8,1,14,2,2,3,2,0,0,1,0,0,0,0,1,14.993319,51.151425
26,16,8,1,16,2,3,0,1,0,0,1,0,0,0,0,0,14.943044,51.147856
26,16,8,2,9,3,3,3,2,0,0,1,1,0,0,0,0,14.970744,51.151292
26,16,8,2,11,3,3,6,4,0,0,1,0,1,0,0,0,14.976402,51.144397
26,16,8,2,12,3,3,0,1,0,0,1,0,0,0,0,0,14.983894,51.158511
26,16,8,2,18,3,2,0,1,0,0,1,1,0,0,0,0,14.992292,51.160135
26,16,9,1,14,5,2,0,3,0,0,1,1,0,0,0,0,14.979628,51.169413
26,16,9,2,7,6,3,5,3,0,0,1,1,0,0,0,0,14.97096,51.150936
26,16,9,3,23,7,3,0,1,2,0,1,0,0,0,0,0,14.974074,51.151926
26,16,9,6,11,3,3,3,6,0,0,1,1,0,0,0,0,14.990889,51.150966
26,16,9,7,19,4,2,5,3,2,0,1,1,0,0,0,0,14.976836,51.164814
26,16,10,3,20,2,3,9,1,2,1,1,0,0,0,0,0,14.991844,51.155767
26,16,10,4,9,3,2,0,1,0,0,1,0,0,0,0,0,14.992114,51.180517
26,16,10,4,18,3,3,5,3,2,0,1,1,0,0,0,0,14.971441,51.146033
26,16,10,5,16,4,3,5,3,0,1,1,1,0,0,0,0,14.970184,51.151002
26,16,10,6,5,5,3,9,3,2,0,1,1,0,0,0,0,14.970957,51.150931
26,16,10,7,10,6,3,0,1,0,0,1,0,0,0,0,0,14.950354,51.153158
26,16,10,7,18,6,3,5,3,1,1,1,1,0,0,0,0,14.982787,51.144992
26,16,11,4,16,6,2,6,4,2,0,1,0,1,0,0,0,14.985224,51.150231
26,16,11,7,17,2,3,4,6,2,0,1,0,0,0,0,0,14.952577,51.136949
26,16,12,2,11,6,3,4,2,0,0,1,1,0,0,0,0,14.990592,51.146603
26,16,12,5,15,2,3,5,3,0,0,1,1,0,0,0,0,14.981956,51.14676
26,16,12,7,7,4,3,4,6,1,1,1,0,0,0,0,0,14.969925,51.148992
26,16,12,7,13,4,3,0,1,0,0,1,0,0,0,0,0,14.979781,51.145814
26,17,2,6,11,2,3,5,3,0,0,1,0,0,0,0,1,14.977289,51.127789
26,17,2,10,20,6,2,0,7,2,0,1,0,0,0,0,1,14.997566,51.152958
26,17,2,17,5,6,3,5,3,1,1,1,1,0,0,0,0,14.953172,51.148654
26,17,3,29,17,4,3,0,1,0,1,1,0,0,0,0,0,14.981197,51.145537
26,17,4,1,15,7,3,0,1,0,0,1,0,0,0,0,0,14.95448,51.066672
26,17,4,24,13,2,2,0,7,0,0,1,0,0,0,0,0,14.977503,51.160349
26,17,4,24,15,2,3,0,7,0,0,1,0,0,0,0,0,14.971369,51.152759
26,17,4,25,16,3,3,5,3,0,0,1,1,0,0,0,0,14.946105,51.135596
26,17,5,8,7,2,3,2,6,0,0,1,0,0,0,0,0,14.983167,51.154657
26,17,5,16,10,3,3,1,5,0,0,1,1,0,0,0,0,14.983755,51.154258
26,17,5,19,10,6,3,0,7,0,0,1,1,0,0,0,0,14.979295,51.117073
26,17,5,23,16,3,3,5,2,0,0,1,1,0,0,0,0,14.978258,51.146109
26,17,5,23,17,3,3,5,3,0,0,1,1,0,0,0,0,14.983099,51.123726
26,17,5,25,10,5,3,0,1,0,0,1,0,0,0,0,0,14.984684,51.157979
26,17,5,31,17,4,3,5,3,0,0,1,1,0,0,0,0,14.98696,51.147929
26,17,6,1,9,5,2,0,1,0,0,1,0,0,0,0,0,14.940739,51.137284
26,17,6,1,18,5,3,3,2,0,0,1,1,0,0,0,0,14.953545,51.13724
26,17,6,2,15,6,2,0,7,0,0,1,0,0,0,0,0,14.955985,51.155661
26,17,6,8,15,5,3,5,3,0,0,1,1,0,0,0,0,14.981653,51.170037
26,17,6,9,7,6,2,0,7,0,0,1,0,0,0,0,1,14.98256,51.15009
26,17,6,9,15,6,3,4,2,0,0,1,1,0,0,0,0,14.951962,51.148739
26,17,6,10,16,7,3,1,7,0,0,1,1,0,0,0,0,14.99441,51.156523
26,17,6,15,19,5,3,5,3,0,0,1,1,0,0,0,0,14.95258,51.148552
26,17,6,17,12,7,3,0,6,0,0,1,1,0,0,0,0,14.985325,51.154632
26,17,6,18,20,1,2,9,1,1,0,1,0,0,0,0,0,14.989372,51.154233
26,17,6,21,19,4,3,0,1,0,0,1,0,0,0,0,0,14.981891,51.146447
26,17,6,21,21,4,2,5,3,1,0,1,1,0,0,0,0,14.974687,51.147326
26,17,6,22,17,5,3,5,3,1,1,1,1,0,0,0,0,14.975954,51.113139
26,17,6,26,15,2,2,0,7,0,0,1,0,0,0,0,0,14.985048,51.151729
26,17,7,4,19,3,3,0,1,0,0,1,0,0,0,0,0,14.983456,51.163192
26,17,7,6,11,5,3,2,6,0,0,1,0,0,0,0,0,14.979813,51.11745
26,17,7,10,18,2,3,5,3,0,0,1,1,0,0,0,0,14.981346,51.13998
26,17,7,11,15,3,3,5,3,0,1,1,1,0,0,0,0,14.955984,51.147902
26,17,7,15,9,7,2,0,7,0,0,1,0,0,0,0,0,14.983951,51.170509
26,17,7,28,13,6,3,5,3,0,0,1,0,0,0,0,1,14.960547,51.163843
26,17,8,1,9,3,3,5,3,0,0,1,1,0,0,0,0,14.960547,51.163843
26,17,8,2,13,4,3,5,3,0,0,1,1,0,0,0,0,14.981651,51.170041
26,17,8,3,15,5,3,3,6,0,0,1,1,0,0,0,0,14.970169,51.143422
26,17,8,5,14,7,3,3,2,0,0,1,1,0,0,0,0,14.972643,51.143365
26,17,8,7,7,2,3,5,3,0,0,1,0,0,0,0,0,14.92438,51.140026
26,17,8,17,15,5,3,1,5,0,0,1,1,0,0,0,0,14.991179,51.159481
26,17,8,21,11,2,3,0,1,0,0,1,0,0,0,0,0,14.9831,51.134123
26,17,8,21,16,2,3,5,3,0,0,1,1,0,0,0,0,14.970949,51.150914
26,17,8,22,12,3,3,1,1,0,0,1,1,0,0,0,0,14.947371,51.143419
26,17,8,24,13,5,3,5,3,0,0,1,1,0,0,0,0,14.975005,51.143756
26,17,8,27,18,1,2,9,1,0,0,1,0,0,0,0,0,14.996614,51.165078
26,17,8,27,20,1,3,6,4,2,0,1,0,1,0,0,0,14.993063,51.158033
26,17,8,29,12,3,3,6,7,0,0,1,0,1,0,0,0,14.982035,51.149623
26,17,8,29,15,3,3,5,3,0,0,1,1,0,0,0,0,14.985806,51.153256
26,17,8,30,12,4,3,4,2,0,0,1,1,0,0,0,0,14.978702,51.170835
26,17,8,30,19,4,3,0,7,1,0,1,0,0,0,0,0,14.980874,51.138043
26,17,9,4,14,2,1,4,2,0,0,1,1,0,0,0,0,14.990033,51.150902
26,17,9,6,14,4,3,0,7,0,1,1,0,0,0,0,0,14.974957,51.143838
26,17,9,12,17,3,3,6,6,0,0,1,0,1,0,0,0,14.983109,51.150472
26,17,9,24,9,1,3,0,1,0,1,1,0,0,0,0,0,14.987038,51.152339
26,17,9,27,13,4,3,1,5,0,0,1,1,0,0,0,0,14.972991,51.151675
26,17,10,4,14,4,3,5,3,0,0,1,0,0,0,0,0,14.94304,51.136643
26,17,10,4,19,4,2,3,6,2,0,1,1,0,0,0,0,14.95458,51.149209
26,17,10,5,5,5,3,1,6,0,1,1,1,0,0,0,0,14.964181,51.17782
26,17,10,8,13,1,3,4,2,0,1,1,1,0,0,0,0,14.956703,51.149575
26,17,10,19,15,5,3,5,3,0,0,1,1,0,0,0,0,14.98505,51.156844
26,17,10,24,7,3,2,7,1,1,1,1,0,0,0,0,0,14.984759,51.131143
26,17,10,26,10,5,3,0,7,0,0,1,0,0,0,0,0,14.983594,51.158479
26,17,10,27,6,6,3,5,3,2,1,1,1,0,0,0,0,14.950215,51.148446
26,17,11,2,15,5,3,3,2,0,0,1,1,0,0,0,0,14.974086,51.161423
26,17,11,9,20,5,3,2,6,2,0,1,1,0,0,0,0,14.970718,51.150813
26,17,12,7,15,5,3,0,7,0,0,1,0,0,0,0,0,14.990541,51.159419
26,17,12,19,18,3,3,9,1,1,2,1,0,0,0,0,0,14.968987,51.155373
26,18,1,3,7,4,3,5,3,1,1,1,1,0,0,0,0,14.988183,51.143041
26,18,1,4,15,5,3,5,3,0,0,1,1,0,0,0,0,14.983565,51.151837
26,18,2,2,6,6,2,5,3,1,2,1,1,0,0,0,0,14.974059,51.164876
26,18,3,2,6,6,3,8,1,0,2,1,0,0,0,0,0,14.981193,51.145538
26,18,3,5,21,2,3,5,3,2,1,1,1,0,0,0,0,14.971469,51.145971
26,18,4,1,14,1,3,0,1,0,1,1,0,0,0,0,0,14.977812,51.137956
26,18,4,5,14,5,3,0,7,0,0,1,0,0,0,0,0,14.959022,51.136576
26,18,4,5,14,5,3,6,4,0,0,1,0,1,0,0,0,14.98993,51.150947
26,18,4,5,23,5,3,0,1,2,0,1,0,0,0,0,0,14.971534,51.154968
26,18,4,6,15,6,3,5,3,0,0,1,1,0,0,0,0,14.971307,51.154952
26,18,4,7,10,7,3,4,2,0,0,1,1,0,0,0,0,14.975098,51.155079
26,18,4,7,14,7,2,0,1,0,0,1,0,0,0,0,0,14.99614,51.164818
26,18,4,7,15,7,3,1,5,0,0,1,1,0,0,0,0,14.983341,51.151967
26,18,5,1,7,3,3,0,1,0,0,1,0,0,0,0,0,14.970035,51.149368
26,18,5,1,12,3,2,1,5,0,0,1,1,0,0,0,0,14.994387,51.156536
26,18,5,1,15,3,3,4,2,0,1,1,1,0,0,0,0,14.981371,51.154097
26,18,5,3,11,5,3,0,7,0,1,1,0,0,0,0,0,14.973395,51.124602
26,18,5,3,12,5,2,0,7,0,1,1,0,0,0,0,0,14.987037,51.15234
26,18,5,3,14,5,3,1,5,0,0,1,1,0,0,0,0,14.944855,51.14535
26,18,5,4,19,6,3,5,3,0,0,1,1,0,0,0,0,14.975008,51.143757
26,18,5,7,10,2,3,0,7,0,0,1,0,0,0,0,0,14.981889,51.146713
26,18,5,7,12,2,3,3,2,0,0,1,1,0,0,0,0,14.940618,51.131938
26,18,6,1,16,6,3,0,1,0,1,1,0,0,0,0,0,14.984542,51.157896
26,18,6,1,17,6,3,6,4,0,0,1,0,1,0,0,0,14.987039,51.152895
26,18,6,1,22,6,3,3,6,2,0,1,1,0,0,0,0,14.998752,51.172773
26,18,6,2,23,7,1,3,6,2,0,1,0,0,0,0,0,14.92697,51.067193
26,18,6,4,8,2,3,6,6,0,0,1,0,1,0,0,0,14.96678,51.144616
26,18,6,4,11,2,3,3,2,0,0,1,1,0,0,0,0,14.960748,51.139742
26,18,6,4,14,2,3,3,7,0,0,1,0,1,0,0,0,14.97002,51.149323
26,18,6,4,18,2,3,0,1,0,0,1,0,0,0,0,0,14.981016,51.145587
26,18,6,5,9,3,3,5,3,0,0,1,1,0,0,0,0,14.960832,51.139775
26,18,6,5,20,3,3,0,6,0,1,1,1,0,0,0,0,14.980389,51.145697
26,18,6,6,14,4,3,0,1,0,1,1,0,0,0,0,0,14.981187,51.145539
26,18,6,6,16,4,3,3,6,0,0,1,1,0,0,0,0,14.986046,51.156934
26,18,6,7,17,5,3,4,6,0,0,1,0,0,0,0,0,14.98121,51.145619
26,18,7,2,13,2,2,0,1,0,0,1,0,0,0,0,0,14.981968,51.136404
26,18,7,3,9,3,3,5,3,0,0,1,1,0,0,0,0,14.974846,51.144891
26,18,7,6,18,6,2,0,1,0,0,1,0,0,0,0,0,14.96467,51.11921
26,18,8,3,16,6,3,0,1,0,1,1,0,0,0,0,0,14.980918,51.145594
26,18,8,3,16,6,2,0,1,0,1,1,0,0,0,0,0,14.991865,51.15974
26,18,8,3,17,6,3,1,5,0,1,1,1,0,0,0,0,14.977528,51.145704
26,18,8,5,5,1,3,0,1,0,1,1,0,0,0,0,0,14.981201,51.145536
26,18,8,6,17,2,3,1,5,0,0,1,1,0,0,0,0,14.980418,51.144321
26,18,8,7,7,3,3,5,3,0,0,1,0,0,0,0,1,14.962463,51.140407
26,18,9,1,10,7,3,0,7,0,0,1,0,1,0,0,0,14.9881,51.144581
26,18,9,1,17,7,3,5,1,0,0,1,0,0,0,0,1,14.981858,51.149394
26,18,9,3,10,2,3,0,1,0,0,1,0,0,0,0,0,14.984772,51.157848
26,18,9,3,16,2,3,5,3,0,0,1,1,0,0,0,0,14.961185,51.146232
26,18,9,4,19,3,3,4,2,1,0,1,1,0,0,0,0,14.969216,51.169214
26,18,9,5,9,4,2,5,3,0,0,1,1,0,0,0,0,14.979416,51.169547
26,18,9,6,6,5,3,0,3,2,0,1,1,0,0,0,0,14.964899,51.176376
26,18,9,6,7,5,3,2,6,0,0,1,1,0,0,0,0,14.989646,51.152951
26,18,10,1,14,2,3,6,7,0,0,1,1,1,0,0,0,14.980331,51.15005
26,18,10,2,12,3,3,5,3,0,0,1,1,0,0,0,0,14.983103,51.123737
26,18,10,5,7,6,3,0,1,0,0,1,0,0,0,0,0,14.981187,51.145539
26,18,10,6,12,7,3,5,3,0,0,1,1,0,0,0,0,14.981884,51.146704
26,18,11,3,11,7,3,5,3,0,0,1,1,0,0,0,0,14.981344,51.139974
26,18,11,6,17,3,3,6,7,2,1,1,0,1,0,0,0,14.982251,51.149814
26,18,11,7,16,4,3,5,3,0,0,1,1,0,0,0,0,14.966287,51.072263
26,18,12,3,11,2,1,5,3,0,0,1,1,0,0,0,0,14.984254,51.149381
26,18,12,4,17,3,3,5,3,2,1,1,1,0,0,0,0,14.964912,51.176379
26,18,12,5,7,4,2,4,6,2,1,1,1,0,0,0,0,14.952582,51.13695
26,18,12,5,15,4,3,5,3,0,0,1,1,0,0,0,0,14.952639,51.148865
26,18,12,7,19,6,3,5,3,2,1,1,1,0,0,0,0,14.952798,51.149233
26,19,2,1,14,6,3,2,6,0,0,1,1,0,0,0,0,14.963533,51.140828
26,19,3,2,8,7,3,5,3,0,0,1,1,0,0,0,0,14.970192,51.151015
26,19,3,6,7,4,2,6,4,1,0,1,0,1,0,0,0,14.98997,51.150877
26,19,4,2,8,3,3,5,3,0,0,1,1,0,0,0,0,14.974994,51.143752
26,19,4,2,15,3,2,3,6,0,0,1,1,0,0,0,0,14.986545,51.145104
26,19,4,2,19,3,3,5,3,1,0,1,0,0,0,0,1,14.973846,51.159782
26,19,4,5,10,6,3,0,3,0,0,1,0,0,0,0,1,14.945929,51.147145
26,19,4,6,9,7,3,5,3,0,0,1,1,0,0,0,0,14.944648,51.145354
26,19,5,2,7,5,3,4,1,0,0,1,1,0,0,0,0,14.96798,51.144245
26,19,5,7,12,3,3,0,7,0,0,1,0,0,0,0,0,14.960875,51.150326
26,19,6,2,8,1,2,5,3,0,0,1,0,0,0,0,0,14.985797,51.124713
26,19,6,2,15,1,3,5,3,0,0,1,1,0,0,0,0,14.949977,51.148423
26,19,6,3,11,2,3,5,3,0,0,1,1,0,0,0,0,14.977393,51.148336
26,19,6,5,9,4,3,6,7,0,0,1,0,1,0,0,0,14.967279,51.154443
26,19,6,5,19,4,2,0,7,0,0,1,0,0,0,0,0,14.973448,51.124589
26,19,6,5,19,4,3,0,1,1,1,1,0,0,0,0,0,14.984526,51.170104
26,19,6,6,14,5,3,5,3,0,0,1,1,0,0,0,0,14.98427,51.149427
26,19,6,7,13,6,3,5,3,0,0,1,1,0,0,0,0,14.975585,51.152345
26,19,7,1,14,2,3,0,1,0,1,1,0,0,0,0,0,14.982778,51.122809
26,19,7,2,12,3,3,5,3,0,0,1,1,0,0,0,0,14.981148,51.157575
26,19,7,3,16,4,3,0,1,0,0,1,0,0,0,0,0,14.985014,51.155924
26,19,7,4,19,5,3,0,1,0,0,1,0,0,0,0,0,14.984583,51.158111
26,19,7,5,17,6,3,0,1,0,0,1,1,0,0,0,0,14.982561,51.143637
26,19,7,5,21,6,3,0,1,2,0,1,0,0,0,0,0,14.98024,51.145725
26,19,7,7,12,1,3,5,3,0,0,1,1,0,0,0,0,14.961153,51.146238
26,19,8,1,14,5,2,0,1,0,0,1,0,0,0,0,0,15.002404,51.206715
26,19,8,2,14,6,3,1,1,0,0,1,1,0,0,0,0,14.982479,51.16224
26,19,8,4,17,1,3,0,1,0,0,1,0,0,0,0,0,14.998361,51.169971
26,19,8,4,21,1,2,5,3,2,0,1,1,0,0,0,0,14.968893,51.152433
26,19,8,5,16,2,3,5,3,0,0,1,1,0,0,0,0,14.96868,51.144847
26,19,8,5,22,2,3,0,1,2,0,1,0,0,0,0,0,14.970802,51.153937
26,19,8,6,10,3,3,0,7,0,0,1,0,0,0,0,0,14.940522,51.136949
26,19,8,6,13,3,3,5,3,0,0,1,1,0,0,0,0,14.973629,51.150078
26,19,8,6,17,3,3,4,6,0,0,1,0,0,0,0,0,14.983957,51.170497
26,19,8,7,20,4,3,4,2,1,0,1,1,0,0,0,0,14.98141,51.119046
26,19,9,1,12,1,3,3,2,0,0,1,1,0,0,0,0,14.989549,51.180791
26,19,9,2,17,2,3,3,2,0,1,1,1,0,0,0,0,14.951367,51.138616
26,19,9,2,19,2,3,1,5,0,0,1,1,0,0,0,0,14.973505,51.146843
26,19,9,3,6,3,3,0,1,0,0,1,0,0,0,0,0,14.984689,51.15797
26,19,9,3,10,3,3,0,1,0,0,1,0,0,0,0,0,14.977542,51.156282
26,19,9,6,16,6,3,5,3,0,0,1,1,0,0,0,0,14.983893,51.158508
26,19,10,1,15,3,3,5,3,0,0,1,1,0,0,0,0,14.972202,51.164204
26,19,10,1,18,3,3,5,3,2,0,1,1,0,0,0,0,14.972515,51.161928
26,19,10,2,7,4,3,0,6,0,1,1,1,0,0,0,0,14.990693,51.145022
26,19,10,3,19,5,2,3,2,2,0,1,1,0,0,0,0,14.971465,51.145979
26,19,10,6,16,1,3,3,6,0,0,1,0,0,0,0,0,14.951048,51.151772
26,19,10,7,15,2,3,5,3,0,0,1,1,0,0,0,0,14.999307,51.18374
26,19,10,7,16,2,3,5,3,0,0,1,1,0,0,0,0,14.983434,51.148689
26,19,11,1,8,6,3,3,6,0,0,1,0,0,0,0,0,14.975335,51.126645
26,19,11,4,6,2,3,3,2,2,1,1,1,0,0,0,0,14.970382,51.150832
26,19,11,5,22,3,3,4,1,2,0,1,0,0,0,0,1,14.97929,51.145787
26,19,11,6,7,4,3,5,3,0,0,1,1,0,0,0,0,14.941346,51.145167
26,19,11,7,17,5,3,1,5,1,0,1,1,0,0,0,0,14.9855,51.150485
26,19,12,4,13,4,3,0,1,0,0,1,0,0,0,0,0,14.980837,51.14561
26,19,12,6,18,6,3,0,1,2,2,1,0,0,0,0,0,14.957173,51.147412
26,20,1,2,14,5,2,4,6,0,1,1,0,0,0,0,0,14.962337,51.140358
26,20,1,7,15,3,3,5,3,0,0,1,0,0,0,0,0,14.987837,51.15554
26,20,1,9,15,5,3,1,5,0,1,1,1,0,0,0,0,14.98996,51.144436
26,20,1,16,13,5,2,5,3,0,0,1,1,0,0,0,0,14.988426,51.157398
26,20,1,23,9,5,3,5,3,0,0,1,1,0,0,0,0,14.980737,51.151152
26,20,1,25,22,7,3,0,1,2,2,1,0,0,0,0,0,14.952613,51.148877
26,20,2,7,16,6,3,5,3,1,1,1,1,0,0,0,0,14.96892,51.152411
26,20,2,8,14,7,3,5,3,0,0,1,1,0,0,0,0,14.995739,51.155262
26,20,2,11,12,3,3,0,1,0,0,1,0,0,0,0,0,14.982716,51.154134
26,20,2,14,13,6,3,5,3,0,1,1,1,0,0,0,0,14.984964,51.130119
26,20,4,14,9,3,3,1,5,0,0,1,1,0,0,0,0,14.986008,51.15096
26,20,4,16,14,5,3,3,2,0,0,1,1,0,0,0,0,14.960734,51.139737
26,20,4,18,16,7,3,0,7,0,0,1,0,0,0,0,0,14.980217,51.117747
26,20,4,24,11,6,3,5,3,0,0,1,1,0,0,0,0,14.953512,51.13723
26,20,4,28,21,3,3,0,3,2,1,1,1,0,0,0,0,14.985975,51.153327
26,20,4,29,17,4,3,1,5,0,0,1,1,0,0,0,0,14.986165,51.151123
26,20,5,8,15,6,2,8,1,0,0,1,0,0,0,0,1,14.982173,51.121151
26,20,5,10,16,1,3,2,6,0,1,1,0,0,0,0,0,14.994273,51.150055
26,20,5,13,14,4,3,5,3,0,0,1,1,0,0,0,0,14.959128,51.13911
26,20,5,14,8,5,3,3,6,0,0,1,1,0,0,0,0,14.947093,51.148177
26,20,5,15,7,6,2,5,3,0,0,1,1,0,0,0,0,14.981091,51.138882
26,20,6,5,7,6,3,5,3,0,1,1,1,0,0,0,0,14.94851,51.145732
26,20,6,5,12,6,3,9,1,0,0,1,0,0,0,0,0,14.982645,51.13453
26,20,6,5,21,6,3,6,6,2,0,1,0,1,0,0,0,14.938756,51.130475
26,20,6,8,7,2,3,3,2,0,0,1,1,0,0,0,0,14.944502,51.147986
26,20,6,10,18,4,3,4,6,0,0,1,0,0,0,0,1,14.986162,51.130257
26,20,6,12,16,6,3,2,2,0,0,1,1,0,0,0,0,14.968868,51.168168
26,20,6,15,15,2,3,5,3,0,0,1,1,0,0,0,0,14.955279,51.163053
26,20,6,16,15,3,3,3,6,0,0,1,1,0,0,0,0,14.952805,51.149205
26,20,6,22,16,2,3,5,3,0,0,1,1,0,0,0,0,14.968869,51.169621
26,20,6,23,19,3,3,0,7,0,0,1,0,0,0,0,0,14.981501,51.119305
26,20,6,24,20,4,2,0,1,1,1,1,0,0,0,0,0,14.995336,51.145002
26,20,6,25,7,5,3,0,1,0,0,1,0,0,0,0,0,14.987042,51.152716
26,20,6,27,11,7,3,1,5,0,0,1,1,0,0,0,0,14.945359,51.149651
26,20,6,28,14,1,3,0,3,0,0,1,1,0,0,0,0,14.982285,51.121462
26,20,6,30,12,3,3,1,5,0,0,1,1,0,0,0,0,14.976573,51.145073
26,20,7,2,18,5,2,1,5,0,0,1,1,0,0,0,0,14.984018,51.16469
26,20,7,4,15,7,3,3,6,0,0,1,1,0,0,0,0,14.977549,51.164729
26,20,7,6,13,2,3,1,5,0,0,1,1,0,0,0,0,14.987807,51.149719
26,20,7,20,16,2,3,1,5,0,0,1,1,0,0,0,0,14.986399,51.151444
26,20,7,22,15,4,3,3,6,0,0,1,1,0,0,0,0,14.994882,51.149092
26,20,7,23,18,5,3,5,3,0,0,1,1,0,0,0,0,14.949958,51.148421
26,20,8,6,15,5,3,5,3,0,0,1,1,0,0,0,0,14.981339,51.15624
26,20,8,18,20,3,3,0,7,2,0,1,0,0,0,0,0,14.980948,51.138311
26,20,8,20,14,5,3,4,1,0,0,1,1,0,0,0,0,14.970317,51.148497
26,20,8,25,17,3,3,2,1,0,0,1,1,0,0,0,0,14.950276,51.148452
26,20,9,8,11,3,3,5,3,0,0,1,1,0,0,0,0,14.960573,51.163845
26,20,9,10,16,5,3,5,7,0,0,1,1,0,0,0,0,14.967957,51.144177
26,20,9,11,5,6,2,5,3,2,0,1,1,0,0,0,0,14.989392,51.153842
26,20,9,13,19,1,2,0,1,1,0,1,0,0,0,0,0,14.995718,51.144545
26,20,9,14,19,2,2,0,1,2,0,1,0,0,0,0,0,14.981046,51.118451
26,20,9,15,14,3,3,5,3,0,0,1,1,0,0,0,0,14.981165,51.145609
26,20,9,15,15,3,3,5,3,0,0,1,1,0,0,0,0,14.955277,51.163053
26,20,9,20,15,1,3,0,1,0,0,1,0,0,0,0,0,14.981378,51.145555
26,20,9,24,12,5,3,9,6,0,0,1,0,0,0,0,1,14.993021,51.159175
26,20,9,25,7,6,3,0,3,0,0,1,1,0,0,0,0,14.969772,51.142914
26,20,9,29,13,3,3,5,3,0,0,1,1,0,0,0,0,14.98891,51.158491
26,20,9,29,14,3,3,3,2,0,0,1,1,0,0,0,0,14.974086,51.161423
26,20,9,30,13,4,3,6,4,0,0,1,0,1,0,0,0,14.984764,51.149826
26,20,10,4,13,1,3,5,3,0,0,1,1,0,0,0,0,14.980217,51.117746
26,20,10,5,6,2,3,4,6,1,0,1,0,0,0,0,0,14.951391,51.151541
26,20,10,7,6,4,3,5,3,2,0,1,1,0,0,0,0,14.972181,51.164224
26,20,11,6,19,6,3,0,1,2,0,1,0,0,0,0,0,14.98467,51.158001
26,20,11,8,12,1,3,0,1,0,0,1,0,0,0,0,0,14.985557,51.130209
26,20,11,10,9,3,3,5,3,0,0,1,1,0,0,0,0,14.981641,51.170061
26,20,11,13,11,6,3,2,6,0,0,1,1,0,0,0,0,14.979906,51.1517
26,20,11,13,14,6,3,2,6,0,0,1,1,0,0,0,0,14.982305,51.135691
26,20,11,28,10,7,3,5,3,0,0,1,1,0,0,0,0,14.984237,51.149365
26,20,12,7,12,2,3,0,1,0,0,1,0,0,0,0,0,14.976358,51.144862
26,20,12,7,19,2,3,5,3,2,0,1,1,0,0,0,0,14.977337,51.150468
26,20,12,9,15,4,3,0,1,0,1,1,0,0,0,0,0,14.979061,51.15127