UKREIS,UJAHR,UMONAT,UTAG,USTUNDE,UWOCHENTAG,UKATEGORIE,UART,UTYP,LICHT,USTRZUSTAND,IstRad,IstPKW,IstFuss,IstKrad,IstGkfz,IstSonstige,@lon,@lat
26,20,12,10,13,5,3,5,3,0,0,1,1,0,0,0,0,14.948288,51.148274
26,20,12,17,19,5,3,1,5,2,0,1,1,0,0,0,0,14.974017,51.166155
26,20,12,17,20,5,2,0,1,2,1,1,0,0,0,0,0,14.978277,51.146102
26,21,1,20,8,4,3,0,1,0,2,1,0,0,0,0,0,14.990817,51.145066
26,21,3,1,9,2,3,9,1,0,0,1,0,0,0,0,0,14.981168,51.145543
26,21,3,3,14,4,3,8,1,0,0,1,0,0,0,0,0,14.958091,51.133152
26,21,3,22,11,2,3,3,2,0,0,1,1,0,0,0,0,14.957579,51.149755
26,21,3,25,14,5,2,5,3,0,0,1,1,0,0,0,0,14.981337,51.156239
26,21,3,30,18,3,3,8,1,0,0,1,0,0,0,0,0,14.997251,51.148062
26,21,3,30,23,3,3,0,1,2,0,1,0,0,0,0,0,14.983936,51.12606
26,21,4,23,10,6,3,0,1,0,0,1,0,0,0,0,0,14.958183,51.133111
26,21,5,3,16,2,3,5,3,0,0,1,1,0,0,0,0,14.975318,51.168307
26,21,5,10,15,2,3,0,1,0,0,1,0,0,0,0,0,14.95257,51.136989
26,21,5,13,11,5,3,3,2,0,1,1,1,0,0,0,0,14.953427,51.137204
26,21,5,13,20,5,3,0,1,2,1,1,0,0,0,0,0,14.992037,51.16101
26,21,5,13,21,5,3,0,1,1,1,1,0,0,0,0,0,14.944448,51.145192
26,21,5,20,12,5,3,5,3,0,0,1,0,0,0,0,1,14.953533,51.137236
26,21,5,27,17,5,3,0,1,0,0,1,0,0,0,0,0,14.979326,51.145741
26,21,5,30,13,1,3,0,1,0,0,1,0,0,0,0,0,14.952914,51.149104
26,21,6,2,7,4,3,5,3,0,0,1,1,0,0,0,0,14.953522,51.137233
26,21,6,3,18,5,2,0,7,0,0,1,0,0,0,0,0,14.956715,51.132986
26,21,6,8,5,3,3,5,3,0,0,1,1,0,0,0,0,14.969776,51.142914
26,21,6,8,10,3,3,0,1,0,0,1,0,0,0,0,0,14.979927,51.151593
26,21,6,8,14,3,3,3,2,0,0,1,1,0,0,0,0,14.974086,51.161423
26,21,6,14,15,2,3,4,2,0,0,1,1,0,0,0,0,14.984533,51.153914
26,21,6,14,17,2,2,2,2,0,0,1,1,0,0,0,0,14.95266,51.148954
26,21,6,15,19,3,3,3,6,0,0,1,1,0,0,0,0,14.971105,51.152908
26,21,6,15,20,3,2,0,1,0,0,1,0,0,0,0,0,14.981326,51.137487
26,21,6,16,17,4,3,5,3,0,0,1,1,0,0,0,0,14.967911,51.125951
26,21,6,17,23,5,3,0,1,2,0,1,0,0,0,0,0,14.974723,51.138309
26,21,6,18,23,6,2,3,2,2,0,1,1,0,0,0,0,14.972644,51.143365
26,21,6,20,8,1,3,0,1,0,0,1,0,0,0,0,0,14.978279,51.146101
26,21,6,21,18,2,3,4,2,0,0,1,1,0,0,0,0,14.98579,51.149077
26,21,6,25,11,6,3,2,2,0,0,1,0,0,0,0,0,14.944495,51.145261
26,21,7,3,14,7,3,0,1,0,0,1,0,0,0,0,0,14.982555,51.158553
26,21,7,4,19,1,3,4,2,0,0,1,1,0,0,0,0,14.981403,51.154101
26,21,7,5,14,2,3,4,6,0,0,1,0,0,0,0,0,14.994651,51.164126
26,21,7,6,7,3,2,0,1,0,1,1,0,0,0,0,0,14.965574,51.073963
26,21,7,8,14,5,3,2,7,0,0,1,0,0,0,0,0,14.983172,51.154653
26,21,7,10,13,7,3,0,1,0,0,1,0,0,0,0,0,14.952914,51.149104
26,21,7,13,3,3,3,0,1,2,0,1,0,0,0,0,0,14.997836,51.150079
26,21,7,13,15,3,3,5,3,0,0,1,1,0,0,0,0,14.982399,51.146593
26,21,7,20,14,3,3,2,2,0,0,1,1,0,0,0,0,14.983595,51.154348
26,21,7,23,19,6,3,2,6,0,0,1,0,0,0,0,0,14.977265,51.115335
26,21,7,28,11,4,2,0,3,0,0,1,0,0,0,0,0,14.981173,51.156807
26,21,8,6,11,6,3,0,7,0,0,1,0,0,0,0,0,14.977075,51.170755
26,21,8,7,1,7,3,0,1,2,0,1,0,0,0,0,0,14.967456,51.144357
26,21,8,8,18,1,3,0,7,0,0,1,0,0,0,0,0,14.984675,51.157993
26,21,8,12,10,5,2,5,3,0,0,1,1,0,0,0,0,14.979621,51.16955
26,21,8,13,11,6,3,0,1,0,0,1,0,0,0,0,0,14.967856,51.142512
26,21,8,14,17,7,3,0,1,0,0,1,0,0,0,0,0,14.975977,51.112315
26,21,8,19,9,5,3,0,1,0,0,1,0,0,0,0,0,14.984103,51.151134
26,21,8,21,16,7,3,0,1,0,0,1,0,0,0,0,0,14.9952,51.155134
26,21,8,26,22,5,3,0,6,2,1,1,1,0,0,0,0,14.982989,51.158517
26,21,8,28,12,7,3,4,2,0,0,1,1,0,0,0,0,14.972124,51.167575
26,21,8,30,13,2,2,0,1,0,0,1,0,0,0,0,0,14.993697,51.14787
26,21,9,6,11,2,3,0,1,0,0,1,0,0,0,0,0,14.97844,51.141581
26,21,9,6,18,2,3,5,3,0,0,1,1,0,0,0,0,14.986769,51.152036
26,21,9,8,17,4,3,0,1,0,0,1,0,0,0,0,0,14.98121,51.145619
26,21,9,9,7,5,3,5,3,0,0,1,1,0,0,0,0,14.98121,51.145619
26,21,9,9,13,5,2,0,1,0,0,1,0,0,0,0,0,14.981943,51.146604
26,21,9,15,15,4,3,5,3,0,0,1,1,0,0,0,0,14.968856,51.169618
26,21,9,16,6,5,3,0,1,0,1,1,0,0,0,0,0,14.983842,51.158463
26,21,9,27,23,2,3,0,1,2,1,1,0,0,0,0,0,14.984741,51.157894
26,21,9,30,7,5,3,5,3,0,0,1,1,0,0,0,0,14.97595,51.15522
26,21,10,1,15,6,3,2,6,0,0,1,1,0,0,0,0,14.983974,51.158449
26,21,10,5,7,3,3,3,2,0,0,1,0,0,0,0,1,14.974089,51.161445
26,21,10,7,16,5,3,3,2,0,0,1,1,0,0,0,0,14.941458,51.147731
26,21,10,12,8,3,2,0,1,0,0,1,0,0,0,0,0,14.983441,51.150695
26,21,10,30,15,7,3,0,7,0,0,1,0,0,0,0,0,14.979547,51.155828
26,21,11,3,14,4,3,6,4,0,0,1,0,1,0,0,0,14.962738,51.175538
26,21,11,8,14,2,3,5,3,0,1,1,1,0,0,0,0,14.97717,51.143887
26,21,11,9,13,3,3,0,7,0,0,1,0,0,0,0,0,14.981631,51.155594
26,21,11,23,14,3,2,5,3,0,1,1,1,0,0,0,0,14.987152,51.148764
26,21,11,30,7,3,3,6,6,1,1,1,0,1,0,0,0,14.983394,51.163089
26,21,12,1,12,4,3,5,3,0,0,1,1,0,0,0,0,14.981188,51.145614
26,21,12,30,12,5,3,0,1,0,1,1,0,0,0,0,0,14.99036,51.159733
26,22,1,4,15,3,2,5,3,2,1,1,1,0,0,0,0,14.970515,51.150801
26,22,1,11,10,3,3,5,3,0,0,1,1,0,0,0,0,14.975591,51.15234
26,22,1,17,13,2,3,0,1,0,1,1,0,0,0,0,0,14.98121,51.145619
26,22,1,27,9,5,2,5,3,0,1,1,1,0,0,0,0,14.981214,51.139077
26,22,2,3,11,5,3,4,2,0,0,1,1,0,0,0,0,14.989432,51.153927
26,22,2,23,17,4,3,0,1,0,0,1,0,0,0,0,0,14.961114,51.145839
26,22,3,3,7,5,3,5,3,0,0,1,1,0,0,0,0,14.985977,51.153322
26,22,3,12,16,7,2,0,7,0,0,1,0,0,0,0,0,14.974085,51.16142
26,22,3,23,14,4,2,0,1,0,0,1,0,0,0,0,0,14.983556,51.158481
26,22,3,31,16,5,3,0,1,0,0,1,0,0,0,0,0,14.964536,51.15139
26,22,4,13,17,4,2,3,6,0,0,1,1,0,0,0,0,14.993064,51.158998
26,22,5,1,12,1,3,0,1,0,0,1,0,0,0,0,0,14.983761,51.150907
26,22,5,1,12,1,3,1,5,0,0,1,1,0,0,0,0,14.99887,51.151955
26,22,5,4,10,4,3,0,1,0,0,1,0,0,0,0,0,14.981194,51.145615
26,22,5,11,7,4,3,0,1,0,0,1,0,0,0,0,0,14.978077,51.146077
26,22,5,11,18,4,3,5,3,0,0,1,1,0,0,0,0,14.97219,51.164216
26,22,5,12,16,5,3,5,3,0,0,1,1,0,0,0,0,14.981196,51.145616
26,22,5,12,18,5,3,0,1,0,0,1,0,0,0,0,0,14.997653,51.149354
26,22,5,19,13,5,3,6,4,0,0,1,0,1,0,0,0,14.984671,51.158
26,22,5,19,16,5,2,5,3,0,0,1,1,0,0,0,0,14.9775,51.11566
26,22,5,24,10,3,3,5,3,0,0,1,0,0,0,1,0,14.980723,51.138206
26,22,5,24,18,3,3,3,6,0,1,1,0,0,0,0,0,14.970944,51.150914
26,22,6,3,13,6,2,4,6,0,0,1,0,0,0,0,0,14.956027,51.119465
26,22,6,3,17,6,3,0,7,0,0,1,0,0,0,0,0,14.952311,51.150884
26,22,6,7,15,3,2,0,1,0,1,1,0,0,0,0,0,14.992835,51.152552
26,22,6,10,13,6,3,3,6,0,0,1,1,0,0,0,0,14.979307,51.143618
26,22,6,11,11,7,3,6,4,0,0,1,0,1,0,0,0,14.983719,51.150879
26,22,6,12,15,1,2,0,1,0,0,1,0,0,0,0,0,14.971439,51.146036
26,22,6,12,15,1,3,5,3,0,0,1,1,0,0,0,0,14.972024,51.167595
26,22,6,13,18,2,3,0,1,0,1,1,0,0,0,0,0,14.979922,51.151708
26,22,6,17,9,6,3,0,1,0,0,1,0,0,0,0,0,14.98141,51.154101
26,22,6,20,15,2,3,5,3,0,1,1,1,0,0,0,0,14.984368,51.149399
26,22,6,24,19,6,3,0,6,0,0,1,1,0,0,0,0,14.985219,51.154736
26,22,6,26,10,1,3,4,6,0,0,1,0,0,0,0,0,14.982212,51.146594
26,22,7,3,20,1,3,4,6,0,0,1,1,0,0,0,0,14.978644,51.14928
26,22,7,4,11,2,2,1,5,0,0,1,1,0,0,0,0,14.945179,51.146207
26,22,7,7,12,5,2,5,3,0,0,1,1,0,0,0,0,14.984241,51.149441
26,22,7,21,4,5,2,0,1,2,0,1,0,0,0,0,0,14.960029,51.150129
26,22,7,21,7,5,3,6,6,0,0,1,0,1,0,0,0,14.975672,51.121851
26,22,7,22,16,6,3,0,7,0,0,1,0,0,0,0,0,14.97139,51.154971
26,22,7,22,16,6,3,0,1,0,0,1,0,0,0,0,0,14.992478,51.159868
26,22,7,27,14,4,3,5,3,0,0,1,1,0,0,0,0,14.982253,51.146668
26,22,7,30,20,7,3,7,1,0,0,1,0,0,0,0,0,14.968458,51.155451
26,22,8,1,9,2,3,0,1,0,0,1,0,0,0,0,0,14.952721,51.149405
26,22,8,4,14,5,3,3,2,0,0,1,1,0,0,0,0,14.975513,51.155148
26,22,8,5,20,6,3,5,3,0,0,1,1,0,0,0,0,14.982856,51.144575
26,22,8,12,14,6,3,1,5,0,0,1,1,0,0,0,0,14.978751,51.121054
26,22,8,12,18,6,3,0,1,0,0,1,0,0,0,0,0,14.982593,51.122291
26,22,8,15,7,2,3,5,3,0,0,1,1,0,0,0,0,14.989488,51.158337
26,22,8,16,9,3,2,5,3,0,0,1,1,0,0,0,0,14.979353,51.169428
26,22,8,18,14,5,2,1,7,0,0,1,0,0,0,0,1,14.946206,51.16385
26,22,8,20,1,7,3,0,1,2,1,1,0,0,0,0,0,14.981369,51.145564
26,22,8,22,14,2,3,5,3,0,1,1,0,0,0,0,0,14.997127,51.149106
26,22,8,23,6,3,3,5,3,0,0,1,1,0,0,0,0,14.981263,51.158731
26,22,8,28,14,1,3,3,6,0,1,1,1,0,0,0,0,14.975033,51.111834
26,22,9,4,12,1,3,5,3,0,0,1,0,0,0,0,0,14.984101,51.126511
26,22,9,8,11,5,2,5,3,0,0,1,1,0,0,0,0,14.98424,51.149441
26,22,9,8,13,5,3,0,7,0,1,1,0,0,0,0,0,14.989487,51.158239
26,22,9,20,16,3,3,1,5,0,0,1,1,0,0,0,0,14.973757,51.159336
26,22,9,30,17,6,2,0,1,0,0,1,0,0,0,0,0,14.994967,51.148972
26,22,10,5,9,4,3,5,3,0,0,1,1,0,0,0,0,14.954985,51.059082
26,22,10,17,17,2,3,6,4,0,0,1,0,1,0,0,0,14.984822,51.15159
26,22,10,21,18,6,3,2,6,2,1,1,1,0,0,0,0,14.948228,51.140139
26,22,10,27,9,5,3,5,3,0,0,1,1,0,0,0,0,14.962831,51.182231
26,22,10,27,9,5,3,0,3,0,1,1,1,0,0,0,0,14.981195,51.145615
26,22,11,13,9,1,3,0,1,0,0,1,0,0,0,0,0,14.978619,51.145987
26,22,11,21,10,2,2,5,3,0,1,1,1,0,0,0,0,14.953525,51.137234
26,22,11,23,19,4,3,0,1,2,2,1,0,0,0,0,0,14.986458,51.15153
26,22,11,24,9,5,2,0,1,0,1,1,0,0,0,0,0,14.974086,51.161425
26,22,11,30,12,4,3,1,5,0,0,1,1,0,0,0,0,14.966973,51.144549
26,22,12,29,13,5,3,5,3,0,0,1,1,0,0,0,0,14.979621,51.16941
26,22,12,29,16,5,3,5,3,1,0,1,1,0,0,0,0,15.001267,51.204264
26,23,1,3,19,3,3,0,1,2,0,1,0,0,0,0,0,14.993175,51.157766
26,23,1,5,15,5,3,4,2,0,0,1,1,0,0,0,0,14.949885,51.148414
26,23,1,6,16,6,3,0,1,2,1,1,0,0,0,0,0,14.983745,51.150896
26,23,1,17,7,3,3,5,3,2,0,1,1,0,0,0,0,14.970465,51.150747
26,23,1,30,12,2,3,1,5,0,1,1,0,0,0,0,1,14.956931,51.147532
26,23,2,15,15,4,3,0,3,0,0,1,1,0,0,0,0,14.985035,51.156822
26,23,2,18,16,7,3,0,1,0,1,1,0,0,0,0,0,14.992671,51.15972
26,23,3,3,8,6,3,0,1,0,2,1,0,0,0,0,0,14.950186,51.140084
26,23,3,13,21,2,2,7,1,2,1,1,0,0,0,0,0,14.984162,51.151173
26,23,3,18,11,7,3,0,1,0,0,1,0,0,0,0,0,14.924326,51.140274
26,23,3,25,9,7,3,7,7,0,0,1,0,0,0,0,0,14.98067,51.121358
26,23,4,21,13,6,3,5,3,0,0,1,1,0,0,0,0,14.981639,51.146856
26,23,4,25,8,3,2,3,6,0,0,1,1,0,0,0,0,14.99495,51.148995
26,23,5,5,20,6,3,0,7,1,0,1,0,0,0,0,0,14.970519,51.168628
26,23,5,8,15,2,3,5,3,0,0,1,1,0,0,0,0,14.987142,51.148766
26,23,5,8,19,2,2,0,1,0,0,1,0,0,0,0,0,14.979714,51.148965
26,23,5,12,10,6,2,0,7,0,0,1,0,0,0,0,0,14.997925,51.170354
26,23,5,25,11,5,3,0,1,0,0,1,0,0,0,0,0,14.985228,51.154726
26,23,6,1,15,5,2,5,3,0,0,1,1,0,0,0,0,14.999951,51.175173
26,23,6,5,15,2,2,5,3,0,0,1,1,0,0,0,0,14.967799,51.142491
26,23,6,8,14,5,3,0,7,0,0,1,0,0,0,0,0,14.983086,51.134146
26,23,6,9,12,6,2,0,1,0,0,1,0,0,0,0,0,14.947246,51.163601
26,23,6,9,18,6,2,5,3,0,0,1,1,0,0,0,0,14.951851,51.148718
26,23,6,14,16,4,2,4,2,0,0,1,1,0,0,0,0,14.962881,51.145919
26,23,6,21,6,4,2,0,1,0,1,1,0,0,0,0,0,14.995251,51.144951
26,23,6,24,17,7,3,9,1,0,0,1,0,0,0,0,0,14.981272,51.1188
26,23,7,3,22,2,2,8,1,2,0,1,0,0,0,0,0,14.981258,51.126598
26,23,7,4,10,3,3,6,7,0,0,1,0,1,0,0,0,14.982946,51.123296
26,23,7,4,22,3,3,9,1,2,0,1,0,0,0,0,0,14.957668,51.163522
26,23,7,6,12,5,3,6,4,0,0,1,0,1,0,0,0,14.975842,51.155066
26,23,7,7,11,6,3,4,6,0,0,1,0,0,0,0,0,14.981369,51.145731
26,23,7,7,17,6,2,6,3,0,0,1,0,1,0,0,0,14.989146,51.149308
26,23,7,8,18,7,3,3,6,0,0,1,0,0,0,0,0,14.979508,51.117228
26,23,7,10,18,2,2,0,1,0,0,1,0,0,0,0,0,14.983587,51.150792
26,23,7,13,20,5,3,9,6,1,0,1,1,0,0,0,1,14.976695,51.104778
26,23,7,14,16,6,3,1,5,0,0,1,1,0,0,0,0,14.978821,51.120566
26,23,7,16,17,1,3,0,7,0,0,1,0,0,0,0,0,14.981884,51.136555
26,23,7,24,13,2,2,5,3,0,0,1,1,0,0,0,0,14.970975,51.150904
26,23,7,25,14,3,3,5,3,0,0,1,1,0,0,0,0,14.981678,51.15869
26,23,7,28,11,6,3,3,6,0,0,1,1,0,0,0,0,14.98793,51.149994
26,23,7,29,18,7,2,0,7,1,0,1,0,0,0,0,0,14.97604,51.113314
26,23,7,30,14,1,3,0,7,0,0,1,0,0,0,0,0,14.992288,51.159941
26,23,8,4,15,6,2,0,1,0,1,1,0,0,0,0,0,15.001332,51.204449
26,23,8,10,9,5,3,5,3,0,0,1,1,0,0,0,0,14.97531,51.168306
26,23,8,11,11,6,3,5,3,0,0,1,1,0,0,0,0,14.949944,51.14842
26,23,8,11,20,6,3,0,1,0,0,1,0,0,0,0,0,14.981248,51.118759
26,23,8,19,18,7,3,0,1,0,0,1,0,0,0,0,0,14.968023,51.139359
26,23,8,22,7,3,3,2,6,0,0,1,1,0,0,0,0,14.970812,51.151235
26,23,8,22,15,3,2,5,3,0,0,1,1,0,0,0,0,14.987999,51.158909
26,23,8,23,17,4,3,0,1,0,1,1,0,0,0,0,0,14.982823,51.12294
26,23,8,24,14,5,3,4,2,0,0,1,1,0,0,0,0,14.972587,51.143385
26,23,8,25,14,6,3,4,2,0,0,1,1,0,0,0,0,14.952475,51.136916
26,23,8,25,18,6,3,5,3,0,0,1,1,0,0,0,0,14.970522,51.150801
26,23,9,5,9,3,3,0,7,0,0,1,0,0,0,0,0,14.980496,51.161442
26,23,9,8,16,6,3,3,6,0,0,1,0,0,0,0,0,14.977357,51.115464
26,23,9,10,16,1,2,0,1,0,0,1,0,0,0,0,0,14.942111,51.141257
26,23,9,11,6,2,3,5,3,0,0,1,1,0,0,0,0,14.970668,51.151327
26,23,9,15,21,6,3,8,1,2,0,1,0,0,0,0,0,14.990344,51.159378
26,23,9,20,14,4,2,5,3,0,0,1,1,0,0,0,0,14.984964,51.130118
26,23,9,22,5,6,3,9,6,1,0,1,1,0,0,0,0,14.940106,51.143284
26,23,9,22,10,6,2,2,6,0,0,1,1,0,0,0,0,14.965013,51.151518
26,23,10,2,11,2,3,4,2,0,0,1,1,0,0,0,0,14.970813,51.143085
26,23,10,4,14,4,3,4,1,0,0,1,0,0,0,0,0,14.97366,51.168398
26,23,10,25,15,4,3,9,1,0,0,1,0,0,0,0,0,14.929771,51.140157
26,23,11,2,16,5,3,5,2,1,1,1,1,0,0,0,0,14.955163,51.137735
26,23,11,3,19,6,3,2,6,2,1,1,1,0,0,0,0,14.971137,51.152797
26,23,11,16,9,5,3,1,5,0,0,1,1,0,0,0,0,14.981258,51.158699
26,23,11,16,15,5,3,6,4,0,1,1,0,1,0,0,0,14.98654,51.148904
26,23,11,17,4,6,3,0,1,2,0,1,0,0,0,0,0,14.983445,51.158488
26,23,11,17,14,6,3,5,3,0,1,1,1,0,0,0,0,14.975404,51.160929
26,23,11,23,10,5,3,0,1,0,1,1,0,0,0,0,0,14.982722,51.158539
26,23,11,26,18,1,3,5,3,2,2,1,1,0,0,0,0,14.978281,51.1461
26,23,12,18,13,2,2,0,1,0,0,1,0,0,0,0,0,14.984539,51.139932
26,24,1,6,21,7,3,5,3,2,1,1,1,0,0,0,0,14.981987,51.146578
26,24,1,30,6,3,3,7,7,2,0,1,0,0,0,0,0,14.980753,51.162159
26,24,2,13,17,3,3,6,7,1,0,1,0,1,0,0,0,14.985975,51.152777
26,24,2,25,12,1,2,6,6,0,0,1,0,1,0,0,0,14.97054,51.085115
26,24,2,25,14,1,3,4,6,0,0,1,0,0,0,0,0,14.960236,51.075687
26,24,3,12,7,3,3,4,2,0,0,1,1,0,0,0,0,14.948405,51.145679
26,24,3,14,13,5,3,0,1,0,0,1,0,0,0,0,0,14.974051,51.107857
26,24,3,15,11,6,3,0,3,0,0,1,1,0,0,0,0,14.997488,51.153105
26,24,3,23,9,7,3,0,1,0,1,1,0,0,0,0,0,14.978309,51.14609
26,24,3,31,20,1,2,0,1,2,0,1,0,0,0,0,0,14.989651,51.18212
26,24,4,12,15,6,3,5,3,0,0,1,1,0,0,0,0,14.957248,51.138354
26,24,4,13,10,7,3,0,1,0,0,1,0,0,0,0,0,14.978958,51.127025
26,24,4,18,15,5,3,0,3,0,0,1,0,0,0,0,0,14.974549,51.164168
26,24,4,19,0,6,3,0,1,2,1,1,0,0,0,0,0,14.986851,51.152105
26,24,4,24,17,4,3,5,3,0,0,1,1,0,0,0,0,14.960576,51.163845
26,24,4,27,10,7,3,9,1,0,0,1,0,0,0,0,0,14.977487,51.095435
26,24,4,30,14,3,2,0,1,0,0,1,0,0,0,0,0,14.95435,51.073433
26,24,4,30,23,3,3,8,1,2,0,1,0,0,0,0,0,14.957925,51.133189
26,24,5,13,14,2,2,4,3,0,0,1,1,0,0,0,0,14.995878,51.146905
26,24,5,13,18,2,1,8,7,0,0,1,0,0,0,0,0,14.940807,51.144592
26,24,5,15,10,4,3,4,2,0,0,1,1,0,0,0,0,14.968836,51.168156
26,24,5,29,22,4,3,0,1,2,0,1,0,0,0,0,0,14.984879,51.15717
26,24,6,4,7,3,3,5,3,0,0,1,1,0,0,0,0,14.989393,51.158312
26,24,6,5,5,4,3,0,7,0,0,1,0,0,0,0,0,14.970056,51.169118
26,24,6,6,23,5,1,8,1,2,0,1,0,0,0,0,0,14.994652,51.144617
26,24,6,8,0,7,3,0,1,2,0,1,0,0,0,0,0,14.96498,51.141396
26,24,6,17,19,2,3,0,1,1,1,1,0,0,0,0,0,14.985086,51.151753
26,24,6,24,9,2,3,8,7,0,0,1,0,0,0,0,0,14.981881,51.136559
26,24,6,30,14,1,3,6,4,0,0,1,0,1,0,0,0,14.941137,51.132393
26,24,7,3,14,4,3,5,3,0,0,1,1,0,0,0,0,14.961214,51.146227
26,24,7,12,14,6,2,4,2,0,0,1,0,0,0,0,1,14.929765,51.149976
26,24,7,27,6,7,3,5,3,0,0,1,0,0,0,0,0,14.982073,51.126439
26,24,7,30,17,3,3,5,3,0,0,1,0,0,0,1,0,14.970474,51.150777
26,24,7,30,18,3,2,0,1,0,0,1,0,0,0,0,0,15.000281,51.17718
26,24,7,30,19,3,3,8,1,0,0,1,0,0,0,0,0,14.973635,51.119122
26,24,8,6,8,3,3,3,2,0,0,1,1,0,0,0,0,14.984876,51.1567
26,24,8,9,7,6,3,0,1,0,0,1,0,0,0,0,0,14.995293,51.144977
26,24,8,12,11,2,3,0,1,0,0,1,0,0,0,0,0,14.987012,51.15211
26,24,8,14,11,4,3,0,1,0,0,1,0,0,0,0,0,14.978308,51.146091
26,24,8,16,19,6,3,5,3,0,0,1,0,0,0,0,0,14.995026,51.164283
26,24,8,21,15,4,3,5,3,0,0,1,1,0,0,0,0,14.955289,51.16297
26,24,8,23,14,6,3,6,7,0,0,1,0,1,0,0,0,14.974705,51.163057
26,24,8,29,13,5,3,3,2,0,0,1,1,0,0,0,0,14.971441,51.146033
26,24,8,31,12,7,3,5,3,0,0,1,1,0,0,0,0,14.970676,51.151348
26,24,8,31,17,7,3,1,7,0,0,1,1,0,0,0,0,14.975075,51.14927
26,24,9,1,11,1,2,1,1,0,0,1,1,0,0,0,0,14.952345,51.144547
26,24,9,2,15,2,3,5,3,0,0,1,1,0,0,0,0,14.96893,51.152404
26,24,9,2,16,2,3,0,3,0,0,1,1,0,0,0,0,14.992808,51.144728
26,24,9,4,14,4,3,5,3,0,0,1,1,0,0,0,0,14.953525,51.137234
26,24,9,16,15,2,3,5,3,0,0,1,0,0,0,0,1,14.980534,51.122959
26,24,9,17,16,3,3,6,4,0,0,1,0,1,0,0,0,14.975504,51.106515
26,24,9,21,11,7,3,0,1,0,0,1,0,0,0,0,0,14.956995,51.108333
26,24,9,24,12,3,2,5,3,0,0,1,1,0,0,0,0,14.977763,51.169018
26,24,9,25,5,4,3,6,7,2,0,1,0,1,0,0,0,14.974907,51.144863
26,24,10,27,17,1,2,6,7,2,0,1,0,1,0,0,0,14.954195,51.119306
26,24,10,28,10,2,3,1,5,0,0,1,1,0,0,0,0,14.97734,51.145577
26,24,10,31,4,5,3,0,1,2,1,1,0,0,0,0,0,14.953184,51.148641
26,24,11,2,11,7,3,0,1,0,1,1,0,0,0,0,0,14.979599,51.145405
26,24,11,5,6,3,3,5,3,1,1,1,1,0,0,0,0,14.97536,51.168384
26,24,12,1,17,1,2,0,1,2,0,1,0,0,0,0,0,14.978739,51.166403
26,24,12,2,14,2,3,5,3,0,1,1,1,0,0,0,0,14.968857,51.169594
26,24,12,5,16,5,3,5,7,1,0,1,1,0,0,0,0,14.971423,51.143179
26,24,12,16,6,2,3,5,3,1,1,1,1,0,0,0,0,14.985025,51.15683
26,24,12,20,17,6,3,0,1,2,0,1,0,0,0,0,0,14.978308,51.148019
26,24,12,27,13,6,2,0,1,0,2,1,0,0,0,0,0,14.981136,51.14555
26,25,1,6,18,2,2,0,1,2,0,1,0,0,0,0,1,14.956731,51.147615
26,25,1,12,11,1,3,0,1,0,1,1,0,0,0,0,0,14.982825,51.146438
26,25,1,15,15,4,3,5,3,0,1,1,1,0,0,0,0,14.984243,51.14937
26,25,1,18,16,7,3,8,7,1,0,1,0,0,0,0,0,14.995874,51.146831
26,25,1,31,19,6,3,5,3,2,0,1,1,0,0,0,0,14.974057,51.164883
26,25,2,3,14,2,3,0,1,0,0,1,0,0,0,0,0,14.985079,51.150099
26,25,2,25,9,3,3,4,2,0,0,1,1,0,0,0,0,14.981369,51.145564
26,25,2,25,14,3,3,6,4,0,0,1,0,1,0,0,0,14.968678,51.143945
26,25,3,6,15,5,3,5,3,0,0,1,1,0,0,0,0,14.980173,51.155979
26,25,3,10,13,2,2,0,1,0,0,1,0,0,0,0,0,14.964751,51.145321
26,25,3,14,17,6,3,4,2,0,0,1,1,0,0,0,0,14.955979,51.147896
26,25,3,18,21,3,3,9,1,2,0,1,0,0,0,0,0,14.940275,51.15353
26,25,3,22,11,7,3,0,1,0,0,1,0,0,0,0,0,14.983891,51.125932
26,25,3,25,17,3,2,0,1,0,1,1,0,0,0,0,0,14.986982,51.152274
26,25,3,29,9,7,3,4,1,0,0,1,1,0,0,0,0,14.987772,51.141132
26,25,4,4,15,6,2,2,2,0,0,1,1,0,0,0,0,14.979298,51.145856
26,25,4,10,10,5,3,0,1,0,0,1,0,0,0,0,0,14.987036,51.170748
26,25,4,17,13,5,3,1,5,0,0,1,1,0,0,0,0,14.982982,51.118451
26,25,4,20,14,1,3,0,1,0,0,1,0,0,0,0,0,14.955478,51.06878
26,25,5,7,17,4,3,1,1,0,0,1,1,0,0,0,0,14.969622,51.145243
26,25,5,8,18,5,3,1,5,0,0,1,1,0,0,0,0,14.994944,51.149003
26,25,5,10,19,7,2,8,1,0,0,1,0,0,0,0,0,14.984906,51.157612
26,25,5,12,20,2,3,4,6,1,0,1,0,0,0,0,0,14.9741,51.145458
26,25,5,15,8,5,3,8,1,0,0,1,0,0,0,0,0,14.976515,51.155308
26,25,5,19,19,2,3,2,7,1,1,1,1,0,0,0,0,14.980306,51.167454
26,25,5,21,19,4,3,5,3,0,0,1,1,0,0,0,0,14.982643,51.15016
26,25,5,22,14,5,3,4,2,0,0,1,1,0,0,0,0,14.955585,51.145615
26,25,5,22,18,5,3,0,1,0,0,1,0,0,0,0,0,14.952725,51.149394