UKREIS,UJAHR,UMONAT,UTAG,USTUNDE,UWOCHENTAG,UKATEGORIE,UART,UTYP,LICHT,USTRZUSTAND,IstRad,IstPKW,IstFuss,IstKrad,IstGkfz,IstSonstige,@lon,@lat
26,25,6,3,12,3,3,0,7,0,0,1,0,0,0,0,0,14.958881,51.170124
26,25,6,6,16,6,3,0,1,0,0,1,0,0,0,0,0,14.961088,51.150375
26,25,6,12,15,5,2,0,7,0,0,1,0,0,0,0,0,14.978472,51.16075
26,25,6,14,13,7,3,5,3,0,0,1,1,0,0,0,0,14.9788,51.151143
26,25,6,20,17,6,2,0,3,0,0,1,0,0,0,0,0,14.978822,51.169274
26,25,6,20,22,6,2,8,1,2,0,1,0,0,0,0,0,14.941631,51.118142
26,25,6,20,22,6,2,0,1,2,0,1,0,0,0,0,0,14.978095,51.153628
26,25,7,3,9,5,2,0,1,0,0,1,0,0,0,0,0,14.955998,51.149468
26,25,7,3,22,5,3,6,4,2,0,1,0,1,0,0,0,14.973469,51.156227
26,25,7,5,10,7,3,8,1,0,0,1,0,0,0,0,0,14.977079,51.103944
26,25,7,7,15,2,3,0,1,0,0,1,0,0,0,0,0,14.987003,51.152338
26,25,7,7,21,2,2,8,1,2,0,1,0,0,0,0,0,14.975914,51.14491
26,25,8,2,12,7,3,0,7,0,0,1,0,0,0,0,0,14.966903,51.142142
26,25,8,4,12,2,3,0,7,0,1,1,0,0,0,0,0,14.9811,51.145597
26,25,8,4,21,2,3,0,1,2,0,1,1,0,0,0,0,14.988979,51.149334
26,25,8,9,21,7,3,1,5,2,0,1,1,0,0,0,0,14.976601,51.104981
26,25,8,11,6,2,3,0,1,0,0,1,0,0,0,0,0,14.977686,51.148136
26,25,8,18,19,2,3,0,1,0,0,1,0,0,0,0,0,14.992585,51.137603
26,25,8,19,13,3,3,6,7,0,0,1,1,1,0,0,0,14.994093,51.144296
26,25,8,21,14,5,3,4,7,0,0,1,1,0,0,0,0,14.973298,51.124233
26,25,8,23,5,7,3,5,3,1,0,1,1,0,0,0,0,14.981189,51.145614
26,25,8,29,9,6,3,0,3,0,1,1,1,0,0,0,0,14.985035,51.156822
26,25,9,4,10,5,3,0,1,0,0,1,0,0,0,0,0,14.983969,51.132429
26,25,9,5,14,6,3,5,3,0,1,1,1,0,0,0,0,14.989415,51.145056
26,25,9,5,17,6,3,4,2,0,0,1,1,0,0,0,0,14.967065,51.152079
26,25,9,13,15,7,3,0,3,0,0,1,1,0,0,0,0,14.9846,51.157925
26,25,9,16,11,3,3,4,6,0,0,1,0,0,0,1,0,14.967983,51.144255
26,25,9,16,23,3,3,8,7,2,1,1,0,0,0,0,0,14.977179,51.10052
26,25,9,21,15,1,3,0,1,0,0,1,0,0,0,0,0,14.974611,51.107972
26,25,9,26,19,6,3,0,1,2,0,1,0,0,0,0,0,14.972586,51.143387
26,25,9,29,14,2,3,5,3,0,0,1,1,0,0,0,0,14.981157,51.139076
26,25,9,29,17,2,3,0,1,0,0,1,0,0,0,0,0,14.97538,51.14953
26,25,10,3,19,6,3,0,1,2,0,1,0,0,0,0,0,14.96578,51.151561
26,25,10,13,19,2,3,0,7,2,0,1,0,0,0,0,0,14.987009,51.152121
26,25,10,20,14,2,3,5,3,0,0,1,1,0,0,0,0,14.960573,51.163845
26,25,10,20,16,2,3,1,5,0,0,1,1,0,0,0,0,14.991683,51.149712
26,25,10,23,8,5,3,5,3,0,0,1,1,0,0,0,0,14.979416,51.169547
26,25,10,25,1,7,2,8,1,2,0,1,0,0,0,0,0,14.992033,51.161023
26,25,10,29,7,4,3,6,4,0,0,1,0,1,0,0,0,14.983282,51.158498
26,25,11,7,16,6,3,2,2,2,1,1,1,0,0,0,0,14.95844,51.132093
26,25,11,11,13,3,3,4,6,0,1,1,1,0,0,0,0,14.981378,51.145712
26,25,11,12,18,4,3,0,1,2,0,1,0,0,0,0,0,14.975167,51.086014
26,25,11,21,12,6,3,1,6,0,0,1,1,0,0,0,0,14.975862,51.146946
26,16,5,5,16,5,3,3,6,0,0,1,0,0,0,0,0,14.605744,51.546491
26,19,6,1,1,7,3,8,1,2,0,1,1,0,0,0,0,14.573764,51.54655
26,20,5,21,18,5,2,0,1,0,0,1,0,0,0,0,0,14.583165,51.54129
26,22,8,30,16,3,3,4,1,0,0,1,0,0,0,0,1,14.567287,51.567506
26,22,10,20,18,5,2,0,1,2,0,1,0,0,0,0,0,14.576111,51.545758
26,23,7,15,23,7,3,0,7,2,0,1,0,0,0,0,0,14.584549,51.5402
26,25,4,11,22,6,2,0,1,2,0,1,0,0,0,0,0,14.588301,51.537277
26,25,7,15,16,3,2,5,3,0,1,1,1,0,0,0,0,14.570471,51.546936
26,16,6,3,11,6,3,3,6,0,0,1,1,0,0,0,0,14.663876,50.896109
26,17,4,25,16,3,3,5,3,0,0,1,1,0,0,0,0,14.654868,50.902877
26,17,6,1,23,5,2,8,1,2,0,1,0,0,0,0,0,14.655594,50.898158
26,17,10,20,13,6,3,5,3,0,0,1,1,0,0,0,0,14.65734,50.899283
26,17,10,23,15,2,2,3,2,0,0,1,1,0,0,0,0,14.672531,50.894565
26,18,7,1,14,1,3,4,2,0,0,1,1,0,0,0,0,14.663587,50.868502
26,18,9,3,14,2,3,2,6,0,0,1,0,0,0,0,1,14.659603,50.88959
26,19,8,1,14,5,3,4,6,0,0,1,1,0,0,0,0,14.679231,50.895355
26,20,5,7,18,5,2,5,3,0,0,1,1,0,0,0,0,14.654355,50.902639
26,20,5,8,6,6,2,5,3,0,0,1,1,0,0,0,0,14.654346,50.902644
26,20,6,8,13,2,2,5,3,0,0,1,1,0,0,0,0,14.656473,50.899438
26,20,7,30,15,5,3,2,6,0,0,1,1,0,0,0,0,14.661224,50.896631
26,20,8,24,9,2,2,1,5,0,0,1,1,0,0,0,0,14.657453,50.897168
26,20,12,29,10,3,3,5,3,0,1,1,1,0,0,0,0,14.67085,50.89657
26,21,5,20,7,5,3,0,1,0,0,1,0,0,0,0,0,14.660401,50.896673
26,21,7,4,8,1,2,4,6,0,0,1,1,0,0,0,0,14.658228,50.899189
26,21,7,9,10,6,3,2,6,0,0,1,0,0,0,0,1,14.658144,50.899145
26,21,11,1,8,2,3,5,3,0,0,1,1,0,0,0,0,14.665168,50.893126
26,22,2,22,15,3,3,2,6,0,0,1,1,0,0,0,0,14.674217,50.879515
26,22,5,22,10,1,3,0,7,0,0,1,0,0,0,0,0,14.659986,50.891495
26,22,9,27,14,3,2,5,3,0,1,1,1,0,0,0,0,14.661442,50.896537
26,23,5,8,17,2,2,5,3,0,0,1,1,0,0,0,0,14.66573,50.888564
26,23,5,9,18,3,3,0,7,0,0,1,0,0,0,0,0,14.661045,50.883996
26,23,6,26,9,2,3,5,3,0,0,1,1,0,0,0,0,14.649251,50.868037
26,23,9,27,13,4,3,0,1,0,0,1,0,0,0,0,0,14.660628,50.895048
26,23,10,13,10,6,3,0,7,0,0,1,0,0,0,0,0,14.667988,50.885582
26,24,7,3,16,4,3,0,7,0,0,1,0,0,0,0,0,14.665346,50.882503
26,24,12,7,11,7,3,4,2,0,0,1,1,0,0,0,0,14.667442,50.891405
26,25,1,17,7,6,3,0,1,0,2,1,0,0,0,0,0,14.665682,50.887512
26,25,4,20,16,1,3,0,7,0,0,1,0,0,0,0,0,14.686422,50.88586
26,25,5,10,14,7,1,4,6,0,0,1,1,0,0,0,0,14.658755,50.880304
26,25,6,9,10,2,3,5,3,0,0,1,1,0,0,0,0,14.649654,50.865693
26,25,7,19,13,7,3,4,2,0,0,1,1,0,0,0,0,14.654657,50.902916
26,16,8,5,0,6,3,7,1,2,0,1,0,0,0,0,0,14.659239,51.065903
26,21,10,27,6,4,2,5,3,2,1,1,1,0,0,0,0,14.648003,51.075109
26,24,4,27,13,7,3,0,1,0,0,1,0,0,0,0,0,14.654926,51.060823
26,25,1,28,0,3,3,5,3,2,1,1,1,0,0,0,0,14.640994,51.055001
26,25,7,6,20,1,2,9,1,0,0,1,0,0,0,0,0,14.625772,51.06237
26,20,6,19,11,6,2,0,1,0,1,1,0,0,0,0,0,14.849489,51.321264
26,20,9,27,15,1,2,0,1,0,0,1,0,0,0,0,0,14.867766,51.367365
26,21,12,22,10,4,3,5,3,0,0,1,1,0,0,0,0,14.825406,51.314418
26,23,12,12,8,3,2,0,7,0,1,1,0,0,0,0,0,14.877817,51.353478
26,25,7,9,23,4,2,8,1,2,0,1,0,0,0,0,0,14.854055,51.378737
26,25,11,19,13,4,2,4,2,0,0,1,1,0,0,0,0,14.825401,51.314412
26,16,12,4,3,1,3,0,1,2,0,1,0,0,0,0,0,14.691924,50.898471
26,20,5,22,10,6,3,5,3,0,0,1,1,0,0,0,0,14.702012,50.907355
26,22,5,2,19,2,2,5,3,0,0,1,1,0,0,0,0,14.708273,50.913347
26,22,9,29,7,5,3,2,6,0,0,1,1,0,0,0,0,14.699183,50.907951
26,23,4,28,15,6,3,4,1,0,1,1,1,0,0,0,0,14.703449,50.905016
26,23,6,19,15,2,2,5,3,0,0,1,1,0,0,0,0,14.702053,50.907435
26,24,10,17,15,5,2,3,6,0,0,1,1,0,0,0,0,14.690133,50.897567
26,25,8,16,16,7,3,0,1,0,0,1,0,0,0,0,0,14.693069,50.8974
26,17,3,9,16,5,3,8,1,0,0,1,0,0,0,0,0,14.801768,51.035243
26,17,8,21,16,2,2,3,2,0,0,1,1,0,0,0,0,14.725649,51.02713
26,17,8,23,15,4,2,5,3,0,0,1,0,0,1,0,0,14.724622,50.999354
26,18,4,2,17,2,3,5,3,0,0,1,0,0,1,0,0,14.739198,51.0195
26,18,8,7,20,3,3,3,6,0,0,1,1,0,0,0,0,14.766706,51.018758
26,18,9,2,19,1,3,0,7,1,0,1,0,1,0,0,0,14.77566,51.025143
26,18,10,4,5,5,3,4,2,2,0,1,1,0,0,0,0,14.798184,50.991306
26,19,1,7,14,2,1,8,1,0,0,1,0,0,0,0,0,14.801735,51.028908
26,19,5,2,17,5,2,8,1,0,0,1,0,0,0,0,0,14.746313,51.003544
26,19,8,4,12,1,3,5,3,0,0,1,1,0,0,0,0,14.7625,51.018488
26,20,2,25,16,3,2,4,2,0,1,1,1,0,0,0,0,14.755192,51.028666
26,20,5,25,0,2,2,0,7,2,0,1,0,0,0,0,0,14.68823,51.004436
26,20,6,11,17,5,2,3,6,0,0,1,0,0,0,1,0,14.795492,51.008601
26,20,7,1,5,4,2,4,2,0,0,1,1,0,0,0,0,14.738782,51.016184
26,20,8,5,15,4,3,9,1,0,0,1,0,0,0,0,0,14.759291,51.027585
26,21,6,6,18,1,3,4,6,0,0,1,0,0,0,0,0,14.72202,50.997071
26,21,8,17,6,3,3,5,3,0,0,1,1,0,0,0,0,14.742781,51.016608
26,22,6,13,20,2,2,5,3,0,0,1,1,0,0,0,0,14.790619,50.98989
26,22,8,11,16,5,3,4,2,0,0,1,1,0,0,0,0,14.736574,51.020974
26,24,6,4,14,3,3,5,3,0,0,1,1,0,0,0,0,14.714964,51.034169
26,25,5,1,16,5,2,2,6,0,0,1,1,0,0,0,0,14.775895,50.996411
26,19,5,4,18,7,2,0,1,0,1,1,0,0,0,0,0,14.668831,51.2228
26,20,10,8,17,5,2,5,3,0,0,1,1,0,0,0,0,14.647849,51.258132
26,22,1,1,5,7,3,9,1,2,1,1,0,0,0,0,0,14.706029,51.253176
26,22,6,30,17,5,3,3,7,0,0,1,1,0,0,0,0,14.628045,51.274858
26,24,8,11,18,1,3,0,1,0,0,1,0,0,0,0,0,14.64436,51.257523
26,25,9,13,22,7,3,0,7,2,0,1,0,0,0,0,0,14.653915,51.282388
26,16,5,1,1,1,3,9,7,2,0,1,0,0,0,0,0,14.869804,51.288308
26,16,6,7,17,3,3,1,5,0,0,1,1,0,0,0,0,14.891112,51.275261
26,16,12,2,17,6,1,5,3,2,0,1,1,0,0,0,0,14.895095,51.296854
26,17,8,10,0,5,3,7,7,2,0,1,0,0,0,0,0,14.87918,51.288752
26,18,9,1,4,7,2,8,1,2,0,1,0,0,0,0,0,14.887465,51.292506
26,21,4,3,20,7,2,3,6,2,0,1,1,0,0,0,0,14.926269,51.307039
26,21,8,27,12,6,2,5,3,0,1,1,1,0,0,0,0,14.892174,51.292905
26,21,9,7,15,3,3,3,2,0,0,1,1,0,0,0,0,14.896676,51.299847
26,21,9,21,19,3,3,7,7,1,0,1,0,0,0,0,0,14.887251,51.273426
26,22,5,12,7,5,3,3,6,0,0,1,0,0,0,1,0,14.927512,51.308009
26,22,6,24,7,6,3,2,2,0,0,1,0,0,0,0,0,14.891796,51.295649
26,22,7,20,11,4,3,5,3,0,0,1,1,0,0,0,0,14.889472,51.292728
26,24,5,12,8,1,3,0,1,0,0,1,0,0,0,0,0,14.915885,51.27774
26,24,7,31,4,4,3,2,6,1,0,1,0,0,0,0,0,14.900219,51.264023
26,25,9,20,12,7,3,0,1,0,0,1,0,0,0,0,0,14.893467,51.297222
26,25,12,19,11,6,3,0,1,0,0,1,0,0,0,0,0,14.885462,51.272314
26,17,7,20,20,5,2,5,3,1,0,1,0,0,0,0,0,14.703394,50.854482
26,19,3,3,17,1,2,0,1,1,0,1,0,0,0,0,0,14.705667,50.853772
26,22,7,11,21,2,3,8,1,2,0,1,1,0,0,0,0,14.695827,50.856628
26,23,7,6,16,5,2,3,6,0,0,1,1,0,0,0,0,14.722928,50.862341
26,16,8,2,15,3,3,5,3,0,1,1,1,0,0,0,0,14.889812,51.236662
26,16,8,3,7,4,2,5,3,0,0,1,0,0,0,0,0,14.892931,51.228919
26,16,10,3,14,2,3,8,1,0,0,1,0,0,0,0,0,14.896328,51.229019
26,17,5,21,12,1,2,2,6,0,0,1,0,0,0,0,0,14.851085,51.22424
26,17,8,13,11,1,2,3,6,0,0,1,1,0,0,0,0,14.85803,51.264479
26,17,10,11,15,4,3,5,3,0,0,1,1,0,0,0,0,14.888864,51.244207
26,20,6,12,16,6,1,8,1,0,0,1,0,0,0,0,0,14.899535,51.209009
26,22,1,7,15,6,3,0,7,0,0,1,0,0,0,0,0,14.889312,51.247149
26,22,3,28,7,2,2,5,3,0,0,1,1,0,0,0,0,14.887736,51.255042
26,22,4,18,3,2,3,0,1,2,0,1,0,0,0,0,0,14.858253,51.225504
26,22,6,16,7,5,3,0,1,0,0,1,0,0,0,0,0,14.900373,51.207502
26,24,7,11,17,5,3,5,3,0,0,1,1,0,0,0,0,14.888864,51.244209
26,24,8,22,7,5,3,0,1,0,0,1,0,0,0,0,0,14.897537,51.245959
26,25,1,21,14,3,3,3,2,0,0,1,1,0,0,0,0,14.914873,51.22609
26,25,6,9,20,2,2,2,6,1,0,1,0,0,0,0,0,14.8937,51.2235
26,25,6,18,14,4,3,5,3,0,0,1,1,0,0,0,0,14.888864,51.244213
26,16,4,1,18,6,2,5,3,0,0,1,0,0,1,0,0,14.89247,51.180711
26,16,7,5,12,3,3,0,1,0,0,1,0,0,0,0,0,14.853419,51.195257
26,18,8,5,12,1,3,8,6,0,0,1,0,0,1,0,0,14.851954,51.197654
26,23,10,11,16,4,3,0,1,0,0,1,0,0,0,0,0,14.853775,51.183585
26,24,6,3,13,2,1,8,7,0,0,1,0,0,0,0,0,14.868748,51.180796
26,25,8,3,11,1,3,5,3,0,0,1,1,0,0,0,0,14.895624,51.186506
26,16,8,7,17,1,3,0,6,0,0,1,1,0,0,0,0,14.65959,51.05042
26,17,5,21,13,1,2,8,1,0,0,1,0,0,0,0,0,14.664001,50.991242
26,17,6,20,7,3,3,5,3,0,0,1,1,0,0,0,0,14.658393,50.981144
26,17,7,30,0,1,2,6,6,2,0,1,0,1,0,0,0,14.631775,50.975104
26,19,3,6,16,4,3,3,2,0,0,1,1,0,0,0,0,14.67152,51.034766
26,19,7,1,15,2,3,2,2,0,0,1,1,0,0,0,0,14.644559,50.983602
26,19,8,3,10,7,2,5,3,0,0,1,0,0,0,0,0,14.636233,51.000172
26,19,9,1,12,1,3,0,1,0,0,1,0,0,0,0,0,14.625955,51.02815
26,20,4,16,18,5,3,5,3,0,0,1,0,0,0,0,0,14.63255,50.996452
26,20,9,1,17,3,2,5,3,0,0,1,1,0,0,0,0,14.642298,50.99437
26,20,10,20,18,3,3,4,6,0,0,1,1,0,0,0,0,14.670215,50.98224
26,22,6,24,7,6,3,5,3,0,0,1,1,0,0,0,0,14.673892,51.032074
26,22,9,12,19,2,3,0,1,0,0,1,0,0,0,0,0,14.694329,51.057823
26,23,3,23,15,5,3,0,3,0,1,1,1,0,0,0,0,14.663047,50.988667
26,23,9,25,14,2,3,2,7,0,0,1,1,0,0,0,0,14.637806,51.048472
26,24,5,23,19,5,3,5,3,0,0,1,1,0,0,0,0,14.650056,50.983664
26,24,6,8,19,7,3,1,5,0,0,1,1,0,0,0,0,14.653464,50.978534
26,24,6,11,13,3,3,5,3,0,0,1,1,0,0,0,0,14.657036,50.984231
26,24,7,9,10,3,3,4,7,0,0,1,0,0,0,0,1,14.665726,50.979901
26,25,6,7,10,7,2,5,3,0,1,1,0,0,0,0,1,14.660215,50.982491
26,16,5,6,14,6,3,0,7,0,0,1,0,0,0,0,0,14.72661,51.529914
26,16,8,4,13,5,2,9,6,0,0,1,0,0,0,0,0,14.712482,51.520739
26,16,9,2,15,6,3,4,2,0,0,1,1,0,0,0,0,14.718047,51.515989
26,17,4,1,4,7,3,0,6,2,0,1,1,0,0,0,0,14.727213,51.52654
26,17,5,1,13,2,3,2,6,0,0,1,0,0,0,0,0,14.680213,51.524775
26,18,6,7,18,5,3,8,1,0,0,1,0,0,0,0,0,14.712936,51.504108
26,18,7,3,12,3,3,3,6,0,0,1,1,0,0,0,0,14.715251,51.507354
26,18,8,4,13,7,3,5,3,0,0,1,1,0,0,0,0,14.718249,51.513264
26,19,9,5,18,5,2,0,1,0,0,1,0,0,0,0,0,14.758471,51.515509
26,19,11,2,16,7,3,5,3,2,1,1,1,0,0,0,0,14.705288,51.528364
26,20,1,20,9,2,3,5,3,0,0,1,1,0,0,0,0,14.71804,51.515928
26,20,5,29,10,6,3,0,7,0,0,1,0,0,0,0,0,14.684816,51.525533
26,22,8,20,17,7,3,5,3,0,1,1,1,0,0,0,0,14.718042,51.515911
26,22,9,13,13,3,3,8,1,0,0,1,0,0,0,0,0,14.711635,51.520783
26,22,11,10,15,5,3,0,6,0,0,1,1,0,0,0,0,14.778588,51.510479
26,23,6,4,4,1,3,0,1,1,0,1,0,0,0,0,0,14.689281,51.526911
26,23,8,17,10,5,2,9,1,0,0,1,0,0,0,0,0,14.893392,51.483089
26,23,9,3,10,1,3,5,3,0,0,1,1,0,0,0,0,14.935021,51.463754
26,23,11,1,7,4,3,5,3,0,1,1,1,0,0,0,0,14.718042,51.515911
26,24,5,20,11,2,2,5,3,0,0,1,1,0,0,0,0,14.712564,51.520734
26,24,6,7,14,6,3,8,1,0,0,1,0,0,0,0,0,14.718219,51.515215
26,24,9,25,16,4,3,5,3,0,0,1,1,0,0,0,0,14.727207,51.526414
26,25,1,8,13,4,3,0,1,0,2,1,0,0,0,0,0,14.713168,51.506808
26,25,8,22,22,6,3,0,1,2,0,1,0,0,0,0,0,14.722559,51.520481
26,17,7,18,12,3,3,9,7,0,0,1,0,0,0,0,0,14.683221,51.348753
26,19,12,3,8,3,2,0,7,0,1,1,0,0,0,0,0,14.68557,51.343271
26,20,6,19,11,6,2,0,1,0,1,1,0,0,0,1,0,14.684628,51.347491
26,21,9,12,22,1,3,0,1,2,0,1,0,0,0,0,0,14.682626,51.34972
26,21,11,19,9,6,2,5,3,0,1,1,1,0,0,0,0,14.682549,51.349898
26,23,6,26,14,2,3,0,1,0,0,1,0,0,0,0,0,14.603464,51.106016
26,17,8,27,5,1,1,9,1,2,0,1,0,0,0,0,0,14.617435,50.963914
26,18,2,1,13,5,3,5,3,0,0,1,1,0,0,0,0,14.64594,50.951989
26,18,2,6,14,3,2,5,3,0,0,1,1,0,0,0,0,14.651551,50.955724
26,18,3,3,9,7,1,0,1,0,0,1,0,0,0,0,0,14.670341,50.958745
26,18,7,6,10,6,2,5,3,0,0,1,1,0,0,0,0,14.650937,50.954454
26,18,9,2,15,1,3,5,3,0,0,1,0,0,0,0,0,14.64594,50.951989
26,19,10,5,8,7,3,1,5,0,1,1,1,0,0,0,0,14.661288,50.953902
26,20,9,8,7,3,3,5,3,0,0,1,1,0,0,0,0,14.652461,50.955332
26,22,2,10,5,5,2,5,3,2,0,1,1,0,0,0,0,14.668515,50.934511
26,22,5,26,17,5,1,9,1,0,0,1,0,0,0,0,0,14.637127,50.966274
26,23,4,29,22,7,3,8,1,2,1,1,0,0,0,0,0,14.646729,50.963812
26,23,5,30,8,3,2,5,3,0,0,1,1,0,0,0,0,14.655256,50.95411
26,23,6,8,18,5,2,5,3,0,0,1,1,0,0,0,0,14.673124,50.944918
26,24,6,15,17,7,3,0,7,0,0,1,0,0,0,0,0,14.64883,50.962969
26,25,5,11,2,1,3,8,1,2,0,1,0,0,0,0,0,14.652296,50.957867
26,25,5,11,15,1,3,0,1,0,0,1,0,0,0,0,0,14.668492,50.934474
26,25,6,19,12,5,2,4,7,0,0,1,1,0,0,0,0,14.649761,50.952188
26,25,8,4,16,2,3,4,1,0,0,1,1,0,0,0,0,14.652668,50.956792
26,25,8,19,16,3,3,0,1,0,0,1,0,0,0,0,0,14.652731,50.955826
26,16,1,5,15,3,2,8,1,0,1,1,0,0,0,0,0,14.683263,51.103755
26,16,3,1,20,3,3,4,2,2,0,1,1,0,0,0,0,14.669786,51.102681
26,16,5,1,8,1,3,0,1,0,0,1,0,0,0,0,0,14.672365,51.134261
26,16,6,1,13,4,3,9,1,0,0,1,0,0,0,0,0,14.662159,51.096543
26,16,8,3,14,4,3,1,7,0,0,1,1,0,0,0,0,14.664958,51.098129
26,16,8,3,18,4,3,5,3,0,0,1,1,0,0,0,0,14.659995,51.084076
26,16,8,7,10,1,3,8,1,0,0,1,0,0,0,0,0,14.665326,51.093791
26,16,11,3,15,5,2,5,3,0,1,1,1,0,0,0,0,14.675949,51.129882
26,16,12,1,10,5,3,0,1,0,2,1,0,0,0,0,0,14.677912,51.101019
26,16,12,4,17,1,3,1,5,2,0,1,0,0,0,0,1,14.672019,51.094941
26,16,12,6,9,3,3,5,3,0,0,1,1,0,0,0,0,14.674139,51.09149
26,17,4,10,8,2,3,9,1,0,0,1,0,0,0,0,0,14.639332,51.087504
26,17,4,17,11,2,3,5,3,0,0,1,1,0,0,0,0,14.667856,51.102892
26,17,5,15,19,2,2,5,3,0,0,1,1,0,0,0,0,14.669473,51.102749
26,17,6,20,8,3,3,3,2,0,0,1,1,0,0,0,0,14.666622,51.096628
26,17,7,8,19,7,1,4,2,0,0,1,1,0,0,0,0,14.660122,51.103929
26,17,7,25,17,3,3,0,1,0,0,1,0,0,0,0,0,14.682251,51.094233
26,17,8,7,18,2,3,0,1,0,0,1,0,0,0,0,0,14.670208,51.096212
26,17,8,7,21,2,3,0,1,2,0,1,0,0,0,0,0,14.671896,51.102447
26,17,8,22,9,3,2,5,3,0,0,1,1,0,0,0,0,14.666613,51.086095
26,17,10,17,9,3,3,5,3,0,0,1,1,0,0,0,0,14.676855,51.092491
26,18,6,5,15,3,3,0,1,0,0,1,0,0,0,0,0,14.67041,51.098803
26,18,6,6,8,4,3,1,5,0,0,1,1,0,0,0,0,14.671198,51.083358
26,18,7,4,7,4,3,5,3,0,0,1,1,0,0,0,0,14.666605,51.095424
26,18,7,6,22,6,3,6,7,2,0,1,0,1,0,0,0,14.671913,51.111242
26,18,8,1,17,4,3,4,6,0,0,1,0,0,0,0,0,14.657558,51.081288
26,18,8,7,18,3,2,8,6,0,0,1,1,0,0,0,0,14.665531,51.087468
26,18,9,7,0,6,3,0,7,2,1,1,0,0,0,0,0,14.688593,51.113352
26,18,10,4,15,5,2,5,3,0,0,1,1,0,0,0,0,14.659807,51.098727
26,18,11,3,9,7,3,5,3,0,0,1,1,0,0,0,0,14.66001,51.084086
26,18,11,6,12,3,2,4,2,0,0,1,1,0,0,0,0,14.679308,51.103695
26,18,11,6,16,3,3,5,3,1,0,1,1,0,0,0,0,14.685078,51.079572
26,18,12,5,13,4,3,0,1,0,1,1,0,0,0,0,0,14.678888,51.105287
26,19,4,2,6,3,3,4,6,0,0,1,1,0,0,0,0,14.655482,51.097509
26,19,5,2,18,5,3,0,1,0,0,1,0,0,0,0,0,14.672278,51.095134
26,19,8,6,13,3,3,5,3,0,0,1,1,0,0,0,0,14.669514,51.090158
26,19,9,5,7,5,3,4,2,0,0,1,0,0,0,0,1,14.683093,51.103385
26,19,9,6,10,6,3,5,3,0,0,1,1,0,0,0,0,14.684298,51.105771
26,19,9,6,12,6,3,4,6,0,0,1,1,0,0,0,0,14.66296,51.095795
26,19,12,6,12,6,2,5,3,0,0,1,1,0,0,0,0,14.669979,51.098982
26,20,7,25,12,7,2,8,3,0,0,1,1,0,0,0,0,14.669675,51.09621
26,20,8,4,22,3,3,0,1,2,0,1,0,0,0,0,0,14.673662,51.117803
26,20,9,10,7,5,3,5,3,0,1,1,1,0,0,0,0,14.662373,51.09549
26,20,10,26,5,2,3,0,1,2,1,1,0,0,0,0,0,14.674114,51.098823
26,20,11,7,16,7,3,3,6,0,0,1,1,0,0,0,0,14.706011,51.110405
26,21,3,2,15,3,2,2,2,0,0,1,1,0,0,0,0,14.647125,51.089973
26,21,5,25,11,3,3,3,2,0,0,1,1,0,0,0,0,14.664262,51.09626
26,21,6,8,11,3,3,5,3,0,0,1,1,0,0,0,0,14.684272,51.10574
26,21,9,2,8,5,3,5,3,0,0,1,1,0,0,0,0,14.69394,51.119793
26,22,10,9,13,1,3,2,6,0,0,1,1,0,0,0,0,14.659472,51.099495
26,22,11,2,9,4,3,1,7,0,0,1,1,0,0,0,0,14.667062,51.097423
26,23,2,10,15,6,3,6,6,0,0,1,0,1,0,0,0,14.66949,51.099307
26,23,5,12,15,6,3,0,1,0,0,1,0,0,0,0,0,14.617322,51.108812
26,23,5,15,8,2,2,1,7,0,1,1,1,0,0,0,0,14.681643,51.102074
26,23,9,7,15,5,3,5,3,0,0,1,1,0,0,0,0,14.66872,51.089632
26,23,9,14,17,5,3,2,2,0,0,1,1,0,0,0,0,14.681367,51.101997
26,24,1,13,14,7,1,1,7,0,1,1,0,0,0,0,1,14.68212,51.09709
26,24,3,10,17,1,3,8,1,0,0,1,0,0,0,0,0,14.690163,51.095389
26,24,3,20,14,4,3,0,7,0,0,1,0,0,0,0,0,14.66685,51.087831
26,24,9,16,18,2,3,6,6,1,0,1,0,1,0,0,0,14.673938,51.0987
26,24,10,13,9,1,3,6,4,0,1,1,0,1,0,0,0,14.666516,51.09489
26,24,12,12,21,5,3,6,6,2,0,1,0,1,0,0,0,14.666472,51.093791
26,25,1,13,15,2,3,0,1,0,2,1,0,0,0,0,0,14.662312,51.086476
26,25,1,30,6,5,3,4,1,1,1,1,1,0,0,0,0,14.669431,51.102704
26,25,2,5,6,4,3,5,3,1,0,1,1,0,0,0,0,14.649608,51.110163
26,25,3,4,17,3,2,4,2,1,0,1,1,0,0,0,0,14.651519,51.096353
26,25,3,4,21,3,2,0,7,2,0,1,0,0,0,0,0,14.661038,51.097942
26,25,5,27,13,3,3,4,3,0,0,1,1,0,0,0,0,14.663188,51.09758
26,25,8,4,12,2,3,0,7,0,0,1,0,0,0,0,0,14.660216,51.083761
26,25,8,11,12,2,3,0,1,0,0,1,0,0,0,0,0,14.668686,51.102057
26,25,8,28,17,5,3,3,6,0,0,1,1,0,0,0,0,14.700501,51.127196
26,25,11,12,16,4,3,0,1,2,0,1,0,0,0,0,0,14.666126,51.098037
26,25,12,20,16,7,2,5,3,2,0,1,1,0,0,0,0,14.664497,51.092754
26,17,5,28,13,1,3,0,1,0,0,1,0,0,0,0,0,14.893744,51.100103