UKREIS,UJAHR,UMONAT,UTAG,USTUNDE,UWOCHENTAG,UKATEGORIE,UART,UTYP,LICHT,USTRZUSTAND,IstRad,IstPKW,IstFuss,IstKrad,IstGkfz,IstSonstige,@lon,@lat
26,17,5,31,8,4,2,5,3,0,0,1,1,0,0,0,0,14.890861,51.147452
26,17,8,21,16,2,3,5,3,0,0,1,1,0,0,0,0,14.894139,51.147268
26,18,3,4,14,1,3,9,7,0,0,1,0,0,0,0,0,14.921958,51.091378
26,18,7,5,18,5,2,3,6,0,0,1,1,0,0,0,0,14.860772,51.146974
26,18,8,7,15,3,3,0,1,0,0,1,0,0,0,0,0,14.914154,51.148809
26,18,9,4,10,3,3,3,7,0,0,1,0,0,0,1,0,14.884436,51.146585
26,18,10,2,13,3,3,5,3,0,0,1,1,0,0,0,0,14.866044,51.145327
26,20,1,17,10,6,3,0,1,0,2,1,0,0,0,0,0,14.881174,51.145283
26,20,5,15,19,6,3,5,3,0,0,1,1,0,0,0,0,14.922157,51.111965
26,20,7,3,11,6,2,0,1,0,0,1,0,0,0,0,0,14.923207,51.155469
26,20,8,26,5,4,2,5,3,2,1,1,1,0,0,0,0,14.897882,51.147582
26,20,9,1,13,3,2,5,3,0,0,1,1,0,0,0,0,14.866026,51.145263
26,21,9,13,15,2,2,0,7,0,0,1,0,0,0,0,0,14.908359,51.14844
26,22,3,20,18,1,2,0,1,2,0,1,0,0,0,0,0,14.920284,51.093648
26,22,4,22,15,6,2,5,3,0,0,1,0,0,0,0,1,14.913949,51.148812
26,22,7,5,12,3,3,0,1,0,0,1,0,0,0,0,0,14.896512,51.147611
26,23,4,30,18,1,3,0,1,0,0,1,0,0,0,0,0,14.880357,51.116019
26,24,6,13,6,5,2,5,3,0,0,1,1,0,0,0,0,14.884237,51.103546
26,24,9,22,12,1,3,0,1,0,0,1,0,0,0,0,0,14.88573,51.146856
26,25,4,27,14,1,3,0,1,0,0,1,0,0,0,0,0,14.880186,51.137823
26,25,8,28,11,5,3,0,1,0,0,1,0,0,0,0,0,14.915982,51.128303
26,25,9,6,23,7,3,6,6,2,0,1,0,1,0,0,0,14.870484,51.0952
26,25,10,15,6,4,3,4,2,1,1,1,1,0,0,0,0,14.913955,51.148812
26,25,11,14,7,6,3,5,3,0,0,1,1,0,0,0,0,14.897891,51.147583
26,16,5,1,17,1,3,3,6,0,0,1,1,0,0,0,0,14.79486,50.935676
26,16,8,1,14,2,3,8,7,0,0,1,0,0,0,0,0,14.813957,50.911858
26,17,6,7,14,4,3,5,3,0,0,1,1,0,0,0,0,14.803052,50.917602
26,17,8,4,17,6,3,3,3,0,0,1,0,0,0,0,1,14.797184,50.929345
26,19,5,5,10,1,2,0,7,0,0,1,0,0,0,0,0,14.799534,50.945831
26,19,6,3,15,2,2,5,3,0,0,1,1,0,0,0,0,14.805878,50.916361
26,19,6,7,13,6,2,0,7,0,0,1,0,0,0,0,0,14.797636,50.928301
26,20,8,4,14,3,3,3,2,0,0,1,0,0,0,0,0,14.822027,50.908832
26,21,3,26,13,6,2,5,3,0,0,1,1,0,0,0,0,14.803103,50.941222
26,22,10,14,15,6,2,5,3,0,0,1,1,0,0,0,0,14.757743,50.916163
26,23,7,4,16,3,2,2,6,0,0,1,1,0,0,0,0,14.757268,50.937228
26,23,7,22,11,7,3,0,1,0,0,1,0,0,0,0,0,14.752767,50.91384
26,24,6,2,13,1,3,0,1,0,1,1,0,0,0,0,0,14.74435,50.921794
26,24,9,7,14,7,3,0,1,0,0,1,0,0,0,0,0,14.750442,50.914995
26,24,10,3,17,5,2,0,1,0,0,1,0,0,0,0,0,14.797986,50.927489
26,24,10,8,15,3,2,0,1,0,0,1,0,0,0,0,0,14.747096,50.906312
26,24,12,23,12,2,3,1,5,0,0,1,0,0,0,0,1,14.745133,50.918447
26,25,10,19,21,1,3,0,1,2,1,1,0,0,0,0,0,14.803027,50.917735
26,16,6,3,13,6,3,5,3,0,0,1,1,0,0,0,0,14.708626,51.313612
26,18,6,7,8,5,3,0,6,0,0,1,0,0,0,0,0,14.68989,51.312439
26,18,10,1,8,2,2,3,2,0,0,1,0,0,0,1,0,14.701515,51.316569
26,19,2,2,8,7,1,3,6,0,0,1,1,0,0,0,0,14.6607,51.292448
26,19,7,4,9,5,3,7,7,0,0,1,0,0,0,0,0,14.709599,51.316299
26,20,5,29,15,6,3,5,3,0,0,1,1,0,0,0,0,14.711718,51.312056
26,22,10,6,16,5,3,3,6,0,0,1,1,0,0,0,0,14.65693,51.284035
26,17,1,24,5,3,3,0,1,2,1,1,0,0,0,0,0,14.981227,51.241825
26,18,9,3,7,2,3,8,1,0,0,1,0,0,0,0,0,15.023679,51.285706
26,20,8,15,12,7,3,0,7,0,0,1,0,0,0,0,0,15.01458,51.295883
26,21,4,15,14,5,2,8,1,0,1,1,0,0,0,0,0,14.95385,51.261381
26,23,8,26,18,7,3,3,6,0,0,1,1,0,0,0,0,14.993295,51.226081
26,25,9,7,2,1,2,8,1,2,1,1,0,0,0,0,0,14.973601,51.24279
26,25,9,28,14,1,1,5,3,0,0,1,0,0,1,0,0,14.978847,51.233636
26,17,9,25,22,2,2,0,1,2,0,1,0,0,0,0,0,14.528651,51.037382
26,19,5,6,13,2,3,4,2,0,0,1,1,0,0,0,0,14.544565,51.036679
26,23,10,13,6,6,3,5,3,1,0,1,1,0,0,0,0,14.518458,51.041146
26,23,12,2,13,7,3,3,2,0,2,1,1,0,0,0,0,14.538646,51.038168
26,25,10,27,6,2,3,3,6,2,1,1,1,0,0,0,0,14.555076,51.029671
26,16,4,7,9,5,1,5,3,0,0,1,1,0,0,0,0,14.824017,51.28788
26,16,7,7,18,5,3,8,7,0,0,1,0,0,0,0,0,14.826986,51.28769
26,16,8,4,9,5,3,6,3,0,0,1,0,1,0,0,0,14.82222,51.292165
26,16,10,3,16,2,3,4,2,0,1,1,1,0,0,0,0,14.836016,51.297657
26,16,10,4,5,3,3,3,2,2,1,1,0,0,0,0,1,14.809113,51.294579
26,16,11,2,14,4,3,3,2,0,0,1,1,0,0,0,0,14.826458,51.288246
26,16,12,5,6,2,2,5,3,2,0,1,1,0,0,0,0,14.843283,51.289753
26,17,1,7,12,7,3,5,3,0,0,1,1,0,0,0,0,14.826826,51.291891
26,17,4,13,17,5,3,0,1,0,0,1,0,0,0,0,0,14.827169,51.29264
26,17,5,9,18,3,3,1,5,0,0,1,1,0,0,0,0,14.833079,51.293414
26,17,5,26,17,6,3,3,6,0,0,1,1,0,0,0,0,14.842243,51.289916
26,17,5,30,12,3,3,2,6,0,0,1,1,0,0,0,0,14.828738,51.29526
26,17,6,22,10,5,3,1,5,0,0,1,1,0,0,0,0,14.823015,51.29226
26,17,7,15,22,7,3,0,1,2,0,1,0,0,0,0,0,14.841631,51.288684
26,17,7,16,1,1,2,1,5,2,0,1,1,0,0,0,0,14.784317,51.296185
26,17,7,21,11,6,2,3,2,0,0,1,1,0,0,0,0,14.787322,51.307915
26,17,9,6,15,4,3,1,7,0,1,1,1,0,0,0,0,14.817427,51.293367
26,17,9,9,10,7,2,3,6,0,0,1,1,0,0,0,0,14.825192,51.294342
26,17,10,19,14,5,3,5,3,0,0,1,1,0,0,0,0,14.833688,51.291948
26,17,11,9,20,5,2,0,7,2,1,1,0,0,0,0,0,14.821245,51.290023
26,17,12,28,20,5,3,0,1,2,1,1,0,0,0,0,0,14.83561,51.285421
26,18,1,3,18,4,2,5,3,2,1,1,1,0,0,0,0,14.817434,51.293304
26,18,2,2,8,6,3,5,3,0,0,1,1,0,0,0,0,14.827085,51.292616
26,18,2,5,15,2,3,5,3,0,0,1,1,0,0,0,0,14.842746,51.288349
26,18,4,6,11,6,3,5,3,0,0,1,1,0,0,0,0,14.842413,51.293511
26,18,5,3,12,5,2,5,3,0,0,1,0,0,0,0,1,14.831314,51.288993
26,18,5,7,14,2,3,5,3,0,0,1,1,0,0,0,0,14.834879,51.288108
26,18,6,4,7,2,3,0,7,0,1,1,0,0,0,0,0,14.834338,51.291914
26,18,6,6,20,4,2,1,5,0,0,1,1,0,0,0,0,14.82129,51.290552
26,18,7,2,13,2,2,5,3,0,0,1,0,0,0,1,0,14.82369,51.293375
26,18,9,1,11,7,3,5,3,0,0,1,1,0,0,0,0,14.819824,51.292779
26,18,9,5,8,4,3,5,3,0,0,1,1,0,0,0,0,14.823768,51.291087
26,18,10,1,15,2,2,3,2,0,0,1,0,0,0,0,1,14.818405,51.355234
26,18,11,1,15,5,2,2,7,0,0,1,0,0,0,0,1,14.827095,51.292318
26,19,1,3,7,5,3,6,4,1,2,1,0,1,0,0,0,14.834806,51.291856
26,19,2,1,13,6,3,5,3,0,0,1,1,0,0,0,0,14.830807,51.292025
26,19,4,4,8,5,3,5,3,0,0,1,1,0,0,0,0,14.825611,51.298666
26,19,6,2,4,1,2,0,1,2,0,1,0,0,0,0,0,14.857373,51.286775
26,19,6,7,16,6,3,5,3,0,0,1,1,0,0,0,0,14.826579,51.291091
26,19,7,3,15,4,3,5,3,0,0,1,1,0,0,0,0,14.772061,51.304281
26,19,8,7,12,4,3,6,6,0,0,1,0,1,0,0,0,14.820864,51.289354
26,19,9,6,15,6,3,5,3,0,0,1,1,0,0,0,0,14.815465,51.293849
26,19,10,4,12,6,3,5,3,0,0,1,1,0,0,0,0,14.83315,51.28854
26,19,10,4,19,6,3,0,1,2,0,1,0,0,0,0,0,14.782335,51.302856
26,19,11,5,21,3,3,2,6,2,0,1,1,0,0,0,0,14.827233,51.290461
26,19,11,6,9,4,2,0,7,0,0,1,0,0,0,0,0,14.824951,51.291631
26,19,12,6,12,6,2,2,6,0,1,1,1,0,0,0,0,14.834806,51.291856
26,20,1,23,15,5,3,3,2,0,0,1,1,0,0,0,0,14.826818,51.291879
26,20,3,4,19,4,3,5,3,2,0,1,1,0,0,0,0,14.83296,51.291979
26,20,4,24,17,6,2,3,2,0,0,1,1,0,0,0,0,14.843163,51.28977
26,20,6,28,13,1,3,0,7,0,0,1,0,0,0,0,0,14.797926,51.294269
26,20,7,14,14,3,3,5,3,0,0,1,1,0,0,0,0,14.827076,51.292618
26,20,7,22,13,4,3,0,1,0,0,1,0,0,0,0,0,14.839824,51.293734
26,20,7,24,15,6,2,0,1,0,0,1,0,0,0,0,0,14.827684,51.302703
26,20,7,27,11,2,3,0,7,0,0,1,0,0,0,0,0,14.827517,51.293241
26,20,7,28,11,3,2,0,1,0,0,1,0,0,0,0,0,14.822814,51.292124
26,20,8,26,9,4,3,4,2,0,0,1,1,0,0,0,0,14.826387,51.291303
26,20,10,27,16,3,3,2,6,1,0,1,1,0,0,0,0,14.824334,51.288363
26,20,11,11,12,4,3,6,7,0,0,1,0,1,0,0,0,14.812739,51.294156
26,20,11,14,9,7,3,5,3,0,0,1,1,0,0,0,0,14.815924,51.287916
26,21,6,3,14,5,3,5,3,0,0,1,1,0,0,0,0,14.824284,51.291794
26,21,6,17,17,5,3,3,1,0,0,1,1,0,0,0,0,14.831039,51.29203
26,21,6,18,8,6,3,0,1,0,0,1,0,0,0,0,0,14.843814,51.291815
26,21,7,6,12,3,3,0,3,0,0,1,1,0,0,0,0,14.786495,51.293159
26,21,7,11,15,1,2,0,3,0,0,1,1,0,0,0,0,14.842845,51.289815
26,21,8,13,18,6,3,5,3,0,0,1,1,0,0,0,0,14.822651,51.291521
26,21,8,22,11,1,3,6,7,0,0,1,0,1,0,0,0,14.841671,51.29405
26,21,9,2,14,5,3,0,1,0,0,1,0,0,0,0,0,14.830067,51.297445
26,21,9,8,16,4,3,7,7,0,0,1,0,0,0,0,1,14.826091,51.29136
26,21,10,14,14,5,3,0,1,0,1,1,0,0,0,0,0,14.82228,51.29368
26,21,11,26,9,6,3,0,7,0,0,1,0,0,0,0,0,14.822288,51.295045
26,21,12,21,10,3,3,4,2,0,1,1,1,0,0,0,0,14.829377,51.29189
26,22,1,12,23,4,3,0,1,2,0,1,0,0,0,0,0,14.782689,51.296946
26,22,1,24,19,2,2,6,6,2,1,1,0,1,0,0,0,14.831543,51.293931
26,22,2,17,6,5,3,3,2,2,1,1,1,0,0,0,0,14.809116,51.294557
26,22,4,21,8,5,3,5,3,0,0,1,1,0,0,0,0,14.830823,51.292026
26,22,5,3,16,3,3,5,3,0,0,1,1,0,0,0,0,14.814166,51.293988
26,22,5,3,17,3,3,0,1,0,0,1,0,0,0,0,0,14.819599,51.284358
26,22,5,13,17,6,2,0,7,0,0,1,0,0,0,0,0,14.827826,51.287809
26,22,5,18,9,4,3,5,3,0,0,1,1,0,0,0,0,14.829588,51.296636
26,22,5,25,12,4,3,0,1,0,1,1,0,0,0,0,0,14.835553,51.289374
26,22,5,26,11,5,2,0,1,0,0,1,0,0,0,0,0,14.857098,51.286755
26,22,6,16,8,5,2,3,6,0,0,1,1,0,0,0,0,14.830015,51.291944
26,22,6,29,21,4,2,0,1,2,1,1,0,0,0,0,0,14.833495,51.291957
26,22,8,18,10,5,3,0,1,0,0,1,0,0,0,0,0,14.831787,51.28896
26,22,9,2,11,6,3,0,1,0,0,1,0,0,0,0,0,14.820544,51.288092
26,22,9,5,15,2,3,5,6,0,0,1,1,0,0,0,0,14.824957,51.291235
26,22,9,8,13,5,3,5,3,0,1,1,1,0,0,0,0,14.836469,51.291308
26,22,9,29,19,5,3,5,3,2,0,1,1,0,0,0,0,14.82205,51.291887
26,22,10,15,11,7,3,0,1,0,0,1,0,0,0,0,0,14.811123,51.301336
26,22,12,8,14,5,3,5,3,0,0,1,0,0,0,0,1,14.807059,51.294779
26,23,2,1,14,4,3,4,2,0,1,1,1,0,0,0,0,14.830545,51.289277
26,23,2,10,12,6,3,0,1,0,0,1,0,0,0,0,0,14.828928,51.290685
26,23,3,31,23,6,1,9,1,2,1,1,0,0,0,0,0,14.825495,51.304191
26,23,5,7,16,1,2,0,7,0,0,1,0,0,0,0,0,14.82115,51.290309
26,23,5,10,11,4,2,2,7,0,0,1,0,0,0,0,0,14.827365,51.290395
26,23,6,9,11,6,3,0,1,0,0,1,0,0,0,0,0,14.827209,51.292587
26,23,6,29,18,5,3,5,3,0,0,1,1,0,0,0,0,14.828421,51.294598
26,23,7,19,10,4,3,0,1,0,0,1,0,0,0,0,0,14.814626,51.351097
26,23,7,29,17,7,3,0,1,0,1,1,0,0,0,0,0,14.803484,51.29519
26,23,8,27,14,1,3,8,1,0,0,1,0,0,0,0,0,14.845974,51.291503
26,23,8,30,7,4,3,5,3,0,1,1,1,0,0,0,0,14.836763,51.291909
26,23,9,14,12,5,3,5,3,0,0,1,1,0,0,0,0,14.820932,51.292532
26,23,9,15,10,6,3,5,3,0,0,1,0,0,0,0,0,14.825259,51.292123
26,23,9,30,14,7,3,4,7,0,0,1,1,0,0,0,0,14.842396,51.289886
26,24,1,19,5,6,3,5,3,2,2,1,1,0,0,0,0,14.828861,51.295461
26,24,2,14,19,4,3,5,3,2,0,1,1,0,0,0,0,14.824278,51.291796
26,24,4,6,15,7,3,0,1,0,0,1,0,0,0,0,0,14.799202,51.297502
26,24,5,23,15,5,3,5,3,0,0,1,1,0,0,0,0,14.826928,51.301274
26,24,5,31,21,6,2,9,1,2,1,1,1,0,0,0,0,14.836304,51.298425
26,24,6,29,11,7,2,5,3,0,0,1,0,0,0,0,0,14.826536,51.291272
26,24,8,6,9,3,3,5,3,0,0,1,1,0,0,0,0,14.833133,51.288511
26,24,8,6,19,3,3,2,2,0,0,1,0,0,0,0,0,14.849462,51.294767
26,24,8,19,12,2,3,5,1,0,0,1,1,0,0,0,0,14.820562,51.288162
26,24,9,23,12,2,3,1,5,0,0,1,1,0,0,0,0,14.819292,51.29572
26,24,9,26,9,5,3,3,2,0,1,1,1,0,0,0,0,14.772027,51.304293
26,24,10,5,18,7,3,0,1,1,1,1,0,0,0,0,0,14.828859,51.295458
26,24,10,12,7,7,3,1,5,0,0,1,1,0,0,0,0,14.83422,51.288328
26,24,11,23,13,7,3,5,3,0,0,1,1,0,0,0,0,14.827986,51.292419
26,24,12,9,11,2,2,0,1,0,1,1,0,0,0,0,0,14.826994,51.292157
26,25,5,5,16,2,3,5,3,0,0,1,1,0,0,0,0,14.820479,51.287852
26,25,6,21,16,7,2,5,3,0,0,1,1,0,0,0,0,14.80956,51.299047
26,25,6,26,8,5,3,5,3,0,0,1,1,0,0,0,0,14.821841,51.291537
26,25,7,2,20,4,3,8,1,0,0,1,0,0,0,0,0,14.835605,51.287785
26,25,8,10,11,1,3,3,6,0,0,1,1,0,0,0,0,14.84345,51.258646
26,25,8,21,9,5,3,5,3,0,0,1,1,0,0,0,0,14.828011,51.292414
26,25,8,28,22,5,2,0,1,2,1,1,0,0,0,0,0,14.823172,51.292522
26,25,11,11,15,3,3,5,3,0,1,1,0,0,1,0,0,14.823677,51.293378
26,25,12,10,8,4,2,3,7,0,0,1,1,0,0,0,0,14.822205,51.292264
26,16,3,3,15,5,3,3,6,0,0,1,1,0,0,0,0,14.749834,50.971415
26,16,6,3,10,6,3,4,6,0,0,1,0,0,1,0,0,14.695942,50.976188
26,16,6,4,13,7,3,5,3,0,0,1,0,0,1,0,0,14.729541,50.953979
26,16,8,6,12,7,3,8,6,0,0,1,0,0,0,0,1,14.736816,50.949913
26,16,12,1,13,5,3,5,3,0,0,1,1,0,0,0,0,14.729921,50.950589
26,17,5,21,18,1,2,5,3,0,0,1,1,0,0,0,0,14.711532,50.96807
26,18,7,4,22,4,3,0,7,2,0,1,0,0,0,0,0,14.694785,50.976316
26,19,7,2,13,3,3,0,1,0,0,1,0,0,0,0,0,14.746966,50.939152
26,20,9,23,14,4,3,4,2,0,0,1,1,0,0,0,0,14.717734,50.959848
26,20,12,18,9,6,3,0,1,0,0,1,0,0,0,0,0,14.712717,50.963521
26,21,7,4,0,1,2,0,1,2,0,1,0,0,0,0,0,14.684272,50.976274
26,21,7,22,18,5,3,5,3,0,0,1,1,0,0,0,0,14.711528,50.968063
26,23,5,24,16,4,3,3,6,0,0,1,1,0,0,0,0,14.712727,50.964521
26,23,6,23,12,6,3,5,3,0,0,1,1,0,0,0,0,14.73022,50.950429
26,23,7,21,1,6,2,0,1,2,0,1,0,0,0,0,0,14.740169,50.947592
26,23,11,9,11,5,2,5,3,0,0,1,1,0,0,0,0,14.729481,50.950832
26,24,7,25,19,5,3,4,2,0,0,1,1,0,0,0,0,14.703939,50.972483
26,24,8,6,18,3,2,4,1,0,0,1,1,0,0,0,0,14.736802,50.94976
26,24,8,21,7,4,3,4,1,0,0,1,1,0,0,0,0,14.704019,50.974111
26,24,10,10,18,5,2,5,3,1,0,1,1,0,0,0,0,14.726949,50.952758
26,24,10,21,16,2,3,5,3,0,0,1,1,0,0,0,0,14.69882,50.974179
26,25,6,24,11,3,3,0,1,0,0,1,0,0,0,0,0,14.729469,50.950838
26,16,9,5,16,2,3,2,6,0,0,1,1,0,0,0,0,14.7594,50.864693
26,17,3,8,15,4,3,1,1,0,0,1,1,0,0,0,0,14.782267,50.883866
26,17,3,15,17,4,2,5,3,0,0,1,1,0,0,0,0,14.765044,50.869758
26,17,5,26,20,6,2,5,3,0,0,1,1,0,0,0,0,14.769244,50.871667
26,17,6,9,10,6,2,3,2,0,0,1,0,0,0,0,1,14.756225,50.8693
26,17,8,2,5,4,3,0,1,0,0,1,0,0,0,0,0,14.76461,50.8699
26,17,8,9,12,4,2,0,1,0,0,1,0,0,0,0,0,14.746258,50.868952
26,17,10,23,22,2,3,5,3,2,1,1,1,0,0,0,0,14.789877,50.891761
26,17,11,6,19,2,2,5,3,2,1,1,1,0,0,0,0,14.765337,50.869856
26,17,11,11,17,7,3,5,3,2,1,1,1,0,0,0,0,14.748291,50.869237
26,18,1,1,0,2,3,6,6,2,1,1,0,1,0,0,0,14.770213,50.865172
26,18,3,2,15,6,2,5,3,0,0,1,1,0,0,0,0,14.765315,50.869888
26,18,4,1,12,1,2,5,3,0,0,1,1,0,0,0,0,14.746458,50.869554
26,18,5,3,9,5,2,5,3,0,0,1,1,0,0,0,0,14.761882,50.867068
26,18,7,5,7,5,2,5,3,0,0,1,1,0,0,0,0,14.779936,50.88032
26,18,7,6,11,6,2,5,3,0,0,1,1,0,0,0,0,14.758233,50.868831
26,18,9,3,17,2,2,3,6,0,0,1,1,0,0,0,0,14.787247,50.884228
26,20,1,25,17,7,3,5,3,1,1,1,1,0,0,0,0,14.765315,50.869888
26,20,7,30,20,5,3,5,3,0,0,1,1,0,0,0,0,14.763588,50.868484
26,20,9,4,16,6,3,5,3,0,0,1,0,0,0,0,0,14.773296,50.876572
26,20,9,9,19,4,2,0,7,0,0,1,0,0,0,0,0,14.781261,50.894192
26,21,5,5,16,4,3,5,3,0,1,1,1,0,0,0,0,14.78839,50.890446
26,21,10,8,15,6,2,5,3,0,0,1,1,0,0,0,0,14.777788,50.878241
26,22,4,24,10,1,3,5,3,0,0,1,1,0,0,0,0,14.764932,50.869864
26,23,5,30,11,3,2,6,6,0,0,1,0,1,0,0,0,14.755929,50.876603
26,23,7,15,19,7,3,0,1,0,0,1,0,0,0,0,0,14.763399,50.87005
26,24,5,15,8,4,3,0,1,0,0,1,0,0,0,0,0,14.772942,50.872561
26,24,6,20,14,5,3,5,3,0,0,1,0,0,0,0,1,14.778158,50.880119
26,24,8,7,16,4,3,5,3,0,0,1,1,0,0,0,0,14.75957,50.864894
26,25,3,25,10,3,3,4,2,0,0,1,1,0,0,0,0,14.759983,50.86558
26,25,10,15,11,4,3,5,3,0,0,1,1,0,0,0,0,14.761081,50.867399
26,19,7,4,8,5,2,0,3,0,0,1,1,0,0,0,0,14.501358,51.059161
26,19,9,3,12,3,3,0,7,0,1,1,0,0,0,0,1,14.508813,51.061563
26,21,6,6,15,1,3,4,1,0,0,1,0,0,1,0,0,14.500268,51.047228
26,21,9,17,16,6,2,4,2,0,1,1,1,0,0,0,0,14.499479,51.056627
26,21,12,14,16,3,2,2,2,2,1,1,1,0,0,0,0,14.502364,51.055486
26,22,5,6,10,6,2,5,3,0,0,1,1,0,0,0,0,14.500195,51.056922
26,22,5,15,11,1,2,9,1,0,0,1,0,0,0,0,0,14.494058,51.044771
26,23,5,8,6,2,3,5,3,0,0,1,1,0,0,0,0,14.500458,51.059487
26,24,10,29,18,3,2,2,2,2,0,1,1,0,0,0,0,14.504411,51.060393
26,25,3,25,10,3,3,2,2,0,1,1,0,0,0,0,1,14.509859,51.063233
26,25,6,28,21,7,3,0,1,1,0,1,0,0,0,0,0,14.492729,51.051839
26,18,4,1,16,1,3,5,3,0,0,1,1,0,0,0,0,14.929189,51.021487
26,18,5,5,12,7,3,6,6,0,0,1,0,1,0,0,0,14.932345,51.004825
26,19,5,2,21,5,3,0,7,2,0,1,0,1,0,0,0,14.929365,51.018048
26,19,6,2,15,1,3,5,3,0,0,1,1,0,0,0,0,14.930173,51.018442
26,19,11,2,4,7,2,0,1,2,0,1,0,0,0,0,0,14.934358,51.028213
26,21,7,2,18,6,2,9,1,0,1,1,0,0,0,0,0,14.927356,51.000306
26,21,9,22,10,4,3,4,2,0,0,1,1,0,0,0,0,14.929184,51.021539
26,22,5,21,11,7,3,0,1,0,0,1,0,0,0,0,0,14.932607,51.01413
26,23,3,6,18,2,2,4,2,1,1,1,1,0,0,0,0,14.929279,51.020516
26,23,7,1,14,7,3,4,1,0,0,1,1,0,0,0,0,14.929748,51.014742
26,24,5,8,15,4,3,4,2,0,0,1,1,0,0,0,0,14.932403,51.012914
26,25,5,1,15,5,3,2,2,0,0,1,1,0,0,0,0,14.953476,51.05037
26,25,9,27,20,7,3,6,6,2,0,1,0,1,0,0,0,14.924103,51.019452
26,25,9,29,12,2,3,0,1,0,0,1,0,0,0,0,0,14.951468,51.047134
26,25,11,19,11,4,2,0,1,0,1,1,0,0,0,0,0,14.898122,51.021424
26,17,8,19,12,7,2,2,6,0,0,1,1,0,0,0,0,14.741028,50.833501
26,23,7,18,7,3,2,4,1,0,0,1,0,0,0,1,0,14.732843,50.839482
26,23,10,21,16,7,1,3,6,0,0,1,1,0,0,0,0,14.754037,50.83095
26,24,4,7,14,1,3,0,1,0,0,1,0,0,0,0,0,14.74931,50.849308
26,16,9,2,11,6,2,9,1,0,0,1,0,0,0,0,0,14.747791,51.290162
26,16,9,7,13,4,2,2,6,0,0,1,0,0,0,0,0,14.698522,51.278539
26,17,10,8,17,1,2,3,1,0,0,1,1,0,0,0,0,14.701739,51.283018
26,18,8,4,17,7,3,4,6,0,0,1,0,0,0,0,0,14.733519,51.273416
26,19,12,1,11,1,3,7,7,0,0,1,0,0,0,0,0,14.745838,51.288804
26,20,7,15,20,4,3,0,1,0,0,1,0,0,0,0,0,14.761267,51.289565
26,23,6,13,17,3,3,5,3,0,0,1,1,0,0,0,0,14.727724,51.264586
26,23,9,10,8,1,3,7,7,0,0,1,0,0,0,0,0,14.698348,51.27652
26,25,6,19,15,5,3,5,3,0,0,1,1,0,0,0,0,14.74345,51.283869
26,16,3,1,18,3,2,4,2,2,0,1,1,0,0,0,0,14.794757,51.138526
26,16,3,6,17,1,2,5,3,0,0,1,1,0,0,0,0,14.790045,51.115773
26,16,5,5,14,5,3,5,6,0,0,1,0,0,1,0,0,14.824599,51.144556
26,16,6,4,10,7,2,8,1,0,0,1,0,0,0,0,0,14.742264,51.142661
26,16,9,6,18,3,2,7,7,0,0,1,0,0,0,0,0,14.763075,51.140179
26,18,3,3,16,7,3,7,7,0,0,1,0,0,0,0,0,14.771528,51.152764
26,18,5,7,12,2,2,0,1,0,0,1,0,0,0,0,0,14.789994,51.115782
26,19,4,5,15,6,2,0,7,0,0,1,0,1,0,0,0,14.793017,51.140211
26,20,4,30,7,5,1,5,3,0,0,1,0,0,0,1,0,14.799128,51.138599
26,20,4,30,19,5,3,4,6,0,0,1,0,0,0,0,1,14.8113,51.156421
26,20,9,3,15,5,2,4,2,0,0,1,1,0,0,0,0,14.795806,51.138767
26,21,9,7,16,3,3,3,2,0,0,1,0,0,1,0,0,14.78243,51.136536
26,16,9,2,17,6,3,5,3,0,0,1,0,0,0,0,0,14.78779,51.403115
26,17,5,3,16,4,3,5,3,0,0,1,1,0,0,0,0,14.787064,51.397521
26,17,6,4,10,1,3,0,1,0,0,1,0,0,0,0,0,14.787207,51.397712
26,18,9,5,17,4,3,5,3,0,0,1,0,0,0,0,1,14.787068,51.397527
26,19,7,3,15,4,3,0,1,0,0,1,0,0,0,0,0,14.754446,51.397404
26,19,9,2,19,2,3,0,1,2,1,1,0,0,0,0,0,14.820558,51.397079
26,20,1,14,15,3,2,0,7,0,0,1,0,0,0,0,0,14.785537,51.394868
26,21,8,30,13,2,3,2,6,0,0,1,0,0,0,0,0,14.788463,51.414882
26,22,7,18,19,2,2,0,1,0,0,1,0,0,0,0,0,14.818787,51.397464
26,22,7,29,12,6,2,5,3,0,0,1,1,0,0,0,0,14.787797,51.403184
26,24,4,27,23,7,2,0,1,2,0,1,0,0,0,0,0,14.773486,51.383963
26,25,2,8,9,7,3,0,1,0,0,1,0,0,0,0,0,14.831931,51.396471
26,25,7,30,17,4,2,0,7,0,0,1,0,0,0,0,0,14.785189,51.393448
26,25,10,27,12,2,2,5,3,0,0,1,0,0,0,1,0,14.786434,51.399687
26,17,5,22,21,2,3,4,6,1,0,1,1,0,0,0,0,14.731165,51.082405
26,17,6,6,16,3,3,5,3,0,0,1,1,0,0,0,0,14.731143,51.07697
26,20,3,2,17,2,2,5,3,1,0,1,1,0,0,0,0,14.739791,51.092658
26,24,6,1,13,7,2,4,1,0,0,1,0,0,1,0,0,14.734649,51.080808
26,16,8,6,16,7,3,2,6,0,0,1,1,0,0,0,0,14.945651,51.322385
26,16,9,1,13,5,2,3,6,0,0,1,1,0,0,0,0,15.011078,51.300497
26,17,9,20,17,4,2,0,1,0,0,1,0,0,0,0,0,14.929343,51.341484
26,17,11,13,15,2,3,5,3,0,1,1,1,0,0,0,0,14.96418,51.338752