UKREIS,UJAHR,UMONAT,UTAG,USTUNDE,UWOCHENTAG,UKATEGORIE,UART,UTYP,LICHT,USTRZUSTAND,IstRad,IstPKW,IstFuss,IstKrad,IstGkfz,IstSonstige,@lon,@lat
26,17,12,4,6,2,3,4,2,1,1,1,0,0,0,0,1,14.966788,51.336069
26,18,6,3,10,1,2,4,6,0,0,1,1,0,0,0,0,14.95831,51.374928
26,18,6,6,15,4,3,5,3,0,0,1,1,0,0,0,0,14.963526,51.327917
26,19,5,2,13,5,3,1,5,0,1,1,1,0,0,0,0,14.963164,51.328218
26,19,7,6,16,7,3,4,3,0,0,1,1,0,0,0,0,14.963408,51.361866
26,19,9,4,14,4,3,5,3,0,0,1,0,0,0,0,1,14.963376,51.344663
26,19,12,7,6,7,3,5,3,2,1,1,1,0,0,0,0,14.967639,51.331119
26,20,10,11,18,1,2,5,3,0,0,1,1,0,0,0,0,14.998572,51.311942
26,21,12,8,10,4,3,5,3,0,0,1,1,0,0,0,0,14.964808,51.32919
26,22,4,7,7,5,3,5,3,0,0,1,1,0,0,0,0,14.967976,51.329035
26,22,6,24,17,6,3,0,1,0,0,1,0,0,0,0,0,14.96386,51.363309
26,22,7,28,12,5,2,3,2,0,0,1,1,0,0,0,0,14.967631,51.331113
26,22,8,7,15,1,3,0,1,0,0,1,0,0,0,0,0,14.932543,51.338228
26,22,8,19,11,6,3,0,1,0,0,1,0,0,0,0,0,14.971245,51.329685
26,22,8,20,12,7,3,5,3,0,1,1,1,0,0,0,0,14.97026,51.331527
26,22,8,21,12,1,2,0,1,0,1,1,0,0,0,0,0,14.958171,51.375516
26,22,11,1,18,3,3,5,3,2,0,1,1,0,0,0,0,14.964099,51.328775
26,23,3,23,13,5,2,3,2,0,1,1,1,0,0,0,0,14.960193,51.371258
26,23,4,4,9,3,3,5,3,0,0,1,1,0,0,0,0,14.888998,51.329382
26,23,6,20,14,3,2,5,3,0,0,1,1,0,0,0,0,14.960987,51.326736
26,23,7,29,21,7,3,0,1,2,1,1,0,0,0,0,0,14.963683,51.328527
26,24,1,3,9,4,3,5,3,0,0,1,1,0,0,0,0,14.959812,51.325868
26,24,4,5,11,6,3,0,1,0,0,1,0,0,0,0,0,14.967948,51.329032
26,24,5,23,14,5,3,5,3,0,0,1,1,0,0,0,0,14.970025,51.331973
26,24,7,22,18,2,3,0,1,0,0,1,0,0,0,0,0,14.957683,51.379682
26,24,7,25,8,5,3,8,1,0,0,1,0,0,0,0,0,14.961911,51.344329
26,24,7,30,16,3,3,2,7,0,0,1,0,0,0,0,0,14.99362,51.320144
26,24,12,4,15,4,3,0,1,0,1,1,0,0,0,0,0,14.963345,51.347081
26,24,12,19,9,5,3,1,5,0,0,1,1,0,0,0,0,14.970099,51.333637
26,25,3,10,15,2,3,0,7,0,0,1,0,0,0,0,0,14.966473,51.330413
26,25,12,4,11,5,2,2,2,0,0,1,1,0,0,0,0,14.967741,51.334123
26,16,5,5,18,5,3,5,3,0,0,1,0,0,0,0,0,14.532342,51.538963
26,16,6,2,12,5,3,5,3,0,0,1,1,0,0,0,0,14.5464,51.546733
26,17,5,20,11,7,3,4,6,0,0,1,1,0,0,0,0,14.5188,51.539411
26,17,8,8,16,3,3,2,3,0,0,1,1,0,1,0,0,14.539754,51.544339
26,17,8,29,15,3,2,5,3,0,0,1,1,0,0,0,0,14.538389,51.545813
26,18,6,5,16,3,2,5,3,0,0,1,1,0,0,0,0,14.531674,51.539427
26,19,4,5,14,6,3,4,2,0,0,1,1,0,0,0,0,14.538503,51.545827
26,19,5,2,19,5,2,0,1,0,0,1,0,0,0,0,0,14.564931,51.547591
26,19,5,6,6,2,3,5,3,0,0,1,1,0,0,0,0,14.539685,51.544319
26,19,7,6,7,7,1,0,7,0,0,1,0,0,0,0,0,14.545956,51.557162
26,19,9,4,16,4,3,0,6,0,0,1,1,0,0,0,0,14.533313,51.544269
26,19,10,4,19,6,3,0,1,2,0,1,0,0,0,0,0,14.529689,51.537428
26,19,10,5,20,7,2,3,6,2,0,1,1,0,0,0,0,14.557977,51.548129
26,20,12,31,9,5,3,5,3,0,1,1,1,0,0,0,0,14.531663,51.539435
26,21,5,20,15,5,3,0,1,0,0,1,0,0,0,0,0,14.539624,51.544299
26,22,6,16,18,5,3,3,6,0,0,1,0,0,0,0,0,14.544918,51.544257
26,22,9,16,5,6,2,5,3,2,1,1,1,0,0,0,0,14.529151,51.535799
26,23,7,29,17,7,2,3,6,0,1,1,1,0,0,0,0,14.535599,51.542452
26,23,12,28,11,5,3,0,1,0,1,1,0,0,0,0,0,14.515298,51.523744
26,24,3,21,17,5,2,0,1,1,1,1,0,0,0,0,0,14.539166,51.544137
26,24,4,13,14,7,3,2,6,0,0,1,1,0,0,0,0,14.530938,51.546724
26,24,6,11,7,3,3,0,1,0,0,1,0,0,0,0,0,14.553159,51.544159
26,24,12,18,13,4,2,2,6,0,0,1,1,0,0,0,0,14.516311,51.530797
26,25,5,12,14,2,3,2,6,0,0,1,1,0,0,0,0,14.491449,51.509273
26,25,10,9,8,5,3,5,3,0,1,1,1,0,0,0,0,14.531665,51.539438
26,25,11,7,13,6,3,5,3,0,0,1,1,0,0,0,0,14.53838,51.545811
26,17,7,9,12,1,3,0,2,0,0,1,0,0,0,0,0,14.896638,51.041529
26,17,7,30,9,1,3,5,3,0,0,1,1,0,0,0,0,14.90498,51.049977
26,18,4,2,17,2,3,1,7,0,0,1,1,0,0,0,0,14.886781,51.060219
26,20,7,4,13,7,3,4,6,0,0,1,1,0,0,0,0,14.892207,51.03938
26,20,7,26,5,1,3,0,7,1,0,1,0,0,0,0,0,14.877908,51.058516
26,23,12,22,5,6,2,7,1,1,1,1,0,0,0,0,0,14.904945,51.050039
26,24,8,26,12,2,3,0,7,0,0,1,0,0,0,0,0,14.923225,51.078565
26,25,2,6,16,5,3,5,3,0,0,1,1,0,0,0,0,14.893816,51.063772
26,24,10,24,14,5,2,5,3,0,0,1,1,0,0,0,0,14.578834,51.067986
26,25,5,22,18,5,2,9,1,0,0,1,0,0,0,0,0,14.566585,51.064087
26,25,8,12,16,3,3,0,7,0,0,1,0,0,0,0,0,14.573389,51.062556
26,16,5,5,17,5,3,8,1,0,0,1,0,0,0,0,0,14.93917,51.211133
26,16,8,4,15,5,3,3,2,0,0,1,1,0,0,0,0,14.95521,51.163031
26,17,3,30,5,5,2,2,6,2,1,1,1,0,0,0,0,14.933808,51.208212
26,17,8,7,13,2,3,5,3,0,0,1,1,0,0,0,0,14.931198,51.17652
26,17,9,27,14,4,3,5,3,0,0,1,1,0,0,0,0,14.955255,51.162976
26,18,1,4,15,5,3,5,3,0,1,1,1,0,0,0,0,14.934917,51.16679
26,18,7,2,14,2,3,2,2,0,0,1,1,0,0,0,0,14.934827,51.166748
26,18,11,5,16,2,3,5,3,0,0,1,1,0,0,0,0,14.935446,51.174717
26,19,7,1,12,2,3,5,3,0,0,1,1,0,0,0,0,14.927856,51.205399
26,20,11,17,10,3,3,5,3,0,0,1,1,0,0,0,0,14.925757,51.214058
26,22,3,20,15,1,3,5,3,0,0,1,1,0,0,0,0,14.937247,51.170718
26,23,5,18,19,5,3,0,1,0,0,1,0,0,0,0,0,14.93377,51.183116
26,24,10,9,12,4,2,8,1,0,1,1,0,0,0,0,0,14.937942,51.177352
26,25,3,24,6,2,3,8,1,0,1,1,0,0,0,0,0,14.934928,51.166783
26,16,10,6,17,5,3,4,6,0,0,1,1,0,0,0,0,14.606262,50.934214
26,17,5,30,12,3,3,5,3,0,0,1,1,0,0,0,0,14.60337,50.936248
26,18,4,6,7,6,2,2,6,0,0,1,0,0,0,0,0,14.594862,50.935006
26,18,5,3,13,5,3,4,2,0,0,1,0,0,0,0,1,14.617803,50.936241
26,18,5,4,18,6,3,5,3,0,0,1,1,0,0,0,0,14.617579,50.932052
26,18,7,7,12,7,2,4,2,0,0,1,1,0,0,0,0,14.61881,50.934895
26,18,9,6,11,5,3,5,3,0,0,1,1,0,0,0,0,14.593829,50.934509
26,18,12,5,20,4,2,3,6,2,2,1,1,0,0,0,0,14.59402,50.937838
26,19,6,4,23,3,3,9,1,2,0,1,0,0,0,0,0,14.610378,50.934752
26,19,9,4,17,4,3,0,2,0,0,1,1,0,0,0,0,14.612637,50.930241
26,20,2,21,16,6,3,0,1,0,0,1,0,0,0,0,0,14.618666,50.932901
26,20,8,6,19,5,3,2,6,0,0,1,1,0,0,0,0,14.650267,50.935394
26,20,8,21,9,6,2,5,3,0,0,1,1,0,0,0,0,14.618471,50.935959
26,20,8,24,19,2,3,0,1,0,1,1,0,0,0,0,0,14.618924,50.934847
26,21,5,8,18,7,3,4,3,0,0,1,1,0,0,0,0,14.593553,50.937166
26,21,7,16,12,6,3,0,1,0,0,1,0,0,0,0,0,14.607668,50.936828
26,21,12,21,11,3,3,2,1,0,2,1,0,0,0,0,0,14.601543,50.952232
26,22,1,21,8,6,2,0,1,0,2,1,0,0,0,0,0,14.618451,50.935699
26,22,8,4,15,5,3,8,1,0,0,1,0,0,0,0,0,14.617468,50.931951
26,23,3,30,17,5,2,5,3,0,0,1,1,0,0,0,0,14.618588,50.932806
26,23,9,20,12,4,3,5,3,0,0,1,1,0,0,0,0,14.609106,50.933724
26,24,6,14,15,6,2,0,7,0,0,1,0,0,0,0,0,14.624345,50.928834
26,24,8,20,10,3,3,0,1,0,0,1,0,0,0,0,0,14.621299,50.937732
26,24,8,24,17,7,3,0,1,0,0,1,0,0,0,0,0,14.62152,50.92947
26,24,8,31,15,7,2,4,1,0,0,1,1,0,0,0,0,14.618922,50.934847
26,25,4,10,14,5,3,0,1,0,0,1,0,0,0,0,0,14.618709,50.932901
26,25,8,31,14,1,2,8,1,0,0,1,0,0,0,0,0,14.605744,50.932809
26,25,10,3,16,6,3,0,1,0,0,1,0,0,0,0,0,14.583127,50.941085
26,23,6,23,19,6,2,0,6,0,0,1,1,0,0,0,0,14.477336,51.482053
26,24,3,31,22,1,2,9,1,2,0,1,0,0,0,0,0,14.577247,51.529918
26,17,5,4,5,5,3,3,6,0,0,1,1,0,0,0,0,14.763972,51.202077
26,21,8,15,4,1,3,9,1,1,0,1,0,0,0,0,0,14.789162,51.191388
26,22,5,25,17,4,2,5,3,0,0,1,1,0,0,0,0,14.788804,51.191899
26,22,11,3,20,5,3,8,6,1,0,1,1,0,0,0,0,14.724729,51.204021
26,16,6,2,7,5,2,0,1,0,0,1,0,0,0,0,0,14.825995,51.210111
26,17,5,11,18,5,2,5,3,0,0,1,1,0,0,0,0,14.808493,51.265983
26,17,6,22,12,5,3,4,6,0,0,1,0,0,0,0,0,14.80784,51.254924
26,17,7,13,15,5,2,3,2,0,0,1,1,0,0,0,0,14.777219,51.220425
26,18,9,1,8,7,3,0,7,0,0,1,0,0,0,0,0,14.819405,51.283608
26,19,6,5,15,4,3,5,3,0,0,1,1,0,0,0,0,14.761671,51.245859
26,19,10,7,12,2,2,8,6,0,0,1,0,0,0,0,1,14.81464,51.25199
26,20,5,18,14,2,1,0,7,0,0,1,0,0,0,0,0,14.809455,51.259856
26,21,7,24,23,7,2,5,3,2,0,1,1,0,0,0,0,14.806938,51.249932
26,22,1,18,15,3,3,5,3,0,0,1,1,0,0,0,0,14.814865,51.270269
26,22,12,22,0,5,3,2,6,2,0,1,0,0,0,0,0,14.756997,51.243605
26,23,5,18,14,5,3,0,1,0,0,1,0,0,0,0,0,14.830898,51.209428
26,24,4,27,18,7,3,0,1,0,0,1,0,0,0,0,0,14.808337,51.255886
26,24,9,10,11,3,3,5,3,0,1,1,1,0,0,0,0,14.820978,51.242393
26,24,10,9,14,4,3,0,1,0,0,1,0,0,0,0,0,14.777538,51.219103
26,24,11,18,7,2,2,5,3,0,1,1,1,0,0,0,0,14.777068,51.220606
26,25,5,2,15,6,3,9,1,0,0,1,0,0,0,0,0,14.77708,51.220517
26,25,5,21,14,4,3,2,2,0,0,1,1,0,0,0,0,14.818339,51.27933
26,25,7,9,18,4,2,4,2,0,0,1,1,0,0,0,0,14.821048,51.242422
26,17,9,19,14,3,2,0,1,0,0,1,0,0,0,0,0,14.718687,51.493535
26,19,3,2,16,7,3,0,1,0,0,1,0,0,0,0,0,14.718942,51.494781
26,19,6,7,12,6,3,5,3,0,0,1,1,0,0,0,0,14.725536,51.472726
26,19,7,1,9,2,2,3,2,0,0,1,1,0,0,0,0,14.711918,51.50212
26,19,8,2,11,6,2,4,6,0,0,1,0,0,0,0,1,14.721425,51.494867
26,19,12,6,14,6,3,5,3,0,0,1,1,0,0,0,0,14.709132,51.495576
26,21,6,10,6,5,3,5,3,0,0,1,1,0,0,0,0,14.711549,51.50231
26,24,10,10,9,5,3,5,3,0,0,1,1,0,0,0,0,14.715738,51.497531
26,25,3,2,13,1,2,5,2,0,0,1,1,0,0,0,0,14.711809,51.502312
26,25,9,27,15,7,2,0,1,0,0,1,0,0,0,0,0,14.71506,51.498298
26,16,1,4,13,2,1,5,3,0,0,1,1,0,0,0,0,14.630132,51.494839
26,16,1,5,18,3,3,5,3,2,1,1,1,0,0,0,0,14.630577,51.499326
26,16,1,6,6,4,2,0,1,2,2,1,0,0,0,0,0,14.639874,51.503184
26,16,1,6,16,4,3,5,3,0,1,1,1,0,0,0,0,14.630471,51.494623
26,16,3,1,6,3,3,5,3,2,1,1,1,0,0,0,0,14.661829,51.491259
26,16,3,2,16,4,3,5,3,0,0,1,1,0,0,0,0,14.648449,51.506377
26,16,3,3,7,5,3,4,6,0,0,1,0,0,0,0,0,14.639472,51.502666
26,16,3,4,9,6,2,5,3,0,0,1,1,0,0,0,0,14.630615,51.499309
26,16,5,3,7,3,3,5,3,0,0,1,1,0,0,0,0,14.62718,51.501274
26,16,5,3,15,3,2,0,1,0,0,1,0,0,0,0,0,14.636279,51.50384
26,16,5,6,15,6,3,7,1,0,1,1,0,0,0,0,0,14.640756,51.50397
26,16,6,2,7,5,3,5,3,0,0,1,1,0,0,0,0,14.653201,51.493018
26,16,6,7,7,3,2,5,3,0,0,1,1,0,0,0,0,14.643409,51.506628
26,16,7,5,20,3,3,0,1,0,0,1,0,0,0,0,0,14.636284,51.503839
26,16,8,4,9,5,3,5,3,0,0,1,1,0,0,0,0,14.619098,51.507608
26,16,8,4,14,5,2,5,3,0,0,1,1,0,0,0,0,14.61987,51.508699
26,16,9,1,11,5,3,3,2,0,0,1,1,0,0,0,0,14.639894,51.503201
26,16,9,2,8,6,3,5,2,0,0,1,1,0,0,0,0,14.630365,51.501488
26,16,9,6,17,3,3,5,2,0,0,1,1,0,0,0,0,14.589197,51.537573
26,16,9,6,19,3,3,5,3,1,0,1,0,0,0,0,0,14.637419,51.498609
26,16,10,1,9,7,3,4,2,0,0,1,1,0,0,0,0,14.646061,51.498446
26,16,10,7,10,6,3,3,2,0,0,1,1,0,0,0,0,14.643382,51.500868
26,16,10,7,16,6,3,5,3,0,1,1,1,0,0,0,0,14.63725,51.492491
26,16,11,7,7,2,3,5,3,1,1,1,1,0,0,0,0,14.62901,51.508921
26,16,12,1,14,5,3,3,2,0,0,1,1,0,0,0,0,14.637215,51.500907
26,16,12,2,21,6,3,5,3,2,0,1,1,0,0,0,0,14.637268,51.500953
26,16,12,7,19,4,2,0,1,2,2,1,0,0,0,0,0,14.629397,51.500582
26,17,1,24,7,3,3,3,2,0,2,1,1,0,0,0,0,14.640551,51.503797
26,17,2,15,12,4,3,4,2,0,0,1,1,0,0,0,0,14.642134,51.505348
26,17,2,18,9,7,3,0,1,0,1,1,0,0,0,0,0,14.636256,51.499132
26,17,2,19,14,1,2,0,1,0,2,1,0,0,0,0,0,14.625735,51.513505
26,17,3,6,6,2,3,3,2,0,0,1,1,0,0,0,0,14.651512,51.512568
26,17,3,9,19,5,2,0,1,1,1,1,0,0,0,0,0,14.642202,51.49722
26,17,3,31,21,6,2,0,7,2,0,1,0,0,0,0,0,14.646388,51.508993
26,17,4,2,15,1,3,8,1,0,0,1,0,0,0,0,0,14.651505,51.512563
26,17,4,3,17,2,3,6,4,0,0,1,0,1,0,0,0,14.641383,51.504505
26,17,4,8,19,7,2,3,2,0,0,1,0,0,0,0,0,14.622999,51.512474
26,17,4,20,14,5,2,4,2,0,0,1,1,0,0,0,0,14.644849,51.508016
26,17,4,28,15,6,2,5,3,0,0,1,1,0,0,0,0,14.641059,51.495963
26,17,5,15,11,2,3,4,7,0,0,1,0,0,0,0,0,14.626931,51.502286
26,17,5,18,15,5,3,4,6,0,0,1,1,0,0,0,0,14.643354,51.500791
26,17,5,22,10,2,3,5,3,0,0,1,1,0,0,0,0,14.639303,51.500027
26,17,6,1,16,5,2,0,1,0,0,1,0,0,0,0,0,14.626007,51.498964
26,17,6,2,8,6,3,5,2,0,0,1,1,0,0,0,0,14.646209,51.505469
26,17,6,3,9,7,3,6,6,0,0,1,0,1,0,0,0,14.640833,51.503694
26,17,6,16,14,6,3,4,2,0,1,1,1,0,0,0,0,14.615837,51.51307
26,17,6,30,9,6,3,5,3,0,0,1,1,0,0,0,0,14.642814,51.506038
26,17,7,25,15,3,3,3,2,0,0,1,1,0,0,0,0,14.648175,51.501672
26,17,8,17,18,5,3,0,7,0,0,1,0,0,0,0,0,14.640739,51.503955
26,17,8,21,8,2,3,5,3,0,0,1,1,0,0,0,0,14.640063,51.503123
26,17,8,28,10,2,3,5,3,0,0,1,1,0,0,0,0,14.643335,51.506555
26,17,9,2,22,7,3,0,1,2,0,1,0,0,0,0,0,14.631331,51.495884
26,17,9,12,7,3,2,5,3,0,0,1,1,0,0,0,0,14.646427,51.509017
26,17,9,12,11,3,3,6,6,0,0,1,0,1,0,0,0,14.643299,51.500928
26,17,9,14,14,5,3,3,2,0,1,1,1,0,0,0,0,14.632051,51.496584
26,17,9,27,7,4,2,0,1,0,1,1,0,0,0,0,0,14.619624,51.507549
26,17,10,16,11,2,3,5,3,0,0,1,1,0,0,0,0,14.655282,51.492293
26,17,12,2,7,7,3,0,1,1,1,1,0,0,0,0,0,14.638752,51.502216
26,18,1,3,16,4,2,3,2,0,1,1,1,0,0,0,0,14.640535,51.503783
26,18,2,1,15,5,2,5,3,0,0,1,1,0,0,0,0,14.616483,51.508554
26,18,3,5,16,2,2,4,2,0,0,1,1,0,0,0,0,14.632134,51.496585
26,18,3,6,17,3,2,5,3,0,0,1,1,0,0,0,0,14.629028,51.508982
26,18,3,6,17,3,2,4,2,0,1,1,1,0,0,0,0,14.644071,51.502508
26,18,3,6,20,3,3,0,1,2,1,1,0,0,0,0,0,14.64336,51.500808
26,18,3,7,7,4,3,0,1,1,1,1,0,0,0,0,0,14.637265,51.50095
26,18,4,2,14,2,3,4,2,0,0,1,1,0,0,0,0,14.642124,51.505339
26,18,4,2,17,2,2,0,7,0,1,1,0,0,0,0,0,14.60622,51.519841
26,18,4,6,15,6,3,3,6,0,0,1,1,0,0,0,0,14.642857,51.502951
26,18,4,6,18,6,3,4,6,0,0,1,1,0,0,0,0,14.623737,51.512476
26,18,5,2,14,4,3,0,1,0,1,1,0,0,0,0,0,14.654955,51.515168
26,18,5,2,21,4,3,5,3,0,0,1,1,0,0,0,0,14.644774,51.505973
26,18,5,4,9,6,2,5,3,0,0,1,1,0,0,0,0,14.640892,51.495755
26,18,6,1,7,6,2,3,2,0,0,1,1,0,0,0,0,14.62611,51.507226
26,18,6,4,14,2,3,5,3,0,0,1,1,0,0,0,0,14.636233,51.503857
26,18,6,6,12,4,3,4,6,0,0,1,0,0,0,0,0,14.638724,51.503437
26,18,6,7,21,5,3,5,3,1,0,1,1,0,0,0,0,14.627592,51.493357
26,18,7,3,12,3,3,3,2,0,0,1,1,0,0,0,0,14.616539,51.508501
26,18,7,3,13,3,3,5,3,0,0,1,1,0,0,0,0,14.648016,51.5048
26,18,7,4,6,4,3,4,6,0,0,1,0,0,0,0,0,14.640969,51.503653
26,18,7,7,22,7,3,0,1,2,0,1,0,0,0,0,0,14.632182,51.499652
26,18,8,2,13,5,3,5,3,0,0,1,1,0,0,0,0,14.616481,51.508556
26,18,8,2,18,5,2,5,3,0,0,1,0,0,0,0,0,14.620035,51.507501
26,18,9,2,16,1,3,1,5,0,0,1,1,0,0,0,0,14.614117,51.503469
26,18,9,5,15,4,3,2,7,0,0,1,1,0,0,0,0,14.634258,51.503361
26,18,9,6,20,5,2,0,7,2,0,1,0,0,0,0,0,14.634587,51.499884
26,18,10,1,7,2,3,2,6,0,1,1,1,0,0,0,0,14.630548,51.501519
26,18,10,1,17,2,3,5,3,1,1,1,1,0,0,0,0,14.627899,51.502095
26,18,10,5,16,6,2,5,3,0,0,1,1,0,0,0,0,14.650296,51.494041
26,18,11,7,16,4,2,5,3,1,0,1,1,0,0,0,0,14.63056,51.499312
26,18,12,3,10,2,3,5,3,0,1,1,1,0,0,0,0,14.633901,51.495874
26,18,12,6,18,5,3,4,2,2,1,1,1,0,0,0,0,14.629913,51.50635
26,18,12,7,7,6,3,1,5,2,0,1,1,0,0,0,0,14.641023,51.508967
26,19,2,6,13,4,3,0,1,0,0,1,0,0,0,0,0,14.516251,51.4468
26,19,3,5,17,3,1,0,7,1,1,1,0,0,0,0,0,14.638858,51.502305
26,19,3,7,19,5,3,5,3,2,1,1,1,0,0,0,0,14.639868,51.503211
26,19,4,7,13,1,3,5,3,0,0,1,1,0,0,0,0,14.643351,51.506571
26,19,5,2,12,5,3,0,1,0,0,1,0,0,0,0,0,14.64649,51.509055
26,19,5,3,0,6,2,0,1,2,0,1,0,0,0,0,0,14.64234,51.49884
26,19,5,4,8,7,3,5,3,0,0,1,1,0,0,0,0,14.644064,51.50251
26,19,5,5,15,1,3,4,6,0,0,1,0,0,0,0,0,14.617387,51.507834
26,19,5,7,19,3,3,3,2,0,0,1,1,0,0,0,0,14.642087,51.505301
26,19,6,2,12,1,3,3,2,0,0,1,1,0,0,0,0,14.643725,51.50172
26,19,6,2,22,1,3,0,7,2,0,1,0,0,0,0,0,14.612024,51.513169
26,19,6,6,7,5,3,4,2,0,0,1,1,0,0,0,0,14.64222,51.497216
26,19,6,7,22,6,3,4,6,2,0,1,0,0,0,0,0,14.603214,51.526902
26,19,7,4,16,5,3,5,3,0,0,1,0,0,0,0,1,14.613308,51.508104
26,19,8,1,16,5,3,0,1,0,0,1,0,0,0,0,0,14.629059,51.50895
26,19,8,1,16,5,3,3,2,0,0,1,1,0,0,0,0,14.635525,51.49948
26,19,8,3,3,7,3,0,1,2,0,1,0,0,0,0,0,14.630939,51.505994
26,19,8,3,17,7,3,8,6,0,0,1,0,0,0,0,0,14.645481,51.508455
26,19,8,6,13,3,3,4,7,0,0,1,1,0,0,0,0,14.656809,51.50938
26,19,9,2,7,2,2,3,2,1,0,1,1,0,0,0,0,14.643654,51.501545
26,19,9,3,14,3,3,5,3,0,0,1,0,0,0,0,0,14.629442,51.506408
26,19,9,3,16,3,3,2,6,0,0,1,0,0,0,0,1,14.64059,51.50383
26,19,9,5,7,5,3,5,3,0,0,1,1,0,0,0,0,14.643374,51.506593
26,19,10,1,9,3,3,5,3,0,0,1,1,0,0,0,0,14.640586,51.503827
26,19,10,3,10,5,3,0,3,0,0,1,1,0,0,0,0,14.632425,51.502263
26,19,10,3,14,5,2,5,3,0,0,1,0,0,0,0,0,14.639894,51.503201
26,19,10,4,19,6,3,4,2,2,0,1,1,0,0,0,0,14.617524,51.5078
26,19,10,6,2,1,2,8,1,2,0,1,0,0,0,0,0,14.654298,51.514668
26,19,12,4,8,4,2,5,3,0,0,1,1,0,0,0,0,14.628851,51.49797
26,20,1,9,13,5,2,0,1,0,1,1,0,0,0,0,0,14.62986,51.506359
26,20,1,24,19,6,3,4,2,2,0,1,1,0,0,0,0,14.626145,51.506797
26,20,2,26,14,4,3,4,2,0,1,1,1,0,0,0,0,14.634088,51.517052
26,20,5,28,10,5,3,3,2,0,0,1,0,0,0,0,1,14.640521,51.503771
26,20,5,28,11,5,3,4,6,0,0,1,0,0,0,0,0,14.61667,51.508369
26,20,5,28,17,5,3,8,1,0,1,1,0,0,0,0,0,14.625456,51.506874
26,20,6,4,14,5,3,3,2,0,0,1,1,0,0,0,0,14.646425,51.509022
26,20,6,15,11,2,2,3,2,0,0,1,1,0,0,0,0,14.62492,51.49935
26,20,6,23,9,3,3,5,3,0,0,1,1,0,0,0,0,14.637214,51.503575
26,20,7,1,17,4,3,3,6,0,0,1,0,0,0,0,0,14.626693,51.512593
26,20,7,11,20,7,3,0,1,0,0,1,0,0,0,0,0,14.639112,51.512173
26,20,7,26,18,1,3,1,5,0,0,1,1,0,0,0,0,14.635708,51.494562
26,20,7,28,15,3,3,4,2,0,0,1,1,0,0,0,0,14.654875,51.499058
26,20,8,8,9,7,3,5,3,0,0,1,1,0,0,0,0,14.639357,51.494433
26,20,9,5,16,7,3,3,1,0,0,1,1,0,0,0,0,14.638552,51.50038
26,20,9,19,19,7,3,5,3,1,0,1,1,0,0,0,0,14.643386,51.506606
26,20,10,31,23,7,2,8,1,2,0,1,0,0,0,0,0,14.631024,51.511674
26,20,12,30,22,4,3,1,5,2,0,1,1,0,0,0,0,14.642791,51.505148
26,21,1,20,8,4,2,0,1,0,2,1,0,0,0,0,0,14.628987,51.508913
26,21,3,4,12,5,3,5,3,0,0,1,1,0,0,0,0,14.641871,51.505107
26,21,3,31,9,4,3,5,3,0,0,1,1,0,0,0,0,14.613791,51.511307
26,21,4,12,12,2,3,4,2,0,1,1,1,0,0,0,0,14.640601,51.50384
26,21,5,13,16,5,2,4,6,0,1,1,0,0,0,0,0,14.606353,51.522545
26,21,5,25,11,3,2,4,2,0,0,1,1,0,0,0,0,14.637414,51.498612
26,21,5,31,16,2,3,5,3,0,0,1,1,0,0,0,0,14.639318,51.500014
26,21,6,4,7,6,3,5,3,0,0,1,1,0,0,0,0,14.642872,51.498752
26,21,6,4,13,6,3,5,3,0,0,1,1,0,0,0,0,14.657513,51.516588
26,21,6,7,11,2,3,0,1,0,0,1,0,0,0,0,0,14.646864,51.504426
26,21,6,17,12,5,3,5,3,0,0,1,0,0,0,0,0,14.642043,51.503333
26,21,7,6,11,3,3,5,3,0,0,1,1,0,0,0,0,14.632274,51.50226
26,21,7,10,14,7,3,5,3,0,0,1,0,0,0,0,0,14.626548,51.506751
26,21,7,10,19,7,3,0,1,0,0,1,0,0,0,0,0,14.619788,51.507531
26,21,8,28,10,7,3,5,3,0,0,1,1,0,0,0,0,14.616464,51.508556
26,21,8,30,14,2,3,2,2,0,0,1,1,0,0,0,0,14.624896,51.499234
26,21,9,5,16,1,3,0,1,0,0,1,0,0,0,0,0,14.626896,51.512597
26,21,9,6,13,2,2,2,6,0,0,1,0,0,0,1,0,14.663027,51.485817
26,21,9,8,7,4,3,5,3,0,0,1,1,0,0,0,0,14.636836,51.503645
26,21,9,9,15,5,3,0,7,0,0,1,0,0,0,0,0,14.614722,51.507986
26,21,9,10,16,6,2,0,1,0,0,1,0,0,0,0,0,14.612938,51.508139
26,21,9,14,12,3,3,4,2,0,0,1,1,0,0,0,0,14.63725,51.500954
26,21,10,1,7,6,3,3,2,0,0,1,1,0,0,0,0,14.646421,51.509019
26,21,10,12,10,3,2,5,3,0,0,1,1,0,0,0,0,14.625966,51.503909
26,21,11,26,6,6,2,4,2,2,0,1,1,0,0,0,0,14.657108,51.490359
26,22,1,31,9,2,2,0,1,0,0,1,0,0,0,0,0,14.652586,51.507984
26,22,4,11,15,2,3,5,3,0,0,1,1,0,0,0,0,14.620047,51.507499
26,22,4,13,8,4,3,5,3,0,0,1,1,0,0,0,0,14.614425,51.51064
26,22,5,2,19,2,2,0,1,0,0,1,0,0,0,0,0,14.648789,51.501754
26,22,5,9,10,2,3,5,3,0,0,1,1,0,0,0,0,14.614652,51.499852
26,22,5,10,6,3,3,4,6,0,0,1,0,0,0,0,0,14.647771,51.509826
26,22,5,21,15,7,3,3,2,0,0,1,1,0,0,0,0,14.642071,51.505301