UKREIS,UJAHR,UMONAT,UTAG,USTUNDE,UWOCHENTAG,UKATEGORIE,UART,UTYP,LICHT,USTRZUSTAND,IstRad,IstPKW,IstFuss,IstKrad,IstGkfz,IstSonstige,@lon,@lat
26,23,4,22,15,7,3,0,6,0,0,1,1,0,1,0,0,14.811968,50.897842
26,23,4,25,7,3,3,1,5,0,0,1,1,0,0,0,0,14.806382,50.900881
26,23,5,1,13,2,2,5,3,0,0,1,1,0,0,0,0,14.884675,50.944415
26,23,5,22,18,2,3,5,3,0,0,1,1,0,0,0,0,14.88471,50.944342
26,23,5,29,22,2,2,0,7,2,0,1,0,0,0,0,0,14.786542,50.898947
26,23,5,31,17,4,3,5,7,0,0,1,1,0,0,0,0,14.791561,50.899719
26,23,6,7,14,4,3,5,3,0,0,1,1,0,0,0,0,14.820046,50.899665
26,23,6,15,7,5,3,3,2,0,0,1,1,0,0,0,0,14.823036,50.898958
26,23,6,23,7,6,2,8,6,0,0,1,1,0,0,0,0,14.799587,50.893807
26,23,6,24,22,7,3,0,1,2,0,1,0,0,0,0,0,14.836802,50.898548
26,23,6,27,17,3,3,0,1,0,1,1,0,0,0,0,0,14.807377,50.890143
26,23,7,3,17,2,3,0,7,0,0,1,0,1,0,0,0,14.79751,50.898703
26,23,7,12,13,4,3,0,1,0,0,1,0,0,0,0,0,14.812321,50.906019
26,23,7,18,15,3,3,5,3,0,0,1,0,0,1,0,0,14.792755,50.89263
26,23,7,22,3,7,2,0,1,2,1,1,0,0,0,0,0,14.785927,50.894676
26,23,8,22,15,3,3,4,6,0,0,1,0,0,0,0,0,14.846784,50.914126
26,23,9,4,10,2,3,5,3,0,0,1,1,0,0,0,0,14.814708,50.902337
26,23,9,5,9,3,2,5,3,0,0,1,1,0,0,0,0,14.800791,50.895959
26,23,9,7,17,5,3,5,3,0,0,1,1,0,0,0,0,14.810367,50.884645
26,23,9,13,19,4,3,0,1,1,0,1,0,0,0,0,0,14.810808,50.897309
26,23,10,3,12,3,3,7,7,0,0,1,0,0,0,0,0,14.889473,50.945773
26,23,10,4,8,4,3,5,3,0,0,1,1,0,0,0,0,14.803109,50.903543
26,23,10,8,17,1,2,8,1,0,0,1,0,0,0,0,0,14.81861,50.896857
26,23,10,20,9,6,3,4,2,0,1,1,1,0,0,0,0,14.808874,50.908318
26,23,10,24,19,3,3,0,1,2,1,1,0,0,0,0,0,14.808357,50.896343
26,23,11,14,10,3,3,0,3,0,0,1,1,0,0,0,0,14.805302,50.890451
26,24,2,7,6,4,3,4,2,2,1,1,1,0,0,0,0,14.798462,50.907057
26,24,2,9,16,6,3,0,1,0,1,1,0,0,0,0,0,14.837674,50.907045
26,24,2,10,19,7,3,5,3,2,0,1,1,0,0,0,0,14.81661,50.897711
26,24,2,27,14,3,3,5,3,0,0,1,1,0,0,0,0,14.798178,50.893893
26,24,3,7,14,5,3,6,6,0,0,1,0,1,0,0,0,14.8093,50.885438
26,24,4,9,17,3,2,3,6,0,0,1,0,0,0,0,1,14.777268,50.901677
26,24,4,12,6,6,3,5,3,0,0,1,1,0,0,0,0,14.809783,50.893089
26,24,4,25,8,5,2,0,1,0,1,1,0,0,0,0,0,14.802764,50.897512
26,24,4,27,20,7,2,0,1,2,0,1,0,0,0,0,0,14.811587,50.897117
26,24,4,28,11,1,2,0,1,0,0,1,0,0,0,0,0,14.822524,50.904328
26,24,4,30,10,3,3,3,2,0,0,1,1,0,0,0,0,14.797003,50.896262
26,24,5,15,5,4,2,5,3,0,0,1,1,0,0,0,0,14.805302,50.887844
26,24,5,21,14,3,3,3,2,0,0,1,1,0,0,0,0,14.803303,50.888636
26,24,5,24,7,6,3,1,5,1,0,1,1,0,0,0,0,14.821439,50.903264
26,24,5,30,14,5,3,0,1,0,0,1,0,0,0,0,0,14.796603,50.89135
26,24,6,3,18,2,3,5,3,0,0,1,0,0,0,1,0,14.81101,50.892184
26,24,6,11,15,3,2,3,6,0,0,1,1,0,0,0,0,14.800262,50.894326
26,24,6,17,14,2,2,3,2,0,0,1,1,0,0,0,0,14.81246,50.903814
26,24,6,24,9,2,2,0,1,0,0,1,0,0,0,0,0,14.888425,50.951105
26,24,7,2,12,3,2,6,7,0,0,1,0,1,0,0,0,14.805673,50.898936
26,24,7,13,20,7,3,9,1,0,0,1,0,0,0,0,0,14.784025,50.881721
26,24,7,22,16,2,2,0,1,0,0,1,0,0,0,0,0,14.811242,50.877439
26,24,7,23,22,3,3,0,1,2,0,1,0,0,0,0,0,14.809304,50.887083
26,24,7,24,16,4,3,0,1,0,0,1,0,0,0,0,0,14.80737,50.896722
26,24,7,24,17,4,3,2,6,0,0,1,0,0,0,0,0,14.794143,50.895195
26,24,7,26,16,6,3,5,3,0,1,1,1,0,0,0,0,14.81237,50.906004
26,24,7,31,16,4,3,0,1,0,0,1,1,0,0,0,0,14.799964,50.895438
26,24,8,6,15,3,3,0,1,0,0,1,0,0,0,0,0,14.804953,50.910172
26,24,8,6,18,3,3,5,3,0,0,1,1,0,0,0,0,14.819507,50.901303
26,24,8,10,11,7,3,0,1,0,0,1,0,0,0,0,0,14.762214,50.898374
26,24,8,14,13,4,3,7,7,0,0,1,0,0,0,0,0,14.879145,50.978472
26,24,8,16,6,6,3,5,3,0,0,1,1,0,0,0,0,14.825092,50.903467
26,24,8,19,14,2,3,5,3,0,0,1,1,0,0,0,0,14.798431,50.862312
26,24,8,22,10,5,2,5,3,0,0,1,1,0,0,0,0,14.796193,50.899439
26,24,8,29,16,5,3,5,3,0,0,1,1,0,0,0,0,14.788148,50.897142
26,24,8,30,10,6,3,5,3,0,0,1,1,0,0,0,0,14.811011,50.892183
26,24,8,31,17,7,3,3,6,0,0,1,0,0,0,0,0,14.852021,50.91928
26,24,9,20,11,6,3,5,3,0,0,1,0,0,0,0,1,14.887508,50.947212
26,24,10,9,14,4,3,0,7,0,0,1,0,0,0,0,1,14.81063,50.875268
26,24,10,12,13,7,3,3,2,0,0,1,0,0,0,0,0,14.826864,50.891175
26,24,11,27,6,4,3,5,3,1,1,1,1,0,0,0,0,14.811236,50.891874
26,24,12,3,14,3,3,0,3,0,1,1,0,0,1,0,0,14.799532,50.899167
26,24,12,9,17,2,3,2,2,2,1,1,1,0,0,0,0,14.813545,50.889764
26,25,1,9,12,5,3,0,1,0,0,1,0,0,0,0,0,14.808599,50.903866
26,25,2,4,6,3,2,5,3,2,0,1,1,0,0,0,0,14.805395,50.89047
26,25,2,6,8,5,2,0,1,0,2,1,0,0,0,0,0,14.8183,50.892197
26,25,3,16,15,1,3,0,7,0,0,1,0,1,0,0,0,14.797176,50.896247
26,25,3,26,10,4,3,5,3,0,1,1,1,0,0,0,0,14.811233,50.89188
26,25,3,31,15,2,3,5,3,0,1,1,1,0,0,0,0,14.799199,50.894768
26,25,4,3,10,5,3,3,7,0,0,1,1,0,0,0,0,14.816223,50.902529
26,25,4,3,13,5,2,5,3,0,0,1,0,0,0,0,1,14.812308,50.889967
26,25,4,4,23,6,3,8,1,2,0,1,0,0,0,0,0,14.81007,50.898578
26,25,4,20,14,1,3,0,1,0,0,1,0,0,0,0,0,14.799003,50.894193
26,25,4,28,14,2,3,1,1,0,0,1,0,0,0,0,0,14.888553,50.948233
26,25,4,29,14,3,3,4,2,0,0,1,1,0,0,0,0,14.822488,50.901764
26,25,5,25,17,1,3,0,1,0,1,1,0,0,0,0,0,14.793004,50.898932
26,25,5,27,11,3,3,3,2,0,0,1,1,0,0,0,0,14.811845,50.890592
26,25,6,6,14,6,3,2,6,0,0,1,1,0,0,0,0,14.810101,50.897007
26,25,6,12,11,5,3,3,6,0,0,1,0,0,0,0,0,14.846145,50.912968
26,25,6,13,7,6,3,0,1,0,0,1,1,0,0,0,0,14.801204,50.901105
26,25,6,13,12,6,3,5,3,0,0,1,1,0,0,0,0,14.80578,50.896907
26,25,6,19,15,5,3,5,3,0,0,1,1,0,0,0,0,14.783536,50.899148
26,25,6,20,23,6,3,0,1,2,0,1,0,0,0,0,0,14.79819,50.890774
26,25,7,2,6,4,3,3,6,0,0,1,0,0,0,0,1,14.792533,50.893149
26,25,7,5,16,7,3,6,6,0,0,1,0,1,0,0,0,14.785463,50.898482
26,25,7,5,17,7,3,4,1,0,0,1,0,0,0,0,0,14.80949,50.884447
26,25,7,16,14,4,3,0,3,0,0,1,1,0,0,0,0,14.880177,50.940014
26,25,7,19,14,7,3,0,3,0,0,1,0,0,1,0,0,14.884802,50.943547
26,25,7,22,15,3,3,0,1,0,0,1,0,0,0,0,0,14.792498,50.894232
26,25,7,29,11,3,3,3,2,0,1,1,1,0,0,0,0,14.814192,50.88733
26,25,8,5,15,3,3,6,7,0,0,1,0,1,0,0,0,14.814575,50.896282
26,25,8,17,9,1,3,0,3,0,0,1,1,0,0,0,0,14.823205,50.896904
26,25,8,17,15,1,3,5,3,0,0,1,1,0,0,0,0,14.802285,50.893986
26,25,8,18,14,2,3,5,3,0,0,1,1,0,0,0,0,14.819438,50.901336
26,25,8,19,16,3,3,0,7,0,0,1,0,0,0,0,0,14.791567,50.894462
26,25,8,21,16,5,3,1,7,0,0,1,0,1,0,0,0,14.862356,50.920343
26,25,8,23,14,7,3,0,1,0,1,1,0,0,0,0,0,14.801526,50.896224
26,25,8,25,8,2,3,0,1,0,0,1,0,0,0,0,0,14.8115,50.88799
26,25,9,5,15,6,3,3,2,0,1,1,1,0,0,0,0,14.811019,50.892177
26,25,9,18,16,5,3,4,2,0,0,1,1,0,0,0,0,14.825092,50.903467
26,25,10,1,9,4,3,0,1,0,0,1,0,0,0,0,0,14.813604,50.888265
26,25,10,21,10,3,3,4,2,0,0,1,1,0,0,0,0,14.812348,50.90601
26,25,10,24,13,6,3,0,1,0,1,1,0,0,0,0,0,14.888354,50.950773
26,25,10,31,12,6,3,0,1,0,0,1,0,0,0,0,0,14.885446,50.945217
26,25,11,7,13,6,3,0,1,0,0,1,0,0,0,0,0,14.810212,50.89514
26,25,11,15,7,7,3,5,3,0,1,1,1,0,0,0,0,14.826733,50.904039
26,25,12,2,15,3,3,0,1,0,0,1,0,0,0,0,0,14.792483,50.893864
26,25,12,6,16,7,3,5,3,2,1,1,1,0,0,0,0,14.812353,50.906009
27,16,1,5,7,3,3,0,1,1,0,1,0,0,0,0,0,13.583685,51.135268
27,16,1,5,13,3,3,5,2,0,1,1,1,0,0,0,0,13.576265,51.122476
27,16,2,2,16,3,3,5,3,0,0,1,1,0,0,0,0,13.587315,51.130865
27,16,2,5,22,6,2,0,1,2,0,1,0,0,0,0,0,13.577604,51.123593
27,16,3,1,14,3,2,3,2,0,0,1,0,0,0,0,1,13.573047,51.125647
27,16,3,3,13,5,3,5,3,0,0,1,0,0,0,0,1,13.549396,51.141025
27,16,3,4,15,6,3,3,6,0,0,1,1,0,0,0,0,13.634568,51.158214
27,16,3,5,1,7,3,8,1,2,1,1,0,0,0,0,0,13.534689,51.148454
27,16,4,1,10,6,3,5,3,0,0,1,1,0,0,0,0,13.591906,51.138227
27,16,4,4,11,2,2,5,2,0,0,1,1,0,0,0,0,13.581032,51.129761
27,16,4,4,16,2,3,5,2,0,0,1,1,0,0,0,0,13.571795,51.126539
27,16,4,5,13,3,3,4,6,0,0,1,1,0,0,0,0,13.575382,51.121601
27,16,4,6,12,4,3,5,3,0,0,1,1,0,0,0,0,13.580902,51.129591
27,16,5,4,7,4,3,5,3,0,0,1,1,0,0,0,0,13.57731,51.125641
27,16,5,5,9,5,3,5,2,0,0,1,1,0,0,0,0,13.590911,51.132803
27,16,5,5,14,5,3,5,3,0,0,1,1,0,0,0,0,13.550389,51.128978
27,16,5,6,7,6,3,6,2,0,0,1,0,1,0,0,0,13.586186,51.134556
27,16,6,4,12,7,3,5,3,0,0,1,1,0,0,0,0,13.587632,51.127728
27,16,6,5,11,1,3,0,7,0,0,1,0,0,0,0,0,13.575058,51.138375
27,16,7,1,11,6,3,5,3,0,0,1,0,0,0,0,1,13.57731,51.125641
27,16,7,5,7,3,3,5,2,0,0,1,1,0,0,0,0,13.587307,51.130859
27,16,7,6,16,4,3,0,3,0,0,1,1,0,0,0,0,13.580892,51.129592
27,16,8,1,13,2,3,5,3,0,0,1,1,0,0,0,0,13.589374,51.128574
27,16,8,1,15,2,3,5,3,0,0,1,1,0,0,0,0,13.568721,51.1239
27,16,8,2,8,3,2,1,5,0,0,1,1,0,0,0,0,13.580361,51.125186
27,16,8,3,13,4,3,5,2,0,0,1,1,0,0,0,0,13.576239,51.122449
27,16,8,3,15,4,3,5,3,0,0,1,1,0,0,0,0,13.584194,51.123845
27,16,8,6,13,7,3,5,3,0,0,1,1,0,0,0,0,13.578145,51.1324
27,16,9,2,11,6,3,5,2,0,0,1,1,0,0,0,0,13.575186,51.138069
27,16,9,2,15,6,2,4,6,0,0,1,0,0,0,0,0,13.556588,51.127595
27,16,9,2,19,6,3,0,1,1,0,1,0,0,0,0,0,13.581846,51.125838
27,16,9,7,6,4,1,2,6,0,0,1,1,0,0,0,0,13.563797,51.127087
27,16,10,1,21,7,3,5,2,2,1,1,1,0,0,0,0,13.590114,51.138669
27,16,11,4,14,6,2,5,2,0,1,1,0,0,0,0,1,13.57925,51.124942
27,16,12,1,14,5,2,5,3,0,0,1,1,0,0,0,0,13.58109,51.12966
27,16,12,6,9,3,3,2,6,0,1,1,1,0,0,0,0,13.587948,51.130475
27,17,2,21,18,3,3,5,3,2,1,1,0,0,0,0,1,13.575179,51.138085
27,17,2,27,15,2,3,5,3,0,0,1,0,0,0,0,1,13.586718,51.126279
27,17,3,21,22,3,3,0,1,2,1,1,0,0,0,0,0,13.577825,51.121641
27,17,4,3,12,2,3,5,3,0,0,1,1,0,0,0,0,13.587416,51.123887
27,17,4,3,14,2,3,5,3,0,0,1,1,0,0,0,0,13.584334,51.127615
27,17,4,13,9,5,2,2,6,0,0,1,0,0,1,0,0,13.582857,51.13449
27,17,5,11,16,5,3,3,2,0,0,1,1,0,0,0,0,13.580192,51.124741
27,17,5,16,9,3,2,5,3,0,0,1,1,0,0,0,0,13.584469,51.129591
27,17,5,25,10,5,3,5,3,0,0,1,1,0,0,0,0,13.57806,51.132492
27,17,5,30,17,3,3,5,3,0,0,1,0,0,0,0,1,13.521872,51.13662
27,17,6,1,15,5,3,8,1,0,0,1,0,0,0,0,0,13.577641,51.123624
27,17,6,6,8,3,3,0,1,0,0,1,0,0,0,0,0,13.582584,51.133887
27,17,6,7,15,4,2,0,1,0,0,1,0,0,0,0,0,13.548928,51.144845
27,17,6,10,14,7,3,0,7,0,0,1,0,0,0,0,0,13.584695,51.12958
27,17,6,20,10,3,2,0,7,0,0,1,0,0,0,0,1,13.587821,51.121903
27,17,7,22,12,7,3,7,7,0,0,1,0,0,0,0,0,13.56903,51.138435
27,17,7,25,15,3,3,5,3,0,0,1,0,0,0,0,0,13.575394,51.123988
27,17,8,8,16,3,3,5,3,0,0,1,1,0,0,0,0,13.576849,51.122062
27,17,8,10,7,5,3,5,3,0,0,1,0,0,0,0,1,13.581183,51.124526
27,17,9,11,21,2,3,5,3,2,0,1,1,0,0,0,0,13.580153,51.124749
27,17,9,14,18,5,2,0,7,0,0,1,0,0,0,0,0,13.550106,51.143937
27,17,9,15,7,6,3,5,3,0,0,1,1,0,0,0,0,13.581079,51.129641
27,17,9,19,14,3,3,5,3,0,0,1,1,0,0,0,0,13.576763,51.123014
27,17,10,16,17,2,3,0,6,1,0,1,1,0,0,0,0,13.585668,51.137689
27,17,10,28,17,7,2,8,1,0,0,1,0,0,0,0,0,13.612561,51.150989
27,17,11,21,6,3,3,5,3,2,1,1,1,0,0,0,0,13.547071,51.145843
27,17,11,28,17,3,2,1,5,2,1,1,1,0,0,0,0,13.591517,51.132898
27,17,12,7,7,5,3,5,7,2,0,1,1,0,0,0,0,13.597587,51.12918
27,17,12,15,8,6,3,5,3,0,1,1,1,0,0,0,0,13.587323,51.130872
27,18,2,6,8,3,3,5,3,0,0,1,1,0,0,0,0,13.57734,51.125623
27,18,3,2,7,6,3,3,6,0,1,1,0,0,0,0,1,13.615578,51.160505
27,18,3,5,14,2,2,5,2,0,1,1,1,0,0,0,0,13.573056,51.125641
27,18,3,5,16,2,3,0,1,0,0,1,0,0,0,0,0,13.56074,51.126107
27,18,4,5,5,5,2,5,3,2,0,1,1,0,0,0,0,13.580526,51.125803
27,18,5,1,8,3,3,8,1,0,0,1,0,0,0,0,0,13.589448,51.138384
27,18,5,5,6,7,3,0,1,0,0,1,0,0,0,0,0,13.595574,51.141098
27,18,5,6,17,1,2,5,3,0,0,1,1,0,0,0,0,13.578363,51.125146
27,18,5,7,21,2,3,0,7,2,0,1,0,0,0,0,0,13.586121,51.136803
27,18,6,3,17,1,3,5,3,0,0,1,0,0,0,0,1,13.587328,51.130883
27,18,6,6,12,4,3,3,6,0,0,1,0,0,0,0,0,13.573629,51.119039
27,18,6,6,13,4,3,8,1,0,0,1,0,0,0,0,0,13.578205,51.124038
27,18,6,7,12,5,3,5,3,0,0,1,1,0,0,0,0,13.585891,51.132152
27,18,6,7,15,5,3,5,3,0,0,1,1,0,0,0,0,13.57891,51.131571
27,18,6,7,16,5,3,5,3,0,0,1,1,0,0,0,0,13.550399,51.142824
27,18,7,4,22,4,3,8,7,2,0,1,0,0,0,0,0,13.57836,51.132167
27,18,7,5,12,5,3,5,3,0,0,1,1,0,0,0,0,13.521013,51.136864
27,18,7,6,14,6,3,5,3,0,0,1,1,0,0,0,0,13.575957,51.126159
27,18,7,6,22,6,2,6,6,2,1,1,0,1,0,0,0,13.621068,51.15627
27,18,8,5,19,1,3,5,3,0,0,1,1,0,0,0,0,13.587314,51.130841
27,18,9,6,13,5,3,0,7,0,0,1,0,0,0,0,1,13.568523,51.138334
27,18,10,2,15,3,3,5,7,0,0,1,1,0,0,0,0,13.579975,51.124293
27,18,11,1,17,5,3,4,2,2,0,1,1,0,0,0,0,13.57969,51.135469
27,18,11,2,10,6,3,6,7,0,0,1,0,1,0,0,0,13.550861,51.128874
27,18,11,5,8,2,2,5,3,0,1,1,1,0,0,0,0,13.573951,51.119541
27,18,12,3,7,2,3,5,3,0,1,1,0,0,0,0,1,13.582319,51.127058
27,18,12,3,16,2,3,5,3,1,0,1,1,0,0,0,0,13.580424,51.127798
27,18,12,6,11,5,3,5,3,0,1,1,1,0,0,0,0,13.57677,51.123018
27,19,1,1,8,3,3,0,6,0,2,1,1,0,0,0,0,13.579426,51.132271
27,19,1,7,14,2,3,4,5,0,1,1,1,0,0,0,0,13.57507,51.122723
27,19,3,1,13,6,3,0,1,0,0,1,0,0,0,0,0,13.580831,51.129428
27,19,3,7,11,5,2,6,7,0,1,1,0,1,0,0,0,13.586784,51.126464
27,19,3,7,21,5,2,5,3,2,0,1,1,0,0,0,0,13.583599,51.135205
27,19,4,7,14,1,2,0,7,0,0,1,0,0,0,0,0,13.594209,51.144838
27,19,5,1,18,4,3,2,3,0,0,1,1,0,0,0,0,13.577352,51.125616
27,19,5,3,19,6,2,0,1,0,0,1,0,0,0,0,0,13.512543,51.137359
27,19,5,3,19,6,2,0,1,0,0,1,0,0,0,0,0,13.583204,51.134911
27,19,5,5,15,1,3,8,1,0,0,1,0,0,0,0,0,13.583403,51.129563
27,19,5,6,7,2,3,3,6,0,0,1,0,0,0,0,1,13.577223,51.115057
27,19,5,7,16,3,3,5,3,0,0,1,1,0,0,0,0,13.576622,51.1186
27,19,6,5,12,4,3,4,7,0,0,1,0,0,0,0,1,13.579495,51.123668
27,19,6,6,13,5,3,5,3,0,0,1,0,0,0,0,1,13.591033,51.140273
27,19,7,1,18,2,3,2,2,0,0,1,0,0,0,0,0,13.535244,51.142711
27,19,7,2,11,3,3,5,3,0,1,1,1,0,0,0,0,13.580874,51.129592
27,19,7,7,9,1,3,0,7,0,0,1,0,0,0,0,0,13.518054,51.137548
27,19,8,3,12,7,3,0,7,0,0,1,0,0,0,0,0,13.571728,51.116927
27,19,9,1,20,1,3,0,1,2,1,1,0,0,0,0,0,13.580382,51.127335
27,19,9,7,9,7,3,5,3,0,0,1,1,0,0,0,0,13.580895,51.129589
27,19,10,2,7,4,3,0,6,1,1,1,0,0,0,0,1,13.56508,51.127047
27,19,10,2,11,4,3,5,3,0,0,1,1,0,0,0,0,13.580899,51.129589
27,19,10,4,16,6,3,5,3,0,0,1,1,0,0,0,0,13.574248,51.115536
27,19,11,1,8,6,3,5,3,0,0,1,0,0,0,0,1,13.580978,51.129777
27,19,11,1,9,6,3,0,1,0,0,1,0,0,0,0,0,13.593002,51.122834
27,19,11,4,11,2,3,5,3,0,0,1,1,0,0,0,0,13.581781,51.131361
27,19,11,7,8,5,3,0,1,0,1,1,0,0,0,0,0,13.58186,51.123496
27,19,11,7,10,5,3,5,2,0,0,1,1,0,0,0,0,13.581032,51.129761
27,19,12,2,7,2,3,0,1,0,1,1,0,0,0,0,0,13.580396,51.127282
27,19,12,3,6,3,2,5,2,2,1,1,0,0,0,0,1,13.54713,51.129413
27,19,12,4,8,4,3,5,3,0,0,1,1,0,0,0,0,13.575055,51.13837
27,19,12,4,14,4,3,0,1,0,0,1,0,0,0,0,0,13.574135,51.115568
27,20,1,29,21,4,3,5,2,2,1,1,1,0,0,0,0,13.580153,51.124749
27,20,3,2,17,2,3,5,3,0,0,1,1,0,0,0,0,13.580962,51.12978
27,20,3,7,18,7,3,5,3,2,0,1,1,0,0,0,0,13.576215,51.122443
27,20,3,9,6,2,3,5,2,1,0,1,1,0,0,0,0,13.541943,51.147104
27,20,3,20,16,6,3,0,1,0,1,1,0,0,0,0,0,13.570794,51.114876
27,20,3,28,14,7,3,5,3,0,0,1,0,0,0,0,0,13.548114,51.146433
27,20,4,2,16,5,3,0,1,0,0,1,0,0,0,0,0,13.576806,51.12303
27,20,5,6,14,4,3,5,3,0,0,1,1,0,0,0,0,13.57843,51.129859
27,20,5,9,15,7,3,5,3,0,0,1,1,0,0,0,0,13.582287,51.124278
27,20,5,20,11,4,3,0,7,0,0,1,0,0,0,0,0,13.584223,51.132949
27,20,5,21,17,5,3,0,1,0,0,1,0,0,0,0,0,13.57164,51.142825
27,20,5,27,1,4,3,0,7,2,0,1,0,0,0,0,0,13.571862,51.14256
27,20,5,27,7,4,2,0,1,0,0,1,0,0,0,0,0,13.575901,51.117689
27,20,5,31,16,1,3,0,1,0,0,1,0,0,0,0,0,13.588819,51.125128
27,20,6,1,15,2,2,0,1,0,0,1,0,0,0,0,0,13.573284,51.118652
27,20,6,10,11,4,3,5,3,0,1,1,1,0,0,0,0,13.578268,51.124081
27,20,6,20,3,7,3,0,1,2,1,1,0,0,0,0,0,13.580695,51.128917
27,20,6,30,13,3,3,0,7,0,0,1,0,0,0,0,0,13.573212,51.140957
27,20,7,2,16,5,3,5,3,0,0,1,0,0,1,0,0,13.549785,51.147595
27,20,7,6,17,2,3,5,3,0,0,1,1,0,0,0,0,13.573949,51.119529
27,20,7,21,14,3,2,0,1,0,0,1,0,0,0,0,0,13.587212,51.129073
27,20,7,23,9,5,3,5,2,0,0,1,1,0,0,0,0,13.574309,51.139464
27,20,7,24,17,6,2,0,1,0,0,1,0,0,0,0,0,13.574018,51.119992
27,20,7,27,11,2,1,5,2,0,0,1,0,0,0,1,0,13.574304,51.139472
27,20,7,28,10,3,2,0,1,0,0,1,0,0,0,0,0,13.578169,51.124012
27,20,8,14,18,6,3,0,1,0,1,1,0,0,0,0,0,13.594447,51.144505
27,20,8,17,16,2,2,0,1,0,0,1,0,0,0,0,0,13.572953,51.118272
27,20,9,12,4,7,2,0,1,2,0,1,0,0,0,0,0,13.586075,51.113155
27,20,9,15,7,3,2,5,3,0,0,1,1,0,0,0,0,13.54259,51.1471
27,20,10,1,13,5,2,5,2,0,0,1,0,0,0,1,0,13.573863,51.125319
27,20,10,1,15,5,2,5,3,0,0,1,1,0,0,0,0,13.584488,51.129606
27,20,10,12,7,2,3,0,7,0,1,1,0,0,0,0,0,13.584041,51.142835
27,20,10,18,15,1,3,0,1,0,0,1,0,0,0,0,0,13.596892,51.143122
27,20,10,31,14,7,3,0,1,0,0,1,0,0,0,0,0,13.595974,51.14334
27,20,11,16,18,2,3,4,2,2,1,1,1,0,0,0,0,13.541944,51.147104
27,20,11,20,14,6,3,4,6,0,0,1,1,0,0,0,0,13.583687,51.129243
27,20,11,27,15,6,3,5,2,0,0,1,1,0,0,0,0,13.583487,51.124003
27,20,12,8,9,3,3,5,2,0,0,1,1,0,0,0,0,13.5874,51.123121
27,20,12,14,11,2,3,5,3,0,0,1,1,0,0,0,0,13.592315,51.149704
27,20,12,14,11,2,3,5,2,0,0,1,1,0,0,0,0,13.647336,51.14935
27,21,1,11,13,2,3,0,1,0,0,1,0,0,0,0,0,13.57694,51.122025
27,21,3,2,15,3,3,6,4,0,0,1,0,1,0,0,0,13.582493,51.133685
27,21,3,18,11,5,3,5,3,0,1,1,1,0,0,0,0,13.57625,51.115051
27,21,3,26,10,6,3,5,7,0,0,1,1,0,0,0,0,13.577311,51.12564
27,21,4,6,16,3,3,5,2,0,0,1,1,0,0,0,0,13.573058,51.125639
27,21,4,28,16,4,3,5,3,0,0,1,1,0,0,0,0,13.579675,51.135478
27,21,5,3,13,2,3,0,1,0,0,1,0,0,0,0,0,13.57365,51.11906
27,21,5,7,7,6,3,5,3,0,1,1,1,0,0,0,0,13.578156,51.132388
27,21,5,24,11,2,3,2,6,0,0,1,0,0,0,0,0,13.569226,51.113038
27,21,6,9,14,4,3,4,6,0,0,1,0,0,0,0,0,13.518178,51.155838
27,21,6,10,12,5,3,0,1,0,0,1,0,0,0,0,0,13.567197,51.134063
27,21,6,16,7,4,2,5,3,0,0,1,0,0,0,0,1,13.586726,51.126314
27,21,6,16,9,4,3,3,2,0,0,1,1,0,0,0,0,13.573863,51.125319
27,21,6,17,12,5,3,3,2,0,0,1,1,0,0,0,0,13.565462,51.135148
27,21,6,27,11,1,2,0,7,0,0,1,0,0,0,0,0,13.573296,51.118666
27,21,6,30,10,4,3,3,6,0,0,1,1,0,0,0,0,13.570418,51.126863
27,21,7,11,13,1,3,2,6,0,0,1,1,0,0,0,0,13.51833,51.142842
27,21,7,11,16,1,3,0,1,2,1,1,0,0,0,0,0,13.574319,51.120451
27,21,7,14,6,4,3,5,3,0,0,1,1,0,0,0,0,13.580962,51.12978
27,21,8,6,16,6,3,0,3,0,0,1,1,0,0,0,0,13.580874,51.129592
27,21,8,21,1,7,2,0,1,2,0,1,0,0,0,0,0,13.561876,51.125493
27,21,9,27,13,2,2,0,7,0,0,1,0,0,0,0,0,13.587501,51.127504
27,21,9,30,6,5,2,5,3,1,0,1,1,0,0,0,0,13.546705,51.146047
27,21,10,1,6,6,3,2,6,2,0,1,1,0,0,0,0,13.55522,51.146512
27,21,10,5,8,3,3,5,3,0,1,1,1,0,0,0,0,13.580962,51.12978
27,21,10,6,9,4,3,2,2,0,0,1,1,0,0,0,0,13.584705,51.136015
27,21,10,7,11,5,3,5,3,0,0,1,1,0,0,0,0,13.593962,51.140476
27,21,10,11,13,2,3,0,7,0,1,1,0,0,0,0,0,13.581225,51.123079
27,21,10,14,17,5,3,5,3,0,0,1,1,0,0,0,0,13.551005,51.144444
27,21,10,23,17,7,3,0,7,0,0,1,0,0,0,0,0,13.587407,51.123119
27,21,10,31,17,1,2,5,7,2,0,1,1,0,0,0,0,13.590055,51.138647
27,21,11,1,17,2,2,2,6,2,1,1,0,0,0,0,1,13.565862,51.12702
27,21,11,18,9,5,3,5,3,0,0,1,1,0,0,0,0,13.580499,51.128162
27,21,12,5,11,1,3,5,3,0,0,1,1,0,0,0,0,13.571852,51.126506
27,22,1,20,10,5,3,0,3,0,1,1,1,0,0,0,0,13.590112,51.138673
27,22,2,1,18,3,2,5,3,2,1,1,0,0,0,1,0,13.587048,51.112896