UKREIS,UJAHR,UMONAT,UTAG,USTUNDE,UWOCHENTAG,UKATEGORIE,UART,UTYP,LICHT,USTRZUSTAND,IstRad,IstPKW,IstFuss,IstKrad,IstGkfz,IstSonstige,@lon,@lat
27,22,2,14,15,2,3,5,3,0,0,1,0,0,0,0,1,13.596317,51.141338
27,22,3,8,15,3,3,5,3,0,0,1,1,0,0,0,0,13.542284,51.147106
27,22,3,22,16,3,3,2,2,0,0,1,0,0,0,0,1,13.570224,51.123648
27,22,3,26,13,7,3,1,5,0,0,1,0,0,0,0,1,13.575347,51.119023
27,22,4,7,8,5,3,5,3,0,0,1,1,0,0,0,0,13.580529,51.12583
27,22,4,13,19,4,2,8,1,0,0,1,0,0,0,0,0,13.594655,51.144193
27,22,4,18,18,2,2,0,7,0,0,1,0,0,0,0,0,13.572128,51.116765
27,22,4,21,8,5,2,5,3,0,1,1,1,0,0,0,0,13.575188,51.138063
27,22,5,4,7,4,2,4,2,0,0,1,1,0,0,0,0,13.575455,51.121666
27,22,5,7,7,7,3,5,2,0,0,1,1,0,0,0,0,13.588924,51.122782
27,22,5,9,13,2,3,5,3,0,0,1,1,0,0,0,0,13.549026,51.141209
27,22,5,11,19,4,3,5,3,0,0,1,1,0,0,0,0,13.572246,51.126237
27,22,5,13,15,6,3,5,3,0,0,1,1,0,0,0,0,13.568538,51.138324
27,22,5,14,7,7,3,7,7,0,0,1,0,1,0,0,0,13.571587,51.144146
27,22,5,23,16,2,3,5,3,0,0,1,0,0,0,0,0,13.574097,51.12492
27,22,5,25,12,4,3,5,3,0,0,1,1,0,0,0,0,13.541941,51.147103
27,22,6,3,7,6,3,5,3,0,0,1,1,0,0,0,0,13.57465,51.124521
27,22,6,3,8,6,3,5,3,0,0,1,1,0,0,0,0,13.556782,51.138245
27,22,6,6,1,2,2,0,7,2,0,1,0,0,0,0,0,13.563332,51.137925
27,22,6,12,19,1,3,0,1,0,0,1,0,0,0,0,0,13.579921,51.123516
27,22,6,30,12,5,2,8,1,0,0,1,0,0,0,0,0,13.580776,51.129679
27,22,7,3,19,1,3,3,2,0,0,1,0,0,0,0,0,13.567428,51.124265
27,22,7,12,13,3,3,0,7,0,0,1,0,0,0,0,0,13.57349,51.118889
27,22,7,12,17,3,3,4,2,0,0,1,1,0,0,0,0,13.592558,51.139807
27,22,7,17,21,1,3,0,4,0,0,1,0,1,0,0,0,13.561657,51.125618
27,22,7,23,17,7,3,5,7,0,0,1,1,0,0,0,0,13.573676,51.125335
27,22,7,28,15,5,3,5,3,0,0,1,1,0,0,0,0,13.54194,51.147103
27,22,8,1,15,2,3,0,1,0,1,1,0,0,0,0,1,13.58044,51.127118
27,22,8,8,16,2,3,5,3,0,0,1,0,0,0,0,0,13.584429,51.126278
27,22,8,8,19,2,3,0,1,0,0,1,0,0,0,0,0,13.549015,51.147107
27,22,8,11,5,5,3,0,1,0,0,1,0,0,0,0,0,13.572247,51.126236
27,22,8,14,6,1,3,8,1,1,0,1,0,0,0,0,0,13.560802,51.127182
27,22,8,17,9,4,2,5,3,0,0,1,1,0,0,0,0,13.549026,51.141209
27,22,9,12,17,2,2,8,1,0,0,1,0,0,0,0,0,13.518156,51.142397
27,22,9,15,11,5,3,5,3,0,0,1,1,0,0,0,0,13.56474,51.134371
27,22,9,19,9,2,3,0,1,0,1,1,0,0,0,0,0,13.585523,51.132355
27,22,10,12,16,4,3,0,7,0,0,1,0,0,0,0,0,13.57361,51.125348
27,22,11,4,10,6,3,0,1,0,1,1,0,0,0,0,0,13.580775,51.132452
27,22,11,9,17,4,3,5,3,2,0,1,1,0,0,0,0,13.58732,51.130892
27,23,1,31,16,3,3,5,3,0,1,1,1,0,0,0,0,13.592084,51.139586
27,23,2,3,10,6,3,0,7,0,1,1,0,0,0,0,0,13.590957,51.132868
27,23,3,20,15,2,2,5,2,0,0,1,1,0,0,0,0,13.541941,51.147103
27,23,4,14,21,6,3,5,3,2,1,1,1,0,0,0,0,13.580529,51.12583
27,23,4,26,15,4,1,1,5,0,0,1,1,0,0,0,0,13.583436,51.125712
27,23,5,4,17,5,3,5,3,0,0,1,1,0,0,0,0,13.547103,51.145825
27,23,5,13,22,7,3,0,1,2,0,1,0,0,0,0,0,13.54322,51.14708
27,23,5,14,16,1,3,5,3,0,0,1,1,0,0,0,0,13.582223,51.132971
27,23,5,15,7,2,3,5,3,0,0,1,1,0,0,0,0,13.595148,51.1275
27,23,5,15,14,2,3,0,7,0,0,1,0,0,0,1,0,13.587321,51.127227
27,23,5,28,18,1,3,0,7,0,0,1,0,0,0,0,0,13.585385,51.127514
27,23,6,10,18,7,3,0,1,0,0,1,0,0,0,0,0,13.599804,51.130559
27,23,6,20,14,3,3,5,3,0,0,1,1,0,0,0,0,13.586724,51.126306
27,23,6,29,10,5,3,5,3,0,0,1,1,0,0,0,0,13.572966,51.125613
27,23,6,29,11,5,2,3,6,0,0,1,1,0,0,0,0,13.638017,51.161324
27,23,6,29,16,5,3,8,7,0,0,1,0,0,0,0,0,13.573247,51.118609
27,23,7,3,7,2,3,4,6,0,0,1,0,0,0,0,0,13.590973,51.132944
27,23,7,4,12,3,3,0,1,0,0,1,0,0,0,0,0,13.547133,51.129413
27,23,7,13,13,5,3,5,2,0,0,1,1,0,0,0,0,13.57087,51.126843
27,23,7,14,11,6,3,0,7,0,0,1,0,0,0,0,0,13.626363,51.159408
27,23,7,23,10,1,3,5,1,0,0,1,1,0,0,0,0,13.586499,51.137003
27,23,7,23,11,1,3,0,1,0,0,1,0,0,0,0,0,13.575324,51.121524
27,23,7,31,8,2,3,0,1,0,1,1,0,0,0,0,0,13.580189,51.124866
27,23,8,4,14,6,2,4,2,0,1,1,1,0,0,0,0,13.572826,51.141427
27,23,8,8,11,3,2,0,1,0,0,1,0,0,0,0,0,13.586564,51.125715
27,23,8,12,12,7,3,1,5,0,0,1,1,0,0,0,0,13.585568,51.141316
27,23,9,5,15,3,2,5,3,0,0,1,1,0,0,0,0,13.562063,51.131534
27,23,9,7,7,5,3,7,7,0,0,1,0,0,0,0,0,13.58076,51.114718
27,23,9,10,19,1,3,3,3,0,0,1,1,0,0,0,0,13.580156,51.124776
27,23,9,11,16,2,2,8,1,0,0,1,0,0,0,0,0,13.589167,51.138261
27,23,9,14,14,5,3,0,7,0,0,1,0,0,0,0,0,13.575379,51.121584
27,23,9,16,13,7,3,0,7,0,0,1,0,0,0,0,0,13.586849,51.125553
27,23,9,28,15,5,3,5,3,0,0,1,1,0,0,0,0,13.585392,51.132495
27,23,9,29,8,6,3,3,6,0,0,1,1,0,0,0,0,13.570933,51.138578
27,23,10,18,6,4,3,5,2,1,0,1,1,0,0,0,0,13.585608,51.123525
27,23,10,23,7,2,2,5,2,0,0,1,1,0,0,0,0,13.591717,51.139415
27,23,11,8,13,4,3,0,7,0,0,1,0,0,0,0,0,13.57545,51.137426
27,23,12,4,7,2,2,4,2,1,1,1,1,0,0,0,0,13.580176,51.124744
27,24,1,16,13,3,3,6,4,0,1,1,0,1,0,0,0,13.580536,51.125964
27,24,2,13,12,3,3,3,6,0,1,1,1,0,0,0,0,13.588493,51.13796
27,24,2,22,7,5,3,5,3,0,1,1,1,0,0,0,0,13.587014,51.112905
27,24,3,2,15,7,3,0,1,0,0,1,0,0,0,0,0,13.586752,51.126388
27,24,3,2,19,7,2,8,1,2,0,1,0,0,0,0,0,13.590818,51.138999
27,24,3,16,1,7,3,8,7,2,0,1,0,0,0,0,0,13.599828,51.137585
27,24,4,1,17,2,3,4,1,0,0,1,1,0,0,0,0,13.591499,51.139699
27,24,4,6,9,7,3,0,7,0,0,1,0,0,0,0,0,13.574528,51.13912
27,24,4,7,16,1,3,1,1,0,0,1,1,0,0,0,0,13.580646,51.14191
27,24,4,9,16,3,3,0,7,0,0,1,0,0,0,0,0,13.577559,51.131054
27,24,4,11,15,5,3,3,2,0,0,1,1,0,0,0,0,13.550265,51.129008
27,24,5,7,15,3,3,0,7,0,0,1,0,0,0,0,0,13.58001,51.12478
27,24,5,21,9,3,2,2,6,0,0,1,1,0,0,0,0,13.580418,51.127198
27,24,5,23,21,5,3,5,3,2,0,1,1,0,0,0,0,13.576617,51.118601
27,24,5,31,9,6,3,5,3,0,0,1,1,0,0,0,0,13.580498,51.128156
27,24,6,6,14,5,2,2,6,0,0,1,0,0,0,0,1,13.582374,51.123906
27,24,6,30,14,1,3,1,5,0,0,1,1,0,0,0,0,13.579027,51.124672
27,24,7,16,7,3,3,1,5,0,0,1,1,0,0,0,0,13.580547,51.126149
27,24,7,17,15,4,2,1,5,0,0,1,1,0,0,0,0,13.583701,51.129249
27,24,7,21,8,1,3,0,7,0,0,1,0,0,0,0,0,13.571265,51.114547
27,24,7,25,14,5,3,5,3,0,0,1,1,0,0,0,0,13.546689,51.146166
27,24,8,2,21,6,2,0,7,2,0,1,0,0,0,0,0,13.578762,51.121229
27,24,8,5,8,2,3,5,2,0,0,1,1,0,0,0,0,13.586902,51.126621
27,24,8,10,8,7,2,0,1,0,0,1,0,0,0,0,0,13.588567,51.137994
27,24,8,10,11,7,3,0,1,0,0,1,0,0,0,0,0,13.57288,51.118187
27,24,9,4,21,4,2,0,1,2,0,1,0,0,0,0,0,13.549037,51.130568
27,24,9,4,22,4,3,0,7,2,0,1,0,0,0,0,0,13.590074,51.129939
27,24,9,7,10,7,3,5,2,0,0,1,1,0,0,0,0,13.579247,51.124943
27,24,9,17,8,3,3,0,7,0,0,1,0,0,0,0,0,13.589807,51.130003
27,24,9,30,16,2,3,0,1,0,0,1,0,0,0,0,0,13.578183,51.124022
27,24,10,12,15,7,3,5,2,0,0,1,1,0,0,0,0,13.580214,51.124736
27,24,10,17,10,5,3,0,1,0,0,1,0,0,0,0,0,13.59872,51.135843
27,24,12,21,10,7,3,5,2,0,0,1,1,0,0,0,0,13.575196,51.138043
27,25,3,5,14,4,3,2,1,0,0,1,0,0,0,0,0,13.571999,51.126405
27,25,3,20,14,5,3,1,5,0,0,1,1,0,0,0,0,13.576879,51.129145
27,25,4,24,13,5,3,5,3,0,1,1,1,0,0,0,0,13.592574,51.122487
27,25,4,30,16,4,3,0,7,0,0,1,0,0,0,0,0,13.573156,51.118505
27,25,5,2,9,6,3,5,3,0,0,1,1,0,0,0,0,13.576241,51.122467
27,25,5,11,12,1,2,0,7,0,0,1,0,0,0,0,0,13.573325,51.14082
27,25,5,30,13,6,3,5,3,0,0,1,1,0,0,0,0,13.572244,51.126238
27,25,6,13,7,6,3,5,3,0,0,1,1,0,0,0,0,13.579399,51.123689
27,25,6,23,7,2,3,0,3,0,0,1,1,0,0,0,0,13.583464,51.1315
27,25,6,27,12,6,3,5,3,0,0,1,1,0,0,0,0,13.566337,51.137609
27,25,6,28,12,7,3,5,3,0,0,1,0,0,0,0,1,13.586732,51.126342
27,25,6,29,0,1,2,0,1,2,0,1,0,0,0,0,0,13.584303,51.142908
27,25,6,29,18,1,3,3,2,0,0,1,1,0,0,0,0,13.578328,51.136318
27,25,7,25,11,6,3,5,3,0,0,1,1,0,0,0,0,13.574329,51.139432
27,25,8,6,20,4,3,0,1,0,0,1,0,0,0,0,0,13.573279,51.118646
27,25,8,11,13,2,3,0,1,0,0,1,0,0,0,0,0,13.582649,51.13404
27,25,8,18,15,2,3,3,6,0,0,1,1,0,0,0,0,13.557489,51.12739
27,25,8,21,13,5,3,3,6,0,0,1,1,0,0,0,0,13.584755,51.136047
27,25,8,25,11,2,3,5,3,0,0,1,1,0,0,0,0,13.584951,51.132732
27,25,8,26,9,3,3,0,7,0,0,1,1,0,0,0,0,13.5803,51.125832
27,25,8,28,17,5,3,5,7,0,1,1,1,0,0,0,0,13.568719,51.123896
27,25,8,29,8,6,3,6,7,0,1,1,0,0,0,0,1,13.582001,51.132161
27,25,9,2,9,3,3,2,6,0,1,1,1,0,0,0,0,13.580793,51.129726
27,25,9,5,15,6,3,5,3,0,0,1,1,0,0,0,0,13.584221,51.123838
27,25,9,7,17,1,2,5,2,0,0,1,1,0,0,0,0,13.574304,51.139472
27,25,9,10,20,4,3,0,7,1,1,1,0,0,0,0,0,13.568522,51.13822
27,25,9,18,15,5,3,5,3,0,0,1,1,0,0,0,0,13.576214,51.122442
27,25,9,18,17,5,2,3,2,0,0,1,0,0,1,0,0,13.537821,51.133911
27,25,9,24,15,4,3,0,1,0,0,1,0,0,0,0,0,13.573658,51.140398
27,25,10,16,10,5,3,0,6,0,1,1,0,1,0,0,0,13.580538,51.126001
27,25,10,29,7,4,3,5,3,0,0,1,1,0,0,0,0,13.579505,51.123665
27,25,11,3,9,2,3,5,3,0,1,1,1,0,0,0,0,13.580529,51.12583
27,25,11,5,11,4,3,8,1,0,0,1,0,0,0,0,0,13.585402,51.13495
27,25,11,9,16,1,2,0,1,1,0,1,0,0,0,0,0,13.541012,51.132207
27,25,11,16,13,1,3,0,1,0,1,1,0,0,0,0,0,13.532901,51.129209
27,25,12,1,16,2,3,5,3,2,0,1,1,0,0,0,0,13.580933,51.129585
27,25,12,12,20,6,3,0,1,2,0,1,0,0,0,0,0,13.574214,51.125382
27,16,8,6,19,7,3,0,1,1,0,1,0,0,0,0,0,13.424406,51.19866
27,16,9,4,11,1,3,3,6,0,0,1,1,0,0,0,0,13.394812,51.196596
27,17,5,25,15,5,2,0,1,0,0,1,0,0,0,0,0,13.414797,51.221494
27,20,4,13,8,2,3,5,3,0,1,1,1,0,0,0,0,13.45255,51.195056
27,20,6,24,16,4,2,7,7,0,0,1,0,0,0,0,0,13.415743,51.181357
27,20,6,30,15,3,3,0,1,0,0,1,0,0,0,0,0,13.415749,51.18134
27,21,7,18,13,1,3,0,1,0,0,1,0,0,0,0,0,13.404449,51.201462
27,21,10,6,13,4,3,8,7,0,0,1,0,0,0,0,0,13.405743,51.197324
27,22,5,11,11,4,2,0,1,0,0,1,0,0,0,0,0,13.404159,51.227117
27,22,7,1,12,6,2,0,1,0,0,1,0,0,0,0,0,13.39835,51.195863
27,23,5,28,17,1,3,0,1,0,0,1,0,0,0,0,0,13.420937,51.225302
27,23,6,24,9,7,2,4,6,0,1,1,0,0,0,0,1,13.439393,51.217221
27,23,6,26,12,2,2,0,1,0,0,1,0,0,0,0,0,13.420698,51.196731
27,23,8,2,18,4,2,7,7,0,1,1,0,1,0,0,0,13.409687,51.203478
27,23,8,3,16,5,3,0,1,0,0,1,0,0,0,0,0,13.405172,51.242598
27,24,1,3,12,4,3,5,3,0,0,1,1,0,0,0,0,13.427562,51.210163
27,24,4,5,13,6,3,9,1,0,0,1,0,0,0,0,0,13.405362,51.227645
27,24,5,9,8,5,2,3,6,0,0,1,1,0,0,0,0,13.439453,51.189849
27,24,5,9,17,5,3,9,7,0,0,1,0,0,0,0,0,13.408786,51.205864
27,24,6,8,17,7,3,0,1,0,0,1,0,0,0,0,0,13.420937,51.225304
27,24,6,16,2,1,2,3,6,2,0,1,0,0,0,0,0,13.44828,51.201816
27,24,8,17,1,7,3,3,6,2,0,1,1,0,0,0,0,13.432257,51.213035
27,25,7,20,19,1,2,2,2,0,0,1,1,0,0,0,0,13.378706,51.210385
27,25,9,29,14,2,3,0,7,0,0,1,0,0,0,0,0,13.419141,51.194874
27,25,12,16,15,3,3,0,7,0,0,1,1,0,0,0,0,13.412947,51.232207
27,16,8,2,16,3,2,4,6,0,0,1,0,0,0,0,1,13.61119,51.229128
27,17,8,14,6,2,2,3,6,0,0,1,0,0,0,0,1,13.643826,51.227418
27,18,6,4,6,2,3,5,3,0,0,1,1,0,0,0,0,13.658724,51.250794
27,18,7,1,17,1,2,0,7,0,0,1,0,1,0,0,0,13.660005,51.241996
27,18,8,2,18,5,3,5,3,0,0,1,1,0,0,0,0,13.59247,51.269023
27,19,3,7,14,5,2,5,3,0,0,1,1,0,0,0,0,13.684665,51.264041
27,19,9,2,16,2,2,2,2,0,0,1,1,0,0,0,0,13.660236,51.246347
27,19,11,3,15,1,3,5,3,0,0,1,1,0,0,0,0,13.636695,51.27356
27,19,12,3,13,3,2,5,3,0,1,1,0,0,0,0,0,13.598007,51.289514
27,20,5,19,13,3,3,9,1,0,0,1,0,0,0,0,0,13.63217,51.254814
27,20,10,3,14,7,2,0,1,0,0,1,0,0,0,0,0,13.623953,51.278572
27,20,11,18,14,4,2,5,3,0,0,1,1,0,0,0,0,13.623696,51.279305
27,21,5,8,16,7,3,0,1,0,0,1,0,0,0,0,0,13.6416,51.261739
27,21,10,6,18,4,2,5,3,1,0,1,1,0,0,0,0,13.615383,51.289307
27,22,5,18,6,4,3,1,5,0,0,1,1,0,0,0,0,13.637771,51.273555
27,22,6,9,14,5,3,4,2,0,0,1,1,0,0,0,0,13.6587,51.250857
27,22,9,9,16,6,2,5,3,0,1,1,1,0,0,0,0,13.637781,51.264127
27,23,5,10,18,4,3,0,1,0,0,1,0,0,0,0,0,13.660524,51.239702
27,23,5,18,22,5,3,8,1,2,0,1,0,0,0,0,0,13.661307,51.23853
27,23,12,9,12,7,3,0,7,0,1,1,0,0,0,0,0,13.637333,51.277241
27,24,3,13,6,4,3,5,3,1,0,1,1,0,0,0,0,13.73049,51.230664
27,24,4,23,10,3,3,5,3,0,0,1,1,0,0,0,0,13.609102,51.228317
27,24,5,19,15,1,3,0,1,0,0,1,0,0,0,0,0,13.629506,51.268995
27,24,5,19,15,1,3,0,1,0,0,1,0,0,0,0,0,13.631029,51.273637
27,24,5,20,20,2,3,0,1,0,0,1,0,0,0,0,0,13.659289,51.235871
27,24,5,21,14,3,2,0,7,0,0,1,0,0,0,0,0,13.649639,51.206861
27,24,7,23,11,3,3,5,7,0,0,1,1,0,0,0,0,13.658858,51.235209
27,24,8,16,19,6,2,2,6,0,0,1,0,0,0,0,0,13.691761,51.234574
27,24,8,17,20,7,3,5,2,0,0,1,1,0,0,0,0,13.664339,51.230676
27,24,10,31,14,5,3,0,7,0,1,1,0,0,0,0,0,13.596013,51.289861
27,25,8,23,10,7,3,0,1,0,0,1,0,0,0,0,0,13.587557,51.291439
27,25,9,19,15,6,3,3,2,0,0,1,0,0,1,0,0,13.661462,51.239788
27,25,10,29,14,4,3,5,3,0,0,1,1,0,0,0,0,13.661391,51.239825
27,16,5,5,16,5,3,1,1,0,0,1,1,0,0,0,0,13.379092,51.320348
27,16,6,3,19,6,2,5,3,0,0,1,1,0,0,0,0,13.382927,51.312117
27,16,6,7,9,3,2,0,7,0,0,1,0,0,0,1,0,13.378351,51.324918
27,17,6,5,17,2,2,0,1,0,0,1,0,0,0,0,0,13.374847,51.321196
27,17,6,20,13,3,2,1,7,0,0,1,1,0,0,0,0,13.382954,51.320289
27,17,12,19,17,3,3,5,3,2,1,1,1,0,0,0,0,13.360355,51.328521
27,18,3,1,15,5,3,5,3,0,0,1,1,0,0,0,0,13.360484,51.328522
27,18,8,2,15,5,3,0,2,0,0,1,0,0,0,0,1,13.372915,51.325928
27,18,10,3,13,4,2,5,2,0,0,1,1,0,0,0,0,13.386232,51.340672
27,18,11,6,18,3,3,0,7,2,0,1,0,0,0,0,0,13.367446,51.327016
27,19,8,1,16,5,3,5,3,0,0,1,1,0,0,0,0,13.372878,51.325935
27,19,8,4,5,1,3,8,1,1,0,1,0,0,0,0,0,13.360318,51.32852
27,20,8,2,2,1,2,9,1,2,1,1,0,0,0,0,0,13.38018,51.317837
27,21,1,31,12,1,2,0,1,0,2,1,0,0,0,0,0,13.365021,51.31726
27,21,6,25,18,6,3,0,7,0,0,1,0,0,0,0,0,13.383762,51.320535
27,21,7,5,17,2,3,0,7,0,0,1,0,0,0,0,0,13.378484,51.321143
27,21,8,25,11,4,3,0,1,0,0,1,0,0,0,0,0,13.364892,51.317155
27,21,12,11,10,7,3,5,3,0,1,1,1,0,0,0,0,13.360344,51.328514
27,22,4,1,7,6,3,5,3,0,1,1,1,0,0,0,0,13.37907,51.317152
27,22,8,6,0,7,3,1,5,2,1,1,1,0,0,0,0,13.385129,51.320878
27,22,9,21,6,4,3,5,3,0,0,1,1,0,0,0,0,13.360316,51.32852
27,23,8,26,13,7,2,0,1,0,0,1,0,0,0,0,0,13.366792,51.327141
27,23,10,27,7,6,3,0,7,0,1,1,1,0,0,0,0,13.380441,51.317924
27,24,10,15,13,3,3,5,3,0,0,1,1,0,0,0,0,13.36033,51.328517
27,24,11,19,6,3,3,5,3,2,1,1,1,0,0,0,0,13.360331,51.328517
27,25,8,8,23,6,3,1,5,2,0,1,1,0,0,0,0,13.375536,51.323267
27,25,8,16,13,7,2,0,7,0,0,1,0,0,0,0,0,13.373461,51.319984
27,16,1,4,14,2,3,5,2,0,1,1,1,0,0,0,0,13.445311,51.409245
27,16,5,1,19,1,3,3,6,2,0,1,0,0,0,0,1,13.439408,51.407613
27,16,5,7,11,7,3,4,6,0,0,1,1,0,0,0,0,13.450949,51.422333
27,16,7,1,18,6,3,1,5,0,0,1,1,0,0,0,0,13.451223,51.41289
27,16,7,7,9,5,3,5,3,0,0,1,0,0,0,0,0,13.450801,51.411429
27,16,7,7,17,5,3,5,3,0,0,1,0,0,0,0,0,13.453088,51.416239
27,16,8,1,8,2,3,2,2,0,0,1,1,0,0,0,0,13.447668,51.41205
27,16,9,1,16,5,3,1,5,0,0,1,1,0,0,0,0,13.450616,51.420837
27,16,9,2,14,6,3,4,3,0,0,1,1,0,0,0,0,13.447127,51.411053
27,16,10,5,17,4,2,0,1,0,1,1,0,0,0,0,0,13.4396,51.407712
27,17,4,18,12,3,3,5,2,0,0,1,0,0,0,0,1,13.451719,51.410709
27,17,7,3,18,2,2,5,2,0,0,1,1,0,0,0,0,13.442417,51.40994
27,17,7,3,19,2,1,2,6,0,0,1,0,0,1,0,0,13.361467,51.422338
27,17,8,13,2,1,2,5,3,2,0,1,1,0,0,0,0,13.453054,51.416216
27,17,10,1,8,1,3,5,2,0,0,1,1,0,0,0,0,13.453824,51.416765
27,17,10,30,14,2,2,2,6,0,0,1,1,0,0,0,0,13.459738,51.413421
27,17,11,24,18,6,3,5,2,2,1,1,1,0,0,0,0,13.445452,51.41328
27,17,12,13,21,4,2,0,1,2,1,1,0,0,0,0,0,13.452731,51.413567
27,18,4,1,18,1,3,5,3,0,0,1,0,0,0,0,1,13.439196,51.41216
27,18,4,6,9,6,3,5,2,0,0,1,0,0,0,0,1,13.451562,51.416693
27,18,6,1,19,6,3,5,3,0,0,1,1,0,0,0,0,13.451751,51.410673
27,18,7,3,16,3,2,0,1,0,0,1,0,0,0,0,0,13.45337,51.413205
27,18,7,5,17,5,3,5,3,0,0,1,1,0,0,0,0,13.446275,51.414347
27,18,8,6,10,2,2,3,6,0,0,1,0,0,0,0,1,13.445489,51.413444
27,18,10,4,9,5,3,8,2,0,0,1,1,0,0,0,0,13.445128,51.409208
27,18,11,7,18,4,3,0,6,2,0,1,1,0,0,0,0,13.440289,51.412233
27,18,12,3,15,2,3,0,7,0,1,1,1,0,0,0,0,13.447884,51.412185
27,19,1,6,20,1,2,0,1,2,1,1,0,0,0,0,0,13.447338,51.409478
27,19,2,1,15,6,3,5,2,0,1,1,1,0,0,0,0,13.448726,51.409657
27,19,4,6,12,7,3,5,3,0,0,1,1,0,0,0,0,13.387012,51.420335
27,19,4,7,14,1,3,5,3,0,0,1,1,0,0,0,0,13.442884,51.419634
27,19,5,5,8,1,2,0,7,0,0,1,0,0,0,0,0,13.449232,51.417484
27,19,8,1,9,5,3,5,3,0,0,1,1,0,0,0,0,13.453054,51.416216
27,19,9,5,20,5,2,0,7,2,0,1,1,0,0,0,0,13.448591,51.412965
27,19,9,7,17,7,3,5,7,0,0,1,1,0,0,0,0,13.445594,51.411478
27,20,4,17,12,6,3,0,1,0,0,1,0,0,0,0,0,13.446691,51.417018
27,20,6,10,17,4,3,4,7,0,0,1,1,0,0,0,0,13.457487,51.417677
27,20,6,11,10,5,3,5,3,0,0,1,1,0,0,0,0,13.447135,51.411063
27,20,6,17,14,4,3,0,2,0,0,1,0,0,0,0,0,13.434705,51.405131
27,20,8,5,17,4,2,5,3,0,0,1,1,0,0,0,0,13.45036,51.414515
27,20,9,29,14,3,3,4,6,0,0,1,1,0,0,0,0,13.446377,51.414021
27,20,10,8,13,5,3,0,1,0,0,1,0,0,0,0,0,13.451741,51.420172
27,20,10,13,10,3,3,5,3,0,0,1,1,0,0,0,0,13.447135,51.411063
27,20,11,10,8,3,3,5,3,1,0,1,1,0,0,0,0,13.449561,51.41391
27,20,11,17,17,3,3,5,3,2,1,1,1,0,0,0,0,13.444143,51.412229
27,20,11,26,6,5,3,0,1,1,2,1,0,0,0,0,0,13.444013,51.409254
27,21,6,1,22,3,3,5,3,2,0,1,0,0,1,0,0,13.450726,51.414746
27,21,9,30,17,5,3,0,1,0,0,1,0,0,0,0,0,13.439997,51.409218
27,22,3,13,16,1,3,5,3,0,0,1,1,0,0,0,0,13.443066,51.409131
27,22,4,1,14,6,3,5,3,0,0,1,1,0,0,0,0,13.456142,51.418508
27,22,5,12,9,5,3,5,3,0,0,1,1,0,0,0,0,13.457963,51.413273
27,22,6,16,8,5,3,4,2,0,0,1,1,0,0,0,0,13.451338,51.411098
27,22,6,20,18,2,3,5,3,0,0,1,1,0,0,0,0,13.447964,51.412276
27,22,7,12,16,3,3,5,3,0,0,1,0,0,0,0,1,13.455945,51.421034
27,22,9,6,10,3,2,0,7,0,0,1,0,0,0,0,0,13.447964,51.412276
27,22,9,23,9,6,2,5,3,0,0,1,1,0,0,0,0,13.454345,51.412759
27,22,9,25,14,1,3,1,7,0,0,1,1,0,0,0,0,13.460387,51.412518
27,22,11,26,19,7,3,0,1,2,0,1,0,0,0,0,0,13.443884,51.409236
27,22,11,28,7,2,3,2,2,0,0,1,0,0,0,0,0,13.456985,51.412198
27,22,12,29,21,5,3,0,1,2,0,1,0,0,0,0,0,13.451227,51.406248
27,23,5,5,13,6,2,5,3,0,0,1,1,0,0,0,0,13.428691,51.402026
27,23,7,14,9,6,2,0,1,0,0,1,0,0,0,0,0,13.451313,51.416529
27,23,7,15,19,7,3,0,1,0,0,1,0,0,0,0,0,13.446236,51.409694
27,23,8,8,12,3,3,0,7,0,0,1,0,0,0,0,0,13.452055,51.41559
27,23,9,11,8,2,3,5,2,0,0,1,1,0,0,0,0,13.456022,51.41847
27,23,9,14,15,5,2,5,3,0,0,1,1,0,0,0,0,13.440547,51.411046
27,23,10,17,13,3,2,2,6,0,0,1,0,0,0,0,0,13.451587,51.410562
27,24,6,21,23,6,3,0,7,2,0,1,0,0,0,0,0,13.450848,51.41148
27,24,7,3,7,4,3,5,3,0,0,1,1,0,0,0,0,13.394049,51.444895
27,24,7,26,10,6,3,4,6,0,0,1,0,0,0,0,0,13.449199,51.415139
27,24,7,31,11,4,2,5,3,0,0,1,0,0,0,1,0,13.436137,51.404149
27,24,9,22,16,1,3,0,7,0,0,1,0,0,0,0,0,13.402934,51.433907
27,24,12,9,19,2,3,5,3,2,1,1,0,0,0,0,0,13.454101,51.414061
27,25,4,15,17,3,2,0,7,0,0,1,0,0,0,0,0,13.45401,51.413043
27,25,7,15,15,3,3,5,3,0,0,1,1,0,0,0,0,13.457406,51.419133
27,25,7,18,16,6,2,5,7,0,0,1,1,0,0,0,0,13.45796,51.413255
27,25,8,13,21,4,3,0,7,2,0,1,0,0,0,0,0,13.452251,51.417332
27,25,8,21,9,5,2,5,3,0,0,1,1,0,0,0,0,13.444839,51.409214
27,25,9,9,18,3,3,5,3,0,0,1,1,0,0,0,0,13.446476,51.414059
27,25,9,13,16,7,3,1,5,1,0,1,1,0,0,0,0,13.447107,51.409524
27,25,9,15,7,2,3,5,3,0,1,1,1,0,0,0,0,13.446411,51.414036
27,25,10,30,13,5,3,0,7,0,0,1,0,0,0,0,0,13.43854,51.407171
27,16,2,3,9,4,2,5,3,0,0,1,1,0,0,0,0,13.534204,51.269437