UKREIS,UJAHR,UMONAT,UTAG,USTUNDE,UWOCHENTAG,UKATEGORIE,UART,UTYP,LICHT,USTRZUSTAND,IstRad,IstPKW,IstFuss,IstKrad,IstGkfz,IstSonstige,@lon,@lat
27,16,3,1,23,3,2,5,3,2,1,1,0,0,0,0,1,13.527609,51.291351
27,16,3,3,10,5,3,3,6,0,0,1,0,0,0,0,1,13.535777,51.294316
27,16,3,3,14,5,3,1,5,0,0,1,1,0,0,0,0,13.526591,51.291468
27,16,4,1,12,6,3,5,3,0,0,1,1,0,0,0,0,13.534593,51.292618
27,16,4,4,15,2,2,0,1,0,0,1,0,0,0,0,0,13.538101,51.295507
27,16,5,4,11,4,2,5,3,0,0,1,1,0,0,0,0,13.527655,51.291658
27,16,6,6,11,2,3,3,2,0,0,1,1,0,0,0,0,13.525328,51.291556
27,16,6,6,11,2,3,5,3,0,0,1,1,0,0,0,0,13.527654,51.291649
27,16,7,1,16,6,2,0,1,0,0,1,0,0,0,0,0,13.534286,51.297085
27,16,7,2,7,7,3,5,3,0,0,1,1,0,0,0,0,13.530935,51.286188
27,16,7,2,16,7,2,0,7,0,0,1,0,0,0,0,0,13.530717,51.281368
27,16,7,5,15,3,2,5,2,0,0,1,1,0,0,0,0,13.53493,51.294407
27,16,8,2,17,3,2,8,1,0,0,1,0,0,0,0,0,13.484983,51.308336
27,16,8,7,4,1,3,0,1,2,0,1,0,0,0,0,0,13.540424,51.319267
27,16,8,7,21,1,2,4,6,2,0,1,0,0,0,0,0,13.540403,51.319192
27,16,9,2,11,6,2,5,2,0,0,1,0,0,0,0,1,13.531881,51.289465
27,16,10,3,8,2,3,7,7,0,0,1,0,0,0,0,1,13.525899,51.288887
27,16,10,4,12,3,3,1,5,0,0,1,1,0,0,0,0,13.532341,51.295066
27,16,10,6,7,5,3,5,2,1,1,1,1,0,0,0,0,13.520896,51.284415
27,16,11,7,9,2,3,5,3,0,0,1,0,0,0,0,1,13.53434,51.296836
27,16,12,2,18,6,3,1,5,2,1,1,1,0,0,0,0,13.527595,51.293712
27,16,12,3,1,7,2,0,1,2,1,1,0,0,0,0,0,13.514718,51.302012
27,16,12,3,17,7,2,5,3,2,0,1,0,0,0,1,0,13.532513,51.292476
27,17,2,27,18,2,3,0,1,0,0,1,0,0,0,0,0,13.522913,51.293868
27,17,3,15,14,4,3,1,5,0,0,1,1,0,0,0,0,13.531885,51.292588
27,17,4,8,18,7,3,0,7,0,0,1,0,0,0,0,0,13.52169,51.286074
27,17,4,24,17,2,3,5,3,0,0,1,1,0,0,0,0,13.515033,51.294977
27,17,4,28,23,6,3,0,3,2,0,1,1,0,0,0,0,13.527655,51.29166
27,17,5,10,9,4,3,5,3,0,0,1,0,0,0,0,1,13.518747,51.29427
27,17,5,21,12,1,3,5,3,0,0,1,1,0,0,0,0,13.524379,51.288287
27,17,5,30,9,3,3,5,3,0,0,1,1,0,0,0,0,13.527654,51.291651
27,17,5,31,13,4,3,0,3,0,0,1,0,0,0,0,1,13.532485,51.294553
27,17,6,12,11,2,3,0,7,0,0,1,0,0,0,0,0,13.529518,51.292115
27,17,6,19,14,2,3,8,1,0,0,1,0,0,0,0,0,13.531898,51.28976
27,17,6,23,8,6,3,0,1,0,0,1,0,0,0,0,0,13.53145,51.293943
27,17,7,18,8,3,2,4,2,0,0,1,1,0,0,0,0,13.533284,51.28669
27,17,7,18,17,3,2,0,1,0,0,1,0,0,0,0,0,13.532731,51.286721
27,17,7,27,8,5,3,1,5,0,0,1,1,0,0,0,0,13.545834,51.289038
27,17,8,2,7,4,3,6,4,0,0,1,0,1,0,0,0,13.510979,51.294626
27,17,8,8,16,3,3,0,7,0,0,1,1,0,0,0,0,13.536369,51.294635
27,17,8,16,10,4,3,0,7,0,1,1,0,0,0,0,0,13.532101,51.29029
27,17,8,16,14,4,3,5,3,0,0,1,0,0,0,0,0,13.538081,51.29561
27,17,8,18,14,6,3,5,3,0,0,1,1,0,0,0,0,13.524364,51.288277
27,17,9,14,16,5,2,5,3,0,0,1,1,0,0,0,0,13.549091,51.286238
27,17,10,17,15,3,3,5,3,0,0,1,1,0,0,0,0,13.525469,51.288782
27,17,12,11,5,2,3,5,2,2,1,1,1,0,0,0,0,13.531276,51.286673
27,18,1,5,17,6,2,0,1,2,1,1,0,0,0,0,0,13.53267,51.29452
27,18,3,1,9,5,2,0,1,0,0,1,0,0,0,0,0,13.536077,51.286053
27,18,3,2,10,6,3,0,5,0,0,1,1,0,0,0,0,13.532184,51.292569
27,18,3,6,7,3,3,0,5,0,0,1,0,0,0,1,0,13.540789,51.285437
27,18,4,1,2,1,3,8,1,2,0,1,0,0,0,0,0,13.496299,51.348756
27,18,4,3,6,3,3,0,3,0,0,1,0,0,0,0,1,13.534971,51.294441
27,18,4,4,0,4,3,0,3,2,0,1,0,0,0,0,0,13.528729,51.290782
27,18,5,1,15,3,3,0,7,0,0,1,0,0,0,0,0,13.526251,51.296611
27,18,5,3,21,5,3,0,1,1,0,1,0,0,0,0,0,13.537138,51.342889
27,18,5,7,14,2,3,5,3,0,0,1,1,0,0,0,0,13.534986,51.294067
27,18,6,1,10,6,3,5,3,0,0,1,1,0,0,0,0,13.527654,51.291648
27,18,6,5,15,3,3,4,6,0,0,1,0,0,0,0,0,13.53512,51.30156
27,18,6,5,16,3,3,1,5,0,0,1,0,0,0,0,1,13.530335,51.28253
27,18,7,2,12,2,3,5,3,0,0,1,1,0,0,0,0,13.506468,51.29506
27,18,7,2,14,2,3,0,7,0,0,1,0,0,0,0,0,13.524272,51.291391
27,18,7,4,10,4,2,5,2,0,0,1,1,0,0,0,0,13.501016,51.296919
27,18,7,4,16,4,2,5,3,0,0,1,1,0,0,0,0,13.528236,51.289537
27,18,7,5,10,5,3,5,3,0,0,1,0,0,0,0,0,13.531587,51.294521
27,18,8,1,7,4,2,5,3,0,0,1,1,0,0,0,0,13.53094,51.286211
27,18,8,4,10,7,3,0,1,0,0,1,0,0,0,0,0,13.528505,51.293524
27,18,9,6,7,5,3,1,5,0,0,1,0,0,0,0,0,13.518097,51.287414
27,18,9,6,15,5,3,5,3,0,0,1,1,0,0,0,0,13.528184,51.289621
27,18,9,7,10,6,3,0,1,0,0,1,0,0,0,0,0,13.497792,51.288436
27,18,10,4,11,5,3,4,6,0,0,1,0,0,0,0,0,13.53205,51.289508
27,18,11,1,17,5,3,5,3,2,0,1,1,0,0,0,0,13.542398,51.29509
27,18,11,6,12,3,2,0,1,0,1,1,1,0,0,0,0,13.532516,51.2925
27,18,12,4,14,3,3,5,3,0,1,1,0,0,1,0,0,13.515273,51.294342
27,19,1,3,10,5,3,5,3,0,0,1,1,0,0,0,0,13.525466,51.288781
27,19,2,1,16,6,3,5,3,0,0,1,1,0,0,0,0,13.524516,51.293841
27,19,2,4,20,2,3,3,6,2,0,1,1,0,0,0,0,13.518788,51.348436
27,19,2,7,11,5,3,5,3,0,0,1,1,0,0,0,0,13.527655,51.291658
27,19,4,2,6,3,3,5,3,0,0,1,0,0,0,1,0,13.522306,51.286603
27,19,4,7,19,1,3,0,1,0,0,1,0,0,0,0,0,13.534475,51.29027
27,19,5,2,16,5,3,0,1,0,0,1,0,0,0,0,0,13.534287,51.297081
27,19,6,1,23,7,3,0,1,2,0,1,0,0,0,0,0,13.526303,51.293812
27,19,6,4,9,3,3,5,3,0,0,1,1,0,0,0,0,13.535657,51.294309
27,19,7,1,15,2,2,0,1,0,0,1,0,0,0,0,0,13.530935,51.28619
27,19,7,3,11,4,3,0,7,0,0,1,0,0,0,0,0,13.434472,51.329814
27,19,7,5,17,6,3,0,7,0,0,1,0,0,0,0,0,13.541815,51.295053
27,19,7,6,17,7,3,0,1,2,0,1,0,0,0,0,0,13.528166,51.293379
27,19,7,7,6,1,3,0,1,1,0,1,0,0,0,0,0,13.533784,51.296049
27,19,8,1,10,5,3,5,3,0,0,1,1,0,0,0,0,13.5319,51.289515
27,19,8,1,13,5,2,0,1,0,0,1,0,0,0,0,0,13.526298,51.291488
27,19,8,2,18,6,2,0,1,0,0,1,0,0,0,0,0,13.506053,51.352816
27,19,8,5,8,2,3,5,3,0,0,1,1,0,0,0,0,13.530747,51.281326
27,19,9,3,7,3,2,5,2,0,0,1,1,0,0,0,0,13.534989,51.294399
27,19,9,6,15,6,3,3,6,0,0,1,0,0,0,0,1,13.523872,51.287972
27,19,11,3,13,1,3,0,1,0,1,1,0,0,0,0,0,13.527657,51.29167
27,20,1,8,12,4,3,3,2,0,0,1,1,0,0,0,0,13.476571,51.30828
27,20,1,29,7,4,3,5,2,1,0,1,1,0,0,0,0,13.520694,51.284553
27,20,3,2,16,2,3,5,3,0,0,1,1,0,0,0,0,13.542398,51.29509
27,20,3,22,6,1,3,5,2,1,0,1,1,0,0,0,0,13.534487,51.296134
27,20,4,18,16,7,3,1,2,0,0,1,0,0,0,0,0,13.538356,51.289372
27,20,4,18,21,7,2,0,7,2,0,1,0,0,0,0,0,13.476422,51.308388
27,20,5,9,17,7,3,0,7,0,0,1,0,0,0,0,0,13.527501,51.288611
27,20,6,1,18,2,3,5,3,0,0,1,1,0,0,0,0,13.531255,51.286759
27,20,6,9,14,3,3,0,7,0,0,1,0,0,0,0,0,13.536465,51.287812
27,20,6,10,11,4,3,5,3,0,1,1,1,0,0,0,0,13.493966,51.288095
27,20,6,20,15,7,3,0,1,0,0,1,0,0,0,0,0,13.517443,51.295071
27,20,6,22,13,2,2,0,1,0,0,1,0,0,0,0,0,13.531883,51.289362
27,20,6,22,14,2,2,0,7,0,0,1,0,0,0,0,0,13.528231,51.293257
27,20,6,26,15,6,3,4,2,0,0,1,0,0,0,0,0,13.501971,51.352279
27,20,6,30,9,3,2,0,7,0,0,1,0,0,0,0,0,13.534697,51.293734
27,20,6,30,15,3,3,0,7,0,0,1,0,0,0,0,0,13.52928,51.291978
27,20,7,8,9,4,2,5,2,0,1,1,1,0,0,0,0,13.531245,51.286737
27,20,7,23,13,5,3,5,3,0,0,1,1,0,0,0,0,13.52748,51.289323
27,20,8,27,16,5,2,0,7,0,0,1,0,0,0,0,0,13.520797,51.286372
27,20,9,1,11,3,3,0,1,0,0,1,0,0,0,0,0,13.532665,51.278453
27,20,9,9,6,4,3,5,3,0,0,1,1,0,0,0,0,13.468857,51.361488
27,20,9,13,1,1,2,0,1,2,0,1,0,0,0,0,0,13.530891,51.285953
27,20,9,21,15,2,2,5,3,0,0,1,1,0,0,0,0,13.53857,51.285774
27,20,9,23,9,4,3,5,3,0,0,1,1,0,0,0,0,13.528236,51.289537
27,20,10,24,11,7,3,5,2,0,0,1,0,0,0,0,0,13.514712,51.294491
27,20,10,27,13,3,3,5,3,0,0,1,1,0,0,0,0,13.528289,51.289559
27,20,11,2,16,2,3,1,7,1,0,1,1,0,0,0,0,13.547686,51.284329
27,20,11,2,17,2,3,5,3,1,1,1,1,0,0,0,0,13.528147,51.294541
27,21,4,21,8,4,3,0,1,0,0,1,0,0,0,0,0,13.506531,51.287247
27,21,5,3,10,2,3,5,3,0,0,1,1,0,0,0,0,13.499409,51.353819
27,21,5,10,11,2,3,5,3,0,0,1,0,0,0,0,1,13.535686,51.294067
27,21,6,5,17,7,3,9,1,0,0,1,0,0,0,0,0,13.535876,51.292868
27,21,6,5,20,7,3,0,1,1,1,1,0,0,0,0,0,13.519024,51.286737
27,21,6,14,11,2,2,4,2,0,0,1,1,0,0,0,0,13.528148,51.293383
27,21,7,2,13,6,3,1,3,0,0,1,1,0,0,0,0,13.518429,51.295997
27,21,7,14,18,4,3,7,7,0,0,1,0,0,0,0,0,13.501003,51.315389
27,21,7,15,14,5,3,5,3,0,0,1,1,0,0,0,0,13.500831,51.288625
27,21,7,15,15,5,3,5,2,0,0,1,1,0,0,0,0,13.53913,51.294848
27,21,9,10,15,6,3,2,7,0,0,1,0,0,0,0,1,13.521728,51.27776
27,21,9,15,16,4,3,0,1,0,1,1,0,0,0,0,0,13.526154,51.293855
27,21,9,23,15,5,3,0,1,0,0,1,0,0,0,0,0,13.526646,51.288287
27,21,10,25,9,2,3,5,3,0,0,1,1,0,0,0,0,13.534754,51.29174
27,22,1,6,4,5,3,0,1,2,1,1,0,0,0,0,0,13.517777,51.294312
27,22,3,27,20,1,3,0,1,2,0,1,0,0,0,0,0,13.536523,51.287843
27,22,4,9,18,7,3,6,4,0,0,1,0,1,0,0,0,13.531932,51.289906
27,22,4,26,12,3,3,4,2,0,0,1,1,0,0,0,0,13.531882,51.289516
27,22,5,6,10,6,3,5,3,0,0,1,1,0,0,0,0,13.53394,51.286541
27,22,5,11,13,4,3,3,2,0,0,1,1,0,0,0,0,13.528191,51.294571
27,22,5,22,14,1,3,0,1,0,0,1,0,0,0,0,0,13.529577,51.281062
27,22,6,12,12,1,3,6,6,0,0,1,0,1,0,0,0,13.529005,51.286629
27,22,7,16,17,7,3,1,5,0,0,1,1,0,0,0,0,13.553136,51.295501
27,22,7,22,19,6,3,0,1,0,0,1,0,0,0,0,0,13.521881,51.276668
27,22,7,29,11,6,2,0,7,0,0,1,0,0,0,0,0,13.585548,51.285045
27,22,8,12,9,6,3,5,3,0,0,1,1,0,0,0,0,13.49944,51.353833
27,22,8,22,16,2,3,9,1,0,0,1,0,0,0,0,0,13.533155,51.286701
27,22,9,5,8,2,3,5,3,0,0,1,1,0,0,0,0,13.525884,51.29563
27,22,9,10,9,7,3,0,1,0,0,1,0,0,0,0,0,13.530808,51.283921
27,22,11,10,14,5,3,8,1,0,0,1,0,0,0,0,0,13.531789,51.288405
27,22,11,11,8,6,3,5,3,0,0,1,0,0,0,0,1,13.503704,51.295995
27,22,11,19,0,7,3,1,7,2,0,1,1,1,0,0,0,13.518523,51.293505
27,22,11,22,7,3,3,0,3,0,1,1,1,0,0,0,0,13.534489,51.296128
27,23,1,2,14,2,3,5,3,0,1,1,1,0,0,0,0,13.51276,51.294015
27,23,3,28,17,3,3,0,6,0,0,1,0,0,0,0,0,13.534101,51.298005
27,23,4,7,1,6,3,0,1,2,0,1,0,0,0,0,0,13.574544,51.333093
27,23,4,29,22,7,2,4,6,2,0,1,0,1,0,0,0,13.520169,51.294092
27,23,5,9,16,3,2,9,1,0,0,1,0,0,0,0,0,13.538224,51.291752
27,23,5,11,12,5,3,0,1,0,0,1,0,0,0,0,0,13.559937,51.296125
27,23,5,18,21,5,3,3,1,2,0,1,1,0,0,0,0,13.498406,51.324837
27,23,5,21,11,1,2,0,3,0,0,1,0,0,0,0,0,13.590442,51.303469
27,23,5,26,16,6,3,3,6,0,0,1,0,0,0,0,0,13.518443,51.290942
27,23,5,29,11,2,2,0,1,0,0,1,0,0,0,0,0,13.539586,51.290691
27,23,5,30,17,3,2,5,3,0,0,1,1,0,0,0,0,13.53326,51.286692
27,23,5,31,12,4,3,5,3,0,0,1,1,0,0,0,0,13.534653,51.293656
27,23,6,3,9,7,3,0,1,0,0,1,0,0,0,0,0,13.500272,51.353963
27,23,6,11,9,1,2,3,6,0,0,1,0,0,0,0,0,13.521937,51.293943
27,23,7,1,23,7,1,3,6,2,1,1,0,0,0,0,1,13.60537,51.296499
27,23,7,6,12,5,3,5,3,0,0,1,1,0,0,0,0,13.539913,51.285391
27,23,7,10,16,2,3,0,1,0,0,1,0,0,0,0,0,13.542418,51.286008
27,23,7,14,10,6,2,0,1,0,0,1,0,0,0,0,0,13.492464,51.287951
27,23,7,31,9,2,3,5,3,0,0,1,1,0,0,0,0,13.542423,51.285999
27,23,8,30,8,4,3,0,6,0,0,1,1,0,0,0,0,13.524069,51.293841
27,23,9,17,9,1,2,5,3,0,0,1,1,0,0,0,0,13.468087,51.361375
27,23,12,28,2,5,2,9,7,2,0,1,0,0,0,0,0,13.501727,51.313882
27,23,12,30,0,7,3,0,7,2,0,1,0,0,0,0,0,13.582149,51.299341
27,24,1,22,12,2,3,0,1,0,2,1,0,0,0,0,0,13.545233,51.299806
27,24,2,23,7,6,3,5,3,0,0,1,1,0,0,0,0,13.53619,51.304279
27,24,4,14,10,1,3,0,1,0,1,1,0,0,0,0,0,13.505034,51.357791
27,24,4,18,9,5,2,3,2,0,0,1,0,0,0,1,0,13.498205,51.288466
27,24,4,28,0,1,2,0,7,2,0,1,0,0,0,0,0,13.503978,51.356127
27,24,5,23,11,5,3,5,3,0,0,1,1,0,0,0,0,13.533258,51.286692
27,24,5,28,13,3,2,5,2,0,1,1,1,0,0,0,0,13.503687,51.296001
27,24,6,6,15,5,3,0,2,0,0,1,0,0,0,0,1,13.53407,51.298154
27,24,7,12,16,6,3,0,7,0,1,1,0,0,0,0,0,13.539762,51.316926
27,24,8,21,5,4,3,5,2,0,0,1,0,0,0,0,0,13.529088,51.287323
27,24,9,4,13,4,3,5,3,0,0,1,1,0,0,0,0,13.52451,51.288367
27,24,9,14,16,7,3,0,7,0,0,1,0,0,0,0,0,13.519631,51.289547
27,24,9,17,7,3,3,5,2,0,0,1,0,0,0,0,1,13.532196,51.289208
27,24,9,26,11,5,2,0,7,0,1,1,0,0,0,0,0,13.439849,51.316546
27,24,10,2,11,4,3,2,6,0,0,1,0,0,0,0,0,13.515919,51.295895
27,24,10,16,17,4,3,0,7,0,0,1,0,0,0,0,0,13.53402,51.299598
27,24,11,12,9,3,3,5,3,0,0,1,1,0,0,0,0,13.533261,51.286692
27,25,1,6,6,2,3,5,3,2,1,1,1,0,0,0,0,13.525471,51.288782
27,25,1,6,10,2,3,0,7,0,1,1,0,0,0,0,0,13.530494,51.296301
27,25,1,7,10,3,3,0,7,0,0,1,0,0,0,0,0,13.528053,51.29291
27,25,3,28,21,6,3,8,1,2,0,1,0,0,0,0,0,13.531006,51.285044
27,25,4,15,18,3,3,0,1,0,0,1,0,0,0,0,0,13.524308,51.29128
27,25,4,22,18,3,2,0,1,0,0,1,0,0,0,0,0,13.530386,51.281855
27,25,5,8,8,5,3,0,1,0,0,1,0,0,0,0,0,13.543653,51.289
27,25,5,12,13,2,3,5,3,0,0,1,1,0,0,0,0,13.535656,51.284068
27,25,5,19,11,2,3,0,7,0,0,1,0,0,0,0,0,13.501839,51.288491
27,25,5,29,16,5,3,0,1,0,0,1,0,0,0,0,0,13.498875,51.297654
27,25,6,12,18,5,2,5,3,0,0,1,1,0,0,0,0,13.535815,51.290206
27,25,6,13,23,6,2,6,1,2,0,1,0,1,0,0,0,13.506142,51.288721
27,25,6,19,10,5,3,0,1,0,0,1,0,0,0,0,0,13.503567,51.288074
27,25,7,30,16,4,3,1,5,0,0,1,1,0,0,0,0,13.496837,51.350108
27,25,8,17,2,1,3,6,6,2,0,1,0,1,0,0,0,13.510922,51.306239
27,25,9,2,11,3,3,5,3,0,1,1,1,0,0,0,0,13.531799,51.28845
27,25,9,30,16,3,3,3,6,0,0,1,1,0,0,0,0,13.51525,51.294345
27,25,9,30,16,3,3,3,6,0,0,1,1,0,0,0,0,13.515292,51.29434
27,25,10,20,16,2,2,0,7,0,0,1,0,0,0,0,0,13.531513,51.294368
27,25,10,21,14,3,3,0,7,0,0,1,0,0,0,0,0,13.495949,51.349257
27,25,10,28,16,3,3,0,1,2,1,1,0,0,0,0,0,13.476099,51.289283
27,25,12,17,10,4,3,5,3,0,0,1,1,0,0,0,0,13.52772,51.291532
27,25,12,18,6,5,3,0,1,2,2,1,0,0,0,0,0,13.543478,51.286061
27,25,12,19,6,6,3,5,3,2,1,1,0,0,0,0,1,13.524359,51.288275
27,25,12,29,14,2,2,0,7,0,1,1,0,0,0,0,0,13.528175,51.29456
27,16,3,5,19,7,3,3,6,1,0,1,1,0,0,0,0,13.335943,51.272414
27,18,7,5,19,5,2,3,6,0,0,1,0,0,0,0,1,13.275301,51.256954
27,18,10,5,13,6,2,3,6,0,0,1,0,0,0,0,0,13.375734,51.252677
27,19,7,5,10,6,3,3,6,0,0,1,1,0,0,0,0,13.339197,51.267422
27,19,8,4,20,1,2,0,1,1,0,1,0,0,0,0,0,13.398446,51.252714
27,20,1,2,17,5,2,2,6,2,0,1,1,0,0,0,0,13.327584,51.259823
27,21,6,8,10,3,3,5,3,0,0,1,1,0,0,0,0,13.31837,51.238648
27,22,8,1,18,2,2,9,1,0,0,1,0,0,0,0,0,13.380342,51.253895
27,22,10,3,1,2,3,0,1,2,0,1,0,0,0,0,0,13.328047,51.259531
27,24,7,31,11,4,2,8,1,0,0,1,0,0,0,0,0,13.340522,51.255602
27,25,6,13,14,6,3,7,7,0,0,1,0,0,0,0,0,13.397402,51.26339
27,18,10,5,16,6,2,3,6,0,0,1,0,0,0,0,1,13.370587,51.118288
27,21,10,28,16,5,3,5,3,0,0,1,1,0,0,0,0,13.387164,51.15551
27,25,7,4,20,6,3,0,1,1,0,1,0,0,0,0,0,13.356941,51.150654
27,16,4,4,18,2,2,5,3,0,0,1,0,0,0,0,1,13.527811,51.075681
27,16,4,7,8,5,3,2,2,0,0,1,1,0,0,0,0,13.496075,51.097076
27,16,5,5,19,5,2,2,6,0,0,1,1,0,0,0,0,13.569326,51.110162
27,16,6,1,19,4,3,5,3,0,0,1,1,0,0,0,0,13.46638,51.095117
27,17,5,23,16,3,3,4,6,0,0,1,1,0,0,0,0,13.563553,51.108003
27,17,6,14,20,4,2,0,1,0,0,1,0,0,0,0,0,13.561816,51.10473
27,17,6,21,10,4,3,0,1,0,0,1,0,0,0,0,0,13.578125,51.075615
27,17,8,7,19,2,2,0,1,0,0,1,0,0,0,0,0,13.494413,51.097295
27,17,8,12,8,7,3,0,1,0,0,1,0,0,0,0,0,13.569045,51.085424
27,17,9,18,15,2,2,0,1,0,0,1,0,0,0,0,0,13.527355,51.071111
27,17,9,18,23,2,2,0,7,2,0,1,0,0,0,0,0,13.4362,51.130982
27,17,9,25,13,2,3,0,1,0,0,1,0,0,0,0,0,13.562564,51.064643
27,18,1,5,5,6,2,9,1,2,1,1,0,0,0,0,0,13.469573,51.110207
27,18,4,2,17,2,3,5,2,0,0,1,1,0,0,0,0,13.518624,51.066943
27,18,5,6,15,1,3,0,7,0,0,1,0,0,0,0,0,13.581344,51.081843
27,18,5,6,19,1,3,8,1,0,0,1,0,0,0,0,0,13.556334,51.113977
27,18,7,3,13,3,2,0,1,0,0,1,0,0,0,0,0,13.412945,51.089844
27,18,9,1,17,7,3,5,3,0,0,1,0,0,0,0,0,13.559445,51.116025
27,19,4,6,21,7,3,8,1,2,0,1,0,0,0,0,0,13.556704,51.061482
27,19,5,4,15,7,2,0,1,0,0,1,0,0,0,0,0,13.553201,51.09806
27,19,5,7,20,3,2,0,7,0,0,1,0,0,0,0,0,13.424318,51.123333
27,19,6,4,7,3,2,0,1,0,0,1,0,0,0,0,0,13.591433,51.089063
27,19,11,3,15,1,3,5,2,0,1,1,1,0,0,0,0,13.559385,51.116066
27,20,3,13,15,6,2,5,3,0,0,1,1,0,0,0,0,13.508101,51.113574
27,20,4,27,16,2,1,4,1,0,0,1,1,0,0,0,0,13.519196,51.07046
27,20,5,1,15,6,3,6,6,0,0,1,0,1,0,0,0,13.564136,51.095984
27,20,6,3,14,4,3,5,2,0,0,1,1,0,0,0,0,13.432178,51.073178
27,20,6,29,7,2,3,0,6,0,0,1,0,0,0,0,1,13.496255,51.106036
27,20,7,9,19,5,2,0,1,0,0,1,0,0,0,0,0,13.530758,51.127186
27,21,4,11,14,1,3,8,1,0,0,1,0,0,0,0,0,13.519492,51.075161
27,21,4,28,16,4,3,5,2,0,0,1,1,0,0,0,0,13.530365,51.071145
27,21,6,6,11,1,3,8,6,0,0,1,0,0,0,0,0,13.581088,51.103446
27,21,6,26,13,7,3,0,1,0,1,1,0,0,0,0,0,13.452709,51.066765
27,21,8,9,10,2,3,5,3,0,0,1,0,0,0,0,0,13.403104,51.105559
27,21,9,2,14,5,3,5,3,0,0,1,1,0,0,0,0,13.555074,51.115663
27,21,10,18,16,2,3,0,1,0,0,1,0,0,0,0,0,13.540671,51.067977
27,21,10,29,8,6,3,5,3,0,0,1,0,0,0,0,1,13.411068,51.08458
27,22,6,3,13,6,2,9,1,0,0,1,0,0,0,0,0,13.546365,51.082538
27,22,8,31,11,4,3,5,3,0,0,1,1,0,0,0,0,13.502241,51.079966
27,22,10,7,17,6,2,0,7,0,0,1,0,0,0,0,0,13.463787,51.089739
27,23,1,17,16,3,3,3,6,1,0,1,0,0,0,1,0,13.561116,51.063923
27,23,3,17,16,6,2,9,1,0,0,1,0,0,0,0,0,13.546148,51.08255
27,23,5,28,15,1,3,0,1,0,0,1,0,0,0,0,0,13.528353,51.127005
27,23,7,8,16,7,3,0,7,0,0,1,0,0,0,0,0,13.499374,51.079245
27,23,7,23,9,1,2,0,1,0,0,1,0,0,0,0,0,13.586218,51.069724
27,23,8,8,9,3,3,8,1,0,0,1,0,0,0,0,0,13.591526,51.098664
27,23,9,7,13,5,3,0,7,0,0,1,0,0,0,0,0,13.505705,51.092983
27,23,12,11,11,2,2,0,7,0,1,1,0,0,0,0,0,13.509399,51.134285
27,24,3,26,18,3,2,0,1,1,0,1,0,0,0,0,0,13.553859,51.064897
27,24,4,7,17,1,3,8,7,0,0,1,0,0,0,0,0,13.560286,51.115969
27,24,4,9,15,3,3,0,7,0,0,1,0,0,0,0,0,13.569542,51.113378
27,24,4,27,11,7,3,1,5,0,0,1,1,0,0,0,0,13.429171,51.106867
27,24,4,27,12,7,3,8,1,0,0,1,0,0,0,0,0,13.503157,51.137244
27,24,5,11,17,7,3,9,1,0,0,1,0,0,0,0,0,13.529833,51.128113
27,24,5,12,20,1,3,3,6,1,0,1,0,0,0,0,0,13.524404,51.130293
27,24,5,19,14,1,2,9,1,0,0,1,0,0,0,0,0,13.568344,51.085745
27,24,6,9,10,1,2,4,6,0,0,1,0,0,0,0,0,13.596766,51.098602
27,24,7,26,18,6,3,3,6,1,0,1,0,0,0,0,1,13.469652,51.095953
27,24,8,17,13,7,2,5,3,0,0,1,1,0,0,0,0,13.48209,51.106352
27,24,9,30,13,2,3,0,7,0,0,1,0,0,0,0,0,13.479175,51.098407
27,25,6,3,22,3,2,0,1,2,0,1,0,0,0,0,0,13.477771,51.124066
27,25,6,28,9,7,3,8,1,0,0,1,0,0,0,0,0,13.499633,51.139133
27,25,8,6,8,4,3,9,7,0,0,1,0,0,0,0,0,13.402986,51.103716
27,25,8,22,7,6,3,0,7,0,1,1,0,0,0,0,1,13.522548,51.074152
27,25,9,12,18,6,3,8,1,0,0,1,0,0,0,0,0,13.572652,51.110785
27,17,6,14,14,4,3,5,3,0,0,1,1,0,0,0,0,13.672233,51.30506
27,18,12,4,15,3,3,5,2,0,1,1,1,0,0,0,0,13.673839,51.315458
27,20,8,5,11,4,2,5,3,0,0,1,1,0,0,0,0,13.655908,51.348005
27,21,6,9,17,4,3,2,6,0,0,1,0,0,0,0,0,13.647801,51.313942
27,21,8,12,12,5,2,0,1,0,0,1,0,0,0,0,0,13.636587,51.322558
27,23,6,1,18,5,3,0,7,0,0,1,0,0,0,0,0,13.638919,51.303135
27,23,6,25,13,1,2,3,6,0,0,1,0,0,0,0,0,13.678265,51.309213
27,23,9,29,19,6,3,7,7,2,0,1,0,1,0,0,0,13.676466,51.314158
27,23,12,2,15,7,2,0,7,0,2,1,0,0,0,0,0,13.704975,51.32129
27,25,8,11,15,2,3,5,3,0,0,1,1,0,0,0,0,13.679167,51.308468
27,16,11,6,12,1,3,9,1,0,0,1,0,0,0,0,0,13.304615,51.207421
27,17,7,18,16,3,3,0,6,0,0,1,1,0,0,0,0,13.306762,51.195821
27,17,7,21,5,6,2,0,7,0,1,1,0,0,0,0,0,13.30361,51.202017
27,17,7,23,17,1,3,5,1,0,0,1,1,0,0,0,0,13.332345,51.184287
27,18,5,1,14,3,3,8,6,0,0,1,0,0,0,0,1,13.344029,51.197364
27,18,11,2,16,6,3,5,3,2,0,1,1,0,0,0,0,13.307935,51.19311
27,19,8,2,12,6,3,5,3,0,0,1,1,0,0,0,0,13.307627,51.203231