UKREIS,UJAHR,UMONAT,UTAG,USTUNDE,UWOCHENTAG,UKATEGORIE,UART,UTYP,LICHT,USTRZUSTAND,IstRad,IstPKW,IstFuss,IstKrad,IstGkfz,IstSonstige,@lon,@lat
27,20,1,31,12,6,3,8,1,0,0,1,0,0,0,0,0,13.271235,51.196661
27,20,5,21,18,5,2,3,6,0,0,1,0,0,0,0,0,13.346811,51.237558
27,20,7,23,13,5,3,2,6,0,0,1,1,0,0,0,0,13.286903,51.182783
27,20,11,7,10,7,3,0,1,0,0,1,0,0,0,0,0,13.314012,51.195076
27,21,3,14,17,1,2,0,1,0,0,1,0,0,0,0,0,13.30975,51.199129
27,21,9,2,4,5,3,8,6,2,0,1,0,0,0,0,1,13.297786,51.214852
27,21,10,13,19,4,3,0,7,2,0,1,0,0,0,0,0,13.270582,51.200048
27,21,10,31,10,1,3,0,1,0,0,1,0,0,0,0,0,13.305467,51.193889
27,22,5,10,13,3,3,0,1,0,0,1,0,0,0,0,0,13.334773,51.18696
27,22,7,23,8,7,2,8,1,0,0,1,0,0,0,0,0,13.289926,51.205589
27,22,9,13,13,3,3,0,1,0,0,1,0,0,0,0,0,13.244758,51.199559
27,22,10,9,17,1,3,0,1,0,0,1,0,0,0,0,0,13.306459,51.200972
27,23,2,4,8,7,3,0,1,0,2,1,0,0,0,0,0,13.304605,51.192577
27,23,5,26,10,6,3,5,3,0,0,1,1,0,0,0,0,13.316191,51.19833
27,23,6,2,18,6,3,2,2,0,0,1,1,0,0,0,0,13.305642,51.192676
27,23,9,27,14,4,2,0,1,0,0,1,0,0,0,0,0,13.316283,51.19813
27,23,10,4,14,4,2,0,1,0,0,1,0,0,0,0,0,13.31169,51.196697
27,24,1,9,19,3,2,8,7,2,0,1,0,0,0,0,0,13.314901,51.225102
27,24,7,31,9,4,3,2,6,0,0,1,1,0,0,0,0,13.304503,51.192704
27,25,5,29,3,5,3,0,1,2,0,1,0,0,0,0,0,13.316516,51.230124
27,25,7,30,18,4,3,0,7,0,0,1,0,0,0,0,0,13.307175,51.201242
27,25,8,7,13,5,3,0,7,0,0,1,0,0,0,0,0,13.305838,51.199594
27,16,1,7,17,5,3,5,2,2,0,1,1,0,0,0,0,13.48724,51.165779
27,16,2,1,6,2,3,5,2,0,1,1,1,0,0,0,0,13.484143,51.169211
27,16,2,3,17,4,3,5,2,2,0,1,1,0,0,0,0,13.486383,51.16524
27,16,2,4,14,5,3,3,6,0,0,1,1,0,0,0,0,13.482425,51.161499
27,16,2,4,15,5,3,5,3,0,0,1,1,0,0,0,0,13.487293,51.165814
27,16,3,1,14,3,3,5,2,0,0,1,1,0,0,0,0,13.481883,51.162291
27,16,3,2,6,4,2,5,3,0,1,1,1,0,0,0,0,13.488282,51.16639
27,16,4,7,8,5,3,5,3,0,0,1,1,0,0,0,0,13.492123,51.16701
27,16,5,1,17,1,3,5,3,0,1,1,1,0,0,0,0,13.478648,51.170165
27,16,6,3,13,6,3,0,3,0,0,1,0,0,1,0,0,13.494469,51.166792
27,16,6,4,14,7,3,2,2,0,0,1,1,0,0,0,0,13.458766,51.150337
27,16,6,6,9,2,3,4,7,0,0,1,1,0,0,0,0,13.463186,51.157934
27,16,6,7,16,3,2,4,6,0,0,1,1,0,0,0,0,13.467777,51.161162
27,16,7,2,9,7,3,5,3,0,0,1,1,0,0,0,0,13.475651,51.163068
27,16,7,7,15,5,3,0,1,0,0,1,0,0,0,0,0,13.45753,51.15807
27,16,8,3,13,4,2,3,6,0,0,1,0,0,0,1,0,13.490457,51.164102
27,16,8,3,15,4,3,0,6,0,0,1,1,0,0,0,0,13.483181,51.160531
27,16,8,4,10,5,3,4,6,0,0,1,0,0,0,0,0,13.476606,51.164641
27,16,8,5,6,6,3,5,7,1,0,1,1,0,0,0,0,13.458639,51.139103
27,16,9,1,12,5,3,1,5,0,0,1,1,0,0,0,0,13.469769,51.158845
27,16,9,5,10,2,3,5,3,0,0,1,1,0,0,0,0,13.493007,51.159556
27,16,10,2,16,1,3,5,3,0,0,1,1,0,0,0,0,13.506751,51.16837
27,16,10,2,22,1,3,0,1,2,0,1,0,0,0,0,0,13.488112,51.166382
27,16,10,3,6,2,3,2,6,2,1,1,0,0,0,0,0,13.510346,51.168917
27,16,10,5,9,4,3,0,3,0,0,1,0,0,0,0,1,13.500392,51.167381
27,16,10,6,7,5,3,5,3,2,1,1,1,0,0,0,0,13.478775,51.170175
27,16,11,3,10,5,3,0,7,0,1,1,0,0,0,0,0,13.476035,51.161205
27,16,11,4,15,6,3,5,3,0,1,1,1,0,0,0,0,13.492057,51.15975
27,17,2,27,15,2,3,3,2,0,0,1,1,0,0,0,0,13.486373,51.165234
27,17,4,10,13,2,3,0,1,0,0,1,0,0,0,0,0,13.468824,51.157246
27,17,4,10,14,2,3,0,5,0,0,1,1,0,0,0,0,13.468217,51.156804
27,17,4,21,8,6,3,5,3,0,0,1,1,0,0,0,0,13.493757,51.159388
27,17,4,24,12,2,3,5,3,0,0,1,1,0,0,0,0,13.499975,51.168058
27,17,4,24,19,2,3,5,3,0,0,1,1,0,0,0,0,13.486427,51.165267
27,17,4,27,15,5,3,5,3,0,0,1,1,0,0,0,0,13.468753,51.157235
27,17,5,19,14,6,3,5,3,0,0,1,1,0,0,0,0,13.486593,51.166171
27,17,5,19,15,6,2,2,6,0,0,1,0,0,0,0,0,13.469781,51.158737
27,17,5,23,7,3,3,5,3,0,0,1,1,0,0,0,0,13.484425,51.161325
27,17,5,27,22,7,3,5,3,2,0,1,1,0,0,0,0,13.472901,51.162551
27,17,5,31,14,4,2,5,2,0,0,1,0,0,0,0,1,13.492587,51.166964
27,17,6,13,7,3,3,5,3,0,0,1,1,0,0,0,0,13.472617,51.160021
27,17,6,23,12,6,3,5,2,0,0,1,0,0,0,0,1,13.473872,51.160985
27,17,6,28,14,4,2,0,1,0,1,1,0,0,0,0,0,13.490148,51.167209
27,17,6,30,17,6,3,5,3,0,0,1,0,0,0,0,1,13.500399,51.167383
27,17,7,10,1,2,3,0,1,2,0,1,0,0,0,0,0,13.495736,51.177238
27,17,7,15,14,7,3,3,5,0,0,1,1,0,0,0,0,13.465231,51.154182
27,17,8,6,11,1,3,9,1,0,0,1,0,0,0,0,0,13.49387,51.15875
27,17,8,7,11,2,3,5,2,0,0,1,0,0,0,0,1,13.482837,51.163816
27,17,8,9,14,4,3,5,2,0,0,1,0,0,0,0,1,13.490294,51.163326
27,17,8,23,16,4,2,5,3,0,0,1,1,0,0,0,0,13.511332,51.169073
27,17,8,30,6,4,3,5,3,0,0,1,1,0,0,0,0,13.49602,51.158825
27,17,9,14,7,5,3,5,3,0,1,1,1,0,0,0,0,13.483098,51.168492
27,17,10,5,17,5,3,5,3,0,0,1,1,0,0,0,0,13.490021,51.165062
27,17,10,19,15,5,3,5,2,0,0,1,1,0,0,0,0,13.486669,51.160758
27,17,10,30,16,2,2,5,3,1,0,1,0,0,0,0,1,13.500391,51.167381
27,17,11,1,8,4,3,1,7,0,0,1,1,0,0,0,0,13.482361,51.161602
27,17,12,1,13,6,3,6,1,0,0,1,0,1,0,0,0,13.472717,51.163533
27,17,12,2,11,7,3,5,3,0,0,1,1,0,0,0,0,13.473363,51.160761
27,17,12,19,16,3,2,1,1,2,1,1,1,0,0,0,0,13.474474,51.160249
27,17,12,20,11,4,3,5,2,0,1,1,1,0,0,0,0,13.486974,51.165615
27,18,1,5,5,6,2,0,7,2,1,1,0,0,0,0,0,13.481966,51.162165
27,18,2,2,11,6,3,5,2,0,0,1,1,0,0,0,0,13.496183,51.166737
27,18,2,5,16,2,3,5,3,0,0,1,1,0,0,0,0,13.497949,51.167003
27,18,2,6,13,3,3,5,3,0,0,1,1,0,0,0,0,13.482209,51.161794
27,18,4,3,15,3,3,5,3,0,0,1,1,0,0,0,0,13.475652,51.163101
27,18,4,3,15,3,3,0,7,0,0,1,0,0,0,0,1,13.489327,51.160653
27,18,5,1,17,3,3,5,3,0,0,1,0,0,0,0,1,13.475013,51.163773
27,18,5,2,6,4,3,4,2,0,1,1,1,0,0,0,0,13.482723,51.161017
27,18,5,2,19,4,3,5,3,0,0,1,1,0,0,0,0,13.48191,51.167742
27,18,5,3,6,5,3,5,2,0,0,1,0,0,0,0,1,13.483085,51.168497
27,18,5,3,20,5,3,6,6,1,0,1,0,1,0,0,0,13.495105,51.166735
27,18,5,4,7,6,2,0,7,0,0,1,0,0,0,0,0,13.481269,51.163154
27,18,5,7,12,2,3,5,3,0,0,1,0,0,0,0,1,13.514796,51.169611
27,18,5,7,14,2,3,4,1,0,0,1,1,0,0,0,0,13.49997,51.168041
27,18,6,1,17,6,3,0,1,0,1,1,0,0,0,0,0,13.482805,51.160912
27,18,6,1,18,6,3,5,3,0,0,1,1,0,0,0,0,13.461567,51.151338
27,18,6,1,18,6,3,5,3,0,0,1,1,0,0,0,0,13.49371,51.166859
27,18,6,3,14,1,2,0,1,0,0,1,0,0,0,0,0,13.459828,51.145862
27,18,6,5,10,3,3,0,7,0,0,1,0,0,0,0,0,13.488466,51.166658
27,18,6,7,7,5,3,6,4,0,0,1,0,1,0,0,0,13.468317,51.157458
27,18,7,3,6,3,2,5,3,0,0,1,1,0,0,0,0,13.500524,51.167403
27,18,7,3,16,3,2,5,3,0,0,1,1,0,0,0,0,13.480927,51.169317
27,18,7,4,12,4,3,4,6,0,0,1,0,0,0,0,0,13.488255,51.166491
27,18,7,5,19,5,2,0,1,0,0,1,0,0,0,0,0,13.484185,51.168061
27,18,8,1,13,4,3,1,5,0,0,1,1,0,0,0,0,13.480713,51.169405
27,18,8,1,15,4,2,0,1,0,0,1,0,0,0,0,0,13.476452,51.172952
27,18,8,1,15,4,3,5,3,0,0,1,1,0,0,0,0,13.490764,51.167126
27,18,8,2,11,5,3,4,2,0,0,1,0,0,0,0,1,13.487264,51.165794
27,18,8,3,10,6,3,0,1,0,0,1,0,0,0,0,0,13.511058,51.158336
27,18,8,6,16,2,3,5,3,0,0,1,1,0,0,0,0,13.484507,51.167934
27,18,8,6,17,2,3,5,3,0,0,1,0,0,0,0,0,13.481477,51.162848
27,18,8,7,11,3,3,3,6,0,0,1,0,0,0,0,1,13.460816,51.153596
27,18,8,7,12,3,2,0,1,0,0,1,0,0,0,0,0,13.459629,51.146394
27,18,8,7,15,3,3,4,2,0,0,1,1,0,0,0,0,13.487264,51.165794
27,18,9,3,16,2,3,5,3,0,0,1,1,0,0,0,0,13.477486,51.16834
27,18,9,4,15,3,3,3,6,0,0,1,0,0,0,0,1,13.481966,51.162165
27,18,9,5,8,4,2,4,2,0,0,1,0,0,0,0,1,13.492008,51.16702
27,18,9,5,11,4,3,4,2,0,0,1,1,0,0,0,0,13.458876,51.151061
27,18,9,6,6,5,3,5,3,0,0,1,1,0,0,0,0,13.493741,51.159392
27,18,10,1,12,2,3,5,3,0,0,1,0,0,0,0,1,13.490319,51.162444
27,18,10,2,16,3,3,5,3,0,0,1,1,0,0,0,0,13.491979,51.159773
27,18,10,5,7,6,3,0,1,2,1,1,0,0,0,0,0,13.460816,51.153596
27,18,11,1,11,5,3,5,2,0,0,1,1,0,0,0,0,13.488157,51.166415
27,18,11,1,14,5,3,5,3,0,0,1,1,0,0,0,0,13.459527,51.144156
27,18,11,2,14,6,3,5,3,0,1,1,1,0,0,0,0,13.476928,51.171427
27,18,12,3,11,2,3,5,3,0,1,1,1,0,0,0,0,13.49371,51.166859
27,18,12,5,12,4,2,0,1,0,2,1,0,0,0,0,0,13.466778,51.160844
27,19,1,3,13,5,3,5,3,0,0,1,1,0,0,0,0,13.493714,51.166858
27,19,1,7,8,2,3,0,1,0,2,1,0,0,0,0,0,13.458357,51.140071
27,19,2,5,15,3,2,5,3,0,0,1,1,0,0,0,0,13.511116,51.16904
27,19,4,6,17,7,3,5,3,0,0,1,1,0,0,0,0,13.49373,51.166857
27,19,5,7,11,3,3,0,1,0,1,1,0,0,0,0,0,13.464195,51.153047
27,19,7,6,11,7,3,4,2,0,0,1,1,0,0,0,0,13.502641,51.169075
27,19,7,6,13,7,2,5,3,0,0,1,1,0,0,0,0,13.500361,51.167376
27,19,8,2,11,6,3,0,7,0,0,1,1,0,0,0,0,13.482347,51.163909
27,19,8,2,14,6,3,5,3,0,0,1,1,0,0,0,0,13.496411,51.166774
27,19,8,6,19,3,3,1,5,1,0,1,1,0,0,0,0,13.512174,51.153321
27,19,8,7,8,4,3,0,7,0,0,1,0,0,0,0,0,13.485276,51.164639
27,19,9,1,5,1,2,0,1,2,0,1,0,0,0,0,0,13.46132,51.150659
27,19,9,2,10,2,3,5,2,0,0,1,1,0,0,0,0,13.489181,51.160771
27,19,9,2,13,2,3,0,7,0,0,1,0,0,0,0,0,13.481401,51.163391
27,19,9,2,19,2,2,8,1,2,0,1,0,0,0,0,0,13.498609,51.170504
27,19,9,3,7,3,3,1,5,0,0,1,1,0,0,0,0,13.46781,51.169569
27,19,9,4,20,4,3,0,6,2,0,1,1,0,0,0,0,13.483201,51.168581
27,19,9,5,12,5,2,6,4,0,0,1,0,1,0,0,0,13.474095,51.163836
27,19,10,2,14,4,3,3,6,0,0,1,1,0,0,0,0,13.4853,51.154504
27,19,10,3,12,5,2,5,3,0,0,1,1,0,0,0,0,13.49015,51.164876
27,19,10,5,12,7,3,0,1,0,0,1,0,0,0,0,0,13.474014,51.157165
27,19,11,1,7,6,3,5,3,0,1,1,1,0,0,0,0,13.463909,51.153536
27,19,11,7,11,5,3,5,3,0,0,1,1,0,0,0,0,13.486663,51.160774
27,20,1,8,7,4,3,5,3,2,1,1,1,0,0,0,0,13.492535,51.167877
27,20,1,23,7,5,3,4,2,1,0,1,1,0,0,0,0,13.470248,51.170472
27,20,1,27,6,2,3,0,1,2,2,1,0,0,0,0,0,13.483126,51.168481
27,20,1,27,9,2,2,0,1,0,2,1,0,0,0,0,0,13.484914,51.160021
27,20,2,11,16,3,3,5,3,0,1,1,1,0,0,0,0,13.479866,51.16356
27,20,3,3,5,3,3,5,3,0,0,1,1,0,0,0,0,13.483085,51.168497
27,20,4,10,17,6,3,2,7,0,0,1,0,0,0,0,0,13.508815,51.170944
27,20,5,2,17,7,3,7,1,0,1,1,0,0,0,0,0,13.461509,51.158278
27,20,5,13,17,4,3,4,2,0,0,1,1,0,0,0,0,13.502258,51.158172
27,20,5,16,15,7,3,0,1,0,0,1,0,0,0,0,0,13.452097,51.17485
27,20,5,29,10,6,3,5,3,0,0,1,1,0,0,0,0,13.490892,51.167634
27,20,6,6,9,7,3,5,3,0,0,1,1,0,0,0,0,13.493715,51.166858
27,20,6,12,13,6,3,3,6,0,0,1,1,0,0,0,0,13.488715,51.16684
27,20,6,12,15,6,3,5,3,0,0,1,1,0,0,0,0,13.502209,51.153722
27,20,6,23,14,3,3,0,1,0,0,1,0,0,0,0,0,13.470133,51.163569
27,20,6,28,22,1,3,3,1,2,0,1,1,0,0,0,0,13.483871,51.166422
27,20,6,29,17,2,2,0,1,0,0,1,0,0,0,0,0,13.469825,51.164782
27,20,7,1,10,4,2,0,7,0,0,1,0,0,0,0,0,13.497044,51.166862
27,20,7,2,10,5,3,0,1,0,0,1,0,0,0,0,0,13.489027,51.151749
27,20,7,13,7,2,3,5,2,0,0,1,1,0,0,0,0,13.490206,51.162951
27,20,7,14,5,3,3,0,7,0,0,1,0,0,0,0,0,13.478689,51.17021
27,20,7,22,23,4,2,8,1,2,0,1,0,0,0,0,0,13.496313,51.174066
27,20,7,23,20,5,3,8,1,1,0,1,0,0,0,0,0,13.458744,51.148279
27,20,8,5,17,4,2,5,3,0,0,1,0,0,1,0,0,13.511101,51.169038
27,20,8,11,19,3,2,6,4,0,0,1,0,1,0,0,0,13.465504,51.154317
27,20,8,22,15,7,2,0,1,0,1,1,0,0,0,0,0,13.475742,51.163009
27,20,8,24,15,2,2,4,6,0,0,1,0,0,0,0,0,13.488318,51.166542
27,20,8,31,16,2,2,3,6,0,0,1,0,0,0,0,0,13.476261,51.161351
27,20,9,2,11,4,3,0,7,0,0,1,0,0,0,0,0,13.484665,51.157338
27,20,9,14,15,2,3,5,3,0,0,1,1,0,0,0,0,13.458752,51.147907
27,20,9,20,17,1,3,0,1,0,0,1,0,0,0,0,0,13.474608,51.163684
27,20,9,24,7,5,2,5,3,0,0,1,0,0,0,0,0,13.487238,51.16637
27,20,9,28,8,2,3,0,7,0,0,1,0,0,0,0,0,13.467172,51.157466
27,20,10,21,9,4,3,5,3,0,0,1,0,0,0,1,0,13.495714,51.177223
27,20,11,6,17,6,2,6,4,2,0,1,0,1,0,0,0,13.467323,51.158097
27,20,11,12,15,5,3,0,7,0,1,1,0,0,0,0,0,13.462822,51.14748
27,20,11,25,9,4,3,5,3,0,0,1,1,0,0,0,0,13.490012,51.165073
27,20,12,8,14,3,3,5,3,0,0,1,1,0,0,0,0,13.481106,51.169246
27,20,12,21,12,2,3,5,3,0,0,1,1,0,0,0,0,13.483069,51.168503
27,20,12,22,13,3,3,0,1,0,0,1,0,0,0,0,0,13.481795,51.16352
27,20,12,29,11,3,3,0,1,0,2,1,0,0,0,0,0,13.464094,51.153422
27,21,1,8,11,6,3,5,3,0,1,1,1,0,0,0,0,13.458765,51.147876
27,21,1,9,14,7,3,5,3,0,1,1,1,0,0,0,0,13.492573,51.166965
27,21,2,24,9,4,3,1,5,0,0,1,1,0,0,0,0,13.459758,51.152426
27,21,4,27,15,3,3,6,6,0,0,1,0,1,0,0,0,13.474798,51.160881
27,21,4,28,11,4,3,5,3,0,0,1,0,0,0,0,1,13.491877,51.167031
27,21,5,5,6,4,3,5,3,0,0,1,1,0,0,0,0,13.49154,51.159906
27,21,6,8,12,3,3,5,3,0,0,1,0,0,0,0,1,13.500474,51.167395
27,21,6,8,17,3,3,5,3,0,0,1,0,0,0,0,0,13.476139,51.161269
27,21,6,9,7,4,3,0,1,0,0,1,0,0,0,0,0,13.494755,51.171518
27,21,6,9,10,4,3,5,3,0,0,1,1,0,0,0,0,13.484439,51.161327
27,21,6,9,12,4,3,0,1,0,0,1,0,0,0,0,0,13.479245,51.163695
27,21,6,15,7,3,3,0,1,0,0,1,0,0,0,0,0,13.455582,51.164243
27,21,6,16,19,4,3,3,6,0,0,1,1,0,0,0,0,13.465741,51.157247
27,21,6,17,9,5,3,0,7,0,0,1,0,0,0,0,0,13.51529,51.15685
27,21,6,27,18,1,3,0,1,0,0,1,0,0,0,0,0,13.502809,51.17784
27,21,6,30,9,4,2,5,3,0,1,1,1,0,0,0,1,13.483076,51.160541
27,21,7,4,9,1,3,5,2,0,0,1,1,0,0,0,0,13.494993,51.159079
27,21,7,8,14,5,3,0,1,0,0,1,0,0,0,0,0,13.470667,51.169896
27,21,7,22,14,5,3,5,3,0,0,1,1,0,0,0,0,13.490298,51.163339
27,21,7,26,15,2,3,1,5,0,0,1,0,0,0,1,0,13.45841,51.140251
27,21,7,26,18,2,2,0,1,0,1,1,0,0,0,0,0,13.467377,51.16533
27,21,8,18,17,4,2,0,7,0,0,1,0,0,0,0,0,13.484058,51.164145
27,21,8,25,15,4,3,5,3,0,0,1,1,0,0,0,0,13.490198,51.162861
27,21,8,29,19,1,3,3,6,0,0,1,0,0,0,0,0,13.509502,51.168789
27,21,9,5,21,1,3,0,1,2,0,1,0,0,0,0,0,13.470156,51.164001
27,21,9,14,13,3,2,4,2,0,0,1,0,0,0,0,1,13.461966,51.154527
27,21,9,15,16,4,3,0,6,0,1,1,0,0,0,0,0,13.496817,51.171139
27,21,9,28,7,3,3,5,3,0,0,1,1,0,0,0,0,13.478714,51.1702
27,21,10,2,13,7,3,0,1,0,0,1,0,0,0,0,0,13.464053,51.156352
27,21,10,5,9,3,3,5,3,0,0,1,1,0,0,0,0,13.490298,51.163339
27,21,10,11,5,2,3,5,3,2,0,1,1,0,0,0,0,13.468002,51.156607
27,21,10,11,12,2,3,0,1,0,0,1,0,0,0,0,0,13.477358,51.165104
27,21,10,12,7,3,3,5,3,0,0,1,1,0,0,0,0,13.461942,51.154507
27,21,10,15,14,6,3,0,5,0,0,1,1,0,0,0,0,13.469854,51.159203
27,21,11,4,8,5,3,5,2,0,1,1,1,0,0,0,0,13.486539,51.165336
27,21,11,6,10,7,3,5,3,0,0,1,1,0,0,0,0,13.492186,51.159714
27,21,11,15,0,2,3,5,3,2,0,1,0,0,0,0,0,13.487151,51.162824
27,21,11,22,13,2,2,0,1,0,0,1,0,0,0,0,0,13.477211,51.164894
27,22,1,18,7,3,3,0,1,0,1,1,0,0,0,0,0,13.483674,51.159538
27,22,2,8,21,3,3,5,3,2,0,1,0,0,0,0,1,13.481643,51.162628
27,22,2,12,8,7,3,0,1,0,2,1,0,0,0,0,0,13.472922,51.162537
27,22,3,1,9,3,2,5,3,0,0,1,1,0,0,0,0,13.488809,51.168376
27,22,3,7,8,2,3,6,4,0,0,1,0,1,0,0,0,13.468388,51.165728
27,22,3,23,9,4,3,0,1,0,0,1,0,0,0,0,0,13.493915,51.159349
27,22,3,28,17,2,3,0,1,0,1,1,0,0,0,0,0,13.495677,51.177197
27,22,4,1,7,6,3,4,2,0,0,1,1,0,0,0,0,13.488409,51.161044
27,22,5,2,10,2,3,4,2,0,0,1,1,0,0,0,0,13.486472,51.165295
27,22,5,4,17,4,2,5,3,0,0,1,1,0,0,0,0,13.475659,51.163094
27,22,5,5,16,5,3,5,2,0,0,1,1,0,0,0,0,13.465917,51.157147
27,22,5,6,7,6,3,4,2,0,0,1,1,0,0,0,0,13.493672,51.166862
27,22,5,31,16,3,3,5,2,0,0,1,1,0,0,0,0,13.482729,51.161007
27,22,5,31,16,3,2,8,1,0,0,1,0,0,0,0,0,13.483242,51.160273
27,22,6,6,10,2,3,5,3,0,0,1,1,0,0,0,0,13.514783,51.169614
27,22,6,10,10,6,3,5,2,0,0,1,1,0,0,0,0,13.469014,51.157085
27,22,6,10,14,6,3,0,1,0,0,1,0,0,0,0,0,13.469027,51.158462
27,22,6,10,15,6,3,0,6,0,0,1,0,0,0,0,0,13.489473,51.160583
27,22,6,11,18,7,3,0,7,0,0,1,0,0,0,0,0,13.481753,51.163506
27,22,6,14,11,3,3,6,4,0,0,1,0,1,0,0,0,13.470794,51.16318
27,22,6,22,17,4,3,5,2,0,0,1,0,0,0,0,0,13.481477,51.162848
27,22,6,28,7,3,3,5,3,0,0,1,1,0,0,0,0,13.48694,51.156135
27,22,7,11,13,2,3,5,3,0,0,1,1,0,0,0,0,13.49373,51.166857
27,22,7,25,15,2,3,0,1,0,0,1,0,0,0,0,0,13.479087,51.165436
27,22,8,9,9,3,3,0,7,0,0,1,0,0,0,0,1,13.484793,51.156807
27,22,8,9,14,3,3,0,1,0,0,1,0,0,0,0,0,13.489645,51.157162
27,22,8,13,19,7,3,3,6,0,0,1,0,0,0,0,1,13.46815,51.161468
27,22,8,18,17,5,2,7,1,0,0,1,0,0,0,0,0,13.474416,51.17057
27,22,8,24,14,4,3,4,1,0,0,1,1,0,0,0,0,13.503924,51.164465
27,22,9,8,13,5,3,5,3,0,1,1,1,0,0,0,0,13.492186,51.167003
27,22,9,8,21,5,3,5,3,2,0,1,1,0,0,0,0,13.474104,51.163867
27,22,9,30,14,6,3,5,3,0,0,1,1,0,0,0,0,13.468049,51.15665
27,22,10,15,9,7,3,1,5,0,1,1,1,0,0,0,0,13.510945,51.153506
27,22,10,16,22,1,2,0,1,2,0,1,0,0,0,0,0,13.474911,51.160905
27,22,10,21,15,6,3,0,1,0,1,1,0,0,0,0,0,13.481745,51.163503
27,22,10,27,10,5,3,5,3,0,0,1,1,0,0,0,0,13.491998,51.159767
27,22,11,15,15,3,3,3,6,0,0,1,1,0,0,0,0,13.462466,51.142321
27,22,11,17,21,5,3,4,6,2,1,1,1,0,0,0,0,13.472887,51.162561
27,22,11,18,13,6,3,4,6,0,1,1,0,0,0,0,0,13.491311,51.159984
27,22,11,28,11,2,3,6,4,0,0,1,0,1,0,0,0,13.47139,51.161225
27,22,12,29,13,5,2,4,2,0,0,1,1,0,0,0,0,13.487264,51.165794
27,23,1,31,18,3,2,2,6,2,1,1,1,0,0,0,0,13.459725,51.14527
27,23,2,16,16,5,3,5,3,0,0,1,1,0,0,0,0,13.490658,51.160118
27,23,3,5,19,1,2,5,7,2,1,1,1,0,0,0,0,13.507391,51.156177
27,23,4,16,2,1,3,0,1,2,1,1,0,0,0,0,0,13.479232,51.162111
27,23,4,23,19,1,2,0,1,0,0,1,0,0,0,0,0,13.461296,51.148698
27,23,5,5,10,6,3,5,3,0,0,1,1,0,0,0,0,13.487285,51.165808
27,23,5,26,18,6,3,5,3,0,0,1,1,0,0,0,0,13.463498,51.171084
27,23,5,29,13,2,3,0,7,0,0,1,0,0,0,0,0,13.479316,51.163679
27,23,5,31,7,4,3,5,3,0,0,1,1,0,0,0,0,13.493038,51.159549
27,23,6,1,7,5,3,5,3,0,0,1,1,0,0,0,0,13.489075,51.166996
27,23,6,4,12,1,3,0,1,0,0,1,0,0,0,0,0,13.48141,51.163394
27,23,6,7,10,4,2,1,5,0,0,1,1,0,0,0,0,13.462374,51.152942
27,23,6,11,16,1,3,4,6,0,0,1,0,0,0,0,0,13.476254,51.162751
27,23,6,13,7,3,3,1,1,0,0,1,1,0,0,0,0,13.506043,51.169705
27,23,6,22,11,5,3,5,3,0,0,1,1,0,0,0,0,13.480853,51.163346
27,23,6,28,12,4,3,0,1,0,0,1,0,0,0,0,0,13.483409,51.159995
27,23,6,29,17,5,3,9,1,0,0,1,0,0,0,0,0,13.477248,51.161725
27,23,6,30,15,6,3,0,1,0,1,1,0,0,0,0,0,13.46929,51.165252
27,23,7,8,10,7,3,0,7,0,0,1,0,0,0,0,0,13.510797,51.15365
27,23,7,13,12,5,3,0,3,0,0,1,0,0,0,0,1,13.500471,51.167393
27,23,7,13,19,5,3,5,3,0,0,1,1,0,0,0,0,13.458906,51.15128
27,23,7,15,19,7,2,0,1,0,0,1,0,0,0,0,0,13.481354,51.158939
27,23,7,26,9,4,3,5,2,0,0,1,0,0,0,1,0,13.470177,51.169606
27,23,8,5,22,7,2,0,1,2,1,1,0,0,0,0,0,13.454156,51.136
27,23,8,6,8,1,3,0,1,0,1,1,0,0,0,0,0,13.480584,51.166923
27,23,8,10,12,5,3,1,5,0,0,1,1,0,0,0,0,13.461511,51.145342
27,23,9,10,9,1,2,2,6,0,0,1,0,0,0,0,0,13.49556,51.142114
27,23,9,12,9,3,3,1,5,0,0,1,1,0,0,0,0,13.467098,51.169796
27,23,9,12,13,3,3,8,1,0,0,1,0,0,0,0,0,13.475883,51.169685
27,23,9,13,1,4,3,0,7,2,0,1,0,0,0,0,0,13.474745,51.16087
27,23,9,14,7,5,3,5,3,0,0,1,1,0,0,0,0,13.490021,51.165062
27,23,9,20,16,4,2,3,6,0,0,1,1,0,0,0,0,13.504649,51.178577
27,23,9,26,23,3,2,0,1,2,0,1,0,0,0,0,0,13.472794,51.149144
27,23,9,27,7,4,3,0,3,0,0,1,1,0,0,0,0,13.491047,51.160103
27,23,9,29,13,6,3,5,7,0,0,1,1,0,0,0,0,13.496692,51.158662
27,23,10,2,17,2,3,0,1,0,0,1,0,0,0,0,0,13.462701,51.153082
27,23,10,4,16,4,3,0,7,0,0,1,0,0,0,0,0,13.486697,51.160691
27,23,10,6,22,6,3,7,7,2,0,1,0,0,0,0,0,13.512869,51.157701
27,23,10,7,14,7,3,5,3,0,0,1,1,0,0,0,0,13.500497,51.167397
27,23,10,17,17,3,3,0,7,0,0,1,0,0,0,0,0,13.488713,51.168481
27,23,11,2,16,5,3,5,2,0,0,1,1,0,0,0,1,13.490675,51.160107
27,23,11,15,12,4,3,5,3,0,1,1,1,0,0,0,0,13.491642,51.159875
27,23,12,21,6,5,3,5,3,2,1,1,1,0,0,0,0,13.505868,51.168232