UKREIS,UJAHR,UMONAT,UTAG,USTUNDE,UWOCHENTAG,UKATEGORIE,UART,UTYP,LICHT,USTRZUSTAND,IstRad,IstPKW,IstFuss,IstKrad,IstGkfz,IstSonstige,@lon,@lat
27,23,12,24,17,1,3,0,1,2,1,1,0,0,0,0,0,13.473729,51.17046
27,24,1,1,17,2,2,5,3,2,1,1,1,0,0,0,0,13.459572,51.152535
27,24,2,9,10,6,3,0,1,0,1,1,0,0,0,0,0,13.481355,51.163376
27,24,2,14,6,4,3,8,7,2,0,1,0,0,0,0,0,13.503606,51.141267
27,24,2,17,11,7,2,5,3,0,0,1,1,0,0,0,0,13.514785,51.169614
27,24,3,1,15,6,2,0,3,0,0,1,1,0,0,0,0,13.489007,51.165863
27,24,3,1,20,6,2,2,6,2,0,1,1,0,0,0,0,13.50416,51.140937
27,24,3,6,14,4,3,0,7,0,0,1,0,0,0,0,0,13.471888,51.163445
27,24,3,8,18,6,2,5,3,1,0,1,1,0,0,0,0,13.487296,51.165816
27,24,3,26,15,3,3,1,3,0,0,1,1,0,0,0,0,13.491832,51.167035
27,24,3,27,14,4,3,3,6,0,0,1,1,0,0,0,0,13.494164,51.172425
27,24,3,28,4,5,3,0,3,2,1,1,1,0,0,0,0,13.469834,51.157098
27,24,4,2,14,3,3,5,3,0,0,1,1,0,0,0,0,13.492512,51.166971
27,24,4,4,15,5,3,2,1,0,1,1,0,0,0,0,0,13.481477,51.162847
27,24,4,25,8,5,3,5,3,0,1,1,1,0,0,0,0,13.473668,51.150231
27,24,4,29,15,2,3,3,6,0,0,1,0,0,0,0,0,13.484447,51.154536
27,24,5,10,12,6,2,0,7,0,0,1,0,0,0,0,0,13.481753,51.163506
27,24,5,19,21,1,3,8,1,1,0,1,0,0,0,0,0,13.467273,51.165324
27,24,5,23,15,5,3,5,3,0,0,1,1,0,0,0,0,13.496243,51.171407
27,24,5,30,5,5,2,0,7,1,0,1,0,0,0,0,0,13.473143,51.170378
27,24,6,24,10,2,3,3,6,0,0,1,1,0,0,0,0,13.485555,51.153754
27,24,6,26,12,4,2,0,1,0,0,1,0,0,0,0,0,13.497194,51.166887
27,24,6,28,2,6,3,0,1,2,0,1,0,0,0,0,0,13.471962,51.165292
27,24,7,7,15,1,3,0,7,0,0,1,0,0,0,0,1,13.483571,51.151872
27,24,7,8,21,2,2,8,1,0,0,1,0,0,0,0,0,13.462565,51.145252
27,24,7,25,18,5,2,0,1,0,0,1,0,0,0,0,0,13.469804,51.161119
27,24,8,8,16,5,2,0,7,0,0,1,0,0,0,0,0,13.480334,51.166733
27,24,8,29,12,5,3,0,1,0,0,1,0,0,0,0,0,13.473404,51.167251
27,24,8,29,15,5,3,0,7,0,0,1,0,0,0,0,0,13.479512,51.154843
27,24,9,30,9,2,3,5,3,0,0,1,1,0,0,0,0,13.49373,51.166857
27,24,10,6,15,1,2,8,1,0,0,1,0,0,0,0,0,13.5017,51.152575
27,24,10,8,19,3,2,0,1,2,0,1,0,0,0,0,0,13.489773,51.167612
27,24,10,15,22,3,2,6,1,2,0,1,0,1,0,0,0,13.478444,51.161883
27,24,10,16,11,4,3,0,1,0,0,1,0,0,0,0,0,13.49087,51.161348
27,24,10,17,12,5,3,5,2,0,0,1,1,0,0,0,0,13.486492,51.165307
27,24,10,24,15,5,3,5,3,0,0,1,1,0,0,0,0,13.467325,51.155654
27,24,10,29,7,3,3,5,2,0,1,1,0,0,1,0,0,13.476808,51.170851
27,24,10,29,15,3,3,5,3,0,0,1,1,0,0,0,0,13.490891,51.161273
27,24,11,5,7,3,3,5,3,1,0,1,1,0,0,0,0,13.49373,51.166857
27,24,11,7,11,5,2,5,7,0,0,1,0,0,0,0,1,13.491386,51.167073
27,24,11,19,16,3,3,0,1,1,0,1,0,0,0,0,0,13.491024,51.160391
27,24,11,24,9,1,3,0,1,0,1,1,0,0,0,0,0,13.490153,51.167214
27,24,11,27,8,4,3,5,2,0,0,1,0,0,0,0,1,13.490288,51.163304
27,24,12,10,16,3,2,5,2,2,0,1,1,0,0,0,0,13.490292,51.163318
27,24,12,31,14,3,3,0,1,0,0,1,0,0,0,0,0,13.493499,51.148226
27,25,1,23,8,5,2,0,1,0,2,1,0,0,0,0,0,13.457433,51.162661
27,25,1,23,9,5,3,0,1,0,2,1,0,0,0,0,0,13.467485,51.155062
27,25,3,8,16,7,2,3,6,0,0,1,0,0,0,0,0,13.499035,51.143296
27,25,3,12,13,4,3,5,3,0,1,1,1,0,0,0,0,13.484869,51.164464
27,25,4,5,15,7,3,0,7,0,0,1,0,0,0,0,0,13.476215,51.164524
27,25,4,11,16,6,3,0,7,0,0,1,0,0,0,0,0,13.490412,51.164355
27,25,4,30,11,4,2,5,2,0,0,1,1,0,0,0,0,13.468735,51.157244
27,25,5,9,20,6,3,0,1,2,0,1,0,0,0,0,0,13.473368,51.167014
27,25,5,29,20,5,3,1,7,1,0,1,1,0,0,0,0,13.479981,51.162197
27,25,6,12,11,5,3,5,2,0,0,1,1,0,0,0,0,13.476931,51.161796
27,25,6,14,0,7,3,6,6,2,0,1,0,1,0,0,0,13.493755,51.159389
27,25,6,18,21,4,3,0,1,1,0,1,0,0,0,0,0,13.459587,51.146465
27,25,6,19,7,5,3,5,3,0,0,1,1,0,0,0,0,13.489053,51.165831
27,25,6,27,11,6,3,0,1,0,0,1,0,0,0,0,0,13.479769,51.16305
27,25,7,4,13,6,3,5,3,0,0,1,1,0,0,0,0,13.492112,51.167011
27,25,7,4,15,6,3,0,1,0,0,1,0,0,0,0,0,13.481742,51.163502
27,25,7,6,14,1,2,0,1,0,0,1,0,0,0,0,0,13.467894,51.161237
27,25,7,6,16,1,3,0,1,0,0,1,0,0,0,0,0,13.467365,51.157536
27,25,7,27,13,1,3,5,3,0,0,1,0,0,1,0,0,13.488174,51.166462
27,25,8,2,10,7,3,0,1,0,0,1,0,0,0,0,0,13.477203,51.164767
27,25,8,2,14,7,2,0,1,0,0,1,0,0,0,0,0,13.470381,51.164988
27,25,8,9,12,7,3,0,1,0,0,1,1,0,0,0,0,13.479808,51.163572
27,25,8,14,7,5,3,5,3,0,0,1,1,0,0,0,0,13.49373,51.166857
27,25,8,15,19,6,3,0,7,1,0,1,0,0,0,0,0,13.521459,51.153854
27,25,8,19,16,3,3,5,2,0,0,1,1,0,0,0,0,13.493682,51.166861
27,25,8,23,18,7,3,5,7,0,0,1,1,0,0,0,0,13.461906,51.154478
27,25,8,28,18,5,3,0,7,0,1,1,0,0,0,0,0,13.502493,51.169357
27,25,8,30,13,7,3,0,7,0,0,1,0,0,0,0,0,13.480117,51.169904
27,25,9,1,13,2,3,5,5,0,0,1,1,0,0,0,0,13.4702,51.159745
27,25,9,19,13,6,3,5,3,0,0,1,1,0,0,0,0,13.490613,51.160258
27,25,9,23,15,3,3,5,3,0,0,1,1,0,0,0,0,13.490021,51.165062
27,25,9,30,12,3,3,4,6,0,0,1,0,0,0,0,0,13.485708,51.153457
27,25,10,6,13,2,3,3,1,0,0,1,0,0,0,0,1,13.473345,51.160748
27,25,10,16,16,5,3,4,2,0,0,1,0,0,0,0,1,13.497671,51.158445
27,25,10,17,11,6,3,6,4,0,0,1,0,1,0,0,0,13.471037,51.160848
27,25,10,28,8,3,2,2,6,0,0,1,0,0,0,0,0,13.495286,51.166719
27,25,12,21,13,1,3,3,6,0,1,1,0,0,0,0,0,13.479883,51.15433
27,16,2,2,17,3,3,5,3,1,1,1,1,0,0,0,0,13.697349,51.120609
27,16,4,2,15,7,3,3,2,0,0,1,1,0,0,0,0,13.682513,51.139647
27,16,5,3,17,3,3,3,6,0,0,1,1,0,0,0,0,13.697154,51.120468
27,16,6,4,14,7,3,3,2,0,0,1,1,0,0,0,0,13.677177,51.175945
27,16,6,6,9,2,3,0,7,0,0,1,0,0,0,0,0,13.696755,51.121207
27,16,7,2,18,7,2,5,3,0,0,1,1,0,0,0,0,13.65364,51.12765
27,16,8,5,17,6,3,3,6,0,0,1,1,0,0,0,0,13.688037,51.123551
27,16,9,1,16,5,3,5,3,0,0,1,1,0,0,0,0,13.680018,51.161017
27,16,9,7,18,4,3,5,2,0,0,1,1,0,0,0,0,13.696268,51.117898
27,17,5,22,7,2,2,5,3,0,0,1,1,0,0,0,0,13.653664,51.138085
27,17,8,20,15,1,2,5,3,0,0,1,1,0,0,0,0,13.704647,51.130593
27,17,9,14,18,5,3,0,3,0,0,1,1,0,0,0,0,13.701435,51.111445
27,17,9,22,15,6,3,5,2,0,0,1,0,0,1,0,0,13.673264,51.166573
27,17,11,20,17,2,3,5,2,2,1,1,1,0,0,0,0,13.680553,51.154897
27,17,12,3,13,1,3,0,7,0,0,1,0,1,0,0,0,13.677699,51.128261
27,18,4,3,9,3,2,5,1,0,0,1,1,0,0,0,0,13.701433,51.111445
27,18,4,4,15,4,2,8,1,0,1,1,0,0,0,0,0,13.671492,51.1657
27,18,5,4,13,6,3,5,3,0,0,1,1,0,0,0,0,13.679794,51.163703
27,18,5,7,7,2,2,4,6,0,0,1,0,0,0,0,0,13.697413,51.116104
27,18,6,2,11,7,3,8,6,0,0,1,0,0,0,1,0,13.696673,51.11729
27,18,6,6,17,4,3,3,6,0,0,1,1,0,0,0,0,13.681392,51.144974
27,18,7,2,15,2,2,4,6,0,0,1,0,0,0,0,1,13.62938,51.187052
27,18,8,3,10,6,2,5,3,0,0,1,1,0,0,0,0,13.696422,51.117704
27,18,9,2,21,1,3,0,1,2,0,1,0,0,0,0,0,13.687969,51.123802
27,18,10,7,11,1,2,8,1,0,0,1,0,0,0,0,0,13.689565,51.168519
27,18,11,6,19,3,1,2,6,2,0,1,0,0,0,0,1,13.652329,51.140909
27,19,3,2,13,7,2,0,7,0,0,1,0,0,0,0,0,13.707295,51.168542
27,19,4,1,8,2,2,5,2,0,0,1,0,0,0,1,0,13.701423,51.111459
27,19,6,2,12,1,3,0,1,0,0,1,0,0,0,0,0,13.659119,51.128687
27,19,7,5,17,6,2,5,3,0,0,1,1,0,0,0,0,13.709463,51.141355
27,19,9,7,18,7,3,5,3,0,0,1,1,0,0,0,0,13.684075,51.161494
27,19,11,3,13,1,3,6,6,0,1,1,0,1,0,0,0,13.705516,51.15359
27,20,1,6,4,2,3,5,3,2,1,1,1,0,0,0,0,13.684739,51.156438
27,20,3,2,17,2,3,0,6,0,0,1,0,0,0,1,0,13.697085,51.116601
27,20,4,7,16,3,3,0,1,0,0,1,0,0,0,0,0,13.674777,51.155369
27,20,5,9,12,7,3,0,1,0,0,1,0,0,0,0,0,13.654336,51.127821
27,20,5,14,9,5,3,8,1,0,0,1,0,0,0,0,0,13.655841,51.144333
27,20,5,30,15,7,3,8,1,0,0,1,0,0,0,0,0,13.697131,51.166792
27,20,6,13,10,7,3,2,6,0,0,1,1,0,0,0,0,13.675157,51.166032
27,20,6,27,19,7,3,0,3,0,1,1,0,0,1,0,0,13.678248,51.165365
27,20,7,4,14,7,3,0,1,0,0,1,0,0,0,0,0,13.673091,51.169495
27,20,7,12,10,1,3,0,7,0,0,1,1,0,0,0,0,13.695893,51.118211
27,20,7,18,17,7,3,9,7,0,0,1,1,0,0,0,0,13.679857,51.162951
27,20,8,26,13,4,3,0,1,0,0,1,0,0,0,0,0,13.679715,51.159052
27,20,8,29,15,7,3,7,7,0,0,1,0,0,0,0,0,13.656208,51.128198
27,20,9,25,19,6,3,0,6,1,0,1,1,0,0,0,0,13.701855,51.174985
27,20,11,4,10,4,3,0,1,0,0,1,0,0,0,0,0,13.69493,51.121969
27,20,11,9,6,2,2,0,7,2,0,1,0,0,0,0,0,13.707654,51.138726
27,20,12,6,15,1,3,0,1,0,0,1,0,0,0,0,0,13.653019,51.137217
27,21,1,31,14,1,2,3,6,0,2,1,1,0,0,0,0,13.657717,51.142324
27,21,4,21,12,4,3,0,1,0,0,1,0,0,0,0,0,13.688039,51.123788
27,21,6,15,16,3,2,0,3,0,0,1,0,0,0,0,1,13.70465,51.130601
27,21,6,26,13,7,3,0,7,0,0,1,0,0,0,0,0,13.697176,51.120796
27,21,7,1,11,5,2,0,7,0,0,1,0,0,0,0,0,13.679797,51.163663
27,21,8,7,21,7,2,0,1,2,1,1,0,0,0,0,0,13.693219,51.155773
27,21,8,19,17,5,2,5,3,0,0,1,1,0,0,0,0,13.679595,51.165109
27,21,9,1,16,4,2,6,4,0,0,1,0,1,0,0,0,13.702889,51.128471
27,21,9,6,14,2,3,5,3,0,0,1,1,0,0,0,0,13.712539,51.12904
27,21,11,11,14,5,3,5,2,0,0,1,0,0,1,0,0,13.698881,51.155634
27,22,4,22,14,6,2,4,2,0,0,1,1,0,0,0,0,13.680558,51.154839
27,22,5,17,17,3,3,0,6,0,1,1,0,0,1,0,0,13.701873,51.117002
27,22,5,21,10,7,2,8,7,0,0,1,0,0,0,0,0,13.670451,51.16548
27,22,6,8,16,4,3,2,7,0,0,1,0,0,0,0,0,13.654182,51.12218
27,22,7,11,15,2,3,4,2,0,0,1,1,0,0,0,0,13.686926,51.166364
27,22,7,18,7,2,3,4,6,0,0,1,1,0,0,0,0,13.675777,51.155307
27,22,8,12,19,6,3,5,2,0,0,1,1,0,0,0,0,13.648256,51.130047
27,22,9,8,18,5,3,0,1,1,0,1,0,0,0,0,0,13.696805,51.120218
27,22,10,6,10,5,3,0,1,0,1,1,1,0,0,0,0,13.701354,51.111632
27,22,10,11,10,3,3,0,7,0,0,1,0,0,0,0,0,13.654332,51.122034
27,23,4,17,17,2,2,0,7,0,0,1,0,0,0,0,0,13.675654,51.1291
27,23,4,19,15,4,2,5,3,0,0,1,1,0,0,0,0,13.687969,51.123802
27,23,6,11,9,1,3,5,2,0,0,1,1,0,0,0,0,13.629172,51.16224
27,23,6,18,20,1,3,1,7,0,0,1,1,0,0,0,0,13.702017,51.11916
27,23,7,4,19,3,3,0,1,0,0,1,0,0,0,0,0,13.679393,51.165147
27,23,7,23,9,1,2,0,1,0,0,1,0,0,0,0,0,13.653915,51.122673
27,23,7,24,18,2,2,0,1,0,0,1,0,0,0,0,0,13.648893,51.135019
27,23,8,13,10,1,3,0,6,0,0,1,1,0,0,0,0,13.651581,51.142211
27,23,8,18,21,6,2,9,1,2,0,1,0,0,0,0,0,13.677128,51.162113
27,23,9,5,11,3,3,1,6,0,0,1,1,0,0,0,0,13.653662,51.12688
27,23,9,15,15,6,3,7,7,0,0,1,0,0,0,0,0,13.624938,51.192681
27,23,9,27,14,4,3,3,6,0,0,1,1,0,0,0,0,13.681897,51.117967
27,23,9,28,19,5,2,5,2,2,0,1,1,0,0,0,0,13.69834,51.121919
27,23,10,1,16,1,2,3,6,0,0,1,0,0,0,0,0,13.672838,51.154963
27,23,10,11,18,4,2,5,2,1,0,1,1,0,0,0,0,13.62401,51.195747
27,24,3,22,16,6,3,0,1,0,0,1,0,0,0,0,0,13.603278,51.194154
27,24,4,1,15,2,3,0,7,0,0,1,0,0,0,0,0,13.677129,51.163469
27,24,4,8,14,2,3,1,5,0,0,1,1,0,0,0,0,13.679776,51.163906
27,24,5,12,0,1,2,0,1,2,0,1,0,0,0,0,0,13.656683,51.148556
27,24,6,8,14,7,3,5,3,0,0,1,1,0,0,0,0,13.685529,51.130509
27,24,7,15,15,2,1,8,7,0,0,1,0,0,0,0,0,13.610984,51.192215
27,24,8,1,10,5,2,0,1,0,0,1,0,0,0,0,0,13.692704,51.11956
27,24,8,24,22,7,3,8,1,1,0,1,0,0,0,0,0,13.674842,51.121438
27,25,3,15,11,7,3,1,7,0,0,1,1,0,0,0,0,13.7073,51.118247
27,25,6,12,14,5,3,5,3,0,0,1,0,0,0,0,0,13.688304,51.153574
27,25,6,21,23,7,3,8,7,2,0,1,0,0,0,0,0,13.683079,51.16505
27,25,6,30,10,2,3,0,1,0,0,1,0,0,0,0,0,13.657941,51.169429
27,25,7,1,21,3,3,0,7,0,0,1,0,0,0,0,0,13.677102,51.159054
27,25,8,15,10,6,3,0,7,0,0,1,0,0,0,0,0,13.679717,51.164545
27,25,8,17,6,1,3,0,1,0,0,1,0,0,0,0,0,13.689016,51.121964
27,16,2,1,7,2,3,5,3,1,1,1,0,0,0,1,0,13.50371,51.192245
27,17,5,15,10,2,3,0,1,0,0,1,0,0,0,0,0,13.54551,51.177142
27,18,5,6,15,1,3,8,1,0,0,1,0,0,0,0,0,13.524089,51.187308
27,18,5,7,6,2,3,5,2,0,0,1,1,0,0,0,0,13.563128,51.178241
27,18,9,4,18,3,3,2,2,0,0,1,1,0,0,0,0,13.546402,51.17694
27,19,5,2,19,5,2,9,1,0,0,1,0,0,0,0,0,13.565033,51.188366
27,19,5,2,19,5,2,8,1,0,0,1,0,0,0,0,0,13.566328,51.188352
27,19,6,3,13,2,2,1,7,0,0,1,0,0,0,0,1,13.543707,51.176551
27,19,7,2,12,3,3,0,1,0,0,1,0,0,0,0,0,13.561737,51.176227
27,19,9,2,8,2,3,3,6,0,0,1,1,0,0,0,0,13.554291,51.173636
27,19,11,1,5,6,2,3,6,2,1,1,0,0,0,1,0,13.544342,51.194698
27,20,7,22,14,4,3,0,1,0,0,1,0,0,0,0,0,13.550366,51.175099
27,20,9,2,14,4,3,4,6,0,0,1,0,0,0,0,1,13.564108,51.178548
27,20,9,11,16,6,3,0,2,0,0,1,1,0,0,0,0,13.567191,51.19701
27,20,10,11,16,1,2,5,3,0,0,1,1,0,0,0,0,13.560171,51.178853
27,21,9,2,13,5,2,0,7,0,0,1,0,0,0,0,0,13.559705,51.176572
27,21,9,16,14,5,3,5,3,0,1,1,1,0,0,0,0,13.541994,51.173805
27,21,11,2,6,3,3,5,3,1,1,1,1,0,0,0,0,13.56011,51.17884
27,22,1,19,7,4,3,5,2,2,1,1,1,0,0,0,0,13.568752,51.197044
27,22,5,9,17,2,2,5,3,0,0,1,0,0,0,1,0,13.504352,51.193104
27,22,7,18,18,2,2,9,1,0,0,1,1,0,0,0,0,13.564836,51.18847
27,22,10,31,12,2,3,0,1,0,0,1,0,0,0,0,0,13.529647,51.171901
27,23,4,28,22,6,3,5,3,2,0,1,1,0,0,0,0,13.550446,51.175105
27,23,6,8,19,5,3,0,1,1,0,1,0,0,0,0,0,13.508009,51.195078
27,23,6,11,14,1,3,0,1,0,0,1,0,0,0,0,0,13.563965,51.189063
27,23,6,20,15,3,3,0,1,0,0,1,0,0,0,0,0,13.556635,51.184495
27,23,10,24,16,3,3,5,1,1,1,1,0,0,0,0,1,13.519813,51.18553
27,23,12,18,10,2,3,0,7,0,0,1,0,0,0,0,0,13.541203,51.17299
27,24,6,13,20,5,2,0,7,0,0,1,0,0,0,0,0,13.547904,51.174716
27,24,8,26,13,2,3,5,3,0,0,1,1,0,0,0,0,13.541996,51.173806
27,24,8,28,16,4,3,0,1,0,0,1,0,0,0,0,0,13.550391,51.175098
27,25,5,29,9,5,3,8,1,0,1,1,0,0,0,0,0,13.603055,51.181471
27,25,6,21,16,7,2,0,1,0,0,1,0,0,0,0,0,13.564794,51.175529
27,25,7,22,14,3,3,2,7,0,1,1,0,0,0,0,1,13.524916,51.187392
27,25,10,21,18,3,3,0,7,2,1,1,0,0,0,0,0,13.542966,51.17611
27,16,4,1,7,6,3,5,3,0,0,1,1,0,0,0,0,13.28528,51.064662
27,17,3,20,5,2,3,5,2,2,1,1,1,0,0,0,0,13.278533,51.080662
27,17,8,25,17,6,2,5,3,0,0,1,1,0,0,0,0,13.285141,51.070501
27,17,10,20,12,6,3,5,3,0,0,1,1,0,0,0,0,13.285378,51.072211
27,18,1,3,0,4,3,5,2,2,1,1,1,0,0,0,0,13.288806,51.061293
27,18,2,7,8,4,3,0,1,0,0,1,0,0,0,0,0,13.324989,51.106026
27,18,6,6,12,4,3,5,3,0,0,1,1,0,0,0,0,13.303631,51.059396
27,18,7,1,19,1,2,0,1,0,0,1,0,0,0,0,0,13.298941,51.053076
27,18,8,2,12,5,3,1,5,0,0,1,1,0,0,0,0,13.30777,51.057686
27,18,9,7,12,6,2,5,2,0,0,1,1,0,0,0,0,13.326516,51.056977
27,19,5,1,9,4,2,9,1,0,0,1,0,0,0,0,0,13.304453,51.065116
27,19,6,2,11,1,3,2,6,0,0,1,0,0,0,0,0,13.374214,51.063587
27,19,6,6,17,5,3,5,3,0,0,1,0,0,1,0,0,13.28415,51.067624
27,19,7,7,3,1,2,0,1,2,1,1,0,0,0,0,0,13.294215,51.05163
27,19,7,7,4,1,2,0,1,2,1,1,0,0,0,0,0,13.273983,51.057166
27,19,9,1,15,1,3,5,2,0,0,1,1,0,0,0,0,13.298063,51.05692
27,20,3,2,21,2,2,8,1,2,0,1,0,0,0,0,0,13.288828,51.061118
27,20,4,11,14,7,3,0,7,0,1,1,0,0,0,0,1,13.300609,51.05722
27,20,5,10,13,1,3,2,6,0,0,1,0,0,0,0,0,13.304164,51.057836
27,20,8,6,10,5,2,0,7,0,0,1,1,0,0,0,0,13.3015,51.059853
27,20,9,4,14,6,2,0,1,0,0,1,0,0,0,0,0,13.280279,51.056299
27,20,10,22,14,5,2,5,2,0,0,1,0,0,0,0,1,13.305421,51.058072
27,20,12,1,12,3,2,3,6,0,0,1,0,0,0,1,0,13.367032,51.077073
27,21,5,1,10,7,2,9,1,0,0,1,0,0,0,0,0,13.31844,51.089858
27,21,5,9,23,1,2,9,1,2,0,1,0,0,0,0,0,13.30085,51.052946
27,22,3,23,15,4,3,5,4,0,0,1,0,1,0,0,0,13.344302,51.054341
27,22,4,12,7,3,2,9,2,0,0,1,1,0,0,0,0,13.300183,51.060256
27,22,4,29,15,6,2,5,3,0,0,1,1,0,0,0,0,13.304201,51.057839
27,23,1,2,5,2,3,5,3,1,0,1,1,0,0,0,0,13.265784,51.088778
27,23,5,29,13,2,3,1,6,0,0,1,0,0,0,0,0,13.365084,51.073146
27,23,7,28,22,6,3,7,7,2,0,1,0,0,0,0,0,13.279278,51.178163
27,23,12,7,16,5,3,4,2,2,1,1,1,0,0,0,0,13.335647,51.067761
27,24,1,31,18,4,3,6,6,2,1,1,0,1,0,0,0,13.27492,51.063003
27,24,5,15,17,4,3,2,3,0,0,1,1,0,0,0,0,13.291655,51.062671
27,24,5,27,19,2,3,5,3,0,0,1,1,0,0,0,0,13.275263,51.082372
27,24,7,21,1,1,3,4,6,2,0,1,1,0,0,0,0,13.276123,51.120071
27,24,8,17,21,7,2,0,7,2,0,1,0,0,0,0,0,13.290738,51.053419
27,24,8,24,14,7,2,0,1,0,0,1,0,0,0,0,0,13.300774,51.057211
27,24,9,10,21,3,3,6,6,2,0,1,0,1,0,0,0,13.284194,51.067801
27,25,7,3,14,5,3,0,7,0,0,1,0,0,0,0,0,13.302022,51.061359
27,25,8,14,11,5,3,5,2,0,0,1,1,0,0,0,0,13.298276,51.056749
27,25,9,3,2,4,3,0,1,2,1,1,0,0,0,0,0,13.302325,51.04553
27,25,9,17,10,4,3,5,3,0,0,1,1,0,0,0,0,13.296998,51.161518
27,16,2,1,6,2,3,5,3,2,0,1,1,0,0,0,0,13.390027,51.296131
27,16,4,6,18,4,2,5,3,0,0,1,0,0,0,0,0,13.388087,51.302998
27,16,6,7,6,3,3,5,3,0,0,1,1,0,0,0,0,13.412278,51.274193
27,16,6,7,18,3,3,5,3,0,0,1,1,0,0,0,0,13.390665,51.295377
27,16,7,2,17,7,3,5,3,0,0,1,0,0,0,0,0,13.371614,51.303678
27,16,9,1,9,5,2,5,2,0,0,1,1,0,0,0,0,13.383378,51.300939
27,16,9,4,12,1,2,5,3,0,0,1,0,0,0,0,1,13.426568,51.319037
27,17,2,22,11,4,3,5,3,0,1,1,1,0,0,0,0,13.386981,51.302059
27,17,7,11,18,3,2,0,1,0,0,1,0,0,0,0,0,13.378922,51.308978
27,17,7,20,19,5,3,1,5,0,1,1,1,0,0,0,0,13.377596,51.308592
27,18,1,3,17,4,2,8,1,2,0,1,0,0,0,0,0,13.402697,51.28397
27,18,4,1,11,1,3,2,6,0,0,1,0,0,0,0,0,13.420501,51.236412
27,18,7,2,8,2,3,5,2,0,0,1,1,0,0,0,0,13.388464,51.298032
27,18,7,6,18,6,2,0,1,0,0,1,0,0,0,0,0,13.419449,51.24162
27,18,10,2,16,3,3,5,3,0,0,1,1,0,0,0,0,13.393205,51.300039
27,19,1,5,9,7,3,5,3,0,1,1,1,0,0,0,0,13.388445,51.298046
27,19,8,3,9,7,2,2,6,0,0,1,1,0,0,0,0,13.444841,51.291855
27,19,11,7,12,5,3,0,1,0,0,1,0,0,0,0,0,13.382515,51.301569
27,19,12,4,18,4,3,5,3,2,0,1,1,0,0,0,0,13.408373,51.296922
27,20,4,29,11,4,3,0,7,0,0,1,0,0,0,0,0,13.389423,51.302178
27,20,5,4,10,2,2,1,5,0,0,1,0,0,0,1,0,13.367208,51.3042
27,20,7,5,13,1,3,4,2,0,0,1,1,0,0,0,0,13.408313,51.296996
27,20,7,19,4,1,2,0,1,2,0,1,0,0,0,0,0,13.408375,51.256864
27,20,8,10,9,2,2,5,3,0,1,1,1,0,0,0,0,13.382311,51.301711
27,20,9,12,20,7,2,8,1,2,0,1,0,0,0,0,0,13.414881,51.242473
27,21,7,8,15,5,3,5,3,0,0,1,1,0,0,0,0,13.383392,51.308457
27,21,8,10,11,3,2,0,7,0,0,1,0,0,0,0,0,13.362211,51.306178
27,21,8,10,18,3,3,2,6,0,0,1,0,0,0,0,0,13.358043,51.307757
27,22,4,12,18,3,3,3,6,0,0,1,0,0,0,0,1,13.437675,51.293397
27,22,4,17,16,1,2,0,1,0,0,1,0,0,0,0,0,13.414771,51.242699
27,22,6,15,13,4,2,5,3,0,0,1,0,0,0,0,1,13.386944,51.302104
27,22,7,2,11,7,3,1,7,0,0,1,1,0,0,0,0,13.405604,51.266009
27,22,8,31,14,4,2,6,4,0,0,1,0,1,0,0,0,13.378809,51.304435
27,22,9,28,14,4,3,5,3,0,0,1,0,0,0,0,0,13.384805,51.303777
27,22,10,5,19,4,3,0,5,2,0,1,1,0,0,0,0,13.383713,51.304609
27,22,10,11,15,3,3,0,1,0,0,1,0,0,0,0,0,13.38478,51.303711
27,22,10,27,14,5,3,5,3,0,0,1,1,0,0,0,0,13.384555,51.306228
27,22,10,30,2,1,3,0,1,2,0,1,0,0,0,0,0,13.383777,51.307106
27,23,1,3,14,3,3,5,3,0,0,1,1,0,0,0,0,13.414898,51.279917
27,23,3,8,14,4,2,4,6,0,1,1,0,0,0,0,0,13.383834,51.30733
27,23,4,22,14,7,3,9,7,0,0,1,0,0,0,0,0,13.358972,51.307427
27,23,5,25,13,5,3,5,3,0,0,1,1,0,0,0,0,13.394097,51.298345
27,23,9,16,21,7,3,0,1,2,0,1,0,0,0,0,0,13.399506,51.286169
27,23,9,25,14,2,3,5,3,0,0,1,1,0,0,0,0,13.389008,51.302421
27,23,10,15,1,1,3,0,1,2,0,1,0,0,0,0,0,13.383448,51.308315
27,24,2,15,12,5,3,0,7,0,0,1,0,0,0,0,0,13.388585,51.297916
27,24,3,30,15,7,2,8,1,0,0,1,0,0,0,0,0,13.400567,51.297753
27,24,4,5,11,6,3,5,3,0,0,1,1,0,0,0,0,13.388117,51.300045
27,24,5,24,16,6,3,0,1,0,1,1,0,0,0,0,0,13.402243,51.279026
27,24,5,26,13,1,2,0,1,0,0,1,0,0,0,0,0,13.416608,51.240465
27,24,8,6,13,3,3,0,1,0,0,1,0,0,0,0,0,13.381469,51.302598
27,24,9,3,6,3,3,0,1,0,0,1,0,0,0,0,0,13.454645,51.283871
27,24,11,19,6,3,3,1,5,2,1,1,1,0,0,0,0,13.379287,51.307494
27,25,1,8,6,4,2,5,3,2,1,1,1,0,0,0,0,13.384681,51.304533
27,25,3,9,17,1,3,0,1,0,0,1,0,0,0,0,0,13.381204,51.302511
27,25,3,25,11,3,3,0,7,0,0,1,0,0,0,0,0,13.389002,51.302425