UKREIS,UJAHR,UMONAT,UTAG,USTUNDE,UWOCHENTAG,UKATEGORIE,UART,UTYP,LICHT,USTRZUSTAND,IstRad,IstPKW,IstFuss,IstKrad,IstGkfz,IstSonstige,@lon,@lat
27,25,5,22,13,5,3,9,7,0,0,1,0,0,0,0,0,13.390795,51.295118
27,25,5,23,16,6,2,4,6,0,1,1,0,0,0,0,0,13.379964,51.303562
27,25,5,29,20,5,2,5,3,0,0,1,1,0,0,0,0,13.383213,51.301064
27,25,7,1,13,3,3,5,3,0,0,1,1,0,0,0,0,13.389663,51.302672
27,25,9,11,18,5,2,0,7,1,0,1,0,0,0,0,0,13.418039,51.304964
27,17,3,28,14,3,2,5,3,0,0,1,1,0,0,0,0,13.547867,51.250585
27,17,5,25,20,5,3,9,1,0,0,1,0,0,0,0,0,13.478464,51.236011
27,17,11,5,8,1,2,0,1,0,0,1,0,0,0,0,0,13.504323,51.231195
27,19,4,2,9,3,3,5,2,0,0,1,1,0,0,0,0,13.548173,51.251452
27,19,5,3,14,6,3,0,7,0,0,1,0,0,0,0,0,13.498234,51.262835
27,19,11,7,10,5,3,3,6,0,0,1,1,0,0,0,0,13.525486,51.251978
27,20,3,11,19,4,3,1,7,2,0,1,1,0,0,0,0,13.538851,51.234721
27,20,5,21,18,5,2,8,1,0,0,1,0,0,0,0,0,13.538346,51.224731
27,20,5,21,19,5,2,0,7,0,0,1,0,0,0,0,0,13.466459,51.250079
27,21,3,9,9,3,2,2,6,0,0,1,1,0,0,0,0,13.545051,51.261606
27,21,9,19,3,1,3,0,7,2,0,1,0,0,0,0,0,13.549013,51.255394
27,21,10,24,18,1,3,5,3,2,0,1,1,0,0,0,0,13.549564,51.24132
27,22,5,26,19,5,3,9,1,0,0,1,0,0,0,0,0,13.451379,51.258498
27,22,8,1,3,2,3,7,7,2,0,1,0,0,0,0,0,13.459249,51.266063
27,23,5,18,18,5,3,8,1,0,0,1,0,0,0,0,0,13.520151,51.245373
27,24,5,9,16,5,3,0,7,0,0,1,0,0,0,0,0,13.448915,51.254164
27,24,5,9,18,5,3,0,1,0,0,1,0,0,0,0,0,13.467601,51.226779
27,24,6,18,6,3,2,1,5,0,0,1,0,0,0,0,1,13.549569,51.241311
27,24,9,6,4,6,3,8,1,2,0,1,0,0,0,0,0,13.505689,51.225133
27,25,1,9,10,5,1,8,7,0,1,1,0,0,0,0,0,13.53649,51.23419
27,25,1,10,17,6,2,0,1,2,0,1,0,0,0,0,0,13.502953,51.269648
27,16,1,4,7,2,2,4,6,1,0,1,0,0,0,0,0,13.635714,51.107348
27,16,2,1,8,2,3,5,3,0,1,1,1,0,0,0,0,13.643923,51.111492
27,16,2,1,15,2,3,5,3,0,1,1,1,0,0,0,0,13.698319,51.093417
27,16,2,2,21,3,3,1,6,2,0,1,1,0,0,0,0,13.637892,51.10943
27,16,2,4,10,5,3,1,2,0,0,1,1,0,0,0,0,13.688842,51.099126
27,16,2,5,7,6,3,0,1,1,2,1,0,0,0,0,0,13.660927,51.106076
27,16,2,6,9,7,3,8,7,0,0,1,1,0,0,0,0,13.688132,51.09947
27,16,3,2,16,4,3,5,3,0,1,1,1,0,0,0,0,13.65809,51.104123
27,16,4,3,16,1,2,0,1,0,0,1,0,0,0,0,0,13.656528,51.105326
27,16,4,4,10,2,3,5,3,0,0,1,1,0,0,0,0,13.63421,51.107574
27,16,4,7,18,5,3,1,7,0,0,1,1,0,0,0,0,13.69196,51.101906
27,16,5,2,7,2,3,6,7,0,0,1,0,1,0,0,0,13.686223,51.100386
27,16,5,2,14,2,3,5,3,0,0,1,1,0,0,0,0,13.666712,51.097069
27,16,5,3,7,3,2,5,2,0,0,1,0,0,0,0,1,13.685297,51.100823
27,16,5,5,13,5,3,8,7,0,0,1,0,1,0,0,0,13.668008,51.106901
27,16,6,1,13,4,3,5,3,0,0,1,0,0,0,0,1,13.665417,51.104887
27,16,6,1,15,4,2,3,2,0,0,1,1,0,0,0,0,13.691726,51.097728
27,16,6,2,9,5,3,1,7,0,0,1,1,0,0,0,0,13.633518,51.104483
27,16,6,2,10,5,3,4,1,0,0,1,1,0,0,0,0,13.634058,51.104392
27,16,6,6,13,2,3,5,3,0,0,1,1,0,0,0,0,13.654005,51.109766
27,16,6,7,11,3,3,5,7,0,1,1,0,0,0,0,1,13.678454,51.099905
27,16,6,7,17,3,3,3,6,0,0,1,1,0,0,0,0,13.63123,51.104612
27,16,7,3,14,1,3,8,1,0,0,1,1,0,0,0,0,13.659409,51.0962
27,16,7,6,20,4,3,0,7,1,0,1,0,0,0,0,0,13.650802,51.117983
27,16,8,1,12,2,3,5,3,0,0,1,1,0,0,0,0,13.665518,51.104864
27,16,8,4,18,5,2,0,5,0,0,1,1,0,0,0,0,13.681155,51.102272
27,16,9,1,15,5,2,5,3,0,0,1,0,0,0,0,1,13.608916,51.116116
27,16,9,3,8,7,2,0,1,0,1,1,0,0,0,0,0,13.662693,51.105464
27,16,9,4,14,1,3,4,6,0,0,1,1,0,0,0,0,13.657056,51.113528
27,16,9,5,9,2,3,5,3,0,0,1,1,0,0,0,0,13.628377,51.105088
27,16,9,5,15,2,2,5,3,0,0,1,1,0,0,0,0,13.635014,51.107451
27,16,9,6,11,3,3,5,3,0,0,1,1,0,0,0,0,13.619098,51.112782
27,16,9,6,16,3,3,5,3,0,0,1,1,0,0,0,0,13.665515,51.104865
27,16,9,6,17,3,3,0,1,0,0,1,0,0,0,0,1,13.628699,51.112523
27,16,11,1,7,3,3,5,3,0,0,1,1,0,0,0,0,13.636737,51.107196
27,16,11,1,9,3,3,5,3,0,1,1,1,0,0,0,0,13.678627,51.099832
27,16,11,1,16,3,3,5,2,2,0,1,0,0,1,0,0,13.635229,51.10742
27,16,11,4,6,6,2,5,3,2,0,1,1,0,0,0,0,13.593202,51.11147
27,16,11,6,16,1,2,5,3,1,1,1,1,0,0,0,0,13.635867,51.105033
27,16,11,7,16,2,3,5,3,1,0,1,1,0,0,0,0,13.634473,51.107536
27,16,12,1,11,5,3,0,1,0,2,1,0,0,0,0,0,13.63786,51.104231
27,16,12,6,18,3,3,1,5,2,0,1,1,0,0,0,0,13.630838,51.108082
27,16,12,7,18,4,3,5,3,2,1,1,1,0,0,0,0,13.694666,51.096035
27,17,1,9,13,2,3,0,1,0,1,1,0,0,0,0,0,13.700503,51.091849
27,17,2,16,10,5,2,5,2,0,0,1,0,0,0,0,1,13.59314,51.111559
27,17,3,2,7,5,2,5,2,0,0,1,0,0,1,0,0,13.65992,51.096051
27,17,3,10,14,6,2,5,3,0,0,1,1,0,0,0,0,13.632617,51.107818
27,17,3,13,16,2,3,5,2,0,0,1,1,0,0,0,0,13.630466,51.108135
27,17,3,15,16,4,3,5,3,0,0,1,1,0,0,0,0,13.641086,51.106592
27,17,3,23,7,5,3,5,3,0,0,1,1,0,0,0,0,13.659352,51.104671
27,17,3,28,17,3,3,0,1,0,0,1,0,0,0,0,0,13.700484,51.091862
27,17,4,26,22,4,2,0,1,2,0,1,0,0,0,0,0,13.611496,51.109037
27,17,4,27,7,5,3,3,6,0,0,1,0,0,0,0,1,13.676266,51.096753
27,17,4,30,16,1,2,5,3,0,0,1,0,0,0,0,0,13.604795,51.113151
27,17,5,5,15,6,3,5,3,0,0,1,1,0,0,0,0,13.654962,51.105416
27,17,5,18,20,5,2,1,5,0,0,1,0,0,0,0,1,13.614226,51.113947
27,17,5,21,20,1,3,3,6,1,0,1,1,0,0,0,0,13.625863,51.109623
27,17,5,22,5,2,3,5,2,0,0,1,0,0,0,0,1,13.619046,51.112798
27,17,5,25,13,5,3,8,1,0,0,1,0,0,0,0,0,13.674801,51.101013
27,17,5,25,18,5,3,6,3,0,0,1,0,1,0,0,0,13.626833,51.104158
27,17,5,26,15,6,3,0,7,0,0,1,0,0,0,0,0,13.631211,51.11015
27,17,5,27,14,7,3,0,1,0,0,1,0,0,0,0,0,13.622077,51.103687
27,17,5,29,13,2,3,5,2,0,0,1,0,0,0,0,1,13.662393,51.10555
27,17,5,31,15,4,3,3,6,0,0,1,1,0,0,0,0,13.65285,51.098285
27,17,6,7,13,4,3,0,1,0,0,1,0,0,0,0,0,13.63407,51.107595
27,17,6,14,19,4,3,2,6,0,0,1,1,0,0,0,0,13.629057,51.106119
27,17,6,23,12,6,3,5,3,0,0,1,1,0,0,0,0,13.676015,51.110018
27,17,6,29,16,5,3,5,3,0,1,1,1,0,0,0,0,13.665425,51.104885
27,17,7,2,17,1,2,5,3,0,0,1,1,0,0,0,0,13.688112,51.099479
27,17,7,16,9,1,3,3,2,0,0,1,0,0,0,0,0,13.628215,51.112092
27,17,7,16,17,1,3,2,6,0,0,1,0,0,0,0,0,13.655991,51.096717
27,17,7,20,9,5,3,5,3,0,0,1,1,0,0,0,0,13.694666,51.096035
27,17,7,21,20,6,3,1,5,0,0,1,1,0,0,0,0,13.627938,51.105064
27,17,8,3,11,5,2,0,1,0,0,1,0,0,0,0,0,13.657679,51.105582
27,17,8,5,19,7,3,2,6,0,0,1,0,0,0,0,0,13.607156,51.099587
27,17,8,14,17,2,2,8,1,0,0,1,0,0,0,0,0,13.658433,51.108688
27,17,8,17,6,5,2,0,7,0,0,1,0,0,0,0,0,13.655637,51.105058
27,17,8,20,14,1,2,0,1,0,0,1,0,0,0,0,0,13.631045,51.109036
27,17,8,28,13,2,3,0,1,0,0,1,0,0,0,0,0,13.625251,51.110059
27,17,9,6,13,4,3,5,3,0,0,1,1,0,0,0,0,13.66778,51.102453
27,17,9,21,15,5,3,1,5,0,0,1,1,0,0,0,0,13.684097,51.095535
27,17,9,29,14,6,2,0,1,0,0,1,0,0,0,0,0,13.633784,51.107641
27,17,10,1,9,1,2,2,6,0,0,1,0,0,0,0,0,13.63347,51.114723
27,17,10,11,13,4,3,6,4,0,0,1,0,1,0,0,0,13.661396,51.110465
27,17,10,14,22,7,2,0,1,2,0,1,0,0,0,0,0,13.635565,51.10737
27,17,10,16,15,2,3,4,6,0,0,1,1,0,0,0,0,13.657044,51.104456
27,17,10,18,15,4,3,4,6,0,0,1,0,0,0,0,1,13.62332,51.103981
27,17,10,23,5,2,3,5,3,2,1,1,1,0,0,0,0,13.694666,51.096035
27,17,11,14,11,3,3,3,6,0,0,1,0,0,0,0,0,13.660643,51.106077
27,17,11,24,12,6,2,5,3,0,0,1,1,0,0,0,0,13.656027,51.112494
27,17,11,26,11,1,3,1,5,0,0,1,1,0,0,0,0,13.606146,51.112359
27,17,11,30,15,5,3,5,3,0,0,1,1,0,0,0,0,13.665361,51.104891
27,17,12,18,7,2,3,0,1,1,2,1,0,0,0,0,0,13.671231,51.101734
27,18,1,3,7,4,3,5,3,1,1,1,1,0,0,0,0,13.65492,51.120434
27,18,1,5,15,6,3,5,3,0,0,1,1,0,0,0,0,13.664124,51.105153
27,18,2,3,5,7,3,5,3,1,0,1,1,0,0,0,0,13.694666,51.096035
27,18,2,7,7,4,2,5,3,0,0,1,1,0,0,0,0,13.610718,51.109439
27,18,4,1,13,1,3,0,6,0,0,1,1,0,0,0,0,13.623692,51.104063
27,18,4,3,7,3,3,3,6,0,0,1,0,0,0,0,1,13.604361,51.113222
27,18,4,4,12,4,3,0,1,0,0,1,0,0,0,0,0,13.663345,51.105319
27,18,4,5,17,5,2,0,1,0,1,1,0,0,0,0,0,13.621323,51.111912
27,18,4,6,15,6,3,5,3,0,0,1,1,0,0,0,0,13.675321,51.097625
27,18,4,6,18,6,3,8,1,0,0,1,0,0,0,0,0,13.643671,51.107092
27,18,5,1,10,3,3,1,5,0,0,1,0,0,0,0,1,13.62245,51.10816
27,18,5,2,10,4,3,1,5,0,0,1,0,0,0,1,0,13.669205,51.103952
27,18,5,2,16,4,2,4,2,0,0,1,1,0,0,0,0,13.684939,51.104172
27,18,5,2,17,4,2,1,1,0,0,1,1,0,0,0,0,13.632728,51.115218
27,18,5,3,19,5,3,0,1,0,0,1,0,0,0,0,0,13.628085,51.104348
27,18,5,5,12,7,3,5,3,0,0,1,1,0,0,0,0,13.667811,51.102446
27,18,5,7,17,2,3,5,3,0,0,1,1,0,0,0,0,13.650537,51.106773
27,18,6,2,10,7,3,0,1,0,0,1,0,0,0,0,0,13.635138,51.107433
27,18,6,3,1,1,3,0,1,2,1,1,0,0,0,0,0,13.665208,51.104931
27,18,6,3,20,1,2,0,1,1,0,1,0,0,0,0,0,13.673065,51.101369
27,18,6,4,18,2,3,5,2,0,0,1,1,0,0,0,0,13.685287,51.100828
27,18,6,5,16,3,2,5,3,0,0,1,1,0,0,0,0,13.63568,51.108975
27,18,6,6,10,4,2,0,1,0,0,1,0,0,0,0,0,13.686678,51.108029
27,18,6,6,16,4,3,5,3,0,0,1,1,0,0,0,0,13.635738,51.109007
27,18,6,7,16,5,3,0,1,0,0,1,0,0,0,0,0,13.640699,51.106604
27,18,6,7,18,5,3,5,2,0,0,1,1,0,0,0,0,13.63857,51.123214
27,18,6,7,19,5,3,5,3,0,0,1,1,0,0,0,0,13.678624,51.099829
27,18,7,1,19,1,2,8,1,0,0,1,0,0,0,0,0,13.624201,51.104292
27,18,7,2,10,2,3,0,1,0,0,1,0,0,0,0,0,13.601853,51.118341
27,18,7,2,11,2,3,2,6,0,0,1,1,0,0,0,0,13.668583,51.104115
27,18,7,3,15,3,2,8,1,0,0,1,0,0,0,0,0,13.653182,51.114965
27,18,7,7,8,7,3,5,2,0,0,1,1,0,0,0,0,13.674133,51.103819
27,18,8,3,14,6,3,0,1,0,0,1,0,0,0,0,0,13.632531,51.10556
27,18,8,3,17,6,3,1,5,0,0,1,1,0,0,0,0,13.676073,51.103391
27,18,8,5,0,1,3,0,7,2,0,1,0,0,0,0,0,13.651902,51.105645
27,18,9,1,1,7,3,0,1,2,0,1,0,0,0,0,0,13.620635,51.123569
27,18,9,3,13,2,3,5,3,0,0,1,0,0,0,0,1,13.628105,51.104355
27,18,9,5,7,4,3,0,1,0,0,1,0,0,0,0,0,13.672693,51.105741
27,18,9,5,15,4,3,3,3,0,0,1,1,0,0,0,0,13.635847,51.105033
27,18,9,5,20,4,3,5,3,2,0,1,1,0,0,0,0,13.698027,51.093628
27,18,9,7,7,6,3,0,3,0,0,1,1,0,0,0,0,13.682792,51.105461
27,18,9,7,9,6,3,0,1,0,0,1,0,0,0,0,0,13.68431,51.097977
27,18,10,5,12,6,3,5,2,0,0,1,1,0,0,0,0,13.634315,51.107558
27,18,10,5,12,6,3,1,6,0,0,1,1,0,0,0,0,13.679582,51.100665
27,18,10,6,11,7,2,5,3,0,0,1,1,0,0,0,0,13.653005,51.098487
27,18,11,2,7,6,3,0,7,0,0,1,1,0,0,0,0,13.64291,51.104096
27,18,11,2,11,6,3,2,7,0,0,1,1,0,0,0,0,13.660716,51.106731
27,18,11,6,11,3,3,0,1,0,1,1,0,0,0,0,0,13.676789,51.09853
27,18,12,1,13,7,3,5,3,0,1,1,1,0,0,0,0,13.682819,51.101765
27,18,12,3,14,2,3,8,1,0,1,1,0,0,0,0,0,13.626238,51.105137
27,18,12,4,8,3,2,5,3,1,0,1,1,0,0,0,0,13.666711,51.097064
27,18,12,7,12,6,2,1,5,0,1,1,1,0,0,0,0,13.627699,51.105065
27,18,12,7,20,6,2,0,1,2,1,1,0,0,0,0,0,13.634599,51.107517
27,19,1,7,9,2,3,5,3,0,1,1,1,0,0,0,0,13.623293,51.10594
27,19,2,4,14,2,2,5,3,0,1,1,0,0,0,1,0,13.676746,51.098501
27,19,2,6,16,4,3,4,1,0,0,1,0,0,0,0,1,13.632985,51.11202
27,19,2,6,20,4,2,5,3,2,1,1,1,0,0,0,0,13.667811,51.102446
27,19,3,4,10,2,2,0,1,0,1,1,0,0,0,0,0,13.67474,51.100829
27,19,3,5,7,3,3,5,3,0,0,1,0,0,0,0,1,13.675318,51.1009
27,19,3,7,12,5,3,5,3,0,0,1,1,0,0,0,0,13.6332,51.105395
27,19,3,7,14,5,3,5,3,0,0,1,1,0,0,0,0,13.69465,51.096046
27,19,4,1,7,2,3,5,3,0,1,1,1,0,0,0,0,13.623207,51.105443
27,19,4,1,8,2,3,5,3,0,0,1,0,0,0,0,1,13.667806,51.102447
27,19,4,1,11,2,2,5,3,0,0,1,1,0,0,0,0,13.666484,51.104646
27,19,4,1,15,2,3,0,1,0,1,1,0,0,0,0,0,13.599426,51.119785
27,19,4,2,12,3,2,0,1,0,0,1,0,0,0,0,0,13.650984,51.105787
27,19,4,3,18,4,3,0,1,0,0,1,0,0,0,0,0,13.652262,51.105633
27,19,4,4,8,5,3,5,3,0,0,1,1,0,0,0,0,13.6957,51.095268
27,19,4,4,16,5,3,0,7,0,0,1,1,0,0,0,0,13.682401,51.094032
27,19,4,5,13,6,3,4,6,0,0,1,1,0,0,0,0,13.62071,51.106405
27,19,4,6,12,7,3,5,3,0,0,1,1,0,0,0,0,13.634909,51.107466
27,19,4,7,16,1,2,0,1,0,0,1,0,0,0,0,0,13.65654,51.120386
27,19,5,1,16,4,3,5,3,0,0,1,1,0,0,0,0,13.680788,51.10172
27,19,5,1,19,4,3,5,2,0,0,1,1,0,0,0,0,13.626261,51.105128
27,19,5,2,6,5,3,5,3,0,1,1,1,0,0,0,0,13.664404,51.106922
27,19,5,2,14,5,3,5,3,0,0,1,1,0,0,0,0,13.628315,51.112471
27,19,5,3,7,6,2,8,5,0,0,1,1,0,0,0,0,13.627666,51.112578
27,19,5,3,14,6,2,5,3,0,0,1,1,0,0,0,0,13.700762,51.091664
27,19,5,6,7,2,2,5,3,0,0,1,1,0,0,0,0,13.667809,51.102446
27,19,5,7,8,3,3,0,1,0,0,1,0,0,0,0,1,13.654239,51.105482
27,19,6,4,9,3,3,5,3,0,0,1,1,0,0,0,0,13.678624,51.09983
27,19,6,4,11,3,3,5,3,0,0,1,1,0,0,0,0,13.631116,51.118214
27,19,6,4,12,3,3,0,1,0,0,1,0,0,0,0,0,13.672677,51.10576
27,19,6,4,17,3,3,5,3,0,0,1,0,0,1,0,0,13.630877,51.104805
27,19,6,5,7,4,3,3,2,0,0,1,0,0,1,0,0,13.677811,51.100123
27,19,6,7,19,6,3,1,1,0,0,1,1,0,0,0,0,13.635966,51.121244
27,19,7,1,8,2,3,0,1,0,0,1,0,0,0,0,0,13.698312,51.093423
27,19,7,1,15,2,3,0,1,0,0,1,0,0,0,0,0,13.638684,51.10369
27,19,7,4,10,5,3,0,1,0,0,1,0,0,0,0,0,13.645282,51.106356
27,19,7,4,15,5,3,5,3,0,0,1,1,0,0,0,0,13.68494,51.104168
27,19,7,4,16,5,3,5,3,0,0,1,0,0,0,0,1,13.657711,51.108749
27,19,7,6,10,7,2,0,1,0,0,1,0,0,0,0,0,13.632187,51.107877
27,19,7,6,18,7,2,0,1,0,0,1,0,0,0,0,0,13.615744,51.11364
27,19,8,1,12,5,2,0,6,0,0,1,1,0,0,0,0,13.69968,51.09244
27,19,8,1,14,5,2,0,1,0,0,1,0,0,0,0,0,13.621968,51.111647
27,19,8,1,16,5,3,5,3,0,0,1,1,0,0,0,0,13.61063,51.109242
27,19,8,2,7,6,3,1,5,0,0,1,1,0,0,0,0,13.654251,51.11005
27,19,8,2,12,6,2,0,7,0,0,1,0,0,0,0,0,13.637631,51.10432
27,19,8,6,17,3,3,3,6,0,0,1,1,0,0,0,0,13.641972,51.120587
27,19,8,7,9,4,2,0,7,0,0,1,0,0,0,0,0,13.671432,51.102366
27,19,9,2,14,2,3,5,3,0,1,1,1,0,0,0,0,13.66671,51.097059
27,19,9,2,21,2,3,0,1,2,1,1,0,0,0,0,0,13.634808,51.10748
27,19,9,3,13,3,3,5,3,0,0,1,1,0,0,0,0,13.668783,51.104064
27,19,9,4,9,4,3,1,7,0,0,1,1,0,0,0,0,13.631999,51.105629
27,19,9,4,17,4,2,5,3,0,0,1,1,0,0,0,0,13.681388,51.104352
27,19,9,5,7,5,3,5,3,0,0,1,1,0,0,0,0,13.665452,51.104879
27,19,9,6,20,6,3,0,1,2,0,1,0,0,0,0,0,13.67531,51.097793
27,19,10,1,7,3,3,5,2,0,1,1,1,0,0,0,0,13.630416,51.108117
27,19,10,1,7,3,3,5,3,0,0,1,1,0,0,0,0,13.661793,51.103919
27,19,10,1,17,3,3,0,2,1,0,1,1,0,0,0,0,13.63527,51.107414
27,19,10,3,11,5,3,0,1,0,0,1,0,0,0,0,0,13.654244,51.122119
27,19,10,5,14,7,3,5,3,0,0,1,1,0,0,0,0,13.640176,51.106628
27,19,10,7,19,2,3,4,6,2,0,1,1,0,0,0,0,13.592946,51.121313
27,19,11,7,9,5,3,5,3,0,0,1,1,0,0,0,0,13.654085,51.109791
27,19,12,2,16,2,3,1,5,1,0,1,0,0,0,0,1,13.682266,51.094108
27,19,12,3,10,3,3,5,3,0,0,1,1,0,0,0,0,13.680684,51.100432
27,19,12,4,7,4,3,5,3,1,0,1,1,0,0,0,0,13.678639,51.099843
27,19,12,4,11,4,3,5,3,0,0,1,0,0,0,1,0,13.629691,51.107029
27,19,12,5,14,5,3,5,3,0,0,1,1,0,0,0,0,13.657232,51.103026
27,20,1,15,17,4,3,7,7,2,0,1,0,0,0,0,0,13.648703,51.09897
27,20,1,17,8,6,3,0,1,0,2,1,0,0,0,0,0,13.650761,51.129903
27,20,1,17,9,6,3,0,1,0,2,1,0,0,0,0,0,13.638974,51.111959
27,20,1,27,6,2,3,0,1,2,2,1,0,0,0,0,0,13.658866,51.09386
27,20,1,31,8,6,3,0,1,0,0,1,0,0,0,0,0,13.650394,51.110124
27,20,2,22,8,7,2,0,7,0,0,1,0,0,0,0,0,13.679386,51.099574
27,20,3,4,15,4,3,5,2,0,0,1,1,0,0,0,0,13.599174,51.110813
27,20,3,4,15,4,3,5,3,0,0,1,1,0,0,0,0,13.678639,51.099843
27,20,3,4,16,4,3,0,1,0,0,1,0,0,0,0,0,13.681829,51.102065
27,20,3,6,12,6,3,5,3,0,0,1,0,0,0,0,1,13.604734,51.11326
27,20,4,6,7,2,2,0,1,0,0,1,0,0,0,0,0,13.694552,51.095984
27,20,4,12,11,1,3,1,5,0,0,1,1,0,0,0,0,13.620349,51.108023
27,20,4,12,11,1,3,0,1,0,0,1,0,0,0,0,0,13.628517,51.112513
27,20,4,16,16,5,3,4,6,0,0,1,0,0,0,0,0,13.621315,51.103543
27,20,4,19,16,1,3,0,1,0,0,1,0,0,0,0,0,13.660921,51.098974
27,20,4,22,18,4,3,0,7,0,0,1,1,0,0,0,0,13.607171,51.099521
27,20,4,23,19,5,2,0,1,1,0,1,0,0,0,0,0,13.69495,51.09583
27,20,4,26,16,1,3,3,2,0,0,1,0,0,1,0,0,13.694614,51.096072
27,20,4,29,7,4,3,3,1,0,0,1,1,0,0,0,0,13.624417,51.105877
27,20,5,8,17,6,3,0,1,0,0,1,0,0,0,0,0,13.694666,51.096035
27,20,5,10,10,1,2,0,7,0,0,1,0,0,0,0,0,13.620851,51.106308
27,20,5,21,12,5,3,0,1,0,0,1,0,0,0,0,0,13.654572,51.1213
27,20,5,21,18,5,2,5,3,0,0,1,1,0,0,0,0,13.604959,51.10492
27,20,5,26,19,3,3,0,2,0,0,1,0,0,0,1,0,13.657649,51.105574
27,20,5,29,19,6,2,0,1,0,0,1,0,0,0,0,0,13.653768,51.122724
27,20,6,1,10,2,2,5,3,0,0,1,0,0,0,0,0,13.605033,51.104935
27,20,6,3,19,4,2,1,1,0,0,1,1,0,0,0,0,13.65354,51.122713
27,20,6,6,9,7,2,8,1,0,0,1,0,0,0,0,0,13.653168,51.102748
27,20,6,8,9,2,2,5,3,0,0,1,0,0,0,0,0,13.655746,51.101057
27,20,6,16,11,3,3,0,7,0,0,1,0,0,0,0,0,13.633384,51.107706
27,20,6,17,10,4,3,5,3,0,0,1,1,0,0,0,0,13.653796,51.109335
27,20,6,21,12,1,3,6,4,0,0,1,0,1,0,0,0,13.680983,51.102321
27,20,6,24,16,4,2,5,3,0,0,1,0,0,0,0,0,13.675389,51.104914
27,20,6,27,13,7,3,3,6,0,0,1,1,0,0,0,0,13.651963,51.098219
27,20,7,1,17,4,3,0,1,0,0,1,0,0,0,0,0,13.663701,51.097154
27,20,7,2,21,5,3,5,2,2,1,1,1,0,0,0,0,13.659857,51.096066
27,20,8,16,18,1,2,3,6,0,0,1,1,0,0,0,0,13.690912,51.107684
27,20,8,16,19,1,2,1,5,0,0,1,0,0,0,1,0,13.639469,51.105803
27,20,8,18,8,3,2,0,1,0,1,1,0,0,0,0,0,13.634001,51.107606
27,20,8,22,18,7,3,5,3,0,1,1,1,0,0,0,0,13.654865,51.100349
27,20,8,22,18,7,2,0,1,0,0,1,0,0,0,0,0,13.667999,51.097014
27,20,8,31,14,2,3,0,1,0,1,1,0,0,0,0,0,13.625138,51.110138
27,20,8,31,14,2,3,3,6,0,0,1,0,0,0,0,0,13.625641,51.104096
27,20,9,1,17,3,2,0,7,0,0,1,0,0,0,0,0,13.649738,51.098677
27,20,9,5,19,7,2,0,1,1,0,1,0,0,0,0,0,13.60714,51.0995
27,20,9,8,14,3,3,0,1,0,0,1,0,0,0,0,0,13.647962,51.109097
27,20,9,13,15,1,3,0,6,0,0,1,0,0,0,0,0,13.615657,51.102881
27,20,9,14,11,2,2,5,3,0,0,1,1,0,0,0,0,13.661991,51.107744
27,20,9,14,17,2,2,0,2,0,0,1,1,0,0,0,0,13.632568,51.107824
27,20,9,17,18,5,3,0,1,0,0,1,0,0,0,0,0,13.621547,51.105385
27,20,9,18,17,6,3,0,1,0,0,1,0,0,0,0,0,13.596318,51.120545
27,20,9,20,17,1,3,4,1,0,0,1,1,0,0,0,0,13.637324,51.104447
27,20,9,23,20,4,3,0,1,2,1,1,0,0,0,0,0,13.682202,51.101952
27,20,10,8,10,5,2,5,3,0,0,1,1,0,0,0,0,13.629602,51.104976
27,20,10,9,8,6,3,3,2,0,1,1,1,0,0,0,0,13.688567,51.099255
27,20,10,30,14,6,3,1,7,0,1,1,0,0,0,0,0,13.601806,51.118369
27,20,11,7,13,7,3,5,3,0,0,1,1,0,0,0,0,13.653015,51.098499
27,20,11,11,16,4,3,0,1,2,0,1,0,0,0,0,0,13.674854,51.100811
27,20,11,23,6,2,3,5,3,2,1,1,1,0,0,0,0,13.694666,51.096035
27,20,11,23,8,2,3,3,2,0,0,1,1,0,0,0,0,13.688354,51.099359
27,20,11,23,16,2,2,0,7,1,0,1,0,0,0,0,0,13.690677,51.107491
27,20,11,28,23,7,2,0,1,2,0,1,0,0,0,0,0,13.654607,51.121529
27,20,12,1,7,3,3,0,1,0,1,1,1,0,0,0,0,13.681434,51.102185
27,20,12,1,17,3,2,5,3,2,0,1,1,0,0,0,0,13.632803,51.111703
27,20,12,8,6,3,3,0,1,2,2,1,0,0,0,0,0,13.631066,51.118288
27,21,1,28,18,5,3,5,3,2,1,1,1,0,0,0,0,13.692769,51.097211
27,21,2,19,12,6,2,5,3,0,0,1,0,0,0,0,1,13.637153,51.104559
27,21,2,28,16,1,2,5,3,0,1,1,1,0,0,0,0,13.657655,51.105576
27,21,3,10,15,4,3,8,1,0,0,1,0,0,0,0,0,13.611867,51.108886
27,21,3,12,12,6,2,5,3,0,0,1,1,0,0,0,0,13.605682,51.11686
27,21,3,26,15,6,3,1,5,0,0,1,1,0,0,0,0,13.683829,51.094572
27,21,4,15,12,5,2,5,3,0,0,1,1,0,0,0,0,13.688461,51.103617
27,21,4,19,7,2,3,5,3,0,0,1,1,0,0,0,0,13.628384,51.105098
27,21,4,27,17,3,3,4,2,0,0,1,1,0,0,0,0,13.627037,51.104172
27,21,4,28,16,4,3,1,2,0,0,1,1,0,0,0,0,13.627224,51.104181
27,21,5,7,21,6,2,0,1,2,0,1,0,0,0,0,0,13.654588,51.121413
27,21,5,17,4,2,3,5,3,1,1,1,1,0,0,0,0,13.655475,51.109302
27,21,5,28,10,6,3,0,1,0,0,1,0,0,0,0,0,13.633731,51.10765
27,21,6,1,18,3,3,0,1,0,0,1,0,0,0,0,0,13.598186,51.120263