UKREIS,UJAHR,UMONAT,UTAG,USTUNDE,UWOCHENTAG,UKATEGORIE,UART,UTYP,LICHT,USTRZUSTAND,IstRad,IstPKW,IstFuss,IstKrad,IstGkfz,IstSonstige,@lon,@lat
27,21,6,16,16,4,3,5,3,0,0,1,1,0,0,0,0,13.694643,51.096051
27,21,6,21,18,2,3,4,6,0,0,1,1,0,0,0,0,13.679374,51.097252
27,21,6,27,15,1,3,3,6,0,0,1,1,0,0,0,0,13.631021,51.105746
27,21,6,30,8,4,3,0,1,0,1,1,0,0,0,0,0,13.679189,51.097246
27,21,7,6,14,3,3,0,7,0,0,1,0,0,0,0,0,13.685432,51.100757
27,21,7,6,20,3,3,3,2,1,0,1,1,0,0,0,0,13.667357,51.102557
27,21,7,8,16,5,3,6,1,0,0,1,0,1,0,0,0,13.678574,51.097543
27,21,8,8,15,1,3,0,1,0,0,1,0,0,0,0,0,13.665163,51.10494
27,21,8,14,16,7,3,5,2,0,0,1,1,0,0,0,0,13.620872,51.106365
27,21,9,6,20,2,3,5,3,2,0,1,1,0,0,0,0,13.628387,51.105102
27,21,9,23,7,5,2,5,2,0,0,1,0,0,0,0,0,13.605292,51.113393
27,21,10,13,11,4,3,0,1,0,1,1,0,0,0,0,0,13.675941,51.110055
27,21,10,14,23,5,3,3,6,2,0,1,1,0,0,0,0,13.67084,51.103773
27,21,10,15,11,6,2,1,5,0,0,1,1,0,0,0,0,13.66024,51.105076
27,21,10,27,9,4,3,5,3,0,0,1,1,0,0,0,0,13.610665,51.109235
27,21,10,28,5,5,3,5,3,2,0,1,1,0,0,0,0,13.687884,51.091194
27,21,11,24,12,4,3,0,1,0,1,1,0,0,0,0,0,13.680017,51.10104
27,21,12,4,22,7,3,0,1,2,1,1,0,0,0,0,0,13.621868,51.114032
27,21,12,20,9,2,3,0,7,0,0,1,0,0,0,0,1,13.667754,51.106942
27,22,1,5,10,4,3,0,7,0,1,1,0,0,0,0,0,13.633221,51.10773
27,22,1,10,5,2,3,3,2,2,1,1,1,0,0,0,0,13.590927,51.114767
27,22,1,13,12,5,3,2,6,0,0,1,1,0,0,0,0,13.610435,51.109433
27,22,1,14,7,6,3,5,3,1,0,1,1,0,0,0,0,13.619058,51.1128
27,22,1,18,5,3,2,0,1,2,2,1,0,0,0,0,0,13.698315,51.09342
27,22,1,18,7,3,3,0,1,1,2,1,0,0,0,0,0,13.653541,51.114772
27,22,1,31,16,2,3,5,3,1,1,1,1,0,0,0,0,13.656955,51.102624
27,22,2,1,18,3,3,4,6,2,1,1,1,0,0,0,0,13.68387,51.108899
27,22,2,14,13,2,3,5,3,0,0,1,1,0,0,0,0,13.696294,51.094858
27,22,3,4,8,6,3,0,1,0,2,1,0,0,0,0,0,13.627668,51.118676
27,22,3,25,9,6,3,3,2,0,0,1,0,0,0,0,1,13.651198,51.098328
27,22,3,25,14,6,3,0,1,0,0,1,0,0,0,0,0,13.611649,51.108981
27,22,3,27,13,1,2,7,7,0,0,1,0,1,0,0,0,13.597133,51.111001
27,22,4,2,18,7,3,1,3,0,0,1,1,0,0,0,0,13.640223,51.106625
27,22,4,8,7,6,3,5,3,0,0,1,1,0,0,0,0,13.633292,51.105398
27,22,4,19,8,3,2,0,3,0,0,1,1,0,0,0,0,13.633002,51.124484
27,22,4,28,7,5,3,5,3,0,0,1,1,0,0,0,0,13.667809,51.102446
27,22,5,2,15,2,3,5,2,0,0,1,0,0,0,0,0,13.629976,51.107431
27,22,5,3,7,3,3,0,1,0,0,1,0,0,0,0,0,13.647128,51.109152
27,22,5,15,14,1,3,3,6,0,0,1,0,0,1,0,0,13.636117,51.121354
27,22,5,24,20,3,2,0,7,0,0,1,0,0,0,0,0,13.650926,51.109114
27,22,6,1,12,4,2,5,2,0,0,1,0,0,0,0,1,13.63595,51.105055
27,22,6,3,13,6,3,0,7,0,0,1,0,0,0,0,0,13.657278,51.103086
27,22,6,3,13,6,3,0,3,0,0,1,1,0,0,0,0,13.687077,51.09996
27,22,6,3,19,6,3,5,3,0,0,1,1,0,0,0,0,13.691339,51.09792
27,22,7,2,16,7,3,5,2,0,0,1,0,0,0,0,0,13.601226,51.118721
27,22,7,15,18,6,3,5,3,0,0,1,1,0,0,0,0,13.652656,51.09806
27,22,7,17,13,1,2,8,6,0,0,1,1,0,0,0,0,13.623007,51.103913
27,22,7,18,8,2,3,1,5,0,0,1,1,0,0,0,0,13.630643,51.104828
27,22,7,25,18,2,3,5,3,0,0,1,1,0,0,0,0,13.667826,51.102442
27,22,8,2,10,3,2,0,1,0,0,1,0,0,0,0,0,13.652062,51.106158
27,22,8,12,14,6,3,8,1,0,0,1,0,0,0,0,0,13.608546,51.099916
27,22,8,23,15,3,3,5,3,0,0,1,1,0,0,0,0,13.610645,51.109239
27,22,8,30,12,3,3,5,3,0,0,1,1,0,0,0,0,13.658877,51.105898
27,22,9,2,15,6,2,1,7,0,0,1,0,0,0,0,1,13.614625,51.107683
27,22,9,6,16,3,2,2,1,0,1,1,1,0,0,0,0,13.631497,51.109699
27,22,9,12,14,2,3,0,6,0,0,1,1,0,0,0,0,13.63168,51.104727
27,22,9,13,10,3,3,0,7,0,1,1,0,0,0,0,0,13.640844,51.1066
27,22,9,15,13,5,3,0,7,0,0,1,0,0,0,0,0,13.689659,51.093237
27,22,9,19,7,2,3,0,1,0,1,1,0,0,0,0,0,13.679181,51.100303
27,22,9,20,7,3,3,0,1,0,1,1,0,0,0,0,0,13.677087,51.100368
27,22,9,22,14,5,2,6,6,0,0,1,0,1,0,0,0,13.624679,51.104067
27,22,9,23,21,6,3,0,1,2,0,1,0,0,0,0,0,13.629495,51.106758
27,22,9,30,11,6,3,5,3,0,0,1,0,0,0,0,0,13.656955,51.102624
27,22,10,2,21,1,3,0,7,2,1,1,0,0,0,0,0,13.675322,51.097829
27,22,10,12,15,4,3,0,7,0,0,1,0,0,0,0,0,13.683293,51.093564
27,22,10,15,18,7,3,2,6,1,0,1,0,0,0,0,0,13.673772,51.101225
27,22,10,23,0,1,2,2,6,2,0,1,1,0,0,0,0,13.630037,51.107526
27,22,10,25,22,3,2,7,7,2,1,1,0,0,0,0,0,13.621212,51.127906
27,22,11,1,16,3,3,5,3,0,0,1,1,0,0,0,0,13.667791,51.10247
27,22,11,10,8,5,3,3,7,0,0,1,0,0,0,0,0,13.659934,51.106032
27,22,11,11,16,6,3,0,7,0,0,1,0,0,0,0,0,13.675191,51.115778
27,22,11,14,13,2,3,5,3,0,0,1,1,0,0,0,0,13.599505,51.119747
27,22,11,17,19,5,3,0,7,2,1,1,0,0,0,0,0,13.681001,51.102316
27,22,11,22,7,3,2,0,7,0,2,1,0,0,0,0,0,13.642156,51.111619
27,22,12,7,8,4,3,5,3,0,1,1,1,0,0,0,0,13.627397,51.108972
27,22,12,29,13,5,3,3,6,0,0,1,1,0,0,0,0,13.696709,51.094568
27,23,1,5,15,5,3,5,3,0,1,1,1,0,0,0,0,13.641081,51.106592
27,23,1,14,16,7,3,0,1,0,1,1,0,0,0,0,0,13.646289,51.097118
27,23,1,18,17,4,3,5,3,2,1,1,1,0,0,0,0,13.69542,51.095478
27,23,1,26,15,5,3,5,3,0,1,1,1,0,0,0,0,13.619058,51.1128
27,23,2,3,12,6,3,2,6,0,1,1,1,0,0,0,0,13.684948,51.097519
27,23,2,16,7,5,3,3,2,0,1,1,1,0,0,0,0,13.664031,51.103683
27,23,2,16,8,5,3,0,1,0,2,1,0,0,0,0,0,13.6424,51.111581
27,23,3,3,8,6,3,5,3,0,1,1,0,0,0,0,1,13.633031,51.124514
27,23,3,8,6,4,3,3,6,1,2,1,1,0,0,0,0,13.600033,51.11947
27,23,3,9,14,5,2,5,7,0,1,1,0,0,0,0,1,13.657804,51.105183
27,23,3,15,6,4,3,2,2,0,0,1,1,0,0,0,0,13.654086,51.109792
27,23,3,15,11,4,2,8,1,0,0,1,0,0,0,0,0,13.641705,51.109931
27,23,3,20,16,2,3,0,7,0,1,1,0,0,0,0,0,13.606343,51.110011
27,23,3,25,16,7,3,0,1,0,1,1,0,0,0,0,0,13.674741,51.100754
27,23,4,10,11,2,3,5,2,0,0,1,1,0,0,0,0,13.610899,51.114845
27,23,4,18,9,3,3,5,3,0,0,1,1,0,0,0,0,13.635682,51.108975
27,23,4,30,17,1,2,0,1,0,0,1,0,0,0,0,0,13.694784,51.09595
27,23,5,5,7,6,3,5,2,0,0,1,1,0,0,0,0,13.632657,51.107812
27,23,5,8,14,2,2,8,1,0,0,1,0,0,0,0,0,13.607614,51.119897
27,23,5,8,18,2,2,8,1,0,0,1,0,0,0,0,0,13.616404,51.107272
27,23,5,18,17,5,2,0,1,0,0,1,0,0,0,0,0,13.589419,51.11015
27,23,5,18,19,5,3,0,1,0,0,1,0,0,0,0,0,13.681443,51.108565
27,23,5,26,17,6,3,4,2,0,0,1,1,0,0,0,0,13.694636,51.096056
27,23,6,4,11,1,3,5,2,0,0,1,1,0,0,0,0,13.626944,51.104167
27,23,6,9,20,6,3,6,7,0,0,1,0,1,0,0,0,13.655034,51.102181
27,23,6,11,19,1,3,0,1,0,0,1,0,0,0,0,0,13.622947,51.11125
27,23,6,12,15,2,3,0,1,0,0,1,0,0,0,0,0,13.599921,51.119536
27,23,6,12,20,2,3,0,1,0,0,1,0,0,0,0,0,13.661709,51.10393
27,23,6,17,11,7,3,1,5,0,0,1,1,0,0,0,0,13.605257,51.109881
27,23,6,28,13,4,3,1,5,0,0,1,0,0,0,0,1,13.68343,51.101579
27,23,6,29,21,5,2,0,3,1,0,1,0,0,0,0,0,13.675665,51.104913
27,23,7,4,7,3,3,5,3,0,0,1,1,0,0,0,0,13.630238,51.110751
27,23,7,5,14,4,3,5,3,0,0,1,1,0,0,0,0,13.610444,51.114107
27,23,7,6,12,5,3,0,1,0,0,1,0,0,0,0,0,13.680253,51.10777
27,23,7,9,8,1,2,0,7,0,0,1,0,0,0,0,0,13.605017,51.098359
27,23,7,10,11,2,2,4,6,0,0,1,1,0,0,0,0,13.690191,51.097077
27,23,7,13,13,5,3,5,3,0,0,1,1,0,0,0,0,13.690501,51.098335
27,23,7,30,12,1,3,4,6,0,0,1,0,0,0,0,0,13.641416,51.098107
27,23,7,30,15,1,3,0,1,0,0,1,0,0,0,0,0,13.65564,51.104915
27,23,8,4,11,6,2,5,2,0,0,1,1,0,0,0,0,13.699896,51.092279
27,23,8,9,14,4,3,4,2,0,0,1,1,0,0,0,0,13.62968,51.107015
27,23,8,14,14,2,3,0,1,0,0,1,0,0,0,0,0,13.632497,51.105616
27,23,8,15,14,3,2,5,3,0,0,1,1,0,0,0,0,13.668744,51.104074
27,23,8,25,7,6,3,5,3,0,0,1,1,0,0,0,0,13.66781,51.102446
27,23,8,26,0,7,2,0,1,2,0,1,0,0,0,0,0,13.662856,51.105427
27,23,8,26,19,7,3,7,7,1,0,1,0,0,0,0,0,13.634058,51.104392
27,23,8,26,21,7,2,0,1,2,1,1,0,0,0,0,0,13.670752,51.103772
27,23,8,29,15,3,3,5,3,0,1,1,1,0,0,0,0,13.671412,51.101698
27,23,8,31,7,5,2,4,6,0,0,1,0,0,0,0,0,13.629532,51.107039
27,23,9,5,11,3,3,5,3,0,0,1,0,0,0,0,0,13.628273,51.104883
27,23,9,11,18,2,3,0,1,0,0,1,0,0,0,0,0,13.681631,51.102125
27,23,9,13,15,4,3,5,3,0,0,1,0,0,0,0,0,13.619206,51.10914
27,23,9,19,17,3,3,6,1,0,0,1,0,1,0,0,0,13.685495,51.101145
27,23,9,21,11,5,3,0,1,0,0,1,0,0,0,0,0,13.690018,51.093436
27,23,9,22,7,6,3,0,1,0,1,1,0,0,0,0,0,13.65923,51.105978
27,23,9,25,13,2,1,2,4,0,0,1,1,1,0,0,0,13.679622,51.099486
27,23,9,25,18,2,3,0,1,0,0,1,0,0,0,0,0,13.660598,51.110077
27,23,9,25,18,2,3,1,5,0,0,1,0,0,1,0,0,13.675867,51.103437
27,23,10,1,17,1,2,1,6,0,0,1,0,0,0,0,0,13.660563,51.109512
27,23,10,3,11,3,3,0,1,0,0,1,0,0,0,0,0,13.602861,51.099396
27,23,10,5,14,5,3,0,1,0,0,1,0,0,0,0,0,13.630275,51.108167
27,23,10,10,6,3,3,5,3,2,1,1,1,0,0,0,0,13.610743,51.109436
27,23,10,12,22,5,2,5,3,2,0,1,1,0,0,0,0,13.667795,51.102476
27,23,10,14,14,7,3,2,7,0,0,1,1,0,0,0,0,13.674867,51.100998
27,23,10,17,7,3,3,5,3,0,0,1,1,0,0,0,0,13.68831,51.101335
27,23,11,8,14,4,3,5,3,0,0,1,1,0,0,0,0,13.648021,51.109094
27,23,11,10,13,6,3,2,6,0,0,1,1,0,0,0,0,13.677221,51.100323
27,23,12,1,18,6,3,5,3,2,1,1,1,0,0,0,0,13.658029,51.108748
27,23,12,2,14,7,2,0,1,0,2,1,0,0,0,0,0,13.662198,51.10776
27,23,12,4,16,2,3,3,6,1,1,1,0,0,0,0,1,13.664892,51.104995
27,23,12,11,14,2,3,0,1,0,1,1,0,0,0,0,0,13.635435,51.10739
27,23,12,19,8,3,2,0,7,0,0,1,0,0,0,0,0,13.622562,51.108869
27,24,1,28,13,1,3,0,1,0,0,1,0,0,0,0,0,13.663077,51.120233
27,24,1,29,3,2,3,0,1,2,2,1,0,0,0,0,0,13.606256,51.109685
27,24,3,15,5,6,3,5,3,2,0,1,1,0,0,0,0,13.61094,51.114833
27,24,3,16,9,7,3,0,1,0,1,1,0,0,0,0,0,13.633035,51.105018
27,24,3,25,5,2,2,5,3,1,1,1,0,0,0,1,0,13.61094,51.114833
27,24,4,7,14,1,3,3,6,0,0,1,1,0,0,0,0,13.634709,51.107495
27,24,4,19,9,6,3,2,6,0,0,1,0,0,0,0,0,13.671495,51.101681
27,24,4,22,14,2,2,5,3,0,0,1,1,0,0,0,0,13.686699,51.093109
27,24,4,29,15,2,3,2,2,0,0,1,1,0,0,0,0,13.630384,51.108148
27,24,4,30,7,3,3,5,3,0,0,1,0,0,0,0,1,13.667817,51.102445
27,24,5,13,9,2,3,0,7,0,0,1,1,0,0,0,0,13.676869,51.105137
27,24,5,21,11,3,3,5,3,0,0,1,1,0,0,0,0,13.667829,51.102442
27,24,5,24,14,6,3,0,7,0,1,1,0,0,0,0,0,13.694856,51.095898
27,24,5,25,18,7,3,2,6,0,1,1,0,0,0,0,0,13.667028,51.101139
27,24,6,4,16,3,3,6,4,0,0,1,0,1,0,0,0,13.682916,51.095965
27,24,6,6,17,5,3,0,7,0,0,1,1,0,0,0,0,13.635245,51.107418
27,24,6,8,16,7,2,0,7,0,0,1,0,0,0,0,0,13.650022,51.129826
27,24,6,10,9,2,3,5,3,0,0,1,1,0,0,0,0,13.640245,51.106669
27,24,6,14,11,6,2,0,1,0,0,1,0,0,0,0,0,13.599914,51.11954
27,24,6,24,15,2,2,0,7,0,0,1,0,0,0,0,0,13.605249,51.099435
27,24,7,1,6,2,3,5,3,0,0,1,1,0,0,0,0,13.676884,51.103214
27,24,7,1,13,2,2,0,7,0,1,1,0,0,0,0,0,13.610866,51.113964
27,24,7,2,11,3,3,0,1,0,0,1,0,0,0,0,0,13.625429,51.109934
27,24,7,10,19,4,2,6,4,0,0,1,0,1,0,0,0,13.644747,51.097523
27,24,7,18,21,5,3,0,1,2,0,1,0,0,0,0,0,13.673167,51.103826
27,24,7,19,11,6,3,5,3,0,0,1,1,0,0,0,0,13.684937,51.104183
27,24,8,2,9,6,3,5,2,0,1,1,1,0,0,0,0,13.653799,51.099278
27,24,8,7,8,4,3,5,2,0,0,1,1,0,0,0,0,13.674236,51.103798
27,24,8,15,10,5,3,2,7,0,0,1,1,0,0,0,0,13.615501,51.115295
27,24,8,19,17,2,3,0,1,0,0,1,0,0,0,0,0,13.624562,51.110258
27,24,8,27,7,3,3,0,1,0,0,1,0,0,0,0,0,13.611304,51.109123
27,24,8,30,9,6,3,2,7,0,0,1,1,0,0,0,0,13.681989,51.099992
27,24,9,3,7,3,3,2,6,0,0,1,1,0,0,0,0,13.674978,51.100974
27,24,9,5,22,5,3,0,7,2,0,1,0,0,0,0,0,13.641309,51.106583
27,24,9,7,22,7,3,0,7,2,0,1,0,0,0,0,0,13.686486,51.100255
27,24,9,19,11,5,3,3,2,0,0,1,1,0,0,0,0,13.68528,51.100831
27,24,9,27,21,6,3,4,2,2,0,1,1,0,0,0,0,13.641156,51.10659
27,24,10,26,15,7,3,0,7,0,0,1,0,0,0,0,0,13.692381,51.106592
27,24,10,30,8,4,3,0,7,0,1,1,0,0,0,0,0,13.655957,51.092899
27,24,11,4,7,2,3,5,3,0,0,1,0,0,0,0,1,13.602599,51.117916
27,24,11,15,5,6,3,5,3,2,1,1,0,0,0,0,1,13.624793,51.10847
27,24,11,16,23,7,2,1,5,2,0,1,1,0,0,0,0,13.675156,51.103595
27,24,11,26,13,3,3,0,1,0,0,1,0,0,0,0,0,13.672007,51.103799
27,24,12,2,8,2,3,0,1,0,1,1,0,0,0,0,0,13.66503,51.103126
27,24,12,11,12,4,3,5,3,0,1,1,1,0,0,0,0,13.633187,51.107735
27,25,1,6,7,2,3,8,6,1,1,1,1,0,0,0,0,13.647891,51.107066
27,25,1,21,6,3,2,5,3,2,0,1,0,0,0,0,1,13.597437,51.120921
27,25,1,23,7,5,3,6,4,0,1,1,0,1,0,0,0,13.629127,51.107141
27,25,1,29,10,4,3,0,1,0,1,1,0,0,0,0,0,13.593012,51.12145
27,25,2,9,10,1,3,5,3,0,0,1,0,0,0,0,1,13.697722,51.093849
27,25,3,2,10,1,2,7,1,0,0,1,0,0,0,0,0,13.601885,51.118321
27,25,3,3,15,2,3,5,3,0,0,1,1,0,0,0,0,13.659117,51.108481
27,25,3,12,15,4,3,0,7,0,1,1,0,0,0,0,0,13.666806,51.100537
27,25,4,11,15,6,3,6,6,0,0,1,0,1,0,0,0,13.64194,51.097971
27,25,4,14,21,2,3,0,7,2,0,1,0,0,0,0,0,13.674781,51.100544
27,25,4,16,9,4,3,5,3,0,0,1,1,0,0,0,0,13.61542,51.107526
27,25,4,26,8,7,3,0,1,0,0,1,0,0,0,0,0,13.62883,51.105779
27,25,5,3,20,7,3,8,7,2,1,1,0,0,0,0,0,13.653396,51.114857
27,25,5,5,14,2,3,0,7,0,0,1,0,0,0,0,0,13.675913,51.098145
27,25,5,15,8,5,3,0,1,0,0,1,0,0,0,0,0,13.699443,51.09261
27,25,5,15,17,5,3,5,3,0,0,1,1,0,0,0,0,13.689488,51.104565
27,25,5,24,8,7,2,0,7,0,0,1,0,0,0,0,0,13.656134,51.100802
27,25,5,28,7,4,3,0,3,0,1,1,1,0,0,0,0,13.678622,51.099828
27,25,5,29,14,5,3,0,1,0,0,1,0,0,0,0,0,13.67322,51.097389
27,25,5,31,11,7,3,0,7,0,0,1,0,0,0,0,0,13.669441,51.105352
27,25,6,5,9,5,3,0,1,0,0,1,0,0,0,0,0,13.616422,51.113483
27,25,6,17,9,3,3,3,6,0,0,1,0,0,0,0,0,13.631942,51.10296
27,25,6,18,16,4,3,5,3,0,0,1,1,0,0,0,0,13.691746,51.097718
27,25,6,22,13,1,2,0,1,0,0,1,0,0,0,0,0,13.653565,51.114313
27,25,6,24,9,3,3,1,5,0,0,1,1,0,0,0,0,13.640888,51.126133
27,25,6,25,11,4,2,0,7,0,0,1,0,0,0,0,0,13.635591,51.127207
27,25,6,27,13,6,2,5,3,0,1,1,1,0,0,0,0,13.628939,51.122519
27,25,6,27,13,6,3,0,6,0,0,1,1,0,0,0,0,13.64152,51.10996
27,25,6,27,14,6,3,5,3,0,1,1,1,0,0,0,0,13.631105,51.118203
27,25,7,1,1,3,2,0,7,2,0,1,0,0,0,0,0,13.67867,51.102845
27,25,7,1,15,3,2,6,4,0,0,1,0,1,0,0,0,13.651704,51.109195
27,25,7,8,11,3,2,0,1,0,0,1,0,0,0,0,0,13.592207,51.10675
27,25,7,19,11,7,3,5,3,0,0,1,1,0,0,0,0,13.631111,51.118209
27,25,7,19,21,7,3,5,3,2,0,1,1,0,0,0,0,13.609115,51.106783
27,25,7,21,9,2,3,0,2,0,0,1,1,0,0,0,0,13.623855,51.110882
27,25,7,22,8,3,2,0,1,0,0,1,0,0,0,0,0,13.629743,51.108274
27,25,7,23,17,4,3,2,6,0,0,1,1,0,0,0,0,13.69014,51.106873
27,25,7,24,12,5,3,5,7,0,0,1,1,0,0,0,0,13.698117,51.093563
27,25,8,6,16,4,3,0,1,0,1,1,0,0,0,0,1,13.592975,51.121449
27,25,8,8,16,6,3,5,2,0,0,1,1,0,0,0,0,13.641142,51.106591
27,25,8,8,17,6,3,0,1,0,0,1,0,0,0,0,0,13.688418,51.099328
27,25,8,13,20,4,3,4,6,1,0,1,0,0,0,0,0,13.650235,51.095233
27,25,8,18,17,2,3,5,3,0,0,1,1,0,0,0,0,13.695993,51.095064
27,25,8,21,7,5,3,3,2,0,0,1,1,0,0,0,0,13.592844,51.121669
27,25,8,21,15,5,3,5,3,0,0,1,1,0,0,0,0,13.610743,51.109436
27,25,8,21,17,5,3,9,7,0,0,1,0,0,0,0,0,13.633878,51.102397
27,25,9,9,9,3,3,0,1,0,0,1,0,0,0,0,0,13.634829,51.107477
27,25,9,9,18,3,3,9,7,0,0,1,0,0,0,0,0,13.607694,51.099627
27,25,9,21,17,1,3,0,7,0,0,1,0,0,0,0,0,13.608618,51.106372
27,25,9,23,7,3,3,8,1,0,1,1,0,0,0,0,0,13.65859,51.104312
27,25,9,28,15,1,3,0,1,0,0,1,0,0,0,0,0,13.600017,51.119479
27,25,10,1,12,4,3,5,3,0,0,1,1,0,0,0,0,13.610644,51.109239
27,25,10,7,6,3,3,5,3,2,1,1,0,0,0,0,1,13.620922,51.112079
27,25,10,16,15,5,3,5,3,0,0,1,1,0,0,0,0,13.60578,51.119286
27,25,11,10,13,2,3,0,7,0,0,1,0,0,0,0,0,13.693076,51.097059
27,25,11,14,16,6,2,5,3,2,0,1,1,0,0,0,0,13.694684,51.096022
27,25,11,26,8,4,3,6,4,0,2,1,0,1,0,0,0,13.656194,51.103345
27,25,12,6,8,7,3,0,1,0,2,1,0,0,0,0,0,13.640841,51.110062
27,25,12,8,12,2,3,5,2,0,0,1,1,0,0,0,0,13.609217,51.112679
27,25,12,9,20,3,3,1,5,2,1,1,0,0,0,0,1,13.601269,51.110543
27,25,12,11,11,5,2,5,3,0,0,1,1,0,0,0,0,13.691043,51.093877
27,25,12,19,10,6,2,0,1,0,2,1,0,0,0,0,0,13.679344,51.105157
27,25,12,29,10,2,2,0,1,0,2,1,0,0,0,0,0,13.641134,51.108937
27,16,3,6,10,1,3,5,2,0,0,1,1,0,0,0,0,13.729603,51.201678
27,16,4,6,8,4,2,4,2,0,1,1,1,0,0,0,0,13.727713,51.214888
27,16,11,6,11,1,3,4,6,0,0,1,1,0,0,0,0,13.726764,51.200245
27,17,2,15,17,4,2,3,6,1,2,1,0,0,0,0,1,13.73058,51.209626
27,17,3,17,10,6,3,3,6,0,0,1,1,0,0,0,0,13.722514,51.216063
27,17,6,22,8,5,3,5,3,0,0,1,0,0,0,0,1,13.727048,51.210607
27,17,8,29,9,3,2,5,2,0,0,1,1,0,0,0,0,13.72881,51.210716
27,18,2,2,11,6,1,5,3,0,0,1,0,0,0,0,0,13.727509,51.206542
27,18,3,4,18,1,2,4,1,0,0,1,1,0,0,0,0,13.732699,51.147429
27,18,5,1,6,3,2,3,6,0,0,1,0,0,0,0,1,13.725956,51.226238
27,18,7,5,0,5,3,0,1,2,0,1,0,0,0,0,0,13.724978,51.216605
27,18,8,2,18,5,2,5,2,0,0,1,1,0,0,0,0,13.717001,51.218619
27,18,9,5,10,4,3,5,3,0,0,1,1,0,0,0,0,13.728577,51.212667
27,18,9,6,15,5,3,0,1,0,0,1,0,0,0,0,0,13.772596,51.19973
27,18,10,7,16,1,2,0,1,0,0,1,0,0,0,0,0,13.709473,51.159824
27,18,11,5,15,2,3,5,3,0,0,1,1,0,0,0,0,13.7309,51.214233
27,18,12,3,18,2,2,5,3,2,1,1,1,0,0,0,0,13.731409,51.214096
27,19,2,2,10,7,3,1,5,0,0,1,1,0,0,0,0,13.727351,51.2097
27,19,8,2,17,6,3,5,3,0,0,1,1,0,0,0,0,13.713361,51.213909
27,19,9,3,9,3,3,3,2,0,0,1,0,0,0,1,0,13.719151,51.217654
27,20,6,5,17,6,2,6,4,0,0,1,0,1,0,0,0,13.723841,51.212918
27,20,6,25,12,5,2,6,6,0,0,1,0,1,0,0,0,13.729005,51.214643
27,20,7,9,16,5,3,0,6,0,0,1,1,0,0,0,0,13.727505,51.192805
27,20,8,10,15,2,2,0,1,0,1,1,0,0,0,0,0,13.72699,51.206922
27,20,8,27,12,5,3,0,1,0,0,1,0,0,0,0,0,13.727551,51.192866
27,20,10,6,9,3,3,5,3,0,0,1,1,0,0,0,0,13.723623,51.218907
27,20,10,20,7,3,2,5,3,0,0,1,1,0,0,0,0,13.731064,51.214193
27,20,12,17,9,5,2,5,3,0,0,1,1,0,0,0,0,13.719121,51.217663
27,21,1,21,16,5,3,0,1,1,0,1,0,0,0,0,0,13.727559,51.192876
27,21,3,2,13,3,2,0,7,0,0,1,0,0,0,0,0,13.723735,51.215234
27,21,3,26,9,6,3,5,3,0,0,1,1,0,0,0,0,13.731056,51.214287
27,21,4,14,15,4,3,5,3,0,0,1,1,0,0,0,0,13.770385,51.194985
27,21,4,27,14,3,2,5,3,0,0,1,0,0,1,0,0,13.719807,51.217487
27,21,5,24,18,2,3,0,1,0,0,1,0,0,0,0,0,13.720107,51.167933
27,21,6,5,9,7,3,0,7,0,0,1,0,0,0,0,0,13.722478,51.21452
27,21,6,5,11,7,2,8,1,0,0,1,0,0,0,0,0,13.715787,51.161111
27,21,6,9,18,4,3,0,1,0,0,1,0,0,0,0,0,13.720772,51.167167
27,21,7,15,14,5,3,0,1,0,0,1,0,0,0,0,0,13.724545,51.191321
27,21,7,22,19,5,2,0,1,0,0,1,0,0,0,0,0,13.737076,51.218192
27,21,7,29,17,5,2,0,1,0,0,1,0,0,0,0,0,13.721407,51.169653
27,22,1,31,12,2,3,0,1,0,1,1,0,0,0,0,0,13.727523,51.192829
27,22,3,26,10,7,3,5,3,0,0,1,1,0,0,0,0,13.73134,51.21426
27,22,5,3,6,3,3,5,3,0,0,1,1,0,0,0,0,13.724449,51.188237
27,22,6,28,16,3,3,1,5,0,0,1,1,0,0,0,0,13.725125,51.20939
27,22,7,27,10,4,3,0,1,0,0,1,0,0,0,0,0,13.72755,51.192865
27,22,7,28,6,5,3,5,3,0,0,1,1,0,0,0,0,13.742731,51.21151
27,22,7,30,14,7,3,0,7,0,0,1,1,0,0,0,0,13.746108,51.160068
27,22,8,10,18,4,2,0,3,0,0,1,0,0,1,0,0,13.739107,51.148002
27,22,8,21,17,1,2,8,1,0,0,1,0,0,0,0,0,13.669415,51.199779
27,22,10,8,11,7,2,0,1,0,0,1,0,0,0,0,0,13.717135,51.218542
27,22,11,6,15,1,3,2,6,0,0,1,1,0,0,0,0,13.708671,51.18052
27,23,4,28,10,6,2,0,1,0,0,1,0,0,0,0,0,13.717446,51.188658
27,23,5,29,18,2,2,0,1,0,0,1,0,0,0,0,0,13.747401,51.210107
27,23,6,12,15,2,2,5,3,0,0,1,0,0,0,1,0,13.719863,51.217471
27,23,6,14,18,4,3,0,1,0,0,1,0,0,0,0,0,13.736411,51.223889
27,23,6,16,16,6,3,0,1,0,1,1,0,0,0,0,0,13.772075,51.20096
27,23,6,17,1,7,2,0,1,2,1,1,0,0,0,0,0,13.727201,51.205204
27,23,6,30,19,6,3,0,1,0,1,1,0,0,0,0,0,13.708292,51.204003
27,23,7,16,16,1,2,5,3,0,0,1,1,0,0,0,0,13.727165,51.210876