UKREIS,UJAHR,UMONAT,UTAG,USTUNDE,UWOCHENTAG,UKATEGORIE,UART,UTYP,LICHT,USTRZUSTAND,IstRad,IstPKW,IstFuss,IstKrad,IstGkfz,IstSonstige,@lon,@lat
27,23,7,30,11,1,3,0,1,0,1,1,0,0,0,0,0,13.727322,51.192502
27,23,8,18,17,6,3,5,2,0,0,1,1,0,0,0,0,13.732281,51.16296
27,23,9,29,13,6,3,0,1,0,0,1,0,0,0,0,0,13.72756,51.192878
27,24,2,3,16,7,3,0,7,1,1,1,0,0,0,0,0,13.72748,51.192775
27,24,5,10,11,6,2,2,2,0,0,1,1,0,0,0,0,13.724223,51.215172
27,24,6,8,15,7,3,0,6,0,0,1,1,0,0,0,0,13.668504,51.191883
27,24,7,30,18,3,3,5,3,0,0,1,1,0,0,0,0,13.72812,51.21224
27,24,8,18,9,1,3,5,3,0,0,1,1,0,0,0,0,13.669211,51.198928
27,24,10,28,18,2,3,2,6,2,0,1,1,0,0,0,0,13.731121,51.214082
27,24,12,11,17,4,3,3,6,2,0,1,1,0,0,0,0,13.731187,51.214048
27,25,3,18,13,3,3,0,3,0,0,1,1,0,0,0,0,13.730989,51.214339
27,25,4,16,23,4,2,0,1,2,0,1,0,0,0,0,0,13.720267,51.216198
27,25,6,29,9,1,3,0,7,0,0,1,0,0,0,0,0,13.737347,51.222357
27,25,7,8,17,3,3,5,3,0,0,1,0,0,0,0,0,13.730804,51.212352
27,25,8,4,11,2,3,0,1,0,1,1,0,0,0,0,0,13.727508,51.192818
27,16,1,7,14,5,2,5,3,0,1,1,0,0,0,1,0,13.284288,51.316981
27,16,3,1,7,3,2,3,6,0,2,1,1,0,0,0,0,13.299554,51.297881
27,16,3,2,14,4,3,5,3,0,0,1,1,0,0,0,0,13.291533,51.302961
27,16,3,2,15,4,3,5,3,0,0,1,0,0,0,0,1,13.250129,51.316645
27,16,3,6,13,1,3,0,7,0,0,1,0,0,0,0,0,13.250118,51.316136
27,16,5,1,12,1,2,0,1,0,0,1,0,0,0,0,0,13.30769,51.263646
27,16,5,3,7,3,3,5,2,0,0,1,0,0,0,0,0,13.255689,51.3025
27,16,5,3,18,3,3,2,2,0,0,1,1,0,0,0,0,13.257983,51.302227
27,16,5,5,9,5,3,5,3,0,0,1,1,0,0,0,0,13.266097,51.298935
27,16,5,5,10,5,3,0,3,0,0,1,1,0,0,0,0,13.261904,51.302854
27,16,5,5,17,5,3,5,3,0,0,1,1,0,0,0,0,13.30244,51.304459
27,16,6,1,8,4,3,3,6,0,0,1,1,0,0,0,0,13.303009,51.296783
27,16,6,1,12,4,3,5,3,0,0,1,0,0,0,1,0,13.291326,51.311812
27,16,6,2,9,5,3,0,7,0,0,1,1,0,0,0,0,13.298965,51.304871
27,16,6,3,11,6,3,5,2,0,0,1,1,0,0,0,0,13.263589,51.303185
27,16,6,3,18,6,3,5,2,0,0,1,1,0,0,0,0,13.22013,51.314705
27,16,7,1,17,6,2,5,3,0,0,1,1,0,0,0,0,13.248677,51.313441
27,16,7,6,8,4,3,5,3,0,0,1,1,0,0,0,0,13.301007,51.303918
27,16,7,6,19,4,3,5,3,0,0,1,1,0,0,0,0,13.26104,51.320179
27,16,7,7,14,5,3,0,7,0,1,1,1,0,0,0,0,13.303697,51.304864
27,16,8,2,11,3,3,5,3,0,0,1,1,0,0,0,0,13.264492,51.310199
27,16,8,2,12,3,3,5,3,0,0,1,1,0,0,0,0,13.290807,51.290021
27,16,9,1,14,5,3,5,2,0,0,1,1,0,0,0,0,13.304769,51.302517
27,16,9,1,18,5,3,8,3,0,0,1,1,0,0,0,0,13.30369,51.304867
27,16,9,2,8,6,2,5,3,0,0,1,1,0,0,0,0,13.270975,51.309273
27,16,9,4,13,1,3,5,3,0,1,1,1,0,0,0,0,13.298068,51.305652
27,16,9,4,20,1,3,5,3,2,0,1,1,0,0,0,0,13.269483,51.320858
27,16,9,5,11,2,3,5,3,0,0,1,1,0,0,0,0,13.306386,51.303989
27,16,10,4,9,3,3,5,3,0,0,1,0,0,0,0,1,13.2614,51.302739
27,16,10,4,19,3,3,5,3,2,0,1,1,0,0,0,0,13.306837,51.298419
27,16,10,5,7,4,3,5,2,0,1,1,1,0,0,0,0,13.308517,51.299962
27,16,11,1,10,3,3,0,7,0,0,1,0,0,0,0,0,13.257344,51.302737
27,16,11,1,12,3,3,0,3,0,1,1,1,0,0,0,0,13.297321,51.303098
27,16,11,4,11,6,3,5,3,0,0,1,1,0,0,0,0,13.263693,51.303204
27,16,12,2,18,6,3,5,2,2,1,1,1,0,0,0,0,13.291552,51.306036
27,16,12,6,8,3,3,5,3,0,0,1,0,0,0,0,1,13.298912,51.306631
27,17,2,10,6,6,3,5,3,2,0,1,1,0,0,0,0,13.294714,51.309486
27,17,2,16,18,5,3,0,7,2,1,1,0,0,0,0,0,13.296239,51.308063
27,17,3,31,18,6,3,5,3,0,0,1,1,0,0,0,0,13.303857,51.296645
27,17,4,11,16,3,3,5,2,0,0,1,1,0,0,0,0,13.280306,51.305842
27,17,4,14,20,6,3,0,7,2,0,1,0,0,0,0,0,13.280308,51.319302
27,17,5,7,16,1,3,5,3,0,0,1,1,0,0,0,0,13.279472,51.321504
27,17,5,8,9,2,3,5,3,0,0,1,1,0,0,0,0,13.263705,51.303206
27,17,5,10,19,4,3,3,6,1,0,1,0,0,0,0,1,13.282197,51.306127
27,17,5,16,17,3,3,4,6,0,0,1,1,0,0,0,0,13.289392,51.272318
27,17,5,19,11,6,3,5,2,0,0,1,1,0,0,0,0,13.284041,51.317097
27,17,5,24,19,4,3,5,3,1,0,1,1,0,0,0,0,13.262154,51.317674
27,17,6,19,7,2,2,5,2,0,0,1,1,0,0,0,0,13.267822,51.315544
27,17,7,4,15,3,3,5,2,0,0,1,1,0,0,0,0,13.29771,51.30514
27,17,7,21,14,6,3,6,6,0,0,1,0,1,0,0,0,13.304072,51.304725
27,17,8,10,18,5,3,5,3,0,0,1,1,0,0,0,0,13.30199,51.298075
27,17,8,25,13,6,3,5,2,0,0,1,1,0,0,0,0,13.270873,51.298524
27,17,9,27,14,4,2,5,2,0,0,1,1,0,0,0,0,13.28057,51.318496
27,17,9,29,14,6,3,5,7,0,0,1,1,0,0,0,0,13.301503,51.302629
27,17,10,6,8,6,3,0,1,0,1,1,0,0,0,0,0,13.294814,51.302255
27,17,10,25,16,4,3,5,2,0,0,1,1,0,0,0,0,13.297049,51.304444
27,17,11,7,14,3,3,5,2,0,0,1,0,0,0,0,0,13.307123,51.298313
27,17,11,8,17,4,3,5,3,1,1,1,1,0,0,0,0,13.261888,51.30285
27,17,12,4,18,2,3,0,1,2,1,1,0,0,0,0,0,13.321387,51.291338
27,17,12,13,5,4,3,5,3,2,0,1,1,0,0,0,0,13.245022,51.319448
27,17,12,30,1,7,2,8,1,2,0,1,0,0,0,0,0,13.295684,51.303109
27,18,1,5,9,6,3,5,3,0,0,1,1,0,0,0,0,13.26705,51.300487
27,18,2,1,7,5,3,5,2,1,1,1,1,0,0,0,0,13.290468,51.304821
27,18,2,5,14,2,3,5,3,0,0,1,1,0,0,0,0,13.279471,51.321497
27,18,3,6,5,3,3,0,1,2,0,1,0,0,0,0,0,13.284169,51.306445
27,18,4,5,11,5,2,5,3,0,0,1,1,0,0,0,0,13.299203,51.297574
27,18,4,5,16,5,3,5,3,0,1,1,1,0,0,0,0,13.301425,51.303763
27,18,5,1,15,3,3,5,3,0,0,1,1,0,0,0,0,13.288043,51.314107
27,18,5,3,13,5,3,0,1,0,0,1,0,0,0,0,0,13.30913,51.305432
27,18,5,6,16,1,3,0,1,0,0,1,0,0,0,0,0,13.278295,51.315072
27,18,5,7,15,2,2,5,3,0,0,1,1,0,0,0,0,13.299401,51.305339
27,18,5,7,16,2,3,5,3,0,0,1,1,0,0,0,0,13.269805,51.299563
27,18,6,1,12,6,2,5,3,0,0,1,1,0,0,0,0,13.265689,51.303606
27,18,6,1,16,6,3,5,3,0,1,1,1,0,0,0,0,13.265903,51.298913
27,18,6,1,16,6,2,4,2,0,0,1,1,0,0,0,0,13.29912,51.297493
27,18,6,4,17,2,3,8,1,0,0,1,0,0,0,0,0,13.300926,51.293689
27,18,6,5,14,3,3,6,7,0,0,1,0,1,0,0,0,13.284237,51.306456
27,18,6,6,15,4,3,5,3,0,0,1,1,0,0,0,0,13.306205,51.303898
27,18,6,7,9,5,2,5,2,0,0,1,1,0,0,0,0,13.284805,51.30206
27,18,6,7,9,5,2,5,3,0,0,1,1,0,0,0,0,13.305319,51.29899
27,18,7,3,7,3,3,4,6,0,0,1,0,0,0,0,0,13.294486,51.309885
27,18,7,3,9,3,3,5,3,0,0,1,1,0,0,0,0,13.25805,51.319954
27,18,7,5,9,5,3,5,3,0,0,1,1,0,0,0,0,13.280597,51.318506
27,18,7,7,11,7,2,5,3,0,0,1,0,0,0,0,0,13.302339,51.303425
27,18,8,2,7,5,3,5,3,0,1,1,1,0,0,0,0,13.252504,51.303112
27,18,8,2,12,5,3,1,5,0,0,1,1,0,0,0,0,13.269597,51.320224
27,18,8,2,15,5,3,0,7,0,0,1,0,0,0,0,0,13.304073,51.304724
27,18,8,5,11,1,3,8,1,0,0,1,0,0,0,0,0,13.285905,51.298686
27,18,8,6,10,2,3,0,7,0,0,1,1,0,0,0,0,13.298575,51.301482
27,18,9,3,20,2,3,0,1,2,0,1,0,0,0,0,0,13.258893,51.302036
27,18,9,7,11,6,3,5,3,0,1,1,1,0,0,0,0,13.259206,51.298927
27,18,9,7,14,6,2,5,3,0,0,1,1,0,0,0,0,13.254081,51.300046
27,18,10,2,18,3,3,6,4,1,0,1,0,1,0,0,0,13.31255,51.301961
27,18,10,2,22,3,3,5,3,2,0,1,1,0,0,0,0,13.292933,51.307547
27,18,10,3,9,4,2,5,3,0,0,1,1,0,0,0,0,13.263673,51.303208
27,18,10,5,11,6,3,5,3,0,0,1,0,0,0,1,0,13.285643,51.303745
27,18,11,1,18,5,3,0,1,2,0,1,0,0,0,0,0,13.263563,51.313786
27,18,11,2,13,6,3,3,6,0,1,1,1,0,0,0,0,13.283692,51.306367
27,18,11,3,9,7,3,5,3,0,0,1,1,0,0,0,0,13.305368,51.298599
27,18,11,3,12,7,2,4,6,0,0,1,1,0,0,0,0,13.296582,51.302356
27,18,11,6,7,3,3,0,1,0,1,1,0,0,0,0,0,13.263114,51.316623
27,18,11,7,15,4,3,0,3,0,0,1,1,0,0,0,0,13.300196,51.300895
27,18,12,6,6,5,3,5,2,2,1,1,1,0,0,0,0,13.286,51.296078
27,18,12,7,7,6,3,5,3,0,1,1,1,0,0,0,0,13.304828,51.294797
27,19,1,1,13,3,3,5,3,0,1,1,1,0,0,0,0,13.272954,51.297396
27,19,1,1,19,3,2,5,3,2,1,1,1,0,0,0,0,13.300351,51.304162
27,19,1,3,12,5,3,0,7,0,1,1,0,0,0,0,0,13.267263,51.303338
27,19,1,7,7,2,3,0,1,0,2,1,0,0,0,0,0,13.292005,51.297944
27,19,2,1,16,6,3,5,3,1,1,1,1,0,0,0,0,13.304008,51.303872
27,19,3,4,10,2,3,5,3,0,1,1,1,0,0,0,0,13.308511,51.299955
27,19,3,7,14,5,3,5,3,0,0,1,1,0,0,0,0,13.301808,51.305638
27,19,4,1,7,2,3,5,2,0,0,1,1,0,0,0,0,13.291621,51.306113
27,19,4,1,14,2,3,5,2,0,0,1,1,0,0,0,0,13.270933,51.298524
27,19,4,1,18,2,3,5,3,0,1,1,0,0,0,0,0,13.289868,51.317564
27,19,5,3,14,6,3,2,7,0,0,1,0,0,0,0,1,13.302869,51.305167
27,19,5,7,10,3,2,0,1,0,0,1,0,0,0,0,0,13.293944,51.310438
27,19,5,7,14,3,3,5,3,0,0,1,1,0,0,0,0,13.275928,51.316826
27,19,6,3,11,2,3,5,3,0,0,1,1,0,0,0,0,13.279064,51.322192
27,19,6,6,8,5,3,0,1,0,0,1,0,0,0,0,0,13.291552,51.306037
27,19,7,1,8,2,3,1,5,0,0,1,1,0,0,0,0,13.290222,51.306141
27,19,7,1,14,2,3,1,5,0,0,1,1,0,0,0,0,13.299951,51.305936
27,19,7,1,20,2,3,0,7,1,0,1,0,0,0,0,0,13.300057,51.306212
27,19,7,4,12,5,3,5,2,0,0,1,1,0,0,0,0,13.306988,51.298363
27,19,7,5,13,6,2,5,2,0,0,1,0,0,0,0,0,13.274556,51.321224
27,19,7,7,22,1,3,5,3,2,0,1,0,0,0,0,0,13.300994,51.303923
27,19,8,2,9,6,3,5,3,0,0,1,1,0,0,0,0,13.299097,51.306526
27,19,8,7,5,4,2,5,3,1,0,1,1,0,0,0,0,13.249091,51.311374
27,19,8,7,7,4,3,5,3,0,0,1,1,0,0,0,0,13.268447,51.320748
27,19,9,6,13,6,2,0,1,0,0,1,0,0,0,0,0,13.284383,51.3052
27,19,9,6,13,6,3,4,6,0,0,1,0,0,0,0,0,13.293618,51.302834
27,19,9,7,18,7,3,0,7,0,0,1,0,0,0,0,0,13.302868,51.305167
27,19,10,2,6,4,3,5,3,2,1,1,1,0,0,0,0,13.2698,51.299569
27,19,10,2,10,4,3,1,5,0,0,1,1,0,0,0,0,13.304338,51.304625
27,19,10,2,13,4,3,5,3,0,0,1,1,0,0,0,0,13.30173,51.305553
27,19,10,3,10,5,2,5,2,0,1,1,1,0,0,0,0,13.299096,51.306525
27,19,10,5,16,7,3,5,2,0,0,1,1,0,0,0,0,13.27936,51.295824
27,19,11,1,13,6,3,5,3,0,0,1,1,0,0,0,0,13.295841,51.303263
27,19,11,4,19,2,3,4,6,2,0,1,0,0,0,0,0,13.267033,51.303854
27,19,11,6,22,4,2,5,3,2,0,1,1,0,0,0,0,13.293988,51.310414
27,19,11,7,13,5,3,0,1,0,0,1,0,0,0,0,0,13.300352,51.304084
27,19,11,7,16,5,3,0,1,2,1,1,0,0,0,0,0,13.278774,51.305607
27,19,12,1,9,1,3,0,1,0,2,1,0,0,0,0,0,13.298714,51.296011
27,19,12,1,13,1,2,5,3,0,0,1,1,0,0,0,0,13.300356,51.30416
27,19,12,2,7,2,3,7,1,2,0,1,0,0,0,0,0,13.278264,51.315089
27,19,12,3,16,3,3,4,6,1,0,1,0,0,0,0,0,13.282388,51.295341
27,20,1,3,3,6,3,0,1,2,1,1,0,0,0,0,0,13.297864,51.305084
27,20,1,7,20,3,3,6,7,2,1,1,0,1,0,0,0,13.301947,51.302294
27,20,2,18,11,3,2,0,7,0,0,1,0,0,0,0,0,13.291834,51.28965
27,20,2,28,12,6,3,5,2,0,0,1,1,0,0,0,0,13.270953,51.298511
27,20,3,4,17,4,3,0,1,1,1,1,0,0,0,0,0,13.298494,51.307767
27,20,3,28,18,7,3,5,2,0,0,1,1,0,0,0,0,13.272483,51.304638
27,20,4,2,9,5,3,5,3,0,0,1,1,0,0,0,0,13.261395,51.302751
27,20,4,24,18,6,3,5,3,0,0,1,0,0,0,0,1,13.276254,51.324922
27,20,5,4,13,2,3,5,3,0,0,1,1,0,0,0,0,13.306315,51.301942
27,20,5,7,17,5,3,5,3,0,0,1,0,0,0,0,0,13.293563,51.292533
27,20,5,8,19,6,3,0,1,0,0,1,0,0,0,0,0,13.256529,51.302581
27,20,5,9,19,7,3,9,1,0,0,1,0,0,0,0,0,13.269303,51.302451
27,20,5,10,16,1,2,5,3,0,1,1,1,0,0,0,0,13.286484,51.294574
27,20,5,20,18,4,2,6,4,1,0,1,0,1,0,0,0,13.267707,51.31025
27,20,6,16,14,3,3,5,3,0,0,1,1,0,0,0,0,13.26974,51.299586
27,20,6,30,8,3,3,5,2,0,0,1,1,0,0,0,0,13.264902,51.303434
27,20,7,12,17,1,2,0,1,0,0,1,0,0,0,0,0,13.291997,51.291096
27,20,7,24,20,6,2,0,1,0,0,1,0,0,0,0,0,13.286368,51.308902
27,20,7,29,10,4,3,8,7,0,0,1,0,0,0,0,0,13.273881,51.304853
27,20,8,4,14,3,3,6,4,0,0,1,0,1,0,0,0,13.298511,51.306844
27,20,8,4,23,3,3,0,7,2,0,1,0,0,0,0,0,13.302937,51.294907
27,20,8,10,9,2,3,5,3,0,1,1,1,0,0,0,0,13.294522,51.301942
27,20,8,15,14,7,2,5,3,0,0,1,1,0,0,0,0,13.261919,51.302863
27,20,8,19,16,4,3,2,6,0,0,1,0,0,0,0,0,13.292767,51.305915
27,20,8,20,21,5,3,3,7,2,0,1,1,0,0,0,0,13.296795,51.295397
27,20,8,24,14,2,3,4,2,0,0,1,1,0,0,0,0,13.270846,51.29851
27,20,8,31,10,2,3,4,6,0,0,1,0,0,0,1,0,13.264412,51.321202
27,20,9,1,16,3,3,4,6,0,0,1,0,0,0,0,0,13.321999,51.298578
27,20,9,6,10,1,3,0,1,0,0,1,0,0,0,0,0,13.286455,51.308918
27,20,9,16,21,4,3,6,4,2,0,1,0,1,0,0,0,13.28544,51.316387
27,20,9,17,7,5,2,5,2,0,0,1,1,0,0,0,0,13.307815,51.301383
27,20,9,17,12,5,2,6,6,0,0,1,0,1,0,0,0,13.296678,51.295292
27,20,9,29,15,3,3,4,2,0,0,1,1,0,0,0,0,13.249258,51.313517
27,20,9,30,5,4,3,4,2,2,0,1,1,0,0,0,0,13.263013,51.314698
27,20,10,9,10,6,2,5,2,0,1,1,1,0,0,0,0,13.26867,51.304054
27,20,10,13,7,3,3,5,2,1,0,1,1,0,0,0,0,13.265693,51.303597
27,20,10,20,12,3,3,5,3,0,0,1,1,0,0,0,0,13.2688,51.300784
27,20,10,23,11,6,3,0,1,0,0,1,0,0,0,0,0,13.286919,51.308998
27,20,11,24,14,3,3,5,2,0,0,1,1,0,0,0,0,13.291004,51.290193
27,20,11,25,13,4,3,1,5,0,0,1,1,0,0,0,0,13.2636,51.303508
27,20,12,7,15,2,2,2,2,0,0,1,1,0,0,0,0,13.243945,51.312697
27,20,12,14,16,2,3,5,2,1,0,1,1,0,0,0,0,13.285673,51.303777
27,21,1,22,19,6,3,5,2,2,1,1,1,0,0,0,0,13.285465,51.316369
27,21,2,24,9,4,2,1,5,0,0,1,1,0,0,0,0,13.260699,51.321697
27,21,3,13,15,7,2,0,1,0,1,1,0,0,0,0,0,13.280413,51.305731
27,21,3,20,20,7,2,5,3,2,0,1,1,0,0,0,0,13.276768,51.316983
27,21,4,8,9,5,3,8,1,0,0,1,0,0,0,0,0,13.28712,51.303469
27,21,4,14,15,4,3,5,3,0,0,1,0,0,0,0,0,13.302343,51.303424
27,21,4,23,9,6,2,3,2,0,0,1,1,0,0,0,0,13.297851,51.296338
27,21,4,28,14,4,3,5,2,0,0,1,0,0,0,0,0,13.289869,51.317564
27,21,5,12,4,4,3,5,3,1,1,1,1,0,0,0,0,13.220405,51.313171
27,21,5,21,11,6,3,0,1,0,0,1,0,0,0,0,0,13.257492,51.302789
27,21,5,24,15,2,2,0,1,0,0,1,0,0,0,0,0,13.27756,51.279692
27,21,6,3,7,5,2,6,4,0,0,1,0,1,0,0,0,13.260618,51.302566
27,21,6,6,12,1,3,0,1,0,0,1,0,0,0,0,0,13.287275,51.309025
27,21,6,7,18,2,3,4,1,0,0,1,0,0,0,0,0,13.297027,51.311652
27,21,6,12,10,7,3,3,2,0,0,1,0,0,0,0,0,13.315066,51.299892
27,21,6,23,12,4,3,0,1,0,1,1,0,0,0,0,0,13.302149,51.305441
27,21,6,27,17,1,3,9,1,0,0,1,0,0,0,0,0,13.25122,51.315645
27,21,7,1,9,5,3,0,3,0,0,1,0,0,0,0,1,13.30657,51.301847
27,21,7,9,14,6,2,5,3,0,0,1,0,0,0,0,0,13.283179,51.317505
27,21,7,18,19,1,2,1,7,0,0,1,1,0,0,0,0,13.281448,51.320832
27,21,7,20,12,3,3,0,7,0,0,1,0,1,0,0,0,13.298703,51.297101
27,21,7,22,15,5,3,5,3,0,0,1,1,0,0,0,0,13.297871,51.296356
27,21,8,6,20,6,3,8,6,1,1,1,1,0,0,0,0,13.303536,51.304923
27,21,8,10,14,3,3,0,1,0,0,1,0,0,0,0,0,13.303526,51.296691
27,21,8,20,7,6,2,5,3,0,0,1,1,0,0,0,0,13.288653,51.303285
27,21,8,29,17,1,3,0,1,0,0,1,0,0,0,0,0,13.263099,51.314715
27,21,9,8,15,4,3,4,6,0,0,1,0,0,0,0,0,13.29277,51.3112
27,21,9,10,16,6,3,0,1,0,0,1,0,0,0,0,0,13.290057,51.278202
27,21,9,15,14,4,3,5,3,0,0,1,1,0,0,0,0,13.265792,51.315226
27,21,9,15,19,4,3,0,7,2,1,1,0,0,0,0,0,13.267099,51.303711
27,21,9,23,13,5,3,5,7,0,0,1,1,0,0,0,0,13.301799,51.305628
27,21,9,24,13,6,3,6,4,0,0,1,0,1,0,0,0,13.280438,51.320703
27,21,9,27,6,2,3,5,3,2,0,1,1,0,0,0,0,13.305164,51.299051
27,21,9,28,11,3,3,5,3,0,1,1,1,0,0,0,0,13.249186,51.309208
27,21,9,29,11,4,3,0,1,0,1,1,0,0,0,0,0,13.291631,51.302924
27,21,9,30,15,5,3,5,3,0,0,1,1,0,0,0,0,13.264687,51.31847
27,21,9,30,16,5,3,5,3,0,0,1,1,0,0,0,0,13.2697,51.319675
27,21,10,1,9,6,2,3,2,0,0,1,1,0,0,0,0,13.261376,51.318808
27,21,10,5,13,3,3,4,2,0,1,1,1,0,0,0,0,13.264256,51.311744
27,21,10,21,12,5,3,5,2,0,1,1,1,0,0,0,0,13.298638,51.30682
27,21,10,31,10,1,3,0,6,0,0,1,0,0,0,0,0,13.265154,51.3113
27,21,11,2,4,3,3,0,1,2,1,1,0,1,0,0,0,13.268049,51.310109
27,21,11,3,10,4,3,5,3,0,0,1,0,0,0,0,1,13.320156,51.295296
27,21,11,8,13,2,3,6,4,0,0,1,0,1,0,0,0,13.300336,51.306107
27,21,11,11,15,5,3,5,3,0,0,1,1,0,0,0,0,13.296856,51.302132
27,21,11,25,6,5,3,5,3,2,0,1,1,0,0,0,0,13.280584,51.318518
27,21,11,28,5,1,3,0,7,2,2,1,0,0,0,0,0,13.302044,51.300161
27,21,11,30,11,3,3,0,7,0,1,1,0,0,0,0,0,13.296389,51.302308
27,21,12,8,8,4,3,0,1,1,1,1,0,0,0,0,0,13.297306,51.296624
27,21,12,8,8,4,3,5,3,1,1,1,1,0,0,0,0,13.320157,51.295289
27,22,2,9,15,4,3,5,3,0,0,1,1,0,0,0,0,13.305577,51.298894
27,22,2,16,13,4,3,5,3,0,0,1,1,0,0,0,0,13.265562,51.31519
27,22,3,8,6,3,3,2,2,0,0,1,1,0,0,0,0,13.309453,51.297395
27,22,3,8,12,3,2,5,3,0,0,1,1,0,0,0,0,13.294501,51.301919
27,22,3,19,0,7,3,0,1,2,0,1,0,0,0,0,0,13.299106,51.308029
27,22,4,20,15,4,3,1,5,0,1,1,1,0,0,0,0,13.251014,51.319333
27,22,4,21,9,5,3,5,3,0,1,1,1,0,0,0,0,13.298145,51.305626
27,22,5,3,17,3,3,8,1,0,0,1,0,0,0,0,0,13.280214,51.305828
27,22,5,11,18,4,3,5,2,0,0,1,1,0,0,0,0,13.286298,51.30673
27,22,5,16,13,2,2,0,7,0,0,1,0,0,0,0,0,13.269413,51.304167
27,22,5,18,11,4,2,5,3,0,0,1,1,0,0,0,0,13.288298,51.288129
27,22,5,19,12,5,2,4,2,0,0,1,0,0,0,0,1,13.263734,51.303249
27,22,6,7,8,3,3,0,7,0,0,1,0,0,0,0,0,13.298126,51.305632
27,22,6,8,11,4,3,5,2,0,0,1,1,0,0,0,0,13.280457,51.318456
27,22,6,21,15,3,3,0,6,0,0,1,1,0,0,0,0,13.299916,51.305897
27,22,6,30,7,5,3,5,3,0,0,1,1,0,0,0,0,13.310162,51.302477
27,22,6,30,20,5,2,5,3,0,0,1,1,0,0,0,0,13.2895,51.303224
27,22,7,4,18,2,3,6,7,0,0,1,0,1,0,0,0,13.300907,51.305898
27,22,7,10,6,1,2,8,1,0,0,1,0,0,0,0,0,13.300019,51.295513
27,22,7,14,12,5,3,4,6,0,0,1,0,0,0,0,0,13.292714,51.311238
27,22,7,22,19,6,3,5,2,0,0,1,1,0,0,0,0,13.29411,51.310345
27,22,8,10,16,4,3,0,1,0,0,1,0,0,0,0,0,13.301934,51.300239
27,22,8,15,10,2,3,5,3,0,0,1,1,0,0,0,0,13.300139,51.306141
27,22,8,20,5,7,3,0,1,2,1,1,0,0,0,0,0,13.321614,51.30618
27,22,8,22,17,2,2,5,3,0,0,1,0,0,0,0,0,13.286508,51.315577
27,22,8,28,11,1,2,0,1,0,0,1,0,0,0,0,0,13.285536,51.302644
27,22,9,2,9,6,3,3,2,0,0,1,0,0,1,0,0,13.309155,51.297648
27,22,9,14,22,4,2,0,1,2,1,1,0,0,0,0,0,13.304095,51.304716
27,22,9,21,8,4,3,5,3,0,0,1,1,0,0,0,0,13.26607,51.320564
27,22,9,28,14,4,3,0,1,0,1,1,0,0,0,0,0,13.279827,51.320786
27,22,9,30,12,6,3,6,6,0,0,1,0,1,0,0,0,13.300391,51.298625
27,22,10,6,11,5,3,5,3,0,0,1,1,0,0,0,0,13.297535,51.301875
27,22,10,7,15,6,3,0,1,0,0,1,0,0,0,0,0,13.264432,51.310914
27,22,10,8,11,7,3,5,2,0,0,1,1,0,0,0,0,13.281786,51.295359
27,22,10,11,11,3,3,5,3,0,0,1,1,0,0,0,0,13.30175,51.305576
27,22,10,14,9,6,3,5,3,0,0,1,1,0,0,0,0,13.261046,51.32018
27,22,10,17,6,2,3,5,2,2,0,1,1,0,0,0,0,13.263109,51.314718
27,22,10,17,6,2,3,5,3,1,0,1,1,0,0,0,0,13.269733,51.299584
27,22,11,2,7,4,1,3,2,0,0,1,0,0,0,1,0,13.287034,51.30348
27,22,11,4,15,6,3,5,3,1,1,1,1,0,0,0,0,13.276292,51.32489
27,22,11,8,17,3,3,5,3,2,0,1,1,0,0,0,0,13.286511,51.294569
27,22,11,10,14,5,3,5,2,0,0,1,1,0,0,0,0,13.270934,51.298523
27,22,11,13,15,1,3,0,1,0,0,1,0,0,0,0,0,13.278084,51.28025
27,22,11,18,7,6,2,5,3,1,1,1,1,0,0,0,0,13.306279,51.297659
27,22,12,5,10,2,3,0,7,0,0,1,0,0,0,0,0,13.25266,51.302912
27,22,12,8,12,5,3,0,7,0,0,1,0,0,0,0,0,13.265194,51.315133
27,22,12,24,18,7,2,0,7,2,1,1,0,0,0,0,0,13.307664,51.295997
27,23,1,6,8,6,3,0,7,0,1,1,0,0,0,0,0,13.284383,51.3052
27,23,1,25,12,4,3,3,6,0,0,1,1,0,0,0,0,13.263013,51.315171
27,23,1,27,21,6,3,8,1,2,1,1,0,0,0,0,0,13.264305,51.311738
27,23,2,12,14,1,3,5,2,0,0,1,1,0,0,0,0,13.272401,51.29765
27,23,3,3,7,6,3,0,1,0,2,1,0,0,0,0,0,13.276061,51.321352
27,23,3,10,11,6,2,6,4,0,0,1,0,1,0,0,0,13.310252,51.300352
27,23,3,15,14,4,2,5,3,0,0,1,1,0,0,0,0,13.310182,51.302472
27,23,4,9,12,1,3,8,1,0,0,1,0,0,0,0,0,13.322303,51.302447
27,23,4,10,15,2,3,4,6,0,0,1,0,0,0,0,0,13.320018,51.306253
27,23,4,21,15,6,3,9,1,0,0,1,0,0,0,0,0,13.290154,51.30925
27,23,4,27,8,5,3,2,6,0,0,1,0,0,0,0,1,13.249142,51.310173
27,23,5,4,10,5,2,5,3,0,0,1,1,0,0,0,0,13.310211,51.302463
27,23,5,4,16,5,3,1,5,0,0,1,1,0,0,0,0,13.289941,51.306165
27,23,5,9,13,3,2,5,3,0,0,1,1,0,0,0,0,13.267024,51.303792
27,23,5,11,9,5,2,5,3,0,0,1,1,0,0,0,0,13.296963,51.304363
27,23,5,12,10,6,2,0,1,0,0,1,0,0,0,0,0,13.285513,51.302638