UKREIS,UJAHR,UMONAT,UTAG,USTUNDE,UWOCHENTAG,UKATEGORIE,UART,UTYP,LICHT,USTRZUSTAND,IstRad,IstPKW,IstFuss,IstKrad,IstGkfz,IstSonstige,@lon,@lat
27,23,5,14,23,1,3,0,1,2,0,1,0,0,0,0,0,13.304578,51.306484
27,23,5,24,14,4,3,8,1,0,0,1,0,0,0,0,0,13.305819,51.304079
27,23,5,26,17,6,3,5,3,0,0,1,1,0,0,0,0,13.273278,51.307035
27,23,5,29,17,2,2,8,7,0,0,1,0,0,0,0,0,13.310381,51.302429
27,23,6,1,17,5,3,4,6,0,0,1,0,0,0,0,1,13.296727,51.311444
27,23,6,6,10,3,2,0,1,0,1,1,0,0,0,0,0,13.314476,51.30147
27,23,6,14,10,4,3,3,2,0,0,1,1,0,0,0,0,13.267438,51.320715
27,23,6,15,8,5,3,5,3,0,0,1,1,0,0,0,0,13.29626,51.297021
27,23,6,24,17,7,3,5,2,0,0,1,1,0,0,0,0,13.297709,51.30514
27,23,6,27,14,3,3,0,1,0,1,1,0,0,0,0,0,13.287392,51.309036
27,23,6,29,18,5,3,0,3,0,0,1,1,0,0,0,0,13.249206,51.313515
27,23,7,9,13,1,3,0,7,0,0,1,0,0,0,0,0,13.266874,51.304216
27,23,7,11,11,3,2,8,6,0,0,1,1,0,0,0,0,13.29106,51.273576
27,23,7,15,15,7,3,0,7,0,0,1,0,0,0,0,0,13.269378,51.315784
27,23,7,22,14,7,3,0,1,0,0,1,0,0,0,0,0,13.267591,51.305565
27,23,7,25,13,3,3,0,7,0,0,1,1,0,0,0,0,13.285491,51.316356
27,23,8,4,7,6,3,0,1,0,1,1,0,0,0,0,0,13.273485,51.309365
27,23,8,8,19,3,3,1,7,0,0,1,1,0,0,0,0,13.258015,51.32069
27,23,8,16,15,4,3,5,3,0,0,1,1,0,0,0,0,13.269741,51.299586
27,23,8,17,21,5,3,0,7,2,0,1,0,0,0,0,0,13.278204,51.326761
27,23,8,25,10,6,3,5,3,0,0,1,1,0,0,0,0,13.270958,51.298566
27,23,9,14,19,5,3,0,1,1,0,1,0,0,0,0,0,13.291953,51.275076
27,23,10,8,16,1,3,7,7,0,0,1,0,1,0,0,0,13.276,51.321634
27,23,10,24,14,3,3,5,3,0,0,1,1,0,0,0,0,13.288316,51.288119
27,23,10,27,12,6,3,5,3,0,1,1,1,0,0,0,0,13.268783,51.300782
27,23,11,20,13,2,3,5,3,0,1,1,1,0,0,0,0,13.27947,51.321495
27,23,12,7,11,5,3,5,2,0,0,1,1,0,0,0,0,13.299212,51.297581
27,24,1,9,9,3,3,5,3,0,0,1,1,0,0,0,0,13.274933,51.31667
27,24,1,26,14,6,3,5,3,0,1,1,1,0,0,0,0,13.308548,51.30215
27,24,2,16,21,6,3,2,1,2,0,1,0,0,0,0,0,13.327241,51.301595
27,24,3,22,17,6,3,5,2,0,1,1,1,0,0,0,0,13.295218,51.302665
27,24,4,3,10,4,3,5,3,0,0,1,1,0,0,0,0,13.286502,51.294571
27,24,4,17,12,4,3,4,6,0,0,1,0,0,0,0,0,13.292821,51.311165
27,24,4,19,7,6,3,5,2,0,0,1,1,0,0,0,0,13.295267,51.302701
27,24,4,27,18,7,2,0,1,0,0,1,0,0,0,0,0,13.275777,51.305147
27,24,4,29,13,2,3,5,3,0,0,1,1,0,0,0,0,13.303862,51.296644
27,24,5,14,18,3,2,5,3,0,0,1,1,0,0,0,0,13.30852,51.299965
27,24,5,16,9,5,3,5,3,0,0,1,1,0,0,0,0,13.290091,51.303112
27,24,5,18,11,7,3,5,2,0,0,1,1,0,0,0,0,13.268593,51.304023
27,24,5,21,17,3,3,5,3,0,0,1,1,0,0,0,0,13.30628,51.303969
27,24,5,23,0,5,3,8,1,2,0,1,0,0,0,0,0,13.29439,51.310186
27,24,5,23,13,5,3,5,3,0,0,1,1,0,0,0,0,13.315799,51.299374
27,24,5,25,19,7,3,0,1,0,1,1,0,0,0,0,0,13.293176,51.307809
27,24,6,8,9,7,3,3,2,0,0,1,1,0,0,0,0,13.319989,51.297992
27,24,6,12,7,4,2,5,3,0,0,1,1,0,0,0,0,13.279474,51.321487
27,24,6,20,18,5,3,5,3,0,0,1,1,0,0,0,0,13.30446,51.303702
27,24,6,24,12,2,2,0,7,0,0,1,0,0,0,0,0,13.319691,51.301982
27,24,7,1,17,2,3,0,5,0,0,1,1,0,0,0,0,13.306134,51.303831
27,24,7,15,13,2,2,2,6,0,0,1,0,0,0,0,1,13.293679,51.266968
27,24,7,24,17,4,3,5,3,0,0,1,1,0,0,0,0,13.2905,51.289755
27,24,7,25,12,5,3,5,3,0,0,1,1,0,0,0,0,13.301748,51.305574
27,24,7,30,18,3,3,4,6,0,0,1,0,0,0,0,0,13.263099,51.314715
27,24,8,11,20,1,2,0,1,0,0,1,0,0,0,0,0,13.295859,51.309047
27,24,8,16,10,6,3,0,7,0,0,1,0,0,0,0,0,13.26949,51.309222
27,24,8,17,19,7,3,8,1,0,0,1,0,0,0,0,0,13.252156,51.303507
27,24,9,15,20,1,3,0,7,2,1,1,0,0,0,0,0,13.293846,51.305792
27,24,9,25,16,4,3,0,7,0,0,1,0,0,0,0,0,13.294554,51.302806
27,24,10,17,15,5,3,0,7,0,0,1,0,0,0,0,0,13.285671,51.294553
27,24,10,28,9,2,3,5,3,0,0,1,1,0,0,0,0,13.268337,51.320739
27,24,10,29,9,3,2,5,2,0,0,1,1,0,0,0,0,13.266452,51.305398
27,24,11,11,14,2,3,0,1,0,1,1,0,0,0,0,0,13.301006,51.304993
27,24,11,22,12,6,3,5,3,0,0,1,1,0,0,0,0,13.299098,51.306527
27,24,11,23,10,7,3,0,1,0,2,1,0,0,0,0,0,13.267084,51.300493
27,24,11,24,16,1,2,0,1,1,0,1,0,0,0,0,0,13.302832,51.296814
27,24,11,29,7,6,3,5,3,0,0,1,0,0,0,0,1,13.249245,51.313517
27,24,11,29,14,6,3,5,2,0,0,1,1,0,0,0,0,13.252397,51.303235
27,24,12,2,7,2,3,0,1,0,2,1,0,0,0,0,0,13.309085,51.305372
27,24,12,2,8,2,3,0,1,0,1,1,0,0,0,0,0,13.291856,51.310227
27,24,12,2,8,2,3,0,1,1,1,1,0,0,0,0,0,13.320841,51.298645
27,24,12,7,10,7,3,5,3,0,1,1,1,0,0,0,0,13.272438,51.297633
27,24,12,17,18,3,3,1,5,2,0,1,1,0,0,0,0,13.290653,51.31365
27,25,1,20,6,2,3,0,1,1,2,1,0,0,0,0,0,13.279793,51.305763
27,25,2,14,10,6,3,0,1,0,2,1,0,0,0,0,0,13.298392,51.306853
27,25,2,24,6,2,2,0,5,1,0,1,1,0,0,0,0,13.294872,51.307155
27,25,3,5,9,4,3,0,7,0,0,1,0,0,0,0,0,13.256642,51.299423
27,25,3,5,14,4,3,5,2,0,0,1,1,0,0,0,0,13.293067,51.307691
27,25,4,11,12,6,3,1,5,0,0,1,1,0,0,0,0,13.321072,51.302398
27,25,4,22,10,3,3,5,2,0,0,1,1,0,0,0,0,13.305896,51.302097
27,25,4,26,13,7,2,0,1,0,0,1,0,0,0,0,0,13.276768,51.316983
27,25,5,1,12,5,3,0,1,0,0,1,0,0,0,0,0,13.277604,51.27974
27,25,5,4,14,1,3,5,3,0,0,1,1,0,0,0,0,13.304507,51.299301
27,25,5,16,16,6,3,0,1,0,0,1,0,0,0,0,0,13.285504,51.302636
27,25,6,6,12,6,2,3,6,0,0,1,1,0,0,0,0,13.307489,51.296304
27,25,6,6,13,6,3,0,3,0,1,1,0,0,0,0,0,13.302345,51.303423
27,25,6,10,17,3,2,0,1,0,0,1,0,0,0,0,0,13.263472,51.314791
27,25,6,13,20,6,3,5,3,0,0,1,1,0,0,0,0,13.298486,51.301515
27,25,6,16,0,2,2,0,7,2,1,1,0,0,0,0,0,13.302489,51.306346
27,25,6,16,13,2,3,5,2,0,0,1,0,0,0,0,0,13.299962,51.304623
27,25,6,17,12,3,3,8,1,0,0,1,0,0,0,0,0,13.277803,51.323601
27,25,6,25,11,4,3,1,7,0,0,1,1,0,0,0,0,13.25904,51.318549
27,25,7,4,13,6,3,5,3,0,0,1,1,0,0,0,0,13.304507,51.299301
27,25,7,9,18,4,3,5,3,0,0,1,1,0,0,0,0,13.308478,51.300029
27,25,7,11,15,6,3,5,7,0,0,1,1,0,0,0,0,13.262836,51.305498
27,25,7,18,20,6,3,0,7,2,0,1,0,0,0,0,0,13.284504,51.308565
27,25,7,30,15,4,2,3,6,0,0,1,0,0,0,0,1,13.275262,51.305067
27,25,8,2,4,7,3,0,7,2,0,1,0,0,0,0,0,13.263558,51.313798
27,25,8,10,15,1,3,0,7,0,0,1,0,0,0,0,0,13.308005,51.303327
27,25,8,11,8,2,3,0,7,0,0,1,0,0,0,0,0,13.260912,51.303832
27,25,8,25,17,2,3,4,6,0,0,1,0,0,0,0,0,13.263167,51.314729
27,25,8,27,6,4,3,4,6,0,0,1,0,0,0,0,0,13.292512,51.311337
27,25,9,8,15,2,3,4,6,0,0,1,1,0,0,0,0,13.304552,51.297745
27,25,9,11,15,5,3,0,7,0,0,1,0,0,0,0,0,13.303705,51.304826
27,25,9,17,13,4,3,3,2,0,0,1,0,0,0,0,1,13.292986,51.307603
27,25,9,21,10,1,3,5,3,0,0,1,1,0,0,0,0,13.309478,51.297391
27,25,10,20,8,2,3,4,2,0,0,1,1,0,0,0,0,13.299103,51.306532
27,25,10,27,19,2,3,0,1,2,1,1,0,0,0,0,0,13.293268,51.307909
27,25,11,1,7,7,1,0,1,1,0,1,0,0,0,0,0,13.28322,51.325048
27,25,11,14,21,6,3,6,6,2,0,1,0,1,0,0,0,13.305232,51.30429
27,25,11,25,9,3,3,5,3,0,0,1,1,0,0,0,0,13.294885,51.293723
27,25,11,26,10,4,2,5,2,0,1,1,1,0,0,0,0,13.311022,51.299037
27,25,11,28,12,6,3,0,7,0,0,1,0,0,0,0,0,13.289983,51.314307
27,25,12,1,15,2,3,2,6,1,0,1,1,0,0,0,0,13.304144,51.302003
27,25,12,3,10,4,3,5,2,0,1,1,1,0,0,0,0,13.288057,51.314094
27,25,12,5,18,6,3,5,2,2,0,1,1,0,0,0,0,13.303786,51.301782
27,25,12,11,9,5,2,0,1,0,0,1,0,0,0,0,0,13.287534,51.312414
27,18,1,1,20,2,2,6,6,2,1,1,0,1,0,0,0,13.497006,51.386946
27,18,12,1,5,7,2,2,6,2,0,1,1,0,0,0,0,13.510601,51.38605
27,21,8,1,5,1,3,0,1,1,0,1,0,0,0,0,0,13.504549,51.386147
27,21,8,1,20,1,3,0,7,1,0,1,0,0,0,0,0,13.476019,51.383531
27,21,9,7,13,3,3,0,1,0,0,1,0,0,0,0,0,13.437692,51.387607
27,22,6,25,3,7,3,0,1,2,0,1,0,0,0,0,0,13.466965,51.390661
27,22,7,5,17,3,3,5,3,0,0,1,1,0,0,0,0,13.502099,51.386261
27,22,9,25,12,1,3,8,1,0,0,1,0,0,0,0,0,13.489544,51.374348
27,23,6,25,9,1,3,0,2,0,0,1,1,0,0,0,0,13.489036,51.375746
27,24,8,27,9,3,2,0,1,0,0,1,0,0,0,0,0,13.488805,51.37575
27,24,11,15,20,6,3,0,1,2,0,1,0,0,0,0,0,13.442065,51.390145
27,25,5,2,7,6,3,5,3,0,0,1,1,0,0,0,0,13.445518,51.387415
27,25,8,5,20,3,3,0,1,1,0,1,0,0,0,0,0,13.478758,51.388481
27,25,9,13,17,7,3,5,3,0,0,1,1,0,0,0,0,13.42709,51.377296
27,18,2,1,14,5,2,3,6,0,0,1,1,0,0,0,0,13.747214,51.361605
27,18,4,4,10,4,3,0,7,0,0,1,0,0,0,0,0,13.690332,51.303108
27,18,5,6,0,1,3,0,1,2,0,1,0,0,0,0,0,13.69843,51.303118
27,18,10,7,14,1,3,3,1,0,0,1,0,0,0,0,0,13.698224,51.300866
27,19,11,5,12,3,3,5,3,0,0,1,0,0,1,0,0,13.7071,51.305057
27,22,6,24,13,6,3,7,7,0,0,1,0,0,0,0,0,13.701098,51.304035
27,22,7,16,2,7,2,0,1,2,0,1,0,0,0,0,0,13.784808,51.350314
27,22,9,25,15,1,3,0,1,0,0,1,0,0,0,0,0,13.711129,51.302271
27,23,6,15,16,5,2,0,1,0,0,1,0,0,0,0,0,13.722531,51.2697
27,23,6,25,16,1,3,8,1,0,0,1,1,0,0,0,0,13.743423,51.320909
27,25,8,23,22,7,2,5,3,2,1,1,0,0,0,0,0,13.709588,51.30191
27,16,5,1,1,1,2,6,6,2,0,1,0,1,0,0,0,13.217732,51.218477
27,16,12,1,17,5,2,0,1,2,0,1,0,0,0,0,0,13.212452,51.243979
27,17,4,22,6,7,3,1,5,0,1,1,1,0,0,0,0,13.230444,51.263433
27,18,1,2,8,3,2,5,2,0,0,1,1,0,0,0,0,13.256146,51.268806
27,18,10,6,2,7,3,6,6,2,0,1,0,1,0,0,0,13.22861,51.252228
27,19,1,1,16,3,3,5,3,2,1,1,1,0,0,0,0,13.229481,51.233184
27,19,3,1,18,6,2,5,3,2,1,1,1,0,0,0,0,13.212909,51.242816
27,19,10,6,15,1,3,0,1,0,0,1,0,0,0,0,0,13.238811,51.256994
27,20,7,28,19,3,2,5,3,0,0,1,0,0,0,1,0,13.235334,51.271143
27,21,10,1,14,6,3,4,1,0,0,1,1,0,0,0,0,13.223558,51.251952
27,22,7,23,20,7,3,0,1,2,0,1,0,0,0,0,0,13.22234,51.222889
27,22,7,31,13,1,3,5,2,0,0,1,1,0,0,0,0,13.300038,51.251751
27,23,3,20,16,2,3,0,6,0,0,1,0,0,0,0,0,13.242342,51.25703
27,23,7,2,3,1,2,3,6,1,0,1,0,0,0,0,0,13.209524,51.243539
27,23,9,3,18,1,3,0,1,0,0,1,0,0,0,0,0,13.218694,51.243922
27,23,9,10,18,1,2,0,7,0,0,1,0,0,0,0,0,13.245022,51.284892
27,23,11,16,10,5,3,5,2,0,0,1,1,0,0,0,0,13.212155,51.246615
27,24,4,23,15,3,2,5,3,0,0,1,1,0,0,0,0,13.213794,51.243602
27,24,9,21,19,7,2,8,1,1,0,1,0,0,0,0,0,13.223995,51.223849
27,25,3,28,15,6,3,3,6,0,0,1,1,0,0,0,0,13.271428,51.258598
27,16,1,3,9,1,3,0,1,0,2,1,0,0,0,0,0,13.264431,51.328912
27,16,7,3,10,1,3,3,6,0,0,1,1,0,0,0,0,13.262458,51.339791
27,17,7,31,12,2,2,0,7,0,0,1,0,0,0,0,0,13.244125,51.348393
27,17,10,16,13,2,3,5,3,0,0,1,1,0,0,0,0,13.236676,51.351357
27,18,7,6,18,6,2,9,3,0,0,1,1,0,0,0,0,13.240129,51.350283
27,18,7,7,21,7,2,8,6,2,0,1,1,0,0,0,0,13.225263,51.339144
27,18,8,6,9,2,3,0,1,0,0,1,0,0,0,0,0,13.233828,51.352125
27,18,9,2,17,1,3,8,1,0,0,1,0,0,0,0,0,13.231402,51.351616
27,19,4,1,16,2,2,4,6,0,0,1,1,0,0,0,0,13.216981,51.347186
27,19,4,6,13,7,3,5,3,0,0,1,0,0,0,0,1,13.22601,51.352652
27,19,7,6,11,7,2,0,1,0,0,1,0,0,0,0,0,13.224526,51.376462
27,19,11,6,7,4,3,4,3,0,0,1,1,0,0,0,0,13.238833,51.349842
27,20,1,4,11,7,2,0,1,0,0,1,0,0,0,0,0,13.264208,51.32944
27,20,6,12,14,6,2,2,6,0,0,1,0,0,0,1,0,13.225968,51.353176
27,22,5,26,11,5,3,2,6,0,0,1,1,0,0,0,0,13.232914,51.352003
27,22,6,16,15,5,3,3,6,0,0,1,1,0,0,0,0,13.221791,51.352708
27,22,10,18,18,3,3,0,1,2,1,1,0,0,1,0,1,13.223916,51.355816
27,23,7,7,14,6,3,7,1,0,0,1,0,0,0,0,0,13.284091,51.335531
27,23,8,2,17,4,2,0,1,0,1,1,0,0,0,0,0,13.246373,51.348579
27,23,12,18,11,2,3,2,6,0,0,1,1,0,0,0,0,13.222618,51.362284
27,24,2,16,16,6,3,0,7,1,0,1,0,0,0,0,0,13.241571,51.349797
27,24,6,2,10,1,3,0,7,0,0,1,0,0,0,0,0,13.230066,51.351887
27,24,7,30,19,3,3,4,7,0,0,1,1,0,0,0,0,13.224459,51.349914
27,25,7,28,19,2,2,0,1,0,0,1,0,0,0,0,0,13.238618,51.350725
27,25,8,10,9,1,3,0,7,0,0,1,0,0,0,0,0,13.237234,51.351168
27,25,8,24,2,1,3,0,7,2,0,1,0,0,0,0,0,13.234719,51.351969
27,17,4,14,20,6,3,8,1,2,1,1,0,0,0,0,0,13.732841,51.294468
27,18,4,1,14,1,2,0,1,0,0,1,0,0,0,0,0,13.778397,51.333248
27,18,10,3,17,4,2,0,7,0,0,1,0,0,0,0,0,13.739303,51.29462
27,20,12,23,12,4,3,5,3,0,1,1,0,0,0,0,1,13.735172,51.294638
27,21,10,17,11,1,3,5,3,0,0,1,1,0,0,0,0,13.802862,51.256318
27,22,9,13,16,3,2,5,3,0,0,1,1,0,0,0,0,13.779631,51.249549
27,23,7,1,17,7,2,5,3,0,0,1,1,0,0,0,0,13.79725,51.267293
27,23,7,30,2,1,3,0,1,2,0,1,0,0,0,0,0,13.787531,51.258943
27,23,8,30,16,4,3,5,3,0,0,1,0,0,0,1,0,13.772914,51.342057
27,24,4,11,18,5,3,1,7,1,0,1,1,0,0,0,0,13.803585,51.26461
27,25,8,17,18,1,2,8,1,0,0,1,0,0,0,0,0,13.794665,51.284558
27,16,1,2,11,7,2,0,1,0,0,1,0,0,0,0,0,13.563988,51.156231
27,16,4,6,15,4,3,3,6,0,0,1,1,0,0,0,0,13.599773,51.162708
27,16,6,7,15,3,2,0,1,0,0,1,0,0,0,0,0,13.558431,51.149624
27,16,7,1,6,6,3,0,7,0,0,1,0,0,0,0,0,13.568976,51.147677
27,16,8,1,6,2,3,0,1,0,0,1,0,0,0,0,0,13.56844,51.160989
27,16,8,3,17,4,3,5,3,0,0,1,1,0,0,0,0,13.562706,51.162644
27,16,8,4,13,5,3,5,3,0,0,1,1,0,0,0,0,13.56596,51.150772
27,16,8,5,8,6,3,5,3,0,0,1,1,0,0,0,0,13.569737,51.164894
27,16,8,5,18,6,3,5,3,0,1,1,1,0,0,0,0,13.563763,51.163024
27,16,9,1,6,5,3,5,3,0,0,1,1,0,0,0,0,13.585281,51.169652
27,16,9,5,16,2,3,0,3,0,0,1,1,0,0,0,0,13.568881,51.14791
27,17,3,8,15,4,2,0,7,0,0,1,0,0,0,0,0,13.571264,51.168345
27,17,4,13,13,5,3,5,2,0,0,1,1,0,0,0,0,13.568898,51.147864
27,17,5,15,6,2,2,2,2,0,0,1,0,0,0,0,0,13.569329,51.162671
27,17,5,20,9,7,3,5,3,0,0,1,0,0,1,0,0,13.568911,51.160734
27,17,5,29,6,2,3,5,3,0,0,1,1,0,0,0,0,13.571763,51.165754
27,17,6,3,16,7,2,5,2,0,0,1,1,0,0,0,0,13.563447,51.158596
27,17,6,13,15,3,3,5,7,0,0,1,1,0,0,0,0,13.572875,51.15204
27,17,7,25,15,3,3,4,2,0,0,1,1,0,0,0,0,13.567623,51.15095
27,17,8,4,21,6,3,0,1,2,0,1,0,0,0,0,0,13.56684,51.152175
27,17,8,12,10,7,2,2,1,0,0,1,0,0,0,0,0,13.604971,51.162119
27,17,8,23,6,4,2,2,2,0,0,1,1,0,0,0,0,13.558222,51.166858
27,17,8,23,9,4,2,8,1,0,0,1,0,0,0,0,0,13.589139,51.157415
27,17,8,27,15,1,2,0,1,0,0,1,0,0,0,0,0,13.592165,51.155613
27,17,9,16,7,7,3,5,2,0,0,1,1,0,0,0,0,13.581818,51.164808
27,17,10,18,11,4,2,0,7,0,0,1,0,0,0,0,0,13.59268,51.170163
27,17,11,16,7,5,3,5,3,0,0,1,1,0,0,0,0,13.563435,51.158575
27,17,12,28,5,5,3,5,3,2,1,1,1,0,0,0,0,13.573862,51.163665
27,18,4,1,19,1,2,5,2,0,0,1,0,0,0,0,0,13.582818,51.154741
27,18,4,5,14,5,3,0,1,0,1,1,0,0,0,0,0,13.562737,51.165814
27,18,6,1,14,6,3,3,6,0,0,1,0,0,0,0,1,13.622432,51.172392
27,18,6,6,18,4,2,8,1,0,0,1,0,0,0,0,0,13.578924,51.169745
27,18,8,2,17,5,3,5,3,0,0,1,1,0,0,0,0,13.563641,51.157746
27,18,8,7,16,3,3,8,1,0,0,1,0,0,0,0,0,13.561086,51.161891
27,18,9,5,16,4,2,0,7,0,0,1,0,0,0,0,0,13.562825,51.165073
27,18,10,1,16,2,3,5,3,0,0,1,1,0,0,0,0,13.568223,51.149693
27,18,10,4,12,5,2,3,6,0,0,1,1,0,0,0,0,13.55942,51.164304
27,18,11,5,8,2,3,5,3,0,0,1,1,0,0,0,0,13.561507,51.160005
27,18,11,5,14,2,3,0,1,0,0,1,0,0,0,0,0,13.573204,51.164915
27,19,5,1,20,4,2,5,3,0,0,1,1,0,0,0,0,13.567614,51.150965
27,19,6,3,11,2,3,5,3,0,0,1,1,0,0,0,0,13.569512,51.146486
27,19,6,5,16,4,3,5,3,0,0,1,1,0,0,0,0,13.564402,51.161433
27,19,6,6,7,5,3,1,5,0,1,1,1,0,0,0,0,13.570233,51.165034
27,19,6,6,10,5,3,3,2,0,0,1,1,0,0,0,0,13.568882,51.147904
27,19,6,6,18,5,3,5,3,0,0,1,1,0,0,0,0,13.566071,51.155685
27,19,7,5,14,6,3,5,3,0,0,1,1,0,0,0,0,13.57583,51.152398
27,19,7,7,10,1,3,0,1,0,0,1,0,0,0,0,0,13.573704,51.163688
27,19,9,6,11,6,3,0,7,0,0,1,0,0,0,0,0,13.569754,51.164879
27,19,10,1,12,3,2,0,1,0,1,1,0,0,0,0,0,13.567195,51.162033
27,19,12,6,16,6,2,0,1,2,0,1,0,0,0,0,0,13.566745,51.152319
27,20,4,10,18,6,2,8,1,0,0,1,0,0,0,0,0,13.57346,51.148577
27,20,6,8,13,2,3,0,7,0,0,1,0,0,0,0,0,13.566413,51.161979
27,20,7,11,12,7,2,0,7,0,0,1,0,0,0,0,0,13.59286,51.157468
27,20,8,5,14,4,3,0,1,0,0,1,0,0,0,0,0,13.598621,51.169832
27,20,8,9,16,1,1,5,2,0,0,1,1,0,0,0,0,13.584164,51.161588
27,20,9,3,14,5,2,5,3,0,0,1,1,0,0,0,0,13.596861,51.16301
27,20,9,18,10,6,3,5,3,0,0,1,1,0,0,0,0,13.567059,51.151839
27,20,10,5,14,2,3,8,1,0,1,1,0,0,0,0,0,13.567462,51.157486
27,20,10,8,15,5,3,5,3,0,0,1,1,0,0,0,0,13.569563,51.154462
27,20,10,24,10,7,2,5,3,0,0,1,1,0,0,0,0,13.567589,51.151006
27,20,11,17,11,3,3,5,3,0,0,1,1,0,0,0,0,13.581032,51.154035
27,20,12,14,21,2,2,3,6,2,0,1,0,0,0,0,1,13.574152,51.163025
27,21,4,2,15,6,3,0,1,0,0,1,0,0,0,0,0,13.562554,51.16503
27,21,4,25,15,1,3,0,1,0,0,1,0,0,0,0,0,13.569797,51.163587
27,21,5,24,22,2,2,3,6,2,0,1,0,0,0,0,1,13.587842,51.164079
27,21,7,30,13,6,3,2,6,0,0,1,1,0,0,0,0,13.596611,51.163014
27,21,7,31,13,7,2,2,6,0,0,1,0,0,0,0,1,13.572549,51.17157
27,21,8,4,15,4,3,3,2,0,0,1,1,0,0,0,0,13.558865,51.149687
27,21,8,25,10,4,3,5,3,0,0,1,1,0,0,0,0,13.562742,51.16268
27,21,9,1,8,4,3,3,6,0,0,1,1,0,0,0,0,13.593495,51.162986
27,21,9,4,23,7,3,4,6,2,0,1,1,0,0,0,0,13.563461,51.158794
27,21,9,21,15,3,2,0,7,0,0,1,0,0,0,0,0,13.567964,51.150273
27,21,9,27,15,2,3,3,6,0,0,1,1,0,0,0,0,13.569256,51.155178
27,21,12,8,7,4,3,1,5,0,0,1,1,0,0,0,0,13.56634,51.152953
27,22,1,25,11,3,2,2,6,0,1,1,1,0,0,0,0,13.568128,51.162245
27,22,4,26,14,3,3,8,7,0,0,1,0,0,0,0,0,13.567264,51.175135
27,22,5,4,11,4,3,1,5,0,0,1,1,0,0,0,0,13.577397,51.163604
27,22,5,20,7,6,3,1,5,0,0,1,1,0,0,0,0,13.568874,51.161832
27,22,6,27,7,2,2,6,4,0,0,1,0,1,0,0,0,13.582276,51.164755
27,22,8,17,22,4,3,7,7,2,0,1,0,0,0,0,0,13.59182,51.15433
27,22,8,21,18,1,2,0,1,0,0,1,0,0,0,0,0,13.563197,51.16036
27,22,8,30,11,3,3,0,1,0,0,1,0,0,0,0,0,13.563645,51.157724
27,22,9,2,11,6,3,3,6,0,0,1,0,0,1,0,0,13.56765,51.161544
27,22,9,13,9,3,3,0,1,0,1,1,0,0,0,0,0,13.56501,51.162478
27,22,9,26,15,2,3,5,3,0,0,1,1,0,0,0,0,13.568204,51.156622
27,23,2,1,5,4,3,0,1,2,1,1,0,0,0,0,0,13.596535,51.163015
27,23,2,15,7,4,2,0,1,1,2,1,0,0,0,0,0,13.581575,51.163578
27,23,2,15,9,4,2,0,1,0,2,1,0,0,0,0,0,13.570091,51.153729
27,23,6,8,18,5,3,0,1,0,0,1,0,0,0,0,0,13.567107,51.151763
27,23,6,21,17,4,3,5,3,0,0,1,1,0,0,0,0,13.568993,51.162483
27,23,7,13,13,5,3,0,1,0,0,1,0,0,0,0,0,13.570626,51.144463
27,23,9,11,15,2,3,1,3,0,0,1,1,0,0,0,0,13.571612,51.166758
27,23,9,28,19,5,2,0,7,0,0,1,0,0,0,0,0,13.567848,51.150512
27,23,12,27,9,4,3,0,1,0,2,1,0,0,0,0,0,13.56969,51.168613
27,24,3,1,23,6,3,8,7,2,1,1,0,0,0,0,0,13.562012,51.151802
27,24,3,4,17,2,2,8,1,0,0,1,0,0,0,0,0,13.582108,51.166389
27,24,3,11,12,2,3,0,7,0,0,1,0,0,0,0,0,13.569685,51.146157
27,24,3,31,15,1,3,0,7,0,0,1,0,0,0,0,0,13.577351,51.16861
27,24,4,11,22,5,2,5,3,2,0,1,1,0,0,0,0,13.567597,51.150992
27,24,5,16,15,5,3,0,7,0,0,1,0,0,0,0,0,13.567963,51.150275
27,24,5,29,12,4,3,0,7,0,0,1,0,0,0,0,0,13.570678,51.14437
27,24,5,30,10,5,3,0,1,0,0,1,0,0,0,0,0,13.569309,51.16257
27,24,6,22,17,7,3,0,7,0,0,1,1,0,0,0,0,13.560831,51.149999
27,24,7,22,17,2,3,2,7,0,0,1,0,0,0,0,1,13.596891,51.16295
27,24,8,24,22,7,3,0,7,2,0,1,0,0,0,0,0,13.563191,51.160401
27,24,9,19,13,5,3,1,7,0,0,1,0,0,0,0,1,13.564384,51.150543
27,24,10,25,15,6,3,0,1,0,0,1,0,0,0,0,0,13.60564,51.169227
27,24,12,23,12,2,2,5,3,0,0,1,1,0,0,0,0,13.563434,51.158512
27,25,1,27,11,2,2,8,2,0,0,1,1,0,0,0,0,13.56537,51.161838
27,25,1,28,11,3,3,5,3,0,1,1,1,0,0,0,0,13.563606,51.157956
27,25,4,14,15,2,3,6,6,0,0,1,0,1,0,0,0,13.572594,51.15161
27,25,4,15,14,3,3,0,1,0,0,1,0,0,0,0,0,13.557995,51.16728
27,25,5,21,15,4,3,0,6,0,0,1,1,0,0,0,0,13.57386,51.158039
27,25,6,6,13,6,3,5,1,0,0,1,1,0,0,0,0,13.558685,51.166034
27,25,6,21,23,7,2,0,1,2,0,1,0,0,0,0,0,13.568182,51.149783
27,25,6,28,16,7,3,5,3,0,0,1,1,0,0,0,0,13.596886,51.163009
27,25,7,23,6,4,2,5,3,0,0,1,1,0,0,0,0,13.570323,51.145009
27,25,9,21,11,1,3,2,7,0,0,1,0,0,0,0,0,13.596513,51.159411