UKREIS,UJAHR,UMONAT,UTAG,USTUNDE,UWOCHENTAG,UKATEGORIE,UART,UTYP,LICHT,USTRZUSTAND,IstRad,IstPKW,IstFuss,IstKrad,IstGkfz,IstSonstige,@lon,@lat
27,25,11,11,11,3,3,0,1,0,0,1,0,0,0,0,0,13.566314,51.152994
27,25,11,28,8,6,3,0,1,0,0,1,1,0,0,0,0,13.571774,51.165749
27,16,9,6,5,3,2,5,3,2,0,1,1,0,0,0,0,13.400821,51.36623
27,17,3,26,16,1,3,1,5,0,0,1,1,0,0,0,0,13.401463,51.368863
27,18,12,6,18,5,3,5,3,1,1,1,1,0,0,0,0,13.39288,51.369083
27,16,2,5,6,6,3,5,3,2,1,1,1,0,0,0,0,13.347621,51.329919
27,16,5,3,14,3,3,4,2,0,0,1,1,0,0,0,0,13.318237,51.321434
27,16,7,1,20,6,3,9,6,0,0,1,0,0,0,0,0,13.296773,51.311441
27,16,7,2,17,7,3,0,7,0,0,1,0,0,0,0,0,13.295794,51.342165
27,16,9,2,14,6,2,5,3,0,0,1,1,0,0,0,0,13.36035,51.328522
27,16,9,2,23,6,3,9,1,2,0,1,0,0,0,0,0,13.318922,51.324884
27,17,8,28,15,2,2,1,7,0,0,1,0,0,0,0,1,13.244082,51.354185
27,17,9,20,7,4,3,5,3,0,0,1,1,0,0,0,0,13.324074,51.328559
27,17,10,28,20,7,1,5,3,2,1,1,0,0,0,0,1,13.323506,51.3273
27,18,3,5,13,2,3,1,1,0,1,1,1,0,0,0,0,13.300646,51.323031
27,18,5,2,7,4,3,7,7,0,0,1,0,0,0,0,0,13.307889,51.309313
27,18,7,2,7,2,2,5,2,0,0,1,1,0,0,0,0,13.347217,51.340248
27,19,5,1,15,4,2,5,3,0,1,1,1,0,0,0,0,13.322405,51.318343
27,19,6,5,18,4,3,0,7,0,0,1,0,0,0,0,0,13.344866,51.310806
27,19,8,2,14,6,2,0,7,0,0,1,0,0,0,0,0,13.355037,51.314165
27,19,8,3,18,7,3,7,7,0,0,1,0,1,0,0,0,13.342097,51.329011
27,19,9,2,6,2,3,4,6,2,1,1,0,0,0,0,0,13.297697,51.31212
27,19,9,6,21,6,2,9,1,2,0,1,0,0,0,0,0,13.336175,51.334712
27,19,9,7,15,7,2,0,7,0,0,1,0,0,0,0,0,13.297409,51.326361
27,19,10,1,18,3,2,6,4,0,0,1,0,1,0,0,0,13.286215,51.344958
27,20,5,1,18,6,2,0,7,0,0,1,0,0,0,0,0,13.255316,51.375327
27,20,8,30,0,1,2,2,6,2,0,1,0,0,0,0,0,13.296131,51.31103
27,20,9,27,15,1,3,5,3,0,0,1,1,0,0,0,0,13.339479,51.311735
27,21,5,13,19,5,3,0,1,0,1,1,0,0,0,0,0,13.241489,51.356891
27,21,7,15,14,5,3,7,7,0,0,1,0,0,0,0,0,13.311507,51.318294
27,21,9,26,9,1,3,0,1,0,0,1,0,0,0,0,0,13.317515,51.321845
27,21,12,16,10,5,2,0,1,0,1,1,0,0,0,0,0,13.308335,51.318279
27,22,4,28,7,5,2,5,3,0,0,1,1,0,0,0,0,13.321346,51.31879
27,22,5,26,16,5,3,1,5,0,0,1,1,0,0,0,0,13.320209,51.320865
27,22,6,27,18,2,3,0,1,0,0,1,0,0,0,0,0,13.2988,51.324755
27,22,7,9,15,7,3,0,7,0,0,1,0,0,0,0,0,13.318023,51.324129
27,22,7,13,18,4,3,8,7,0,0,1,0,0,0,0,0,13.338951,51.334892
27,22,7,19,13,3,3,5,3,0,0,1,1,0,0,0,0,13.360316,51.32852
27,23,3,17,13,6,3,1,7,0,0,1,1,0,0,0,0,13.297593,51.325909
27,23,5,3,15,4,3,0,1,0,0,1,0,0,0,0,0,13.358668,51.319812
27,23,6,9,18,6,2,5,2,0,0,1,0,0,0,0,1,13.349748,51.343334
27,23,6,14,17,4,3,7,7,0,0,1,0,1,0,0,0,13.278858,51.378776
27,23,6,22,18,5,3,3,6,0,0,1,1,0,0,0,0,13.304257,51.320405
27,23,7,11,17,3,2,0,1,0,0,1,0,0,0,0,0,13.306965,51.319215
27,23,8,13,15,1,2,0,7,0,0,1,0,0,0,0,0,13.336042,51.310054
27,23,9,29,11,6,2,0,1,0,0,1,0,0,0,0,0,13.307642,51.318156
27,23,10,13,17,6,2,0,1,0,0,1,0,0,0,0,0,13.246233,51.35038
27,24,6,8,22,7,3,2,1,2,0,1,0,0,0,0,0,13.318316,51.322262
27,24,7,16,23,3,2,5,3,2,0,1,0,0,0,0,1,13.322353,51.31834
27,24,7,19,18,6,3,0,1,0,0,1,0,0,0,0,0,13.373776,51.398365
27,24,11,23,10,7,3,1,7,0,0,1,1,0,0,0,0,13.341808,51.330494
27,24,12,11,6,4,3,5,3,2,1,1,1,0,0,0,0,13.339595,51.333337
27,25,6,20,7,6,3,5,3,0,0,1,0,0,1,0,0,13.302175,51.32187
27,25,8,7,18,5,3,7,7,0,0,1,0,0,0,0,0,13.31521,51.319267
27,25,8,31,18,1,3,0,1,0,0,1,0,0,0,0,0,13.317917,51.323257
27,25,9,25,7,5,3,0,1,0,0,1,0,0,0,0,0,13.259869,51.366453
27,25,10,11,4,7,3,6,6,2,1,1,0,1,0,0,0,13.353789,51.313735
27,25,10,30,13,5,3,5,2,0,0,1,1,0,0,0,0,13.308335,51.318279
27,25,12,12,12,6,3,5,3,0,0,1,1,0,0,0,0,13.318291,51.321423
28,16,3,3,17,5,2,8,1,0,1,1,0,0,0,0,0,13.695239,50.729096
28,16,8,4,15,5,2,5,3,0,0,1,1,0,0,0,0,13.761081,50.763324
28,16,8,6,22,7,3,0,1,2,0,1,0,0,0,0,0,13.75564,50.749914
28,18,5,4,12,6,3,5,3,0,0,1,1,0,0,0,0,13.711129,50.797007
28,18,5,5,10,7,3,5,3,0,0,1,1,0,0,0,0,13.764738,50.758794
28,18,6,2,15,7,2,8,1,0,0,1,0,0,0,0,0,13.668109,50.794433
28,19,9,6,10,6,3,5,3,0,0,1,0,0,0,0,1,13.787001,50.763838
28,21,5,16,17,1,3,5,2,0,0,1,1,0,0,0,0,13.685845,50.795001
28,21,6,21,21,2,2,0,7,1,0,1,0,0,0,0,0,13.808911,50.800694
28,21,8,10,11,3,3,8,1,0,0,1,0,0,0,0,0,13.701694,50.774895
28,21,9,4,16,7,2,8,1,0,0,1,0,0,0,0,0,13.745279,50.798438
28,21,9,9,17,5,2,5,2,0,0,1,0,0,1,0,0,13.869293,50.790695
28,22,5,15,11,1,3,5,3,0,0,1,1,0,0,0,0,13.803536,50.806378
28,22,5,19,16,5,2,8,1,0,0,1,0,0,0,0,0,13.871081,50.774038
28,22,6,3,18,6,3,3,6,0,0,1,0,0,0,0,0,13.787085,50.813682
28,22,10,9,17,1,3,0,1,0,1,1,0,0,0,0,0,13.706384,50.742901
28,23,5,13,11,7,3,7,7,0,0,1,0,0,0,0,1,13.842203,50.774913
28,23,7,2,16,1,3,5,2,0,0,1,1,0,0,0,0,13.688063,50.720179
28,23,7,11,8,3,2,3,2,0,0,1,1,0,0,0,0,13.869779,50.790835
28,23,8,16,15,4,3,0,1,0,1,1,0,0,0,0,0,13.712702,50.762816
28,23,9,5,18,3,2,3,6,0,0,1,0,0,0,0,0,13.677624,50.809071
28,23,9,24,4,1,2,8,1,2,0,1,0,0,0,0,0,13.778193,50.764224
28,24,6,8,12,7,2,4,6,0,0,1,1,0,0,0,0,13.842217,50.774913
28,24,7,8,19,2,3,8,1,0,0,1,0,0,0,0,0,13.733349,50.815589
28,24,7,21,11,1,3,2,6,0,0,1,0,0,0,0,0,13.734421,50.769592
28,24,8,23,11,6,3,5,3,0,0,1,0,0,0,0,1,13.754235,50.765536
28,24,9,4,12,4,2,2,6,0,0,1,1,0,0,0,0,13.754725,50.765119
28,25,6,3,18,3,3,8,6,0,0,1,0,0,0,0,0,13.712367,50.749933
28,25,6,14,13,7,3,0,1,0,0,1,0,0,0,0,0,13.786938,50.813315
28,25,7,25,9,6,3,5,2,0,0,1,1,0,0,0,0,13.765375,50.736524
28,25,8,16,14,7,2,0,1,0,0,1,0,0,0,0,0,13.708064,50.725088
28,25,9,7,20,1,3,0,1,2,0,1,0,0,0,0,0,13.762892,50.762739
28,16,8,2,16,3,3,0,1,0,0,1,0,0,0,0,0,13.954331,50.87223
28,16,12,6,7,3,3,8,1,1,0,1,0,0,0,0,0,13.944711,50.838052
28,17,5,25,11,5,2,4,6,0,0,1,0,0,1,0,0,13.936024,50.875475
28,17,9,26,22,3,3,8,1,2,1,1,0,0,0,0,0,13.944477,50.862009
28,18,10,6,0,7,3,8,1,2,0,1,0,0,0,0,0,13.952718,50.887796
28,19,3,1,14,6,3,2,6,0,0,1,1,0,0,0,0,14.009507,50.899289
28,19,5,6,20,2,2,0,1,2,0,1,0,0,0,0,0,14.025108,50.881051
28,19,8,7,14,4,3,5,3,0,0,1,1,0,0,0,0,13.955313,50.882544
28,19,9,5,7,5,3,0,1,0,0,1,0,0,0,0,0,13.936823,50.848481
28,19,9,7,23,7,2,8,1,2,0,1,0,0,0,0,0,13.983112,50.836168
28,20,6,1,17,2,3,0,1,0,0,1,0,0,0,0,0,13.948489,50.876117
28,20,6,27,12,7,2,0,1,0,0,1,0,0,0,0,0,13.952855,50.879238
28,20,9,8,7,3,2,0,1,0,0,1,0,0,0,0,0,13.992745,50.899225
28,21,12,18,14,7,3,4,1,0,0,1,1,0,0,0,0,13.936246,50.875514
28,22,1,12,6,4,2,5,3,2,0,1,1,0,0,0,0,13.94523,50.872666
28,23,5,8,12,2,3,0,2,0,0,1,1,0,0,0,0,13.989415,50.888639
28,23,6,29,18,5,2,0,1,0,0,1,0,0,0,0,0,13.995076,50.860527
28,23,7,6,14,5,3,0,1,0,0,1,0,0,0,0,0,13.9458,50.872664
28,23,10,3,13,3,2,0,1,0,0,1,0,0,0,0,0,13.931803,50.809388
28,23,10,5,7,5,3,0,7,0,0,1,0,0,0,0,0,13.942671,50.851342
28,24,5,10,10,6,2,0,6,0,0,1,0,0,0,1,0,13.951979,50.878656
28,24,7,2,12,3,3,0,7,0,0,1,0,0,0,0,0,13.991998,50.890526
28,24,9,7,18,7,2,0,7,0,0,1,0,0,0,0,0,14.013226,50.865282
28,25,3,15,12,7,2,0,1,0,0,1,0,0,0,0,0,13.965362,50.836657
28,25,4,30,18,4,3,0,7,0,0,1,0,1,0,0,0,13.949111,50.8705
28,25,5,1,16,5,3,7,7,0,0,1,0,0,0,0,0,14.007044,50.889179
28,25,7,29,14,3,3,8,1,0,0,1,0,0,0,0,0,13.94522,50.833012
28,25,8,27,15,4,3,8,7,0,0,1,0,0,0,0,0,13.944461,50.836352
28,25,9,18,16,5,2,1,5,0,0,1,1,0,0,0,0,13.946231,50.858196
28,25,9,18,20,5,3,9,1,2,0,1,0,0,0,0,0,13.966207,50.83337
28,16,5,4,16,4,3,5,3,0,0,1,1,0,0,0,0,14.136715,50.922958
28,16,8,4,13,5,3,3,6,0,0,1,1,0,0,0,0,14.113564,50.930818
28,16,9,3,23,7,2,0,1,2,0,1,0,0,0,0,0,14.146745,50.919662
28,16,10,3,14,2,2,6,6,0,0,1,0,1,0,0,0,14.111791,50.931979
28,16,11,6,21,1,3,0,1,2,0,1,0,0,0,0,0,14.142738,50.921438
28,17,4,13,14,5,3,0,1,0,0,1,0,0,0,0,0,14.139241,50.922265
28,17,6,5,11,2,3,2,6,0,0,1,1,0,0,0,0,14.171748,50.913524
28,17,7,30,11,1,3,0,1,0,0,1,0,0,0,0,0,14.162709,50.925359
28,17,8,16,13,4,3,0,1,0,1,1,0,0,0,0,0,14.137781,50.922678
28,17,8,23,16,4,3,5,3,0,0,1,1,0,0,0,0,14.141797,50.92157
28,17,8,25,9,6,3,5,3,0,0,1,1,0,0,0,0,14.168593,50.911177
28,17,8,28,17,2,3,3,6,0,0,1,1,0,0,0,0,14.167978,50.930365
28,17,8,31,17,5,3,0,1,0,1,1,0,0,0,0,0,14.163716,50.925727
28,18,5,6,11,1,3,3,1,0,0,1,0,0,1,0,0,14.165583,50.925914
28,18,5,6,14,1,3,0,1,0,0,1,0,0,0,0,0,14.187779,50.910167
28,18,6,2,15,7,3,0,1,0,0,1,0,0,0,0,0,14.163622,50.925706
28,18,7,4,11,4,3,0,1,0,0,1,0,0,0,0,0,14.175412,50.924819
28,18,8,3,15,6,3,8,1,0,0,1,0,0,0,0,0,14.18776,50.927732
28,18,8,6,10,2,3,5,3,0,0,1,1,0,0,0,0,14.13673,50.922948
28,18,9,5,10,4,2,8,1,0,0,1,0,0,0,0,0,14.15872,50.927967
28,18,10,5,10,6,2,0,1,0,0,1,0,0,0,0,0,14.180632,50.925129
28,19,4,6,7,7,3,5,3,0,0,1,1,0,0,0,0,14.152621,50.917797
28,19,5,3,13,6,2,0,1,0,0,1,0,0,0,0,0,14.165307,50.925864
28,19,7,1,10,2,3,0,7,0,0,1,0,0,0,0,0,14.186156,50.911654
28,20,4,22,15,4,3,8,1,0,0,1,0,0,0,0,0,14.169094,50.911995
28,20,4,27,10,2,2,5,2,0,0,1,0,0,0,0,1,14.17754,50.925449
28,20,6,3,14,4,3,0,1,0,0,1,0,0,0,0,0,14.136652,50.920211
28,20,7,10,17,6,3,5,3,0,0,1,1,0,0,0,0,14.149916,50.919771
28,20,7,13,18,2,3,0,7,0,0,1,0,0,0,0,0,14.135663,50.92195
28,20,7,21,15,3,3,0,1,0,0,1,0,0,0,0,0,14.163787,50.925742
28,20,8,7,14,6,3,0,7,0,0,1,1,0,0,0,0,14.15308,50.917663
28,20,8,16,16,1,2,0,1,0,0,1,0,0,0,0,0,14.163682,50.925719
28,20,9,17,17,5,2,0,1,0,0,1,0,0,0,0,1,14.166553,50.926093
28,20,10,24,12,7,3,3,3,0,0,1,1,0,0,0,0,14.175868,50.92513
28,21,8,3,20,3,3,0,1,1,1,1,0,0,0,0,0,14.161853,50.924658
28,21,8,7,13,7,3,4,6,0,0,1,0,0,0,0,0,14.174638,50.912828
28,21,8,8,9,1,3,8,1,0,0,1,0,0,0,0,0,14.139375,50.919592
28,21,10,3,11,1,3,0,7,0,0,1,0,0,0,0,0,14.181029,50.925176
28,22,7,2,12,7,2,6,6,0,0,1,0,1,0,0,0,14.135247,50.920804
28,22,8,21,15,1,2,0,7,0,0,1,0,0,0,0,0,14.173304,50.913113
28,22,10,17,11,2,2,0,1,0,0,1,0,0,0,0,0,14.189099,50.929088
28,23,1,11,8,4,3,0,7,0,0,1,0,0,0,0,0,14.228417,50.890278
28,23,5,21,16,1,3,2,6,0,0,1,1,0,0,0,0,14.138258,50.920003
28,23,6,3,14,7,2,0,1,0,0,1,0,0,0,0,0,14.128998,50.922245
28,23,6,8,10,5,2,0,1,0,0,1,0,0,0,0,0,14.225869,50.892727
28,23,6,12,11,2,2,6,6,0,0,1,0,1,0,0,0,14.138105,50.922637
28,23,6,25,14,1,3,4,6,0,0,1,0,0,0,0,0,14.206072,50.903433
28,23,7,6,12,5,3,0,1,0,0,1,0,0,0,0,0,14.173592,50.910828
28,23,7,15,9,7,3,0,1,0,0,1,0,0,0,0,0,14.139498,50.919545
28,23,7,21,16,6,3,0,4,0,0,1,0,1,0,0,0,14.137779,50.922678
28,23,7,23,12,1,3,0,7,0,0,1,0,0,0,0,0,14.173302,50.913113
28,23,8,30,14,4,3,0,7,0,0,1,0,0,0,0,0,14.128586,50.941103
28,23,8,31,14,5,2,0,1,0,1,1,0,0,0,0,0,14.165919,50.925983
28,23,9,4,16,2,3,0,1,0,0,1,0,0,0,0,0,14.176125,50.925288
28,23,9,27,11,4,2,0,1,0,0,1,0,0,0,0,0,14.166332,50.926066
28,23,9,28,15,5,3,7,7,0,0,1,0,0,0,0,0,14.147296,50.918582
28,23,10,13,18,6,2,0,7,2,0,1,0,0,0,0,0,14.176433,50.925386
28,23,11,3,10,6,3,0,1,0,1,1,0,0,0,0,0,14.164825,50.925807
28,24,4,8,17,2,3,0,1,0,1,1,0,0,0,0,0,14.158614,50.922074
28,24,4,28,14,1,2,8,1,0,0,1,0,0,0,0,0,14.125376,50.941926
28,24,6,30,14,1,3,8,1,0,0,1,0,0,0,0,0,14.219314,50.925537
28,24,7,3,13,4,3,0,1,0,0,1,0,0,0,0,0,14.177889,50.92541
28,24,7,25,14,5,2,0,1,0,0,1,0,0,0,0,0,14.173132,50.922127
28,24,8,19,12,2,3,0,1,0,0,1,0,0,0,0,0,14.150008,50.917613
28,24,8,22,10,5,3,0,1,0,0,1,0,0,0,0,0,14.139435,50.91957
28,24,8,27,10,3,3,0,1,0,0,1,0,0,0,0,0,14.165334,50.925875
28,24,8,31,14,7,3,0,1,0,0,1,0,0,0,0,0,14.165794,50.925955
28,24,9,7,16,7,2,0,1,0,0,1,0,0,0,0,0,14.166505,50.914447
28,24,9,27,14,6,3,6,6,0,0,1,0,1,0,0,0,14.244695,50.920538
28,24,11,1,14,6,3,0,7,0,0,1,0,0,0,0,0,14.165674,50.925927
28,25,4,13,17,1,2,0,1,0,0,1,0,0,0,0,0,14.18801,50.922074
28,25,4,28,14,2,2,0,1,0,0,1,0,0,0,0,0,14.165311,50.911906
28,25,5,2,14,6,3,0,1,0,0,1,0,0,0,0,0,14.165989,50.925999
28,25,5,23,13,6,3,8,7,0,0,1,0,0,0,0,0,14.165002,50.911974
28,25,6,17,12,3,3,0,7,0,0,1,0,0,0,0,0,14.13085,50.939809
28,25,7,22,11,3,2,0,1,0,1,1,0,0,0,0,0,14.167744,50.926054
28,25,8,7,12,5,3,5,3,0,0,1,1,0,0,0,0,14.1368,50.922896
28,25,8,8,16,6,2,0,1,0,0,1,0,0,0,0,0,14.165245,50.925863
28,25,9,1,14,2,3,0,7,0,0,1,0,0,0,0,0,14.098887,50.95609
28,25,9,10,11,4,2,0,1,0,0,1,0,0,0,0,0,14.171039,50.922993
28,25,11,19,18,4,3,0,1,2,0,1,0,0,0,0,0,14.152042,50.916965
28,18,6,1,18,6,3,9,1,0,1,1,0,0,0,0,0,13.915778,50.878841
28,19,11,7,7,5,2,8,1,1,2,1,0,0,0,0,0,13.913922,50.898443
28,19,12,4,13,4,3,7,7,0,0,1,0,0,0,0,0,13.906825,50.88928
28,20,7,3,19,6,3,2,6,0,0,1,0,0,0,0,0,13.87809,50.861543
28,24,9,6,19,6,2,8,1,2,0,1,0,0,0,0,0,13.895821,50.880412
28,25,5,8,17,5,2,0,1,0,0,1,0,0,0,0,0,13.91087,50.879377
28,16,8,5,18,6,3,4,6,0,0,1,1,0,0,0,0,13.719024,50.979883
28,16,9,1,16,5,3,4,6,0,0,1,1,0,0,0,0,13.749927,50.987381
28,16,11,2,17,4,2,1,5,2,2,1,1,0,0,0,0,13.714752,50.992703
28,16,12,5,14,2,3,5,2,0,0,1,1,0,0,0,0,13.717562,50.993528
28,17,7,12,12,4,3,5,3,0,0,1,1,0,0,0,0,13.72448,50.961431
28,17,7,20,14,5,3,8,1,0,0,1,0,0,0,0,0,13.727663,50.994414
28,17,7,21,12,6,3,0,1,0,0,1,0,0,0,0,0,13.726796,50.994284
28,17,11,5,21,1,2,8,1,2,1,1,0,0,0,0,0,13.703484,50.961157
28,17,11,14,6,3,3,5,3,2,0,1,1,0,0,0,0,13.718875,50.966453
28,17,11,25,21,7,3,5,3,2,1,1,1,0,0,0,0,13.715096,50.975551
28,18,1,6,17,7,2,8,1,2,1,1,0,0,0,0,0,13.712808,51.002672
28,18,5,6,13,1,3,0,1,0,0,1,0,0,0,0,0,13.70606,50.984499
28,18,6,7,18,5,3,9,1,0,1,1,0,0,0,0,0,13.718796,50.966476
28,18,7,1,11,1,3,9,1,0,0,1,0,0,0,0,0,13.703427,50.979653
28,18,9,1,12,7,3,2,6,0,0,1,1,0,0,0,0,13.718127,50.998838
28,19,1,7,14,2,2,9,1,0,0,1,0,0,0,0,0,13.71456,51.000331
28,19,6,2,19,1,2,0,1,0,0,1,0,0,0,0,0,13.716039,50.993075
28,19,8,7,16,4,2,0,1,0,0,1,1,0,0,0,0,13.720939,50.976156
28,19,12,6,22,6,2,0,1,2,1,1,0,0,0,0,0,13.726207,50.975848
28,20,3,13,13,6,3,5,3,0,0,1,1,0,0,0,0,13.705671,50.97767
28,20,4,17,15,6,2,9,1,0,0,1,0,0,0,0,0,13.730954,51.003579
28,20,6,18,6,5,3,0,3,0,0,1,1,0,0,0,0,13.730515,50.981005
28,20,6,27,17,7,3,0,1,0,1,1,0,0,0,0,0,13.723966,50.999298
28,20,7,22,6,4,3,5,3,0,0,1,1,0,0,0,0,13.709665,50.969986
28,21,2,28,16,1,3,5,2,0,0,1,1,0,0,0,0,13.690478,50.985737
28,21,6,1,14,3,2,8,7,0,0,1,0,0,0,0,0,13.728389,50.972215
28,21,6,10,15,5,3,3,2,0,0,1,1,0,0,0,0,13.71757,50.993555
28,21,7,10,16,7,3,4,2,0,0,1,1,0,0,0,0,13.712373,50.968826
28,21,7,24,3,7,3,8,1,2,0,1,0,0,0,0,0,13.713816,50.984034
28,21,9,25,12,7,2,0,1,0,0,1,0,0,0,0,0,13.722374,50.972323
28,21,10,2,17,7,3,5,3,0,0,1,1,0,0,0,0,13.707716,50.989702
28,21,12,15,17,4,2,2,6,2,1,1,1,0,0,0,0,13.689841,50.985503
28,22,5,15,17,1,3,0,1,0,0,1,0,0,0,0,0,13.749152,50.977497
28,22,6,6,18,2,3,4,1,0,0,1,0,0,1,0,0,13.724986,50.99426
28,22,6,12,16,1,3,8,1,0,0,1,0,0,0,0,0,13.724165,50.994852
28,22,9,18,0,1,3,0,1,2,1,1,0,0,0,0,0,13.712229,50.969992
28,23,2,4,19,7,2,6,6,2,0,1,0,1,0,0,0,13.763572,50.99651
28,23,6,6,12,3,2,0,1,0,0,1,0,0,0,0,0,13.696957,50.959358
28,23,9,12,7,3,3,9,1,0,0,1,0,0,0,0,0,13.719577,50.968304
28,24,3,11,14,2,2,5,2,0,0,1,0,0,0,0,0,13.716184,50.979768
28,24,5,17,16,6,3,0,7,0,0,1,0,0,0,0,0,13.711766,50.993188
28,24,6,10,13,2,3,5,3,0,0,1,0,0,0,0,1,13.711919,50.970403
28,24,6,26,12,4,3,8,7,0,0,1,0,0,0,0,0,13.696231,50.972509
28,24,6,29,11,7,3,0,1,0,0,1,0,0,0,0,0,13.759411,50.986992
28,24,7,24,1,4,3,0,1,2,0,1,0,0,0,0,0,13.731418,51.003287
28,24,8,11,7,1,3,0,7,0,0,1,0,0,0,0,0,13.713051,50.981651
28,24,8,28,7,4,3,5,2,0,0,1,1,0,0,0,0,13.717546,50.993491
28,24,9,22,19,1,3,8,1,0,0,1,0,0,0,0,0,13.710697,50.970882
28,25,3,22,10,7,3,7,7,0,0,1,0,1,0,0,0,13.750091,50.987409
28,25,3,30,17,1,3,0,1,0,0,1,0,0,0,0,0,13.730443,51.0087
28,25,3,31,8,2,3,1,5,0,1,1,1,0,0,0,0,13.729629,50.980943
28,25,5,6,14,3,3,2,6,0,0,1,0,0,0,0,0,13.714389,50.994277
28,25,6,6,13,6,3,8,1,0,0,1,0,0,0,0,0,13.755562,50.984582
28,25,7,6,1,1,3,9,1,2,0,1,0,0,0,0,0,13.708218,51.002016
28,25,7,15,13,3,2,0,1,0,0,1,0,0,0,0,0,13.712255,50.969917
28,25,8,10,16,1,2,8,7,0,0,1,0,0,0,0,0,13.741383,50.984644
28,25,8,19,18,3,3,2,2,0,0,1,1,0,0,0,0,13.709308,50.970471
28,25,10,26,14,1,3,0,1,0,1,1,0,0,0,0,0,13.759187,50.986705
28,16,1,7,18,5,3,3,7,2,0,1,0,0,0,0,0,13.686196,50.829498
28,16,4,1,16,6,3,5,3,0,0,1,0,0,0,0,0,13.669836,50.898707
28,16,5,3,10,3,2,3,6,0,0,1,1,0,0,0,0,13.667608,50.864047
28,16,6,2,15,5,3,6,7,0,1,1,0,1,0,0,0,13.679724,50.834202
28,16,7,1,16,6,3,5,3,0,0,1,1,0,0,0,0,13.676031,50.881605
28,16,7,3,14,1,3,8,1,0,1,1,0,0,0,0,0,13.651048,50.844831
28,16,8,3,14,4,2,0,1,0,0,1,0,0,0,0,0,13.677258,50.879775
28,16,9,3,17,7,2,5,3,0,0,1,1,0,0,0,0,13.683496,50.831446
28,17,2,3,12,6,3,6,6,0,1,1,0,1,0,0,0,13.669141,50.898437
28,17,2,14,17,3,2,0,7,1,1,1,0,0,0,0,0,13.677259,50.879772
28,17,3,23,15,5,2,3,7,0,0,1,1,0,0,0,0,13.677555,50.895873
28,17,3,31,10,6,2,0,1,0,0,1,0,0,0,0,0,13.677256,50.879784
28,17,4,8,11,7,2,0,1,0,0,1,0,0,0,0,0,13.677253,50.879794
28,17,5,14,14,1,3,0,1,0,1,1,0,0,0,0,0,13.677254,50.879789
28,17,5,31,19,4,2,8,1,0,0,1,0,0,0,0,0,13.687737,50.845172
28,17,6,26,13,2,2,9,1,0,0,1,0,0,0,0,0,13.68743,50.889533
28,17,7,8,23,7,2,0,7,2,0,1,0,0,0,0,0,13.673065,50.904771
28,17,9,22,10,6,3,5,3,0,0,1,0,0,1,0,0,13.666873,50.899435
28,17,10,19,16,5,2,8,7,0,0,1,0,0,0,0,0,13.642703,50.795908
28,17,11,27,12,2,2,8,1,0,0,1,0,0,0,0,0,13.674084,50.834241
28,18,3,3,18,7,3,4,2,1,0,1,1,0,0,0,0,13.69016,50.826164
28,18,4,2,16,2,3,0,7,0,0,1,0,0,0,0,0,13.641669,50.915399
28,18,4,3,16,3,2,3,6,0,0,1,1,0,0,0,0,13.668202,50.884245
28,18,5,2,8,4,3,8,6,0,0,1,1,0,0,0,0,13.668916,50.884803
28,18,5,3,11,5,3,5,3,0,0,1,1,0,0,0,0,13.668631,50.901369
28,18,6,1,14,6,3,9,1,0,1,1,0,0,0,0,0,13.655175,50.862509
28,18,6,5,18,3,3,2,6,0,0,1,0,0,0,0,0,13.672759,50.904304
28,18,6,7,17,5,3,0,1,0,0,1,0,0,0,0,0,13.679188,50.836666
28,18,7,2,18,2,1,5,3,0,0,1,1,0,0,0,0,13.676777,50.910397
28,18,7,6,22,6,3,6,6,2,0,1,0,1,0,0,0,13.648588,50.919353
28,18,7,7,14,7,2,0,1,0,0,1,0,0,0,0,0,13.657012,50.922592
28,18,9,7,12,6,3,5,3,0,1,1,1,0,0,0,0,13.673265,50.905996
28,18,10,2,13,3,3,5,3,0,0,1,1,0,0,0,0,13.664835,50.899891
28,18,10,6,14,7,2,4,1,0,0,1,1,0,0,0,0,13.675673,50.835792
28,18,10,6,15,7,3,0,2,0,0,1,1,0,0,0,0,13.671187,50.895503
28,19,2,5,15,3,3,0,7,0,1,1,0,0,0,0,0,13.663085,50.895276
28,19,4,3,13,4,2,0,1,0,0,1,0,0,0,0,0,13.666025,50.901252
28,19,4,6,1,7,2,0,6,2,0,1,1,0,0,0,0,13.658414,50.910115
28,19,5,4,22,7,2,0,1,2,0,1,0,0,0,0,0,13.639874,50.88241
28,19,7,5,12,6,2,0,1,0,0,1,0,0,0,0,0,13.676816,50.878255
28,19,7,6,12,7,3,0,1,0,0,1,0,0,0,0,0,13.677254,50.879788
28,19,8,2,12,6,3,0,1,0,0,1,0,0,0,0,0,13.676804,50.878244
28,19,10,7,15,2,3,3,6,0,0,1,0,0,0,0,1,13.673647,50.839519
28,20,3,2,8,2,3,0,1,0,1,1,0,0,0,0,0,13.667861,50.844126
28,20,3,14,14,7,3,3,6,0,0,1,1,0,0,0,0,13.674364,50.895895
28,20,3,14,21,7,2,0,1,2,0,1,0,0,0,0,0,13.667257,50.895011
28,20,4,18,10,7,3,6,6,0,0,1,0,1,0,0,0,13.671895,50.899329
28,20,4,28,12,3,2,0,1,0,0,1,0,0,0,0,0,13.658593,50.923713
28,20,7,13,13,2,3,0,7,0,0,1,0,0,0,0,0,13.639154,50.886478