UKREIS,UJAHR,UMONAT,UTAG,USTUNDE,UWOCHENTAG,UKATEGORIE,UART,UTYP,LICHT,USTRZUSTAND,IstRad,IstPKW,IstFuss,IstKrad,IstGkfz,IstSonstige,@lon,@lat
28,20,7,28,16,3,2,0,1,0,0,1,0,0,0,0,0,13.676379,50.877912
28,20,8,31,15,2,3,0,1,0,1,1,0,0,0,0,0,13.664222,50.901129
28,20,9,12,17,7,2,8,1,0,0,1,0,0,0,0,0,13.677289,50.879004
28,20,9,25,17,6,3,0,3,0,0,1,1,0,0,0,0,13.664784,50.899875
28,20,10,3,15,7,2,8,1,0,0,1,0,0,0,0,0,13.677252,50.879795
28,20,12,19,12,7,3,2,6,0,1,1,0,0,0,0,0,13.711809,50.922259
28,21,4,27,15,3,3,5,3,0,0,1,1,0,0,0,0,13.667044,50.863779
28,21,5,15,13,7,3,0,1,0,1,1,0,0,0,0,0,13.677255,50.879785
28,21,5,30,13,1,3,0,1,0,0,1,0,0,0,0,0,13.677256,50.879783
28,21,6,2,14,4,3,1,5,0,0,1,0,0,0,0,1,13.675194,50.8959
28,21,6,6,18,1,3,0,7,0,0,1,0,0,0,0,0,13.647751,50.937796
28,21,6,18,19,6,3,0,1,0,0,1,0,0,0,0,0,13.674941,50.835666
28,21,6,20,14,1,3,0,1,0,0,1,0,0,0,0,0,13.677262,50.879761
28,21,6,29,15,3,3,3,6,0,0,1,1,0,0,0,0,13.677331,50.87918
28,21,8,9,19,2,3,0,1,0,0,1,0,0,0,0,0,13.68506,50.830299
28,21,8,16,14,2,3,0,1,0,0,1,0,0,0,0,0,13.664833,50.886673
28,21,9,20,19,2,3,0,1,2,0,1,0,0,0,0,0,13.673638,50.905929
28,22,5,10,10,3,3,5,3,0,0,1,1,0,0,0,0,13.666406,50.849259
28,22,6,12,17,1,2,1,1,0,0,1,0,0,1,0,0,13.653342,50.927088
28,22,8,31,18,4,2,0,1,0,0,1,0,0,0,0,0,13.666275,50.899596
28,22,10,11,8,3,3,0,1,0,1,1,0,0,0,0,0,13.673348,50.90611
28,23,4,22,14,7,3,0,1,0,0,1,0,0,0,0,0,13.673256,50.835491
28,23,5,9,17,3,2,0,1,0,0,1,0,0,0,0,0,13.644215,50.881358
28,23,6,16,16,6,2,0,1,0,1,1,0,0,0,0,0,13.677252,50.878884
28,23,7,18,13,3,3,0,1,0,0,1,0,0,0,0,0,13.694119,50.897774
28,23,8,23,21,4,3,0,1,2,0,1,0,0,0,0,0,13.66755,50.898192
28,23,9,20,8,4,3,8,1,0,0,1,0,0,0,0,0,13.624008,50.912253
28,23,10,3,16,3,3,0,1,0,0,1,0,0,0,0,0,13.665883,50.844319
28,23,10,13,14,6,2,7,1,0,0,1,0,0,0,0,0,13.673082,50.872119
28,23,10,23,13,2,2,5,3,0,0,1,0,0,0,0,1,13.656421,50.840821
28,24,1,6,20,7,3,0,7,2,0,1,0,0,0,0,0,13.7111,50.821655
28,24,3,25,14,2,3,5,3,0,0,1,1,0,0,0,0,13.66399,50.863457
28,24,4,19,13,6,3,5,3,0,1,1,1,0,0,0,0,13.669844,50.895815
28,24,5,2,13,5,2,8,1,0,0,1,0,0,0,0,0,13.710428,50.886528
28,24,6,7,16,6,2,5,3,0,0,1,1,0,0,0,0,13.635902,50.841184
28,24,6,10,16,2,3,5,3,0,0,1,1,0,0,0,0,13.677235,50.879855
28,24,8,2,21,6,2,3,2,2,0,1,1,0,0,0,0,13.669164,50.901944
28,24,8,21,16,4,3,0,1,0,0,1,0,0,0,0,0,13.671366,50.901887
28,24,9,3,12,3,3,5,3,0,0,1,0,0,0,0,0,13.664436,50.897987
28,25,2,13,15,5,2,0,1,0,1,1,0,0,0,0,0,13.668762,50.884679
28,25,3,11,7,3,3,5,3,0,0,1,1,0,0,0,0,13.669096,50.893338
28,25,5,24,9,7,3,0,1,0,0,1,0,0,0,0,0,13.668115,50.894732
28,25,6,24,19,3,2,8,1,0,0,1,0,0,0,0,0,13.674946,50.838475
28,25,6,27,13,6,3,1,5,0,1,1,1,0,0,0,0,13.676576,50.89589
28,25,7,20,1,1,3,9,1,2,0,1,0,0,0,0,0,13.675323,50.876614
28,25,8,31,18,1,3,0,7,1,0,1,0,0,0,0,0,13.665255,50.845009
28,25,9,9,7,3,3,5,3,0,0,1,1,0,0,0,0,13.67188,50.886608
28,25,10,2,17,5,3,5,3,0,0,1,1,0,0,0,0,13.67567,50.876972
28,25,10,19,16,1,2,5,3,0,0,1,1,0,0,0,0,13.61721,50.828761
28,25,11,26,14,4,3,4,6,0,2,1,0,0,0,0,1,13.616968,50.822458
28,25,12,26,4,6,3,0,1,2,2,1,0,0,0,0,0,13.677254,50.878888
28,18,4,5,15,5,3,0,1,0,0,1,0,0,0,0,0,13.980406,50.905626
28,19,5,4,5,7,3,8,1,0,1,1,0,0,0,0,0,13.945666,50.899604
28,20,11,1,12,1,3,0,1,0,1,1,0,0,0,0,0,13.947014,50.894237
28,22,10,12,12,4,2,3,6,0,0,1,1,0,0,0,0,13.945243,50.912159
28,23,5,6,0,7,3,8,1,2,1,1,0,0,0,0,0,13.963301,50.903038
28,23,10,29,13,1,3,5,3,0,0,1,1,0,0,0,0,13.946141,50.930343
28,25,3,7,10,6,2,5,3,0,0,1,1,0,0,0,0,13.945391,50.932229
28,25,9,2,18,3,3,0,1,1,1,1,0,0,0,0,0,13.989337,50.895215
28,16,7,7,18,5,1,5,2,0,1,1,1,0,0,0,0,13.857008,50.970618
28,16,8,1,12,2,3,6,2,0,0,1,0,1,0,0,0,13.85538,50.959546
28,16,9,2,9,6,3,5,2,0,0,1,1,0,0,0,0,13.869703,50.966295
28,17,5,15,13,2,3,4,2,0,0,1,1,0,0,0,0,13.866865,50.963742
28,17,6,5,14,2,3,5,3,0,0,1,1,0,0,0,0,13.858344,50.972574
28,17,8,17,5,5,3,5,3,2,0,1,0,0,0,0,1,13.857543,50.971907
28,17,9,20,15,4,3,5,3,0,1,1,1,0,0,0,0,13.865161,50.965846
28,17,9,20,15,4,2,6,6,0,0,1,0,1,0,0,0,13.865161,50.966605
28,17,10,21,15,7,3,2,6,0,0,1,1,0,0,0,0,13.778416,50.960013
28,18,4,2,15,2,3,5,3,0,1,1,1,0,0,0,0,13.863459,50.945048
28,18,5,6,10,1,3,5,3,0,0,1,0,0,0,0,1,13.858978,50.948746
28,18,5,7,17,2,3,0,1,0,0,1,0,0,0,0,0,13.835084,50.950663
28,18,7,4,11,4,3,1,1,0,0,1,1,0,0,0,0,13.851151,50.953774
28,18,9,1,13,7,2,9,1,0,0,1,0,0,0,0,0,13.853959,50.958823
28,18,10,3,12,4,3,5,2,0,0,1,1,0,0,0,0,13.856999,50.970596
28,18,12,3,6,2,2,0,1,2,1,1,0,0,0,0,0,13.868347,50.964761
28,19,3,2,16,7,3,3,6,0,0,1,1,0,0,0,0,13.863466,50.941556
28,19,4,6,13,7,3,5,2,0,0,1,1,0,0,0,0,13.863092,50.951684
28,19,10,2,14,4,3,5,3,0,0,1,1,0,0,0,0,13.856454,50.969259
28,19,10,4,13,6,2,0,7,0,0,1,0,0,0,0,0,13.889596,50.946551
28,19,10,5,16,7,3,3,6,0,0,1,0,0,0,0,0,13.777798,50.961315
28,19,11,4,18,2,3,0,1,1,1,1,0,0,0,0,0,13.866268,50.963252
28,19,11,5,5,3,2,4,6,1,0,1,0,0,0,0,0,13.856227,50.968693
28,19,12,4,15,4,3,5,3,0,1,1,0,0,0,0,0,13.865378,50.960831
28,19,12,7,18,7,2,0,1,2,1,1,0,0,0,0,0,13.873267,50.9398
28,20,7,31,6,6,2,5,3,0,0,1,0,0,0,0,0,13.865162,50.965832
28,20,12,13,11,1,2,5,3,0,0,1,1,0,0,0,0,13.85752,50.971866
28,21,3,3,18,4,3,5,2,1,0,1,1,0,0,0,0,13.863519,50.945047
28,21,3,4,11,5,3,3,2,0,0,1,1,0,0,0,0,13.856795,50.970098
28,21,3,18,6,5,3,5,3,0,0,1,1,0,0,0,0,13.827053,50.967051
28,21,3,21,20,1,3,7,7,2,0,1,0,1,0,0,0,13.856796,50.9701
28,22,1,4,8,3,3,0,1,1,1,1,0,0,0,0,0,13.868731,50.947084
28,22,3,24,9,5,3,5,3,0,0,1,1,0,0,0,0,13.86769,50.96439
28,22,9,22,18,5,3,5,3,1,0,1,1,0,0,0,0,13.855907,50.964074
28,22,10,16,20,1,2,0,1,2,1,1,0,0,0,0,0,13.873487,50.944413
28,23,3,19,16,1,3,0,1,0,0,1,0,0,0,0,0,13.85594,50.963954
28,23,5,5,20,6,3,0,7,2,0,1,0,0,0,0,0,13.862477,50.952787
28,23,5,6,10,7,2,0,1,0,1,1,0,0,0,0,0,13.853933,50.958828
28,23,7,8,11,7,3,1,5,0,0,1,1,0,0,0,0,13.869396,50.966
28,23,7,30,12,1,2,8,1,0,0,1,0,0,0,0,0,13.855564,50.950868
28,24,3,17,14,1,3,5,3,0,0,1,1,0,0,0,0,13.855324,50.966451
28,24,5,1,0,4,1,9,1,2,0,1,0,0,0,0,0,13.854143,50.958822
28,24,5,25,19,7,3,0,7,0,1,1,0,0,0,0,0,13.874751,50.944557
28,24,6,19,7,4,3,0,1,0,1,1,0,0,0,0,0,13.858326,50.956899
28,24,7,16,22,3,2,0,1,2,0,1,0,0,0,0,0,13.803577,50.970808
28,24,8,30,12,6,3,5,3,0,0,1,1,0,0,0,0,13.868332,50.964756
28,24,11,15,13,6,3,1,5,0,0,1,1,0,0,0,0,13.855426,50.965612
28,25,1,10,10,6,2,0,1,0,1,1,0,0,0,0,0,13.854834,50.971358
28,25,1,28,8,3,3,5,7,0,0,1,1,0,0,0,0,13.855383,50.966633
28,25,3,16,16,1,3,0,1,0,0,1,0,0,0,0,0,13.812975,50.943794
28,25,5,1,12,5,3,0,1,0,0,1,0,0,0,0,0,13.863266,50.951411
28,25,6,23,10,2,2,0,1,0,0,1,0,0,0,0,0,13.855484,50.965424
28,25,6,30,15,2,3,0,1,0,0,1,0,0,0,0,0,13.867863,50.964525
28,25,7,20,21,1,3,0,7,1,0,1,0,0,0,0,0,13.864107,50.944732
28,25,8,23,3,7,2,9,6,2,0,1,0,0,0,0,0,13.85581,50.964384
28,25,11,8,11,7,3,5,7,0,0,1,1,0,0,0,0,13.879212,50.930222
28,16,3,4,15,6,2,0,1,0,0,1,0,0,0,0,0,13.557404,50.92255
28,17,10,3,17,3,3,6,4,0,0,1,0,1,0,0,0,13.566249,50.933361
28,20,10,15,15,5,3,5,3,0,1,1,1,0,0,0,0,13.564894,50.9325
28,21,4,29,17,5,2,0,1,0,0,1,0,0,0,0,0,13.556101,50.93064
28,21,8,25,16,4,2,8,1,0,0,1,0,0,0,0,0,13.555146,50.94684
28,22,4,23,18,7,1,0,1,0,0,1,0,0,0,0,0,13.551453,50.949804
28,24,8,12,10,2,3,8,7,0,0,1,0,0,0,0,0,13.542762,50.928753
28,16,5,7,16,7,2,5,3,0,0,1,0,0,0,0,1,14.00461,51.026582
28,16,9,3,7,7,3,7,7,0,0,1,0,0,0,0,0,14.003482,51.028639
28,16,10,1,11,7,3,8,5,0,0,1,0,0,0,0,1,14.00359,51.027721
28,17,5,14,11,1,3,0,1,0,0,1,0,0,0,0,0,13.955006,51.019353
28,18,1,5,16,6,3,5,3,0,0,1,1,0,0,0,0,14.02742,51.011685
28,18,6,5,19,3,2,0,7,0,0,1,0,0,0,0,0,14.002302,51.027938
28,19,5,7,17,3,3,5,3,0,1,1,1,0,0,0,0,13.991382,51.035443
28,19,6,7,7,6,3,5,2,0,0,1,1,0,0,0,0,13.99191,51.035398
28,20,4,6,18,2,2,8,1,0,0,1,0,0,0,0,0,13.991099,51.035445
28,20,4,17,8,6,3,0,1,0,0,1,0,0,0,0,0,13.953789,51.015503
28,21,3,9,16,3,2,0,7,0,0,1,0,0,0,0,0,13.989051,51.036078
28,21,11,23,12,3,3,5,3,0,0,1,1,0,0,0,0,14.004141,51.027159
28,22,9,24,21,7,2,0,7,2,0,1,0,0,0,0,0,13.990816,51.035454
28,23,1,10,11,3,3,5,3,0,1,1,1,0,0,0,0,13.996229,51.03146
28,23,4,10,11,2,2,0,1,0,0,1,0,0,0,0,0,13.960826,51.015868
28,23,5,25,15,5,3,0,1,0,0,1,0,0,0,0,0,14.048747,51.018191
28,23,5,27,13,7,3,2,2,0,0,1,1,0,0,0,0,13.955007,51.019354
28,23,8,6,1,1,3,0,6,2,1,1,1,0,0,0,0,13.988357,51.037783
28,23,10,1,19,1,3,8,1,2,0,1,0,0,0,0,0,13.999677,51.053259
28,24,6,9,9,1,3,5,3,0,0,1,1,0,0,0,0,13.988761,51.024173
28,24,6,14,17,6,2,5,3,0,0,1,1,0,0,0,0,14.015879,51.060124
28,16,2,2,16,3,3,5,3,0,0,1,1,0,0,0,0,13.626629,50.978646
28,16,2,4,15,5,3,5,3,0,0,1,1,0,0,0,0,13.667636,51.002183
28,16,4,5,18,3,2,5,2,0,0,1,0,0,0,0,1,13.654075,51.003066
28,16,4,6,9,4,3,8,6,0,0,1,0,0,0,1,0,13.633874,50.98413
28,16,5,1,12,1,2,9,1,0,0,1,0,0,0,0,0,13.65374,50.992051
28,16,5,5,6,5,3,5,2,0,0,1,0,0,0,0,1,13.654835,51.010485
28,16,5,5,17,5,3,5,3,0,1,1,1,0,0,0,0,13.64915,50.993178
28,16,5,6,7,6,3,5,3,0,0,1,1,0,0,0,0,13.662047,50.990655
28,16,6,1,16,4,3,2,6,0,0,1,1,0,0,0,0,13.600774,51.021803
28,16,6,4,21,7,3,0,1,1,0,1,0,0,0,0,0,13.66039,51.00602
28,16,6,6,8,2,3,5,3,0,0,1,1,0,0,0,0,13.6476,51.004497
28,16,6,6,9,2,3,0,3,0,0,1,1,0,0,0,0,13.659285,51.008912
28,16,6,7,16,3,3,5,3,0,0,1,1,0,0,0,0,13.643087,50.993176
28,16,7,2,12,7,3,2,2,0,1,1,1,0,0,0,0,13.685323,51.002593
28,16,7,3,16,1,3,0,1,0,1,1,0,0,0,0,0,13.638092,51.018736
28,16,8,2,15,3,3,6,4,0,0,1,0,1,0,0,0,13.643696,50.990678
28,16,8,4,6,5,2,1,1,0,0,1,1,0,0,0,0,13.668642,51.001442
28,16,8,5,14,6,2,4,1,0,0,1,0,0,0,1,0,13.6744,51.006022
28,16,9,1,18,5,2,8,1,0,0,1,0,0,0,0,0,13.617321,51.025434
28,16,9,3,10,7,3,5,3,0,0,1,1,0,0,0,0,13.650763,51.000996
28,16,9,4,19,1,3,5,2,2,1,1,1,0,0,0,0,13.65752,51.00688
28,16,9,5,9,2,3,3,2,0,0,1,1,0,0,0,0,13.645679,51.014282
28,16,9,5,16,2,3,5,3,0,0,1,1,0,0,0,0,13.642134,51.015538
28,16,10,3,16,2,3,5,2,0,1,1,1,0,0,0,0,13.641086,50.989357
28,16,10,4,16,3,3,8,1,0,0,1,0,0,0,0,0,13.643565,50.995467
28,16,11,2,17,4,2,5,2,2,2,1,1,0,0,0,0,13.640548,51.016569
28,16,12,5,15,2,3,5,3,0,0,1,1,0,0,0,0,13.68023,51.002755
28,17,2,16,16,5,3,0,1,0,1,1,0,0,0,0,0,13.647948,51.000019
28,17,3,12,17,1,3,5,3,0,0,1,1,0,0,0,0,13.638015,51.018759
28,17,3,14,16,3,3,1,5,0,0,1,1,0,0,0,0,13.658823,51.007104
28,17,3,29,13,4,3,5,3,0,0,1,1,0,0,0,0,13.644962,51.014603
28,17,5,26,12,6,3,6,7,0,0,1,0,1,0,0,0,13.620641,50.981936
28,17,6,11,15,1,2,3,6,0,0,1,0,0,0,0,0,13.620521,50.981918
28,17,6,15,19,5,3,0,1,0,0,1,0,0,0,0,0,13.657139,51.011779
28,17,6,17,18,7,3,5,3,0,0,1,1,0,0,0,0,13.640634,51.01128
28,17,6,19,7,2,2,5,3,0,0,1,1,0,0,0,0,13.662056,51.01165
28,17,6,28,18,4,2,5,3,0,0,1,1,0,0,0,0,13.649026,50.997745
28,17,7,3,15,2,2,1,5,0,0,1,1,0,0,0,0,13.665676,51.014769
28,17,7,19,10,4,3,0,1,0,0,1,0,0,0,0,0,13.683295,51.003066
28,17,8,1,16,3,3,5,3,0,0,1,1,0,0,0,0,13.641799,50.98983
28,17,8,2,16,4,3,8,1,0,0,1,0,0,0,0,0,13.629136,50.971208
28,17,8,9,12,4,2,5,3,0,0,1,1,0,0,0,0,13.660397,51.006018
28,17,8,31,16,5,2,0,7,0,1,1,0,0,0,0,0,13.664745,51.00406
28,17,9,4,19,2,3,0,1,0,0,1,0,0,0,0,0,13.649717,51.028785
28,17,9,30,9,7,2,0,7,0,0,1,0,0,0,0,0,13.638405,51.01923
28,17,10,1,7,1,3,0,7,1,0,1,0,0,0,0,0,13.648959,50.997994
28,17,10,2,14,2,3,0,1,0,0,1,0,0,0,0,0,13.662676,51.015028
28,17,10,21,15,7,3,5,2,0,0,1,1,0,0,0,0,13.604154,50.983377
28,17,10,22,16,1,2,3,6,0,0,1,1,0,0,0,0,13.626307,50.982007
28,17,11,6,7,2,3,2,7,1,1,1,1,0,0,0,0,13.642993,51.015234
28,18,1,2,7,3,3,5,3,2,1,1,1,0,0,0,0,13.656718,51.016084
28,18,2,1,15,5,3,1,5,0,0,1,1,0,0,0,0,13.667499,51.014014
28,18,3,5,0,2,3,9,1,2,0,1,0,0,0,0,0,13.661292,51.013902
28,18,3,6,15,3,3,0,1,0,0,1,0,0,0,0,0,13.667383,51.015201
28,18,4,1,13,1,2,0,1,0,0,1,0,0,0,0,0,13.642816,51.015056
28,18,4,3,16,3,3,5,2,0,0,1,1,0,0,0,0,13.662477,51.015118
28,18,4,4,19,4,2,0,1,0,0,1,0,0,0,0,0,13.64484,51.008149
28,18,5,3,7,5,3,2,6,0,0,1,0,0,0,0,0,13.60641,50.983357
28,18,5,4,18,6,2,0,7,1,0,1,0,0,0,0,0,13.608732,50.998487
28,18,5,5,19,7,3,8,1,0,0,1,0,0,0,0,0,13.646967,51.004125
28,18,5,6,7,1,2,0,1,0,0,1,0,0,0,0,0,13.645935,50.9949
28,18,5,7,6,2,2,5,3,0,0,1,1,0,0,0,0,13.646394,50.995665
28,18,6,4,19,2,3,5,3,0,0,1,1,0,0,0,0,13.654412,51.029498
28,18,7,2,16,2,3,5,3,0,0,1,1,0,0,0,0,13.656499,51.016051
28,18,9,1,6,7,3,0,6,0,0,1,0,0,0,0,1,13.650154,50.999645
28,18,9,5,20,4,3,0,1,2,0,1,0,0,0,0,0,13.650299,51.000134
28,18,10,4,21,5,3,0,7,2,0,1,0,0,0,0,0,13.644284,50.994303
28,18,11,1,12,5,3,4,1,0,0,1,1,0,0,0,0,13.645117,51.007654
28,18,12,4,16,3,2,8,1,2,1,1,0,0,0,0,0,13.66921,51.015939
28,19,1,7,10,2,3,3,1,0,1,1,1,0,0,0,0,13.654397,51.011202
28,19,3,6,6,4,3,0,1,0,2,1,0,0,0,0,0,13.642534,51.014726
28,19,3,7,15,5,3,2,5,0,0,1,1,0,0,0,0,13.639284,50.988397
28,19,4,3,14,4,2,3,2,0,0,1,0,0,0,0,1,13.632042,50.982436
28,19,5,4,5,7,3,0,7,0,0,1,0,0,0,0,0,13.649449,50.998624
28,19,6,7,18,6,3,5,3,0,0,1,1,0,0,0,0,13.652652,51.028633
28,19,7,2,13,3,3,3,6,0,0,1,0,0,1,0,0,13.62158,50.982087
28,19,7,3,6,4,3,0,7,0,0,1,0,0,0,0,0,13.657505,51.006864
28,19,7,5,13,6,2,0,1,0,1,1,1,0,0,0,0,13.63292,51.026752
28,19,7,5,18,6,2,9,1,0,0,1,0,0,0,0,0,13.649812,51.026049
28,19,7,6,18,7,3,9,1,0,0,1,1,0,0,0,0,13.642565,51.008386
28,19,8,1,8,5,3,8,1,0,0,1,0,0,0,0,0,13.646987,51.004102
28,19,8,6,20,3,3,8,1,2,1,1,0,0,0,0,0,13.663651,51.0045
28,19,8,7,16,4,3,5,2,0,0,1,1,0,0,0,0,13.657586,51.00695
28,19,9,3,12,3,3,5,2,0,0,1,1,0,0,0,0,13.647953,51.000017
28,19,9,4,10,4,3,3,6,0,1,1,0,0,1,0,0,13.655268,50.993514
28,19,9,4,19,4,3,1,1,1,0,1,1,0,0,0,0,13.655636,51.004858
28,19,9,6,7,6,3,5,3,0,1,1,1,0,0,0,0,13.649142,51.006647
28,19,10,4,5,6,3,5,3,2,0,1,0,0,0,0,1,13.654846,51.010475
28,19,10,4,16,6,3,5,3,0,0,1,1,0,0,0,0,13.66197,51.013119
28,19,10,7,6,2,3,5,2,2,0,1,1,0,0,0,0,13.668994,51.015859
28,19,11,2,9,7,3,5,3,0,1,1,1,0,0,0,0,13.652514,50.99594
28,19,11,5,8,3,3,5,3,0,0,1,1,0,0,0,0,13.650981,51.001221
28,19,11,7,11,5,3,5,2,0,0,1,1,0,0,0,0,13.644436,50.996351
28,20,1,20,10,2,3,0,1,0,1,1,0,0,0,0,0,13.65107,51.001285
28,20,1,21,14,3,3,5,2,0,0,1,1,0,0,0,0,13.629521,51.026201
28,20,1,27,9,2,3,0,1,0,2,1,0,0,0,0,0,13.65946,51.011705
28,20,5,7,17,5,3,0,1,0,0,1,0,0,0,0,0,13.683306,51.003063
28,20,5,12,10,3,3,1,5,0,0,1,1,0,0,0,0,13.647407,50.996831
28,20,5,15,13,6,3,0,7,0,0,1,0,0,0,0,0,13.654846,51.010475
28,20,5,28,17,5,3,2,6,0,0,1,1,0,0,0,0,13.643343,50.991957
28,20,6,4,12,5,3,5,3,0,0,1,1,0,0,0,0,13.651826,51.001767
28,20,6,6,15,7,3,5,2,0,0,1,1,0,0,0,0,13.685927,51.002983
28,20,6,23,16,3,3,5,3,0,0,1,1,0,0,0,0,13.639528,51.019662
28,20,6,26,16,6,3,0,1,0,0,1,0,0,0,0,0,13.63586,51.017381
28,20,6,26,17,6,3,0,7,0,0,1,1,0,0,0,0,13.647311,51.007211
28,20,6,26,18,6,3,0,1,0,0,1,0,0,0,0,0,13.656352,51.010485
28,20,7,1,19,4,3,5,2,0,0,1,1,0,0,0,0,13.620756,51.023756
28,20,7,3,15,6,3,5,3,0,0,1,1,0,0,0,0,13.64726,51.003937
28,20,7,11,0,7,3,4,1,2,0,1,1,0,0,0,0,13.620825,51.013403
28,20,7,19,10,1,3,0,1,0,0,1,0,0,0,0,0,13.604612,50.971436
28,20,7,21,17,3,3,5,3,0,0,1,1,0,0,0,0,13.652093,51.027665
28,20,7,23,10,5,3,0,1,0,0,1,0,0,0,0,0,13.634989,50.984622
28,20,7,27,16,2,3,0,2,0,0,1,1,0,0,0,0,13.663728,51.013576
28,20,7,29,8,4,3,5,2,0,0,1,1,0,0,0,0,13.659708,51.008017
28,20,8,11,16,3,3,5,3,0,0,1,1,0,0,0,0,13.685292,51.002575
28,20,8,21,7,6,3,0,6,0,0,1,0,0,0,0,1,13.620864,50.978209
28,20,9,11,6,6,3,0,1,0,0,1,0,0,0,0,0,13.634771,51.021405
28,20,9,16,15,4,2,5,3,0,0,1,1,0,0,0,0,13.657914,51.008999
28,20,9,20,12,1,2,5,2,0,0,1,1,0,0,0,0,13.643469,50.992261
28,20,9,30,6,4,3,5,3,1,0,1,1,0,0,0,0,13.637597,50.987067
28,20,10,18,4,1,3,0,7,2,1,1,0,0,0,0,1,13.628174,50.979845
28,20,11,21,13,7,3,0,1,0,0,1,0,0,0,0,0,13.648206,50.997414
28,20,11,30,18,2,3,0,1,2,1,1,0,0,0,0,0,13.653486,51.007992
28,20,12,1,6,3,3,6,4,2,1,1,0,1,0,0,0,13.652723,51.002223
28,20,12,10,6,5,3,0,1,2,2,1,0,0,0,0,0,13.649921,51.026229
28,21,2,22,9,2,2,0,1,0,2,1,0,0,0,0,0,13.645842,50.990377
28,21,3,6,11,7,3,5,2,0,0,1,1,0,0,0,0,13.657212,51.032636
28,21,4,1,10,5,3,2,2,0,0,1,0,0,0,1,0,13.6397,51.018163
28,21,4,11,14,1,3,5,3,0,0,1,1,0,0,0,0,13.658741,51.008679
28,21,4,24,15,7,2,0,7,0,0,1,0,0,0,0,0,13.639273,51.016439
28,21,5,26,11,4,2,5,3,0,0,1,1,0,0,0,0,13.652113,51.02767
28,21,5,27,14,5,3,0,7,0,0,1,0,0,0,0,0,13.651832,50.996058
28,21,6,14,15,2,3,8,1,0,0,1,0,0,0,0,0,13.670972,51.013767
28,21,6,17,21,5,3,5,2,1,0,1,1,0,0,0,0,13.690162,50.995051
28,21,6,27,19,1,3,5,3,0,0,1,1,0,0,0,0,13.656065,50.994056
28,21,7,3,11,7,3,5,3,0,0,1,1,0,0,0,0,13.65011,50.999506
28,21,7,28,17,4,3,0,1,0,0,1,0,0,0,0,0,13.660432,51.009503
28,21,7,30,21,6,3,0,1,2,0,1,0,0,0,0,0,13.659861,51.009193
28,21,8,2,15,2,3,5,2,0,0,1,1,0,0,0,0,13.6467,50.998662
28,21,8,24,15,3,3,8,7,0,0,1,0,0,0,0,0,13.673342,51.013198
28,21,8,30,16,2,3,9,7,0,0,1,0,0,0,0,0,13.654917,51.027634
28,21,9,8,18,4,2,9,7,0,0,1,0,0,0,0,0,13.656907,50.990881
28,21,9,9,19,5,3,5,2,1,0,1,1,0,0,0,0,13.653678,51.022915
28,21,9,24,8,6,3,5,3,0,0,1,1,0,0,0,0,13.654452,51.009161
28,21,9,27,16,2,3,5,3,0,0,1,1,0,0,0,0,13.626016,50.978433
28,21,10,3,14,1,3,0,7,0,0,1,0,0,0,0,0,13.655485,51.004681
28,21,10,7,17,5,3,5,3,0,0,1,0,0,0,0,0,13.628106,51.022591
28,21,10,11,18,2,2,0,7,0,0,1,0,0,0,0,0,13.636286,51.01916
28,21,10,16,10,7,3,0,1,0,0,1,0,0,0,0,0,13.654298,51.009743
28,21,10,29,19,6,3,8,1,2,0,1,0,0,0,0,0,13.657349,51.000193
28,21,12,9,8,5,3,8,6,0,0,1,1,0,0,0,0,13.649901,51.006749
28,21,12,9,9,5,3,0,3,0,1,1,1,0,0,0,0,13.629895,50.980444
28,22,3,19,10,7,3,4,6,0,0,1,1,0,0,0,0,13.657368,51.006748
28,22,3,22,15,3,3,5,3,0,0,1,1,0,0,0,0,13.634982,51.014977
28,22,3,25,17,6,3,5,3,0,0,1,1,0,0,0,0,13.650815,50.999335
28,22,4,4,17,2,3,0,1,0,0,1,0,0,0,0,0,13.64963,50.998856
28,22,4,11,14,2,3,6,4,0,0,1,0,1,0,0,0,13.643136,50.99146
28,22,4,23,13,7,3,0,7,0,0,1,0,0,0,0,0,13.620645,51.023804
28,22,5,13,0,6,3,8,1,2,0,1,0,0,0,0,0,13.664582,51.004089
28,22,5,14,9,7,3,3,6,0,0,1,1,0,0,0,0,13.622469,50.982069
28,22,5,26,11,5,3,5,3,0,0,1,1,0,0,0,0,13.661742,51.010461
28,22,6,1,9,4,3,5,3,0,0,1,1,0,0,0,0,13.654065,51.003057
28,22,6,3,14,6,2,5,3,0,0,1,0,0,0,0,1,13.645135,51.006948
28,22,6,17,6,6,3,3,6,0,0,1,1,0,0,0,0,13.648916,50.997939
28,22,6,23,9,5,2,0,6,0,0,1,1,0,0,0,0,13.633053,51.019369
28,22,7,1,9,6,3,5,3,0,0,1,1,0,0,0,0,13.647236,51.003977
28,22,7,1,17,6,3,5,3,0,1,1,1,0,0,0,0,13.646312,50.996379
28,22,8,3,19,4,3,2,6,0,0,1,0,0,0,0,0,13.655863,50.993199
28,22,8,23,8,3,2,5,7,0,1,1,1,0,0,0,0,13.643874,51.005685
28,22,8,24,16,4,2,1,5,0,0,1,1,0,0,0,0,13.660255,51.016013
28,22,8,25,6,5,3,5,3,0,0,1,1,0,0,0,0,13.671316,51.013693
28,22,9,17,17,7,3,0,1,0,0,1,0,0,0,0,0,13.651303,51.002643
28,22,10,5,9,4,3,0,7,0,0,1,0,0,0,0,0,13.690982,50.991925