UKREIS,UJAHR,UMONAT,UTAG,USTUNDE,UWOCHENTAG,UKATEGORIE,UART,UTYP,LICHT,USTRZUSTAND,IstRad,IstPKW,IstFuss,IstKrad,IstGkfz,IstSonstige,@lon,@lat
28,22,10,6,15,5,3,5,3,0,0,1,1,0,0,0,0,13.66804,51.015474
28,22,10,10,14,2,3,5,3,0,0,1,1,0,0,0,0,13.654067,51.003059
28,22,10,22,12,7,3,5,3,0,1,1,1,0,0,0,0,13.662482,51.01512
28,22,10,31,11,2,3,0,1,0,0,1,0,0,0,0,0,13.682104,51.00343
28,22,11,8,6,3,2,0,1,1,1,1,0,0,0,0,0,13.656244,51.010467
28,23,1,3,12,3,3,0,1,0,0,1,0,0,0,0,0,13.651039,51.002731
28,23,1,11,17,4,3,5,2,2,1,1,1,0,0,0,0,13.629929,50.980648
28,23,2,4,10,7,3,5,3,0,1,1,1,0,0,0,0,13.621802,50.982105
28,23,2,19,18,1,3,1,5,2,0,1,1,0,0,0,0,13.65364,51.002747
28,23,3,13,13,2,3,0,1,0,0,1,0,0,0,0,0,13.64258,51.014817
28,23,3,30,6,5,3,5,3,1,0,1,1,0,0,0,0,13.646312,50.99637
28,23,4,22,16,7,3,2,6,0,0,1,1,0,0,0,0,13.613771,51.022048
28,23,4,28,6,6,3,5,3,0,0,1,1,0,0,0,0,13.67139,51.013648
28,23,5,1,9,2,3,0,1,0,0,1,0,0,0,0,0,13.622844,51.023783
28,23,5,12,6,6,3,5,3,0,0,1,1,0,0,0,0,13.647235,51.003977
28,23,5,16,6,3,2,5,2,0,0,1,1,0,0,0,0,13.685281,51.002569
28,23,5,26,12,6,3,1,1,0,0,1,1,0,0,0,0,13.66168,51.010341
28,23,6,3,15,7,3,0,1,0,0,1,0,0,0,0,0,13.621449,50.980156
28,23,6,6,6,3,3,0,1,0,1,1,0,0,0,0,0,13.670367,51.004991
28,23,6,10,17,7,2,0,2,0,0,1,0,0,0,0,0,13.653836,50.991999
28,23,6,10,20,7,2,4,1,1,0,1,1,0,0,0,0,13.665752,51.011852
28,23,6,13,18,3,3,5,2,0,0,1,1,0,0,0,0,13.643329,50.991925
28,23,6,20,14,3,3,1,5,0,0,1,1,0,0,0,0,13.660537,51.009558
28,23,6,26,19,2,3,5,3,0,0,1,1,0,0,0,0,13.629205,50.979292
28,23,7,6,15,5,3,6,6,0,0,1,0,1,0,0,0,13.662742,51.012855
28,23,7,24,2,2,3,0,1,2,0,1,0,0,0,0,0,13.64347,50.992281
28,23,7,25,19,3,2,0,1,0,1,1,0,0,0,0,0,13.682709,51.003205
28,23,9,4,15,2,3,5,3,0,0,1,1,0,0,0,0,13.644539,50.992404
28,23,9,4,15,2,3,2,2,0,0,1,1,0,0,0,0,13.657283,51.01618
28,23,9,9,14,7,3,0,1,0,0,1,0,0,0,0,0,13.654763,50.993835
28,23,9,20,16,4,3,6,6,0,0,1,0,1,0,0,0,13.625288,50.977386
28,23,10,17,13,3,2,1,5,0,0,1,0,0,0,0,1,13.656276,50.988592
28,23,10,19,9,5,3,5,3,0,1,1,1,0,0,0,0,13.660433,51.016011
28,23,12,20,13,4,3,5,5,0,0,1,1,0,0,0,0,13.663113,51.01142
28,24,1,8,11,2,3,1,1,0,0,1,1,0,0,0,0,13.64748,50.994476
28,24,2,17,22,7,2,0,2,2,0,1,1,0,0,0,0,13.655291,50.993415
28,24,2,27,7,3,3,0,1,0,1,1,0,0,0,0,0,13.677632,51.010259
28,24,3,18,17,2,3,3,6,0,0,1,0,0,1,0,0,13.642405,50.990331
28,24,3,20,7,4,3,5,3,0,0,1,1,0,0,0,0,13.669285,51.015972
28,24,4,23,15,3,3,3,6,0,0,1,1,0,0,0,0,13.64621,50.995365
28,24,4,28,12,1,3,5,3,0,0,1,1,0,0,0,0,13.604715,50.983394
28,24,4,29,15,2,2,0,7,0,0,1,0,0,0,0,0,13.654413,51.012496
28,24,5,14,21,3,3,0,7,2,0,1,0,0,0,0,0,13.686615,51.005942
28,24,5,17,18,6,3,0,7,0,0,1,0,0,0,0,0,13.663293,51.014736
28,24,5,19,22,1,3,4,6,2,0,1,0,0,0,0,0,13.653307,50.999027
28,24,5,22,7,4,3,0,5,0,0,1,0,0,0,1,0,13.663659,51.012116
28,24,5,27,12,2,3,0,7,0,1,1,0,0,0,0,0,13.659491,51.006279
28,24,6,3,15,2,2,0,7,0,0,1,0,0,0,0,0,13.653585,50.995331
28,24,6,9,16,1,3,0,7,0,0,1,0,0,0,0,0,13.659247,51.00635
28,24,6,30,18,1,3,0,1,0,1,1,0,0,0,0,0,13.650458,50.996565
28,24,7,16,7,3,2,0,1,0,1,1,0,0,0,0,0,13.652146,51.001924
28,24,7,21,11,1,3,0,7,0,0,1,0,0,0,0,0,13.626158,50.981981
28,24,7,22,14,2,1,0,1,0,0,1,0,0,0,0,0,13.62084,51.023729
28,24,7,23,13,3,3,5,2,0,0,1,1,0,0,0,0,13.652663,51.002189
28,24,8,8,18,5,3,0,7,0,0,1,0,0,0,0,0,13.631439,51.004585
28,24,8,11,11,1,3,5,3,0,0,1,1,0,0,0,0,13.669748,51.013223
28,24,8,12,15,2,3,5,3,0,0,1,0,0,0,0,0,13.626565,50.978695
28,24,8,18,12,1,3,9,7,0,0,1,0,0,0,0,0,13.653139,50.997125
28,24,8,24,20,7,3,0,7,2,0,1,0,0,0,0,0,13.638967,51.014773
28,24,9,8,15,1,3,4,2,0,0,1,1,0,0,0,0,13.642373,50.990302
28,24,9,10,17,3,3,0,7,0,0,1,0,0,0,0,0,13.6063,50.997846
28,24,10,20,15,1,2,4,6,0,0,1,0,0,1,0,0,13.63889,51.019605
28,24,10,24,6,5,3,0,7,1,0,1,0,0,0,0,0,13.647107,50.999086
28,24,11,15,14,6,3,5,2,0,0,1,1,0,0,0,0,13.652856,50.995863
28,24,11,21,21,5,3,0,7,2,1,1,0,0,0,0,0,13.645265,50.992589
28,24,12,2,8,2,3,0,1,0,2,1,0,0,0,0,0,13.636672,51.013612
28,24,12,23,12,2,3,5,3,0,0,1,1,0,0,0,0,13.642466,50.990411
28,24,12,31,21,3,3,0,1,2,2,1,0,0,0,0,0,13.659642,50.988504
28,25,2,4,14,3,3,5,3,0,0,1,1,0,0,0,0,13.64301,51.015228
28,25,3,25,9,3,2,0,3,0,0,1,1,0,0,0,0,13.669113,51.000611
28,25,3,26,16,4,3,5,3,0,0,1,1,0,0,0,0,13.644934,51.014521
28,25,4,25,19,6,2,0,1,0,0,1,0,0,0,0,0,13.66461,51.010503
28,25,5,1,12,5,3,0,1,0,0,1,0,0,0,0,0,13.631013,50.97383
28,25,5,1,17,5,3,5,3,0,0,1,0,0,0,0,0,13.64782,50.995102
28,25,5,2,8,6,3,5,2,0,0,1,1,0,0,0,0,13.621752,50.982102
28,25,5,7,20,4,3,0,1,1,0,1,0,0,0,0,0,13.632258,50.974309
28,25,5,21,13,4,3,5,3,0,0,1,1,0,0,0,0,13.645128,51.006947
28,25,5,21,16,4,3,5,3,0,0,1,1,0,0,0,0,13.662221,50.990591
28,25,6,12,15,5,3,5,3,0,0,1,0,0,0,0,0,13.639467,51.019347
28,25,6,13,11,6,3,5,3,0,0,1,1,0,0,0,0,13.646895,50.992793
28,25,6,14,17,7,3,8,1,0,0,1,0,0,0,0,0,13.64786,51.000059
28,25,6,14,19,7,3,0,1,1,0,1,0,0,0,0,0,13.637099,50.995166
28,25,6,22,3,1,2,8,1,1,0,1,0,0,0,0,0,13.663277,51.000849
28,25,6,22,19,1,3,0,2,1,0,1,1,0,0,0,0,13.642573,51.00562
28,25,6,26,13,5,3,3,6,0,0,1,1,0,0,0,0,13.657598,51.006966
28,25,7,9,12,4,3,0,1,0,0,1,0,0,0,0,0,13.632694,51.01925
28,25,7,11,8,6,3,5,3,0,0,1,1,0,0,0,0,13.654237,50.994158
28,25,7,20,8,1,3,5,3,0,0,1,1,0,0,0,0,13.631792,50.974853
28,25,7,23,19,4,3,5,2,0,0,1,1,0,0,0,0,13.685291,51.002575
28,25,7,27,17,1,3,3,3,0,0,1,1,0,0,0,0,13.64997,50.996298
28,25,8,11,18,2,3,5,3,1,0,1,1,0,0,0,0,13.661967,51.011077
28,25,9,2,17,3,2,0,1,0,0,1,0,0,0,0,0,13.622894,50.977768
28,25,9,3,6,4,2,5,3,0,1,1,1,0,0,0,0,13.666656,51.002685
28,25,9,11,9,5,2,0,3,0,0,1,1,0,0,0,0,13.680283,51.011005
28,25,9,14,22,1,2,9,1,2,0,1,0,0,0,0,0,13.637275,50.992722
28,25,9,15,13,2,3,0,1,0,0,1,0,0,0,0,0,13.64792,51.00502
28,25,9,17,8,4,2,2,2,0,0,1,1,0,0,0,0,13.62144,50.980115
28,25,10,30,12,5,3,0,1,0,1,1,0,0,0,0,0,13.646254,51.014186
28,25,11,8,9,7,2,0,1,0,2,1,0,0,0,0,0,13.615927,51.022116
28,25,11,14,9,6,3,0,1,0,0,1,0,0,0,0,0,13.646537,50.995887
28,25,11,30,11,1,3,0,1,0,0,1,0,0,0,0,0,13.690696,50.99186
28,25,12,12,6,6,3,5,3,2,1,1,1,0,0,0,0,13.654237,50.994158
28,16,10,2,13,1,3,6,6,0,0,1,0,1,0,0,0,13.76833,50.852078
28,17,6,11,0,1,2,5,3,2,0,1,0,0,0,0,1,13.81085,50.890892
28,17,8,19,16,7,3,5,3,0,0,1,0,0,0,0,0,13.814393,50.877012
28,18,4,6,14,6,3,8,7,0,0,1,0,0,0,0,0,13.812238,50.868987
28,19,3,5,16,3,3,5,3,0,1,1,1,0,0,0,0,13.754402,50.892552
28,19,4,6,14,7,2,8,1,0,0,1,0,0,0,0,0,13.802001,50.857587
28,19,7,5,15,6,3,5,3,0,0,1,1,0,0,0,0,13.775509,50.852761
28,20,3,21,16,7,3,3,7,0,0,1,1,0,0,0,0,13.78226,50.851802
28,20,6,11,18,5,3,0,1,0,0,1,0,0,0,0,0,13.811833,50.887133
28,20,6,17,11,4,2,5,3,0,0,1,1,0,0,0,0,13.761888,50.842774
28,20,10,13,1,3,2,0,1,2,1,1,0,0,0,0,0,13.694306,50.850092
28,20,11,17,8,3,3,5,3,0,0,1,0,0,0,1,0,13.810359,50.8929
28,21,8,13,14,6,3,4,1,0,0,1,1,0,0,0,0,13.755337,50.89292
28,22,3,11,15,6,2,5,3,0,0,1,0,0,0,1,0,13.719684,50.874026
28,22,3,16,12,4,3,8,1,0,0,1,0,0,0,0,0,13.761174,50.842472
28,22,4,17,22,1,3,0,1,2,0,1,0,0,0,0,0,13.811384,50.888867
28,23,5,8,15,2,3,0,1,0,0,1,0,0,0,0,0,13.745071,50.827149
28,23,6,10,18,7,2,5,2,0,0,1,1,0,0,0,0,13.766926,50.850893
28,23,6,10,18,7,2,5,3,0,0,1,1,0,0,0,0,13.779787,50.850841
28,24,2,3,13,7,2,8,1,0,1,1,0,0,0,0,0,13.755325,50.856667
28,24,4,17,17,4,3,5,3,0,0,1,1,0,0,0,0,13.772842,50.851949
28,24,5,4,12,7,3,0,1,0,0,1,0,0,0,0,0,13.750575,50.907487
28,24,6,24,10,2,3,5,3,0,0,1,1,0,0,0,0,13.812146,50.885873
28,24,7,24,7,4,3,8,1,0,1,1,0,0,0,0,0,13.771062,50.852261
28,25,5,24,11,7,2,8,1,0,0,1,0,0,0,0,0,13.755281,50.856639
28,25,7,11,9,6,3,2,6,0,0,1,1,0,0,0,0,13.811706,50.887597
28,25,7,16,9,4,3,2,2,0,0,1,1,0,0,0,0,13.806048,50.83406
28,25,8,24,13,1,3,8,1,0,0,1,0,0,0,0,0,13.75265,50.857042
28,25,9,21,12,1,3,0,1,0,0,1,0,0,0,0,0,13.779689,50.898336
28,17,8,8,6,3,2,0,7,0,0,1,0,0,0,0,0,14.122854,50.915348
28,20,6,20,6,7,2,0,1,0,1,1,0,0,0,0,0,14.100486,50.911326
28,21,8,14,17,7,3,4,2,0,0,1,1,0,0,0,0,14.109278,50.909304
28,23,3,17,15,6,2,8,1,0,0,1,0,0,0,0,0,14.121997,50.91292
28,24,9,8,14,1,3,0,1,0,0,1,0,0,0,0,0,14.137628,50.898223
28,24,9,8,14,1,3,0,1,0,0,1,0,0,0,0,0,14.137635,50.898216
28,25,4,23,12,4,3,8,1,0,0,1,0,0,0,0,0,14.117712,50.908159
28,25,9,16,9,3,2,0,1,0,1,1,0,0,0,0,0,14.119622,50.911127
28,17,5,14,16,1,3,8,1,0,0,1,0,0,0,0,0,13.576026,50.781081
28,19,4,3,17,4,3,1,5,0,0,1,1,0,0,0,0,13.576807,50.817191
28,16,2,4,9,5,3,0,1,0,0,1,0,0,0,0,0,13.894232,50.961495
28,16,3,1,11,3,3,3,3,0,1,1,1,0,0,0,0,13.861396,50.976162
28,16,3,7,14,2,3,5,3,0,0,1,1,0,0,0,0,13.883701,50.964009
28,16,4,2,17,7,3,8,1,0,0,1,0,0,0,0,0,13.846107,50.981478
28,16,4,4,8,2,3,5,3,0,0,1,1,0,0,0,0,13.86635,50.971499
28,16,5,2,9,2,3,5,2,0,0,1,1,0,0,0,0,13.860207,50.980117
28,16,5,4,7,4,3,5,3,0,0,1,0,0,0,0,1,13.85937,50.98476
28,16,5,6,17,6,3,1,1,0,1,1,1,0,0,0,0,13.870732,50.979464
28,16,6,1,6,4,3,4,2,0,0,1,1,0,0,0,0,13.860917,50.973127
28,16,8,2,7,3,3,5,3,0,0,1,1,0,0,0,0,13.866075,50.971138
28,16,8,4,19,5,3,0,2,0,0,1,1,0,0,0,0,13.8692,50.970019
28,16,8,5,11,6,3,5,2,0,0,1,1,0,0,0,0,13.859619,50.986554
28,16,8,6,11,7,3,0,7,0,0,1,0,0,0,0,0,13.865269,50.969493
28,16,8,6,19,7,3,5,3,0,0,1,1,0,0,0,0,13.866962,50.978844
28,16,9,1,5,5,2,0,1,0,0,1,0,0,0,0,0,13.874665,50.972509
28,16,9,1,7,5,3,0,1,0,0,1,0,0,0,0,0,13.859092,50.980215
28,16,9,5,16,2,3,0,1,0,0,1,0,0,0,0,0,13.860187,50.980016
28,16,10,4,18,3,2,5,3,2,0,1,1,0,0,0,0,13.870824,50.965458
28,16,10,6,8,5,3,5,3,0,1,1,1,0,0,0,0,13.872008,50.977594
28,16,11,1,17,3,3,5,3,2,1,1,1,0,0,0,0,13.859937,50.982354
28,16,11,5,11,7,3,5,2,0,0,1,1,0,0,0,0,13.855616,50.980444
28,17,3,27,12,2,2,0,1,0,0,1,0,0,0,0,0,13.876864,50.968011
28,17,3,29,5,4,3,5,2,1,0,1,1,0,0,0,0,13.889508,50.961472
28,17,4,6,7,5,3,0,7,0,0,1,0,0,0,0,0,13.866096,50.971167
28,17,4,24,19,2,3,5,3,0,0,1,1,0,0,0,0,13.865499,50.968084
28,17,5,5,8,6,3,5,2,0,0,1,1,0,0,0,0,13.872006,50.977587
28,17,6,2,13,6,3,1,7,0,0,1,1,0,0,0,0,13.868208,50.979017
28,17,6,5,18,2,3,1,7,0,0,1,1,0,0,0,0,13.87253,50.966626
28,17,6,10,17,7,3,0,1,0,0,1,0,0,0,0,0,13.838228,50.983336
28,17,7,6,20,5,3,0,1,0,0,1,0,0,0,0,0,13.861707,50.97412
28,17,7,15,17,7,3,0,1,0,1,1,0,0,0,0,0,13.860525,50.973667
28,17,7,18,17,3,3,5,2,0,0,1,1,0,0,0,0,13.879939,50.966209
28,17,7,28,19,6,3,6,6,0,0,1,0,1,0,0,0,13.877551,50.96948
28,17,7,30,10,1,3,4,2,0,0,1,0,0,0,0,0,13.877649,50.973704
28,17,7,31,15,2,3,5,3,0,0,1,1,0,0,0,0,13.863704,50.979907
28,17,8,23,8,4,3,5,3,0,0,1,0,0,0,0,1,13.89657,50.958515
28,17,8,26,13,7,3,3,2,0,1,1,1,0,0,0,0,13.861126,50.980386
28,17,8,29,7,3,3,5,3,0,0,1,1,0,0,0,0,13.866086,50.971153
28,17,8,31,22,5,3,1,7,2,1,1,1,0,0,0,0,13.866901,50.967745
28,17,9,11,9,2,2,2,2,0,0,1,1,0,0,0,0,13.860207,50.980117
28,17,9,29,18,6,3,0,7,0,0,1,0,0,0,0,0,13.849294,50.981093
28,17,10,5,8,5,3,0,7,0,1,1,0,0,0,0,0,13.871296,50.970577
28,17,10,21,10,7,3,5,2,0,0,1,1,0,0,0,0,13.860194,50.980103
28,17,11,2,17,5,3,5,3,2,0,1,1,0,0,0,0,13.872437,50.974743
28,17,11,21,12,3,3,0,7,0,1,1,0,0,0,0,0,13.877275,50.966441
28,17,12,15,7,6,3,5,3,2,1,1,1,0,0,0,0,13.870347,50.980268
28,18,1,1,7,2,3,5,2,1,2,1,1,0,0,0,0,13.874397,50.972684
28,18,2,2,12,6,2,5,3,0,0,1,1,0,0,0,0,13.861164,50.980418
28,18,2,4,21,1,3,7,7,2,0,1,0,0,0,0,1,13.861562,50.985505
28,18,2,6,20,3,3,7,7,2,0,1,0,0,0,0,1,13.861562,50.985505
28,18,3,3,16,7,3,2,2,0,0,1,0,0,0,0,1,13.860443,50.979947
28,18,4,2,16,2,2,5,3,0,0,1,1,0,0,0,0,13.861214,50.973305
28,18,4,6,11,6,3,5,3,0,0,1,1,0,0,0,0,13.858653,50.976361
28,18,5,2,12,4,3,5,2,0,0,1,1,0,0,0,0,13.898289,50.960977
28,18,6,1,7,6,2,3,6,0,0,1,0,0,0,0,0,13.863268,50.983021
28,18,6,1,13,6,3,0,1,0,0,1,0,0,0,0,0,13.865464,50.967894
28,18,6,2,11,7,3,8,1,0,0,1,0,0,0,0,0,13.865628,50.970482
28,18,7,1,10,1,3,0,1,0,0,1,0,0,0,0,0,13.872137,50.978074
28,18,7,6,22,6,3,5,3,2,0,1,0,0,0,0,0,13.87052,50.979556
28,18,8,1,13,4,3,9,1,0,0,1,0,0,0,0,0,13.872025,50.97608
28,18,8,3,14,6,3,5,2,0,0,1,1,0,0,0,0,13.864083,50.979968
28,18,8,4,11,7,3,0,1,0,1,1,0,0,0,0,0,13.872049,50.976382
28,18,8,5,12,1,2,4,6,0,0,1,0,0,0,0,0,13.896032,50.961585
28,18,8,6,16,2,3,3,6,0,0,1,0,0,0,0,1,13.858718,50.976316
28,18,9,6,6,5,3,0,1,0,0,1,0,0,0,0,0,13.895647,50.958783
28,18,9,6,14,5,3,9,1,0,0,1,0,0,0,0,0,13.872006,50.975843
28,18,9,7,14,6,3,2,6,0,1,1,1,0,0,0,0,13.872661,50.973476
28,18,9,7,15,6,3,0,1,0,1,1,0,0,0,0,0,13.870854,50.965467
28,18,10,2,11,3,2,5,3,0,0,1,1,0,0,0,0,13.866249,50.971532
28,18,10,4,17,5,3,5,3,0,0,1,1,0,0,0,0,13.858648,50.976365
28,18,10,5,6,6,3,0,1,1,1,1,0,0,0,0,0,13.860457,50.97991
28,18,11,3,18,7,3,5,3,2,0,1,1,0,0,0,0,13.861394,50.974361
28,19,4,2,15,3,2,9,1,0,0,1,0,0,0,0,0,13.872025,50.976085
28,19,5,6,7,2,3,5,3,0,0,1,1,0,0,0,0,13.870837,50.965462
28,19,6,3,7,2,3,0,1,2,0,1,0,0,0,0,0,13.873766,50.966294
28,19,6,3,21,2,3,7,7,2,0,1,0,0,0,0,0,13.864571,50.980758
28,19,7,2,21,3,3,0,1,2,0,1,0,0,0,0,0,13.859189,50.96877
28,19,8,6,14,3,2,5,3,0,0,1,1,0,0,0,0,13.87134,50.970571
28,19,8,6,14,3,3,0,3,0,0,1,1,0,0,0,0,13.874523,50.979183
28,19,8,7,14,4,3,0,1,0,1,1,0,0,0,0,0,13.870989,50.965332
28,19,9,1,11,1,3,5,3,0,0,1,1,0,0,0,0,13.865495,50.968062
28,19,9,2,17,2,3,5,3,0,1,1,1,0,0,0,0,13.870088,50.967122
28,19,9,6,14,6,1,5,3,0,0,1,0,0,0,1,0,13.848398,50.981268
28,19,10,1,12,3,2,5,3,0,0,1,0,0,0,1,0,13.863909,50.972539
28,19,10,4,21,6,2,0,1,2,1,1,0,0,0,0,0,13.860519,50.980048
28,19,10,5,23,7,3,8,1,2,1,1,0,0,0,0,0,13.860666,50.979203
28,19,11,2,15,7,2,5,3,0,0,1,1,0,0,0,0,13.858653,50.976361
28,19,11,2,20,7,2,0,1,2,1,1,0,0,0,0,0,13.849779,50.980996
28,19,11,4,13,2,3,5,2,0,1,1,1,0,0,0,0,13.861552,50.974235
28,19,12,4,14,4,3,5,2,0,0,1,1,0,0,0,0,13.876168,50.968407
28,19,12,5,16,5,3,5,3,1,0,1,1,0,0,0,0,13.860061,50.981831
28,20,2,6,6,5,2,5,3,2,0,1,0,0,0,0,1,13.896783,50.958439
28,20,3,11,7,4,3,0,1,0,1,1,0,0,0,0,0,13.86425,50.979998
28,20,3,15,11,1,3,1,7,0,0,1,1,0,0,0,0,13.871389,50.968834
28,20,3,20,9,6,3,5,3,0,1,1,1,0,0,0,0,13.875056,50.967417
28,20,4,7,15,3,3,0,1,0,0,1,0,0,0,0,0,13.870555,50.979533
28,20,5,15,13,6,3,5,3,0,0,1,0,0,0,0,1,13.884604,50.954537
28,20,5,22,9,6,3,5,3,0,0,1,1,0,0,0,0,13.870418,50.98001
28,20,7,2,16,5,3,5,2,0,0,1,1,0,0,0,0,13.865769,50.970567
28,20,7,10,13,6,3,3,6,0,0,1,0,0,0,0,0,13.853958,50.979542
28,20,7,15,19,4,3,5,3,0,1,1,1,0,0,0,0,13.861165,50.980422
28,20,8,1,11,7,2,9,1,0,0,1,0,0,0,0,0,13.874477,50.972928
28,20,8,8,22,7,3,9,1,2,0,1,0,0,0,0,0,13.876095,50.96845
28,20,8,12,16,4,3,0,2,0,0,1,1,0,0,0,0,13.87211,50.979045
28,20,9,11,18,6,2,7,7,0,0,1,0,1,0,0,0,13.869911,50.969056
28,20,9,29,8,3,3,0,1,0,1,1,0,0,0,0,0,13.870877,50.965474
28,20,10,26,6,2,3,5,3,0,0,1,1,0,0,0,0,13.860845,50.980435
28,20,11,19,15,5,3,3,2,0,0,1,1,0,0,0,0,13.859343,50.984893
28,20,11,24,9,3,2,5,3,0,0,1,1,0,0,0,0,13.865276,50.969511
28,20,11,28,13,7,3,6,4,0,0,1,0,1,0,0,0,13.855539,50.978074
28,20,12,29,10,3,3,0,2,0,1,1,1,0,0,0,0,13.861235,50.976857
28,21,3,30,7,3,2,0,1,0,0,1,0,0,0,0,0,13.892112,50.960538
28,21,4,4,14,1,2,3,6,0,0,1,0,0,0,0,0,13.887324,50.965567
28,21,5,1,14,7,3,0,2,0,0,1,0,0,0,0,1,13.860945,50.980573
28,21,5,4,12,3,3,5,2,0,0,1,1,0,0,0,0,13.847274,50.986073
28,21,5,10,12,2,3,0,1,0,0,1,0,0,0,0,0,13.862556,50.990287
28,21,5,15,12,7,3,4,1,0,1,1,1,0,0,0,0,13.841629,50.978601
28,21,5,20,12,5,3,2,6,0,0,1,1,0,0,0,0,13.870356,50.979855
28,21,6,10,12,5,2,5,3,0,1,1,1,0,0,0,0,13.861319,50.974425
28,21,6,28,1,2,3,0,7,2,0,1,0,0,0,0,0,13.871996,50.977534
28,21,6,30,17,4,3,6,7,0,0,1,0,1,0,0,0,13.861263,50.973335
28,21,7,8,16,5,2,0,1,0,0,1,0,0,0,0,0,13.892884,50.96239
28,21,8,6,12,6,2,0,1,0,0,1,0,0,0,0,0,13.869161,50.976021
28,21,8,10,16,3,3,2,2,0,0,1,1,0,0,0,0,13.864419,50.978793
28,21,9,21,20,3,3,0,7,2,0,1,0,0,0,0,1,13.84218,50.987627
28,21,9,23,7,5,3,5,3,0,0,1,1,0,0,0,0,13.861362,50.976304
28,21,11,8,15,2,2,5,3,0,0,1,1,0,0,0,0,13.859914,50.982452
28,21,12,3,11,6,3,5,2,0,0,1,1,0,0,0,0,13.870706,50.968957
28,22,2,17,16,5,3,5,3,0,0,1,0,0,0,0,0,13.871511,50.971907
28,22,3,3,18,5,3,5,2,2,0,1,1,0,0,0,0,13.858768,50.986582
28,22,3,14,13,2,3,5,3,0,0,1,0,0,0,1,0,13.86691,50.98177
28,22,3,20,6,1,3,0,1,1,0,1,0,0,0,0,0,13.879231,50.965347
28,22,3,28,13,2,3,0,7,0,0,1,0,0,0,0,0,13.867134,50.985056
28,22,4,27,14,4,2,0,1,0,0,1,0,0,0,0,0,13.860543,50.979728
28,22,4,29,21,6,3,9,1,2,0,1,0,0,0,0,0,13.872039,50.976251
28,22,5,12,11,5,3,0,1,0,0,1,0,0,0,0,0,13.872005,50.975836
28,22,5,23,6,2,2,5,3,0,0,1,1,0,0,0,0,13.86002,50.982
28,22,6,15,6,4,3,5,3,0,0,1,1,0,0,0,0,13.860462,50.979979
28,22,6,15,14,4,3,0,1,0,0,1,0,0,0,0,0,13.860643,50.987852
28,22,7,5,8,3,3,5,2,0,0,1,1,0,0,0,0,13.870306,50.980288
28,22,7,5,9,3,2,5,2,0,0,1,0,0,0,0,0,13.86131,50.973363
28,22,7,8,16,6,3,0,1,0,0,1,0,0,0,0,0,13.890361,50.95972
28,22,7,10,17,1,2,0,7,0,0,1,0,0,0,0,0,13.866381,50.971489
28,22,8,4,6,5,3,5,3,0,0,1,1,0,0,0,0,13.871248,50.970585
28,22,8,18,10,5,2,5,2,0,0,1,1,0,0,0,0,13.870708,50.968963
28,22,8,18,13,5,2,5,7,0,0,1,1,0,0,0,0,13.876229,50.968371
28,22,8,26,13,6,2,0,1,0,1,1,0,0,0,0,0,13.872662,50.973618
28,22,9,30,8,6,2,5,3,0,0,1,0,0,0,0,0,13.870908,50.965477
28,22,10,7,15,6,3,2,6,0,0,1,1,0,0,0,0,13.86364,50.972692
28,22,10,9,11,1,2,0,1,0,0,1,0,0,0,0,0,13.878697,50.959463
28,22,10,10,13,2,2,5,3,0,0,1,1,0,0,0,0,13.87594,50.968158
28,22,11,9,18,4,3,5,3,2,0,1,1,0,0,0,0,13.855399,50.988835
28,22,11,29,8,3,3,5,3,0,1,1,1,0,0,0,0,13.861295,50.976918
28,23,1,10,11,3,2,5,3,0,1,1,1,0,0,0,0,13.865264,50.969479
28,23,2,27,7,2,3,0,1,1,1,1,0,0,0,0,0,13.864702,50.983754
28,23,2,27,20,2,3,3,3,2,0,1,1,0,0,0,0,13.860196,50.975312
28,23,3,8,6,4,3,5,3,0,1,1,1,0,0,0,0,13.861157,50.980409
28,23,3,26,1,1,2,0,1,2,0,1,0,0,0,0,0,13.858049,50.987
28,23,5,6,14,7,3,3,1,0,0,1,1,0,0,0,0,13.864328,50.96951
28,23,5,10,15,4,3,5,2,0,0,1,1,0,0,0,0,13.873,50.973314
28,23,5,15,17,2,3,5,3,0,0,1,1,0,0,0,0,13.868536,50.978656
28,23,5,20,15,7,3,0,6,0,0,1,0,0,0,0,0,13.882678,50.970264
28,23,5,26,18,6,3,8,7,0,0,1,0,0,0,0,0,13.89268,50.962706
28,23,5,28,14,1,3,3,2,0,0,1,0,0,0,0,0,13.88271,50.980592
28,23,6,1,15,5,3,5,3,0,0,1,1,0,0,0,0,13.871969,50.975821
28,23,6,4,13,1,2,0,1,0,0,1,0,0,0,0,0,13.872025,50.976084
28,23,6,8,11,5,3,0,7,0,0,1,0,0,0,0,0,13.869392,50.969136
28,23,6,12,13,2,3,1,6,0,0,1,0,0,0,0,0,13.862457,50.979869
28,23,6,12,15,2,3,8,7,0,0,1,0,0,0,0,0,13.881906,50.976774
28,23,6,21,16,4,3,4,6,0,0,1,1,0,0,0,0,13.864019,50.979475
28,23,8,7,11,2,3,5,3,0,0,1,0,0,0,0,1,13.870842,50.972844
28,23,8,17,18,5,2,4,6,0,0,1,1,0,0,0,0,13.864126,50.979197
28,23,9,4,7,2,3,5,3,0,0,1,1,0,0,0,0,13.871969,50.975821
28,23,9,6,18,4,3,8,5,0,0,1,0,0,0,0,0,13.882527,50.980199