UKREIS,UJAHR,UMONAT,UTAG,USTUNDE,UWOCHENTAG,UKATEGORIE,UART,UTYP,LICHT,USTRZUSTAND,IstRad,IstPKW,IstFuss,IstKrad,IstGkfz,IstSonstige,@lon,@lat
28,23,9,6,18,4,3,0,5,0,0,1,0,0,0,0,0,13.882668,50.97984
28,23,9,9,13,7,2,2,2,0,0,1,1,0,0,0,0,13.882518,50.980223
28,23,9,14,15,5,3,0,7,0,0,1,0,0,0,0,0,13.870472,50.972761
28,23,9,20,21,4,2,0,1,2,0,1,0,0,0,0,0,13.894851,50.961907
28,23,9,25,16,2,3,5,2,0,0,1,1,0,0,0,0,13.872721,50.973549
28,23,10,6,22,6,3,0,1,2,0,1,0,0,0,0,0,13.850051,50.980942
28,23,11,2,5,5,3,2,7,2,0,1,1,0,0,0,0,13.860579,50.980213
28,23,11,14,16,3,3,5,2,0,0,1,1,0,0,0,0,13.861476,50.974231
28,23,12,12,8,3,3,5,3,0,0,1,1,0,0,0,0,13.871504,50.975855
28,23,12,13,11,4,3,5,3,0,1,1,1,0,0,0,0,13.88226,50.964848
28,23,12,18,7,2,3,0,1,1,2,1,0,0,0,0,0,13.869846,50.975771
28,24,3,3,0,1,3,0,7,2,0,1,0,0,0,0,0,13.870917,50.965479
28,24,3,22,13,6,3,5,3,0,0,1,1,0,0,0,0,13.860916,50.980564
28,24,5,14,14,3,3,5,2,0,0,1,1,0,0,0,0,13.868795,50.983942
28,24,5,24,14,6,3,0,1,0,1,1,0,0,0,0,0,13.879457,50.970346
28,24,5,29,15,4,3,3,7,0,0,1,1,0,0,0,0,13.871345,50.977689
28,24,6,29,18,7,3,1,5,0,0,1,1,0,0,0,0,13.860501,50.969584
28,24,7,4,15,5,3,0,1,0,0,1,0,0,0,0,0,13.860522,50.979785
28,24,7,15,14,2,2,5,3,0,0,1,1,0,0,0,0,13.872009,50.977594
28,24,7,25,15,5,2,2,6,0,0,1,0,0,0,0,0,13.881901,50.97758
28,24,7,29,17,2,3,0,1,0,0,1,0,0,0,0,0,13.870507,50.979565
28,24,8,1,19,5,3,0,1,0,0,1,0,0,0,0,0,13.863439,50.970755
28,24,8,6,8,3,3,5,3,0,0,1,1,0,0,0,0,13.86691,50.98177
28,24,8,27,9,3,3,0,7,0,0,1,0,0,0,0,0,13.859196,50.968898
28,24,8,31,6,7,3,0,7,0,0,1,0,0,0,0,0,13.870453,50.968256
28,24,9,3,5,3,3,2,3,0,0,1,0,0,1,0,0,13.83988,50.982833
28,24,9,5,8,5,2,5,3,0,0,1,1,0,0,0,0,13.866902,50.981774
28,24,9,19,9,5,3,5,3,0,0,1,1,0,0,0,0,13.867593,50.971881
28,24,10,1,13,3,3,9,7,0,1,1,0,0,0,0,0,13.876063,50.965917
28,24,11,1,14,6,3,1,5,0,0,1,1,0,0,0,0,13.860092,50.981705
28,24,11,19,21,3,3,0,1,2,1,1,0,0,0,0,0,13.873915,50.966406
28,24,12,2,9,2,3,0,1,0,2,1,0,0,0,0,0,13.861314,50.97656
28,25,4,23,10,4,3,0,7,0,0,1,0,0,0,0,0,13.861606,50.985302
28,25,4,27,14,1,2,8,1,0,0,1,0,0,0,0,0,13.872109,50.979049
28,25,5,20,11,3,3,0,1,0,0,1,0,0,0,0,0,13.860522,50.979785
28,25,7,1,17,3,3,8,3,0,0,1,0,0,0,0,1,13.859485,50.986237
28,25,7,11,8,6,3,0,7,0,0,1,0,0,0,0,0,13.866786,50.967768
28,25,7,12,20,7,3,0,1,1,1,1,0,0,0,0,0,13.874612,50.974012
28,25,7,14,19,2,3,5,3,0,0,1,1,0,0,0,0,13.865493,50.968055
28,25,8,1,6,6,3,0,3,0,0,1,1,0,0,0,0,13.860463,50.97998
28,25,8,6,17,4,3,0,4,0,0,1,0,1,0,0,0,13.872568,50.97904
28,25,8,31,14,1,3,8,1,0,0,1,0,0,0,0,0,13.872005,50.975837
28,25,9,24,12,4,2,3,7,0,0,1,0,0,0,0,0,13.886415,50.966086
28,25,9,30,17,3,3,5,2,0,0,1,1,0,0,0,0,13.861601,50.974198
28,25,10,10,10,6,3,5,3,0,0,1,1,0,0,0,0,13.859406,50.986336
28,25,10,10,18,6,3,1,5,2,0,1,0,0,0,0,1,13.872443,50.974335
28,25,10,28,19,3,3,5,3,2,1,1,1,0,0,0,0,13.861157,50.980409
28,25,11,25,9,3,3,0,1,0,2,1,0,0,0,0,0,13.863575,50.971904
28,25,12,4,7,5,2,0,1,0,2,1,0,0,0,0,0,13.870993,50.969805
28,25,12,4,8,5,3,0,1,0,2,1,0,0,0,0,0,13.869429,50.975945
28,25,12,16,17,3,3,5,3,2,0,1,1,0,0,0,0,13.873131,50.970183
28,16,8,2,18,3,2,8,1,0,0,1,0,0,0,0,0,13.63384,50.756118
28,17,3,18,9,7,3,4,6,0,1,1,1,0,0,0,0,13.627359,50.762927
28,24,5,25,13,7,1,0,1,0,0,1,0,0,0,0,0,13.660413,50.731562
28,18,4,1,15,1,2,3,6,0,0,1,1,0,0,0,0,14.068933,50.987474
28,18,4,2,16,2,3,1,1,0,0,1,1,0,0,0,0,14.202832,50.964952
28,18,6,2,18,7,3,8,1,0,0,1,0,0,0,0,0,14.178692,50.974513
28,19,9,5,12,5,3,5,2,0,0,1,1,0,0,0,0,14.150717,50.990501
28,19,10,5,13,7,2,2,6,0,0,1,1,0,0,0,0,14.105189,50.961473
28,20,8,6,23,5,2,9,1,2,0,1,0,0,0,0,0,14.165685,50.948072
28,20,8,14,12,6,3,9,1,0,0,1,1,0,0,0,0,14.162934,50.946224
28,21,7,11,10,1,2,2,6,0,0,1,1,0,0,0,0,14.105655,50.960837
28,22,8,27,16,7,2,0,1,0,1,1,0,0,0,0,0,14.10254,50.98407
28,23,5,15,14,2,2,1,5,0,0,1,1,0,0,0,0,14.211538,50.960657
28,23,6,2,14,6,2,0,1,0,0,1,0,0,0,0,0,14.09936,50.981669
28,23,6,4,15,1,2,0,1,0,0,1,0,0,0,0,0,14.104366,50.98072
28,23,7,31,12,2,2,0,1,0,1,1,0,0,0,0,0,14.102974,50.984195
28,23,9,11,13,2,3,0,7,0,0,1,0,0,0,0,0,14.216336,50.965637
28,24,6,4,19,3,3,0,1,0,0,1,0,0,0,0,0,14.083393,51.003931
28,24,7,19,19,6,2,5,3,0,0,1,1,0,0,0,0,14.138786,51.006411
28,24,7,26,12,6,3,0,1,0,0,1,0,0,0,0,0,14.187564,50.967557
28,24,7,26,14,6,3,0,1,0,1,1,0,0,0,0,0,14.113066,50.980038
28,24,7,30,19,3,3,0,1,0,0,1,0,0,0,0,0,14.219325,50.955789
28,24,10,3,16,5,2,0,7,0,1,1,0,0,0,0,0,14.103224,50.984027
28,24,11,30,9,7,3,0,1,0,2,1,0,0,0,0,0,14.113373,50.978146
28,25,8,27,12,4,3,0,1,0,0,1,0,0,0,0,0,14.106158,50.984043
28,16,5,3,16,3,2,0,3,0,0,1,0,0,0,0,0,13.589025,50.92236
28,16,5,7,15,7,3,0,1,0,0,1,0,0,0,0,0,13.58713,50.943563
28,16,6,3,21,6,2,0,1,2,0,1,0,0,0,0,0,13.598074,50.936937
28,16,8,2,15,3,2,0,1,0,0,1,0,0,0,0,0,13.562595,50.853572
28,16,10,1,16,7,3,5,3,0,0,1,1,0,0,0,0,13.505086,50.925157
28,17,6,19,9,2,3,1,5,0,0,1,1,0,0,0,0,13.589515,50.920659
28,19,3,2,18,7,3,0,1,1,0,1,0,0,0,0,0,13.571571,50.87873
28,19,4,6,14,7,3,8,1,0,0,1,0,0,0,0,0,13.585515,50.945977
28,20,1,15,11,4,2,2,6,0,0,1,1,0,0,0,0,13.556949,50.876483
28,20,4,12,10,1,2,0,1,0,0,1,0,0,0,0,0,13.585136,50.944701
28,20,5,17,15,1,3,1,5,0,0,1,1,0,0,0,0,13.584112,50.924441
28,20,6,2,18,3,3,4,1,0,1,1,1,0,0,0,0,13.583552,50.946907
28,21,5,9,11,1,3,4,6,0,0,1,1,0,0,0,0,13.583566,50.946894
28,21,6,21,7,2,2,5,3,0,0,1,1,0,0,0,0,13.583492,50.947064
28,21,8,21,11,7,3,5,3,0,0,1,1,0,0,0,0,13.583497,50.94708
28,21,8,21,16,7,2,0,1,0,0,1,0,0,0,0,0,13.534748,50.907207
28,21,8,21,19,7,2,0,1,0,0,1,0,0,0,0,0,13.599813,50.901732
28,21,10,2,0,7,3,8,1,2,0,1,0,0,0,0,0,13.572305,50.876879
28,22,1,7,15,6,3,4,1,0,0,1,0,0,0,0,1,13.486283,50.912093
28,22,3,19,11,7,2,0,7,0,1,1,0,0,0,0,0,13.525451,50.874524
28,22,3,24,14,5,3,5,3,0,0,1,1,0,0,0,0,13.524542,50.874383
28,22,4,12,15,3,3,3,7,0,0,1,1,0,0,0,0,13.535602,50.864343
28,22,5,3,15,3,2,8,7,0,0,1,0,0,0,0,0,13.559227,50.919542
28,22,5,10,11,3,2,9,1,0,0,1,0,0,0,0,0,13.603728,50.930619
28,22,6,14,19,3,3,0,1,0,0,1,0,0,0,0,0,13.590149,50.912918
28,22,6,17,16,6,2,5,2,0,0,1,0,0,1,0,0,13.512781,50.885809
28,22,7,14,11,5,3,0,7,0,0,1,0,0,0,0,0,13.496848,50.919911
28,22,9,28,7,4,3,8,6,0,1,1,1,0,0,0,0,13.478861,50.915378
28,22,10,10,8,2,2,5,2,0,0,1,1,0,0,0,0,13.495573,50.911679
28,22,10,24,15,2,3,0,1,0,1,1,0,0,0,0,0,13.471356,50.918552
28,23,7,25,7,3,2,9,7,0,0,1,0,0,0,0,0,13.583491,50.94706
28,24,4,30,23,3,3,0,1,2,0,1,0,0,0,0,0,13.58677,50.923514
28,24,5,25,15,7,3,9,1,0,0,1,0,0,0,0,0,13.583499,50.947084
28,24,6,23,13,1,3,0,7,0,0,1,0,0,0,0,0,13.583966,50.947283
28,24,6,23,20,1,2,0,1,1,0,1,0,0,0,0,0,13.520056,50.844559
28,24,9,7,21,7,3,8,1,2,0,1,0,0,0,0,0,13.534277,50.865653
28,24,11,24,15,1,3,0,1,0,1,1,0,0,0,0,0,13.586438,50.940602
28,25,3,7,8,6,3,5,2,0,0,1,1,0,0,0,0,13.601931,50.907765
28,25,10,5,10,1,3,8,1,0,0,1,0,0,0,0,0,13.572884,50.877017
28,25,11,5,13,4,2,0,7,0,0,1,0,0,0,0,0,13.546945,50.918023
28,16,5,4,18,4,3,0,1,0,1,1,0,0,0,0,0,14.079235,50.9192
28,16,7,1,12,6,3,3,6,0,0,1,0,0,0,0,0,14.056376,50.926383
28,17,8,14,12,2,3,0,1,0,0,1,0,0,0,0,0,14.057175,50.923467
28,18,6,5,11,3,3,1,5,0,0,1,1,0,0,0,0,14.072698,50.916866
28,18,8,3,17,6,2,0,1,0,0,1,0,0,0,0,0,14.088582,50.921738
28,19,7,5,16,6,3,8,1,0,0,1,0,0,0,0,0,14.059041,50.93425
28,19,8,7,14,4,3,0,1,0,1,1,0,0,0,0,0,14.086344,50.92113
28,20,6,21,12,1,2,8,1,0,0,1,0,0,0,0,0,14.060661,50.935119
28,20,8,27,11,5,3,8,1,0,0,1,0,0,0,0,0,14.08921,50.920004
28,20,11,13,6,6,3,5,3,1,0,1,1,0,0,0,0,14.074685,50.918952
28,21,6,4,12,6,3,0,1,0,0,1,0,0,0,0,0,14.087648,50.920735
28,21,6,13,17,1,3,5,3,0,0,1,1,0,0,0,0,14.074749,50.918894
28,21,9,14,19,3,3,3,6,1,0,1,0,0,0,0,0,14.048185,50.921431
28,22,4,29,20,6,3,0,1,2,0,1,0,0,0,0,0,14.067279,50.919557
28,22,5,16,11,2,3,0,7,0,0,1,0,0,0,0,0,14.072017,50.917897
28,22,6,18,6,7,2,0,1,0,0,1,0,0,0,0,0,14.072278,50.916257
28,23,3,17,13,6,3,0,4,0,0,1,0,1,0,0,0,14.025655,50.91482
28,23,5,5,13,6,2,0,1,0,0,1,0,0,0,0,0,14.071918,50.914334
28,23,6,5,13,2,3,0,1,0,0,1,0,0,0,0,0,14.087866,50.921752
28,23,7,2,0,1,2,0,1,2,0,1,0,0,0,0,0,14.048175,50.914891
28,23,7,16,8,1,2,0,1,0,1,1,0,0,0,0,0,14.074442,50.918942
28,23,7,16,17,1,3,0,7,0,0,1,0,0,0,0,0,14.097476,50.92686
28,23,8,5,13,7,3,0,7,0,0,1,0,0,0,0,0,14.052784,50.919792
28,23,9,5,8,3,3,5,3,0,0,1,1,0,0,0,0,14.027219,50.9175
28,24,5,12,9,1,2,0,7,0,0,1,0,0,0,0,0,14.061138,50.92259
28,24,7,5,12,6,3,6,4,0,0,1,0,1,0,0,0,14.085901,50.921033
28,24,7,28,13,1,3,0,1,0,1,1,0,0,0,0,0,14.047233,50.926432
28,24,8,10,12,7,3,0,7,0,0,1,0,0,0,0,0,14.042292,50.90662
28,24,8,24,13,7,3,6,4,0,0,1,0,1,0,0,0,14.078108,50.919443
28,24,9,4,11,4,3,3,6,0,0,1,0,0,0,0,0,14.095563,50.926104
28,24,9,29,15,1,3,4,2,0,0,1,0,0,0,0,0,14.087498,50.9216
28,25,4,30,12,4,3,1,5,0,0,1,1,0,0,0,0,14.0687,50.91278
28,25,5,30,13,6,3,5,2,0,0,1,1,0,0,0,0,14.069483,50.919633
28,25,7,28,7,2,3,5,3,0,0,1,1,0,0,0,0,14.074419,50.918924
28,25,9,7,12,1,3,0,7,0,0,1,0,0,0,0,0,14.07586,50.919285
28,25,9,8,14,2,2,0,1,0,0,1,0,0,0,0,0,14.064246,50.936393
28,25,9,11,17,5,3,0,1,0,0,1,0,0,0,0,0,14.099887,50.929025
28,25,12,18,16,5,3,0,1,2,1,1,0,0,0,0,0,14.038629,50.90473
28,16,6,2,15,5,2,5,3,0,0,1,1,0,0,0,0,13.72551,50.946663
28,17,3,4,12,7,3,8,1,0,0,1,0,0,0,0,0,13.797319,50.939315
28,17,3,4,14,7,3,3,6,0,0,1,0,0,0,0,1,13.725901,50.955458
28,17,5,3,11,4,2,2,6,0,0,1,1,0,0,0,0,13.778237,50.960456
28,17,5,28,15,1,3,4,2,0,0,1,1,0,0,0,0,13.783908,50.974676
28,17,8,2,6,4,2,5,2,0,1,1,1,0,0,0,0,13.768761,50.95043
28,17,8,16,7,4,3,0,6,0,0,1,0,0,0,0,1,13.746676,50.960058
28,17,9,28,5,5,2,0,2,2,0,1,1,0,0,0,0,13.783409,50.979681
28,17,12,20,7,4,3,0,1,0,2,1,0,0,0,0,0,13.75501,50.943903
28,18,5,5,20,7,3,5,3,0,0,1,1,0,0,0,0,13.728075,50.94668
28,18,10,7,15,1,3,5,2,0,0,1,1,0,0,0,0,13.795106,50.947778
28,18,11,1,7,5,3,2,6,0,0,1,1,0,0,0,0,13.754204,50.956685
28,19,2,7,7,5,3,5,3,0,2,1,1,0,0,0,0,13.767425,50.949319
28,19,3,2,13,7,3,6,4,0,0,1,0,1,0,0,0,13.758391,50.945289
28,19,5,2,10,5,3,2,6,0,0,1,1,0,0,0,0,13.769212,50.950915
28,19,5,7,7,3,3,1,5,0,0,1,1,0,0,0,0,13.787708,50.977576
28,19,6,1,13,7,2,0,7,0,0,1,0,0,0,0,0,13.729025,50.951166
28,19,7,5,13,6,3,8,1,0,1,1,0,0,0,0,0,13.750969,50.944414
28,19,8,4,15,1,3,8,1,0,0,1,0,0,0,0,0,13.797264,50.939339
28,19,12,5,5,5,3,3,6,2,0,1,1,0,0,0,0,13.784592,50.97467
28,20,3,19,16,5,3,2,7,0,0,1,1,0,0,0,0,13.754439,50.943739
28,20,7,21,21,3,2,4,6,2,0,1,0,0,0,0,0,13.765043,50.964079
28,20,8,24,11,2,2,0,1,0,0,1,0,0,0,0,0,13.747155,50.945184
28,20,12,21,10,2,2,5,2,0,1,1,1,0,0,0,0,13.772693,50.934601
28,21,5,10,18,2,2,5,3,0,0,1,1,0,0,0,0,13.765764,50.942793
28,21,5,11,17,3,3,2,6,0,0,1,0,0,1,0,0,13.768793,50.950463
28,21,5,23,10,1,3,8,1,0,0,1,0,0,0,0,0,13.779217,50.978963
28,21,11,20,1,7,2,0,1,2,1,1,0,0,0,0,0,13.768918,50.950581
28,22,5,13,18,6,3,5,2,0,0,1,1,0,0,0,0,13.753849,50.94447
28,22,6,26,12,1,3,8,1,0,0,1,0,0,0,0,0,13.797443,50.939222
28,22,6,29,7,4,3,0,2,0,1,1,1,0,0,0,0,13.767052,50.949009
28,22,7,17,15,1,3,3,6,0,0,1,1,0,0,0,0,13.775121,50.931652
28,22,9,24,16,7,3,5,3,0,0,1,1,0,0,0,0,13.773497,50.934346
28,22,11,2,15,4,2,5,2,0,0,1,1,0,0,0,0,13.755137,50.944688
28,23,6,7,17,4,2,8,1,0,0,1,0,0,0,0,0,13.727146,50.963612
28,23,9,26,5,3,3,7,7,1,1,1,0,0,0,0,0,13.770202,50.963305
28,24,5,15,15,4,3,4,6,0,0,1,1,0,0,0,0,13.776363,50.927674
28,24,6,12,17,4,3,0,7,0,0,1,0,0,0,0,0,13.769144,50.950836
28,25,4,21,13,2,3,8,1,0,0,1,0,0,0,0,0,13.745136,50.959964
28,25,5,27,17,3,2,8,6,0,0,1,1,0,0,0,0,13.753858,50.957092
28,25,7,8,16,3,3,5,3,0,0,1,1,0,0,0,0,13.769949,50.952218
28,25,7,29,18,3,2,5,2,0,0,1,1,0,0,0,0,13.763014,50.943756
28,25,7,30,15,4,3,8,7,0,0,1,0,0,0,0,0,13.797578,50.937163
28,25,8,30,0,7,1,6,6,2,0,1,0,1,0,0,0,13.743078,50.944079
28,18,5,5,16,7,2,0,1,0,0,1,0,0,0,0,0,13.847865,50.816966
28,20,6,28,12,1,3,0,7,0,0,1,0,0,0,0,0,13.851517,50.873742
28,21,5,4,17,3,3,0,1,0,0,1,0,0,0,0,0,13.8293,50.865526
28,23,5,1,11,2,3,0,1,0,0,1,0,0,0,0,0,13.83756,50.898687
28,23,5,16,19,3,3,9,1,0,0,1,0,0,0,0,0,13.816315,50.866274
28,23,6,11,1,1,3,0,1,2,0,1,0,0,0,0,0,13.841014,50.832395
28,23,7,16,16,1,2,0,1,0,0,1,0,0,0,0,0,13.851153,50.857128
28,25,6,19,18,5,3,2,6,0,0,1,0,0,0,0,0,13.86865,50.907502
28,16,5,4,13,4,2,0,1,0,0,1,0,0,0,0,0,13.999353,50.990746
28,17,9,14,20,5,2,3,6,2,0,1,1,0,0,0,0,13.964693,50.98198
28,18,11,4,17,1,3,0,7,2,0,1,0,1,0,0,0,14.062622,50.972492
28,19,4,6,11,7,3,3,6,0,0,1,1,0,0,0,0,13.985126,50.98494
28,19,6,6,14,5,3,5,3,0,0,1,1,0,0,0,0,13.999749,50.990967
28,19,9,5,19,5,2,0,1,1,0,1,0,0,0,0,0,13.987845,50.979865
28,19,11,2,8,7,3,5,3,0,1,1,1,0,0,0,0,14.019928,50.986805
28,21,5,24,13,2,3,5,3,0,0,1,0,0,0,0,0,13.987472,50.995133
28,22,4,16,9,7,2,0,1,0,0,1,0,0,0,0,0,13.985216,50.990942
28,22,5,1,17,1,3,4,1,0,0,1,1,0,0,0,0,14.016842,50.987452
28,22,10,9,17,1,3,2,6,0,1,1,1,0,0,0,0,14.026657,50.991608
28,23,6,30,8,6,3,0,7,0,0,1,0,0,0,0,0,13.996763,50.988673
28,23,7,2,15,1,3,5,2,0,0,1,1,0,0,0,0,13.988334,50.986709
28,24,8,19,16,2,3,8,1,0,0,1,0,0,0,0,0,14.01722,50.986189
28,25,6,11,18,4,3,8,1,0,0,1,0,0,0,0,0,13.96225,50.982272
28,25,6,29,18,1,3,0,7,0,0,1,0,0,0,0,0,14.001773,50.988303
28,25,7,17,9,5,2,0,1,0,0,1,0,0,0,0,0,13.990495,50.987321
28,25,9,13,13,7,3,8,1,0,0,1,0,0,0,0,0,13.995435,50.976052
28,16,5,1,13,1,3,3,6,0,0,1,1,0,0,0,0,13.835879,50.922805
28,16,12,3,14,7,3,3,6,0,1,1,1,0,0,0,0,13.847106,50.938995
28,19,4,1,15,2,2,3,6,0,0,1,1,0,0,0,0,13.79535,50.920399
28,19,9,1,13,1,2,5,3,0,1,1,1,0,0,0,0,13.835773,50.922668
28,22,4,13,18,4,2,9,1,1,0,1,0,0,0,0,0,13.811395,50.926843
28,23,5,18,16,5,2,0,1,0,0,1,0,0,0,0,0,13.869598,50.914322
28,24,2,10,14,7,2,8,1,0,0,1,0,0,0,0,0,13.858271,50.937355
28,24,5,20,14,2,3,2,6,0,0,1,0,0,0,0,0,13.854428,50.931415
28,25,6,18,20,4,2,7,7,0,0,1,0,0,0,0,0,13.798918,50.923018
28,16,3,5,10,7,3,8,7,0,0,1,0,0,0,0,0,14.218379,51.020785
28,16,4,1,11,6,2,1,5,0,0,1,1,0,0,0,0,14.2191,51.030163
28,16,4,6,9,4,2,8,7,0,0,1,0,0,0,0,0,14.186485,51.030584
28,16,6,1,10,4,2,8,1,0,0,1,0,0,0,0,0,14.255778,51.024781
28,16,6,5,10,1,3,3,6,0,0,1,1,0,0,0,0,14.24299,50.991314
28,16,9,4,10,1,3,5,2,0,0,1,1,0,0,0,0,14.213492,51.020521
28,16,12,7,6,4,3,5,3,2,1,1,1,0,0,0,0,14.216459,51.020146
28,17,3,16,16,5,3,5,3,0,0,1,1,0,0,0,0,14.218108,51.029075
28,17,5,17,23,4,2,0,1,2,0,1,0,0,0,0,0,14.212436,51.024786
28,17,7,10,13,2,2,8,1,0,0,1,0,0,0,0,0,14.205625,51.070155
28,17,7,18,16,3,2,5,3,0,0,1,1,0,0,0,0,14.218088,51.029052
28,17,8,22,9,3,3,0,1,0,1,1,0,0,0,0,0,14.189515,50.995077
28,17,9,10,11,1,2,0,1,0,1,1,0,0,0,0,0,14.209299,51.021951
28,17,11,2,13,5,3,0,7,0,0,1,0,0,0,0,0,14.202512,51.03013
28,17,11,29,16,4,3,5,3,2,0,1,1,0,0,0,0,14.218486,51.027415
28,18,4,7,14,7,3,5,3,0,0,1,1,0,0,0,0,14.219646,51.022609
28,18,5,1,16,3,3,5,3,0,0,1,1,0,0,0,0,14.203715,51.029613
28,18,5,3,15,5,3,0,1,0,0,1,0,0,0,0,0,14.218581,51.021112
28,18,5,6,13,1,2,8,7,0,0,1,0,0,0,0,0,14.17499,51.056668
28,18,5,6,13,1,3,3,6,0,0,1,1,0,0,0,0,14.246181,50.994779
28,18,5,7,16,2,3,6,4,0,0,1,0,1,0,0,0,14.211218,51.025211
28,18,7,1,0,1,3,0,6,2,0,1,0,0,0,0,1,14.205259,51.005627
28,18,8,1,17,4,3,3,6,0,0,1,1,0,0,0,0,14.182132,51.021981
28,18,8,2,6,5,3,0,1,0,0,1,0,0,0,0,0,14.223051,51.061613
28,18,10,1,14,2,2,0,7,0,0,1,0,0,0,0,0,14.21572,51.016743
28,18,10,5,16,6,3,2,2,0,0,1,0,0,0,0,0,14.21385,51.064746
28,19,6,5,10,4,3,2,2,0,0,1,1,0,0,0,0,14.219043,51.026581
28,19,9,5,15,5,2,0,1,0,0,1,0,0,0,0,0,14.197502,51.026914
28,19,11,3,11,1,3,5,3,0,0,1,1,0,0,0,0,14.262752,51.019235
28,20,1,2,8,5,3,5,3,0,1,1,1,0,0,0,0,14.198851,51.065557
28,20,2,26,10,4,3,5,7,0,1,1,1,0,0,0,0,14.225648,51.037582
28,20,3,4,8,4,2,0,1,0,2,1,0,0,0,0,0,14.209358,51.022001
28,20,4,27,8,2,3,1,5,0,0,1,1,0,0,0,0,14.212386,51.024803
28,20,5,19,9,3,2,5,3,0,0,1,1,0,0,0,0,14.24363,51.02586
28,20,6,5,14,6,3,5,3,0,0,1,1,0,0,0,0,14.193235,51.027079
28,20,8,1,5,7,3,3,6,0,0,1,1,0,0,0,0,14.182747,51.061215
28,20,8,13,13,5,3,0,7,0,0,1,0,0,0,0,0,14.213859,51.025428
28,20,9,28,21,2,3,0,1,2,1,1,0,0,0,0,0,14.217903,51.019988
28,20,12,11,14,6,3,0,7,0,0,1,0,0,0,0,0,14.212855,51.018807
28,21,2,20,0,7,3,0,1,2,0,1,0,0,0,0,0,14.22702,51.022467
28,21,4,7,7,4,2,5,2,0,1,1,1,0,0,0,0,14.210552,51.026364
28,21,5,6,18,5,3,4,3,0,0,1,1,0,0,0,0,14.171776,51.059788
28,21,6,20,18,1,3,5,3,0,0,1,1,0,0,0,0,14.232518,51.024942
28,21,8,24,17,3,3,0,7,0,0,1,0,0,0,0,0,14.2075,51.026172
28,21,8,25,11,4,1,4,1,0,0,1,1,0,0,0,0,14.206883,51.007708
28,21,9,30,9,5,2,5,3,0,0,1,1,0,0,0,0,14.217123,51.028044
28,22,4,14,17,5,2,2,5,0,0,1,1,0,0,0,0,14.204166,51.028638
28,22,5,1,15,1,3,1,5,0,0,1,1,0,0,0,0,14.222366,51.049146
28,22,5,11,13,4,3,0,6,0,0,1,1,0,0,0,0,14.209547,51.026108
28,22,6,24,8,6,3,5,2,0,0,1,1,0,0,0,0,14.209914,51.022992
28,22,6,28,16,3,3,0,7,0,0,1,0,0,0,0,0,14.212599,51.017524
28,22,7,14,14,5,3,5,2,0,0,1,1,0,0,0,0,14.211121,51.027894
28,22,7,20,19,4,2,0,1,0,0,1,0,0,0,0,0,14.218923,51.025238
28,22,8,13,18,7,3,0,1,0,0,1,0,0,0,0,0,14.182209,51.023013
28,22,10,11,10,3,2,0,1,0,0,1,0,0,0,0,0,14.226772,51.0517
28,22,10,17,13,2,3,5,3,0,0,1,0,0,0,0,0,14.215618,51.026888
28,23,1,3,16,3,2,0,1,2,0,1,0,0,0,0,0,14.209483,51.026109
28,23,2,9,14,5,2,4,6,0,0,1,0,0,0,0,0,14.226892,51.022336
28,23,5,14,18,1,2,7,1,0,0,1,0,0,0,0,0,14.229341,51.03668
28,23,5,30,14,3,3,5,3,0,0,1,1,0,0,0,0,14.213117,51.027612
28,23,6,23,13,6,3,5,7,0,0,1,1,0,0,0,0,14.203934,51.024086
28,23,8,13,19,1,3,1,7,0,0,1,1,0,0,0,0,14.206203,51.026252
28,23,8,16,18,4,2,2,6,0,0,1,0,0,0,1,0,14.237265,51.002853
28,23,9,10,11,1,2,0,7,0,0,1,0,0,0,0,0,14.222372,51.038011
28,23,10,27,15,6,3,5,3,0,0,1,1,0,0,0,0,14.218342,51.020726
28,24,1,28,14,1,3,1,5,0,0,1,1,0,0,0,0,14.212272,51.02704
28,24,2,15,13,5,3,5,3,0,0,1,1,0,0,0,0,14.238525,51.023529
28,24,3,18,5,2,3,5,3,2,0,1,1,0,0,0,0,14.210619,51.02635
28,24,4,9,18,3,3,5,2,0,0,1,1,0,0,0,0,14.198794,51.0657
28,24,4,12,7,6,3,5,3,0,0,1,1,0,0,0,0,14.232643,51.023845
28,24,6,24,6,2,3,5,3,0,0,1,1,0,0,0,0,14.21165,51.026179
28,24,8,25,20,1,3,5,2,2,0,1,0,0,1,0,0,14.209649,51.023976
28,24,9,14,11,7,3,5,3,0,1,1,1,0,0,0,0,14.238248,51.024527
28,24,9,25,6,4,3,5,3,0,0,1,0,0,0,1,0,14.220437,51.036422
28,24,10,2,17,4,3,0,3,0,1,1,1,0,0,0,0,14.213496,51.020523
28,24,11,1,16,6,3,0,7,0,0,1,0,0,0,0,0,14.203959,51.030433
28,25,2,3,9,2,3,0,7,0,0,1,0,0,0,0,0,14.21888,51.026516
28,25,2,20,13,5,3,3,6,0,0,1,0,0,0,0,1,14.171322,51.034929
28,25,3,6,10,5,2,0,7,0,0,1,0,0,0,0,0,14.20437,51.06887
28,25,4,1,14,3,3,8,7,0,0,1,0,0,0,0,0,14.173014,51.055524
28,25,4,3,8,5,2,0,7,0,0,1,0,0,0,0,0,14.179555,51.025069
28,25,6,3,16,3,2,0,1,0,0,1,0,0,0,0,0,14.21276,51.027024