UKREIS,UJAHR,UMONAT,UTAG,USTUNDE,UWOCHENTAG,UKATEGORIE,UART,UTYP,LICHT,USTRZUSTAND,IstRad,IstPKW,IstFuss,IstKrad,IstGkfz,IstSonstige,@lon,@lat
28,25,6,4,19,4,3,1,5,2,0,1,1,0,0,0,0,14.204959,51.027761
28,25,7,3,15,5,3,0,1,0,1,1,0,0,0,0,0,14.211183,51.024919
28,25,7,10,19,5,2,1,5,0,0,1,1,0,0,0,0,14.215191,51.022371
28,25,7,27,17,1,3,0,1,0,0,1,0,0,0,0,0,14.219145,51.022046
28,25,9,12,13,6,3,5,3,0,0,1,1,0,0,0,0,14.211046,51.028507
28,25,10,3,12,6,3,2,6,0,0,1,1,0,0,0,0,14.231229,51.009053
28,25,10,10,16,6,2,0,1,0,1,1,0,0,0,0,0,14.172408,51.04942
28,25,10,23,7,5,2,5,3,2,1,1,1,0,0,0,0,14.202818,51.022612
28,25,12,18,8,5,2,0,1,0,2,1,0,0,0,0,0,14.218324,51.020698
28,16,2,1,5,2,3,5,3,2,1,1,1,0,0,0,0,13.931065,50.96042
28,16,2,1,14,2,2,0,7,0,0,1,0,0,0,0,0,13.957867,50.962386
28,16,2,2,19,3,2,2,6,2,0,1,1,0,0,0,0,13.938594,50.957938
28,16,3,2,15,4,3,0,7,0,0,1,0,0,0,0,0,13.937473,50.9602
28,16,3,3,16,5,3,6,7,0,0,1,0,1,0,0,0,13.936006,50.958927
28,16,3,7,9,2,3,6,4,0,0,1,0,1,0,0,0,13.934758,50.970629
28,16,4,1,7,6,3,5,2,0,0,1,1,0,0,0,0,13.933151,50.975624
28,16,4,1,13,6,3,5,2,0,0,1,1,0,0,0,0,13.926289,50.981753
28,16,4,4,7,2,3,5,2,0,0,1,1,0,0,0,0,13.94194,50.948203
28,16,4,7,17,5,3,4,2,0,1,1,0,0,0,0,0,13.937424,50.958452
28,16,5,1,14,1,2,3,6,0,0,1,0,0,0,0,0,13.93459,50.968042
28,16,5,3,7,3,3,5,3,0,0,1,0,0,0,0,1,13.907118,50.995405
28,16,5,3,16,3,3,5,3,0,0,1,1,0,0,0,0,13.941583,50.957694
28,16,5,5,16,5,3,5,3,0,1,1,1,0,0,0,0,13.933768,50.96196
28,16,5,5,18,5,3,0,1,0,0,1,1,0,0,0,0,13.945197,50.96325
28,16,5,5,21,5,3,0,1,2,0,1,0,0,0,0,0,13.929799,50.951865
28,16,5,6,16,6,2,3,2,0,0,1,1,0,0,0,0,13.934445,50.967322
28,16,5,7,12,7,2,0,1,0,0,1,0,0,0,0,0,13.954691,51.006396
28,16,6,1,17,4,3,5,3,0,0,1,1,0,0,0,0,13.908628,50.956945
28,16,6,1,20,4,3,5,3,1,0,1,1,0,0,0,0,13.9345,50.967567
28,16,6,2,6,5,3,5,3,0,1,1,1,0,0,0,0,13.929691,50.967823
28,16,6,2,14,5,3,0,7,0,0,1,0,0,0,0,0,13.944687,50.953594
28,16,6,2,15,5,3,5,2,0,0,1,1,0,0,0,0,13.957975,50.952754
28,16,6,2,18,5,3,0,1,0,0,1,0,0,0,0,0,13.938267,50.984167
28,16,6,3,13,6,3,5,3,0,0,1,1,0,0,0,0,13.939061,50.9598
28,16,6,5,10,1,3,5,2,0,0,1,1,0,0,0,0,13.931051,50.961072
28,16,6,5,11,1,3,5,3,0,0,1,1,0,0,0,0,13.911383,50.95658
28,16,6,5,12,1,3,4,6,0,0,1,1,0,0,0,0,13.968191,50.962355
28,16,6,6,14,2,3,5,3,0,0,1,1,0,0,0,0,13.940468,50.951603
28,16,7,2,17,7,3,0,1,0,0,1,0,0,0,0,0,13.923613,50.98535
28,16,7,3,11,1,3,4,6,0,0,1,0,0,0,0,0,13.907082,50.966057
28,16,7,3,16,1,3,4,6,0,0,1,0,0,0,0,0,13.93994,50.956865
28,16,7,6,12,4,3,5,3,0,0,1,1,0,0,0,0,13.924624,50.957588
28,16,7,6,17,4,3,5,3,0,0,1,1,0,0,0,0,13.926743,50.941181
28,16,8,1,7,2,3,5,3,0,0,1,1,0,0,0,0,13.93633,50.957869
28,16,8,1,16,2,2,4,6,0,0,1,0,0,0,0,0,13.937641,50.96415
28,16,8,1,18,2,3,0,1,0,0,1,0,0,0,0,0,13.935019,50.967357
28,16,8,2,11,3,3,6,6,0,1,1,0,1,0,0,0,13.939331,50.961183
28,16,8,2,16,3,3,6,7,0,0,1,0,1,0,0,0,13.938863,50.960823
28,16,8,2,19,3,3,8,5,1,0,1,0,0,0,0,1,13.945674,50.959746
28,16,8,2,22,3,2,8,1,2,0,1,0,0,0,0,0,13.951796,51.006271
28,16,8,3,8,4,3,5,3,0,0,1,1,0,0,0,0,13.92691,50.981323
28,16,8,4,11,5,3,5,3,0,0,1,1,0,0,0,0,13.940421,50.95171
28,16,8,6,17,7,3,5,3,0,0,1,1,0,0,0,0,13.934482,50.967488
28,16,9,1,10,5,3,6,4,0,0,1,0,1,0,0,0,13.958588,50.954516
28,16,9,1,15,5,3,2,6,0,0,1,1,0,0,0,0,13.903136,50.96691
28,16,9,1,18,5,2,5,2,0,0,1,1,0,0,0,0,13.934463,50.967405
28,16,9,2,12,6,3,6,6,0,0,1,0,1,0,0,0,13.943582,50.943036
28,16,9,3,17,7,3,0,1,0,0,1,1,0,0,0,0,13.929907,50.962015
28,16,9,5,7,2,3,5,3,0,0,1,1,0,0,0,0,13.934463,50.967405
28,16,9,5,8,2,3,5,2,0,0,1,1,0,0,0,0,13.947522,50.959567
28,16,9,7,7,4,3,0,6,0,0,1,0,0,0,0,1,13.949021,50.965925
28,16,10,1,18,7,3,5,3,0,0,1,1,0,0,0,0,13.924629,50.957588
28,16,10,4,17,3,3,5,3,1,0,1,0,0,0,0,0,13.933219,50.971842
28,16,10,7,10,6,2,0,1,0,1,1,0,0,0,0,0,13.93453,50.966831
28,16,10,7,11,6,3,3,6,0,0,1,1,0,0,0,0,13.975572,50.957334
28,16,11,1,12,3,3,0,6,0,1,1,0,0,0,0,1,13.931096,50.959442
28,16,11,2,16,4,3,5,3,1,0,1,1,0,0,0,0,13.927887,50.980761
28,16,11,2,17,4,3,6,4,2,1,1,0,1,0,0,0,13.931045,50.962343
28,16,11,3,5,5,2,5,2,2,1,1,1,0,0,0,0,13.931053,50.961111
28,16,11,3,15,5,3,5,2,0,0,1,1,0,0,0,0,13.930976,50.962312
28,16,11,3,17,5,2,5,3,2,0,1,1,0,0,0,0,13.93958,50.953647
28,16,12,1,16,5,3,6,6,0,0,1,0,1,0,0,0,13.938411,50.959675
28,16,12,2,18,6,3,5,3,2,1,1,1,0,0,0,0,13.936159,50.957863
28,16,12,5,8,2,3,5,3,0,0,1,1,0,0,0,0,13.939564,50.953629
28,16,12,5,10,2,3,0,7,0,0,1,1,0,0,0,0,13.934642,50.968364
28,17,1,26,15,5,3,5,3,0,1,1,1,0,0,0,0,13.934126,50.963884
28,17,2,13,10,2,3,1,5,0,0,1,0,0,0,0,1,13.935596,50.951626
28,17,2,16,8,5,3,5,3,0,0,1,1,0,0,0,0,13.928165,50.943238
28,17,2,17,17,6,3,0,1,0,1,1,0,0,0,0,0,13.929757,50.978886
28,17,2,19,9,1,3,5,3,0,0,1,1,0,0,0,0,13.939797,50.964153
28,17,2,23,22,5,3,5,3,2,0,1,1,0,0,0,0,13.942408,50.944231
28,17,2,24,9,6,3,3,6,0,0,1,1,0,0,0,0,13.936689,50.957882
28,17,2,24,10,6,3,5,3,0,0,1,1,0,0,0,0,13.940676,50.951129
28,17,3,6,15,2,3,2,2,0,1,1,1,0,0,0,0,13.923918,50.975957
28,17,3,10,6,6,3,5,3,0,1,1,1,0,0,0,0,13.940163,50.952296
28,17,3,13,5,2,3,7,1,1,0,1,0,0,0,0,0,13.94672,50.960318
28,17,3,27,16,2,3,5,3,0,0,1,1,0,0,0,0,13.953596,50.957285
28,17,3,31,7,6,3,5,2,0,0,1,1,0,0,0,0,13.913847,50.956692
28,17,4,6,16,5,3,4,2,0,0,1,1,0,0,0,0,13.934463,50.967405
28,17,4,7,20,6,3,5,2,2,1,1,1,0,0,0,0,13.936094,50.957861
28,17,4,9,16,1,3,0,7,0,0,1,0,0,0,0,0,13.934069,50.967433
28,17,4,11,7,3,3,5,3,0,0,1,1,0,0,0,0,13.937688,50.984956
28,17,4,18,10,3,3,5,3,0,0,1,0,0,0,0,0,13.943252,50.960402
28,17,5,4,14,5,3,3,2,0,0,1,1,0,0,0,0,13.937814,50.961252
28,17,5,6,22,7,3,5,3,2,0,1,1,0,0,0,0,13.934693,50.969779
28,17,5,9,19,3,2,5,2,0,0,1,1,0,0,0,0,13.918838,50.95721
28,17,5,10,7,4,3,0,7,0,0,1,1,0,0,0,0,13.93489,50.970846
28,17,5,11,16,5,2,4,6,0,0,1,0,0,0,0,0,13.919221,50.956341
28,17,5,14,15,1,3,5,2,0,0,1,1,0,0,0,0,13.948446,50.957938
28,17,6,1,21,5,3,0,1,1,0,1,0,0,0,0,0,13.934452,50.966473
28,17,6,6,8,3,3,5,3,0,0,1,0,0,0,0,1,13.931124,50.957438
28,17,6,6,16,3,3,5,3,0,0,1,1,0,0,0,0,13.943333,50.944226
28,17,6,10,9,7,2,5,3,0,0,1,1,0,0,0,0,13.927586,50.957646
28,17,6,14,18,4,3,1,2,0,0,1,1,0,0,0,0,13.939799,50.964125
28,17,6,16,15,6,2,6,4,0,0,1,0,1,0,0,0,13.939354,50.960915
28,17,6,19,9,2,3,5,3,0,0,1,1,0,0,0,0,13.932261,50.969451
28,17,6,29,19,5,2,3,6,0,0,1,1,0,0,0,0,13.942657,50.957711
28,17,6,30,18,6,3,5,2,0,0,1,1,0,0,0,0,13.954787,50.998357
28,17,7,18,10,3,3,2,2,0,0,1,1,0,0,0,0,13.934047,50.963768
28,17,7,18,22,3,2,0,1,2,0,1,0,0,0,0,0,13.957417,50.926862
28,17,7,21,12,6,2,0,2,0,0,1,1,0,0,0,0,13.93446,50.967392
28,17,7,21,14,6,3,0,7,0,1,1,0,0,0,0,1,13.905348,50.958834
28,17,7,24,11,2,3,5,2,0,0,1,1,0,0,0,0,13.932525,50.968102
28,17,7,26,13,4,3,0,1,0,0,1,0,0,0,0,0,13.931878,50.961072
28,17,7,26,16,4,3,8,1,0,1,1,0,0,0,0,0,13.93805,50.953294
28,17,8,15,16,3,2,5,3,0,0,1,0,0,1,0,0,13.910415,50.985439
28,17,9,5,11,3,3,0,7,0,0,1,0,0,0,0,0,13.924127,50.975827
28,17,9,6,18,4,3,0,1,1,1,1,0,0,0,0,0,13.943273,50.960396
28,17,9,8,18,6,3,5,2,0,0,1,1,0,0,0,0,13.947524,50.959562
28,17,9,12,14,3,2,6,4,0,0,1,0,1,0,0,0,13.939055,50.959639
28,17,9,13,10,4,3,5,2,0,1,1,1,0,0,0,0,13.940737,50.964192
28,17,9,14,5,5,3,5,3,2,1,1,1,0,0,0,0,13.941237,50.974914
28,17,9,17,17,1,2,0,7,0,0,1,0,0,0,0,0,13.953675,50.965807
28,17,9,19,9,3,3,6,1,0,0,1,0,1,0,0,0,13.939055,50.959562
28,17,9,27,16,4,3,5,3,0,0,1,1,0,0,0,0,13.906664,50.958909
28,17,9,28,14,5,3,5,3,0,0,1,1,0,0,0,0,13.924069,50.976039
28,17,9,29,16,6,3,8,1,0,0,1,0,0,0,0,0,13.905308,50.958841
28,17,10,4,17,4,3,5,3,0,0,1,1,0,0,0,0,13.934468,50.967425
28,17,10,13,13,6,3,5,3,0,0,1,1,0,0,0,0,13.939751,50.963526
28,17,10,20,7,6,2,5,3,1,0,1,1,0,0,0,0,13.94145,50.957694
28,17,10,25,12,4,3,5,2,0,0,1,0,0,0,0,1,13.932547,50.957206
28,17,10,27,14,6,2,5,3,0,1,1,1,0,0,0,0,13.935881,50.974146
28,17,11,10,21,6,2,0,1,2,1,1,0,0,0,0,0,13.938956,50.973421
28,17,11,16,15,5,3,9,3,0,0,1,0,0,0,0,1,13.943883,50.960299
28,17,11,24,7,6,3,5,3,0,0,1,0,0,0,0,1,13.93906,50.959796
28,17,12,6,14,4,3,5,3,0,0,1,1,0,0,0,0,13.934042,50.963761
28,17,12,6,19,4,3,0,7,2,0,1,0,0,0,0,0,13.94553,50.96354
28,17,12,11,13,2,3,5,2,0,1,1,1,0,0,0,0,13.939057,50.959764
28,17,12,13,16,4,2,4,2,1,0,1,1,0,0,0,0,13.931124,50.957426
28,17,12,22,11,6,3,5,3,0,1,1,1,0,0,0,0,13.934642,50.955156
28,18,1,1,7,2,3,5,3,2,0,1,0,0,0,0,1,13.934435,50.967411
28,18,2,2,19,6,3,0,1,2,0,1,0,0,0,0,0,13.943552,50.96192
28,18,3,1,8,5,3,0,1,0,1,1,0,0,0,0,0,13.956102,50.99676
28,18,3,5,16,2,2,5,3,0,0,1,0,0,0,0,1,13.942037,50.947992
28,18,3,6,7,3,3,5,2,0,0,1,0,0,0,0,1,13.930929,50.977628
28,18,4,1,13,1,3,3,6,0,0,1,0,0,0,0,1,13.917764,51.000099
28,18,4,3,7,3,2,5,3,0,1,1,0,0,0,0,0,13.958276,50.953753
28,18,4,3,13,3,2,0,5,0,0,1,1,0,0,0,0,13.942953,50.960473
28,18,4,5,16,5,3,5,2,0,0,1,1,0,0,0,0,13.947849,50.958962
28,18,4,6,14,6,2,0,1,0,0,1,0,0,0,0,0,13.932616,50.95948
28,18,5,1,10,3,1,3,3,0,0,1,0,0,0,1,0,13.929061,50.980115
28,18,5,2,11,4,3,0,1,0,0,1,0,0,0,0,0,13.925173,50.966612
28,18,5,2,18,4,3,0,1,0,0,1,0,0,0,0,0,13.938457,50.959676
28,18,5,3,17,5,3,3,6,0,0,1,0,0,1,0,0,13.909941,50.96614
28,18,5,3,17,5,2,5,2,0,0,1,0,0,0,0,0,13.924249,50.975752
28,18,5,4,11,6,3,0,1,0,0,1,0,0,0,0,0,13.942098,50.947857
28,18,5,4,15,6,3,5,3,0,0,1,1,0,0,0,0,13.935918,50.954049
28,18,5,5,14,7,3,0,3,0,0,1,1,0,0,0,0,13.923741,50.957539
28,18,5,5,14,7,3,4,6,0,0,1,0,0,0,0,1,13.993812,50.949051
28,18,5,5,15,7,3,4,2,0,0,1,1,0,0,0,0,13.926559,50.981543
28,18,5,6,16,1,3,0,1,0,0,1,0,0,0,0,0,13.935308,50.967332
28,18,6,2,10,7,3,0,7,0,0,1,0,0,0,0,0,13.933044,50.962978
28,18,6,3,11,1,3,0,1,0,0,1,0,0,0,0,0,13.931098,50.958523
28,18,6,5,10,3,3,5,3,0,0,1,1,0,0,0,0,13.924633,50.957589
28,18,6,6,9,4,3,5,3,0,0,1,0,0,0,0,1,13.936166,50.953831
28,18,6,6,14,4,2,0,1,0,0,1,0,0,0,0,0,13.931093,50.958696
28,18,6,7,12,5,3,5,3,0,0,1,1,0,0,0,0,13.92462,50.957588
28,18,7,1,14,1,3,5,3,0,0,1,1,0,0,0,0,13.910828,51.000373
28,18,7,3,8,3,2,4,1,0,0,1,0,0,0,0,0,13.91889,50.957096
28,18,7,3,12,3,3,5,3,0,0,1,1,0,0,0,0,13.927729,50.957647
28,18,7,3,19,3,2,5,2,0,0,1,1,0,0,0,0,13.934801,50.970699
28,18,7,4,12,4,3,0,1,0,0,1,0,0,0,0,0,13.931062,50.960534
28,18,7,4,15,4,3,4,3,0,0,1,1,0,0,0,0,13.9089,50.958695
28,18,7,4,18,4,3,0,1,0,1,1,0,0,0,0,0,13.934817,50.950675
28,18,7,6,9,6,3,5,3,0,0,1,1,0,0,0,0,13.941019,50.950351
28,18,7,6,14,6,2,0,1,0,1,1,0,0,0,0,0,13.944471,50.95617
28,18,7,6,15,6,3,5,2,0,0,1,0,0,0,1,0,13.908856,50.959006
28,18,7,6,18,6,3,1,5,0,0,1,1,0,0,0,0,13.932702,50.951091
28,18,8,1,12,4,3,5,3,0,0,1,1,0,0,0,0,13.904939,50.966051
28,18,8,1,12,4,2,5,3,0,0,1,0,0,0,0,0,13.934455,50.967368
28,18,8,1,13,4,3,0,1,0,0,1,0,0,0,0,0,13.945308,50.93783
28,18,8,2,8,5,3,4,2,0,1,1,1,0,0,0,0,13.931053,50.961109
28,18,8,3,14,6,3,6,7,0,0,1,0,1,0,0,0,13.9445,50.939883
28,18,8,4,11,7,3,0,7,0,0,1,0,0,0,0,1,13.937611,50.967172
28,18,8,4,14,7,2,0,4,0,0,1,0,1,0,0,0,13.954912,50.965235
28,18,8,5,11,1,3,0,1,0,0,1,0,0,0,0,0,13.932749,50.967952
28,18,8,5,16,1,3,3,2,0,0,1,1,0,0,0,0,13.941598,50.948979
28,18,9,2,17,1,3,6,7,0,0,1,0,1,0,0,0,13.944523,50.96164
28,18,9,3,6,2,3,0,2,0,0,1,0,0,0,0,1,13.916579,50.956893
28,18,9,4,15,3,2,5,3,0,0,1,0,0,0,0,1,13.939716,50.964181
28,18,9,5,13,4,2,6,4,0,0,1,0,1,0,0,0,13.939076,50.959959
28,18,9,5,16,4,3,5,3,0,0,1,0,0,1,0,0,13.931095,50.959446
28,18,9,5,18,4,2,5,3,1,0,1,1,0,0,0,0,13.934009,50.963717
28,18,9,6,20,5,3,5,3,2,0,1,1,0,0,0,0,13.913691,50.956685
28,18,9,7,12,6,3,5,3,0,0,1,1,0,0,0,0,13.935595,50.951624
28,18,10,1,9,2,3,0,1,0,1,1,0,0,0,0,1,13.93378,50.961009
28,18,10,1,11,2,3,5,2,0,0,1,1,0,0,0,0,13.927887,50.980761
28,18,10,1,14,2,3,3,6,0,1,1,0,0,0,1,0,13.944271,50.94069
28,18,10,4,17,5,2,8,1,0,0,1,0,0,0,0,0,13.933582,50.963337
28,18,11,1,7,5,3,0,2,0,0,1,1,0,0,0,0,13.939731,50.953169
28,18,11,1,13,5,2,5,1,0,0,1,1,0,0,0,0,13.917766,50.966354
28,18,11,2,16,6,3,5,2,2,0,1,1,0,0,0,0,13.925282,50.93464
28,18,11,5,10,2,3,5,3,0,0,1,1,0,0,0,0,13.939537,50.953597
28,18,11,5,11,2,3,1,1,0,0,1,1,0,0,0,0,13.936163,50.974791
28,18,12,4,6,3,3,2,2,2,1,1,1,0,0,0,0,13.94394,50.94187
28,19,2,3,16,1,3,7,7,0,0,1,0,0,0,0,0,13.970796,50.915614
28,19,3,1,23,6,2,0,1,2,0,1,0,0,0,0,0,13.929671,50.969218
28,19,3,4,13,2,3,5,3,0,1,1,1,0,0,0,0,13.936648,50.953161
28,19,4,1,14,2,2,5,2,0,0,1,1,0,0,0,0,13.932261,50.969449
28,19,4,2,15,3,3,0,1,0,0,1,0,0,0,0,0,13.934458,50.967379
28,19,4,2,17,3,3,0,1,0,0,1,0,0,0,0,0,13.931834,50.961076
28,19,4,4,14,5,2,5,2,0,0,1,0,0,1,0,0,13.90845,50.956847
28,19,4,6,14,7,3,5,2,0,0,1,1,0,0,0,0,13.916132,50.956793
28,19,5,1,17,4,3,4,6,0,0,1,1,0,0,0,0,13.956685,50.998153
28,19,5,2,6,5,3,5,3,0,1,1,1,0,0,0,0,13.933097,50.948788
28,19,5,2,7,5,3,0,1,0,1,1,0,0,0,0,0,13.931074,50.960138
28,19,5,2,17,5,2,5,2,0,0,1,0,0,0,0,1,13.934735,50.968883
28,19,5,3,15,6,3,0,6,0,0,1,0,0,0,0,1,13.950591,50.957663
28,19,5,3,20,6,3,0,7,0,0,1,0,0,0,0,0,13.923862,50.975991
28,19,5,7,6,3,2,5,3,0,0,1,1,0,0,0,0,13.934463,50.967405
28,19,6,1,22,7,3,5,3,2,0,1,0,0,1,0,0,13.936255,50.957866
28,19,6,2,15,1,3,7,1,0,0,1,0,0,0,0,0,13.949832,50.931381
28,19,6,2,17,1,3,6,6,0,0,1,0,1,0,0,0,13.948646,50.964046
28,19,6,3,12,2,3,5,2,0,0,1,1,0,0,0,0,13.936604,50.953096
28,19,6,3,20,2,3,8,3,1,0,1,1,0,0,0,0,13.933262,50.971845
28,19,6,5,13,4,2,6,4,0,0,1,0,1,0,0,0,13.944665,50.939318
28,19,6,7,14,6,3,5,7,0,0,1,1,0,0,0,0,13.940415,50.951722
28,19,6,7,18,6,3,0,7,0,0,1,1,0,0,0,0,13.938201,50.959673
28,19,7,1,14,2,3,5,3,0,0,1,1,0,0,0,0,13.888562,50.977133
28,19,7,2,11,3,3,5,3,0,0,1,0,0,0,0,0,13.932958,50.948664
28,19,7,3,6,4,3,0,1,0,0,1,0,0,0,0,0,13.932333,50.96308
28,19,7,3,14,4,3,0,1,0,0,1,0,0,0,0,0,13.912858,50.956648
28,19,7,3,15,4,3,5,3,0,0,1,1,0,0,0,0,13.932653,50.962595
28,19,7,4,9,5,3,0,1,0,0,1,0,0,0,0,0,13.933023,50.957735
28,19,8,2,14,6,3,1,5,0,0,1,1,0,0,0,0,13.903961,50.956523
28,19,8,2,20,6,3,1,5,2,0,1,1,0,0,0,0,13.93433,50.961969
28,19,8,4,15,1,3,2,6,0,0,1,1,0,0,0,0,13.94972,50.977766
28,19,8,5,16,2,3,0,1,0,0,1,0,0,0,0,0,13.935834,50.974743
28,19,8,5,18,2,3,5,3,0,0,1,1,0,0,0,0,13.943334,50.944191
28,19,8,6,16,3,3,3,6,0,0,1,1,0,0,0,0,13.930854,50.979014
28,19,8,6,16,3,3,1,5,0,0,1,1,0,0,0,0,13.933174,50.95744
28,19,8,6,17,3,3,5,3,0,0,1,1,0,0,0,0,13.939566,50.953677
28,19,8,7,17,4,3,5,3,0,0,1,1,0,0,0,0,13.938299,50.95793
28,19,9,2,13,2,3,0,1,0,0,1,0,0,0,0,0,13.932522,50.960996
28,19,9,4,15,4,3,5,3,0,0,1,1,0,0,0,0,13.939057,50.958599
28,19,9,5,10,5,2,2,6,0,0,1,1,0,0,0,0,13.97267,50.950866
28,19,9,5,14,5,3,5,2,0,0,1,1,0,0,0,0,13.933491,50.966773
28,19,9,6,11,6,3,3,6,0,0,1,1,0,0,0,0,13.944795,50.956964
28,19,9,7,16,7,3,8,1,0,0,1,0,0,0,0,0,13.951747,51.00627
28,19,10,3,15,5,3,6,6,0,0,1,0,1,0,0,0,13.93991,50.957334
28,19,10,6,13,1,3,0,1,0,0,1,0,0,0,0,0,13.935157,50.967302
28,19,11,2,17,7,3,6,4,2,0,1,0,1,0,0,0,13.954724,50.965274
28,19,11,5,11,3,3,5,3,0,0,1,1,0,0,0,0,13.934467,50.967423
28,19,11,6,11,4,3,0,7,0,0,1,0,0,0,0,0,13.934455,50.965583
28,19,11,6,12,4,3,5,3,0,1,1,1,0,0,0,0,13.931515,50.972296
28,19,11,7,16,5,3,0,1,1,0,1,0,0,0,0,0,13.931094,50.95948
28,19,12,1,12,1,3,0,1,0,1,1,0,0,0,0,0,13.927238,50.969087
28,19,12,2,7,2,3,0,1,2,1,1,0,0,0,0,0,13.959199,50.956282
28,19,12,3,9,3,3,3,6,0,0,1,1,0,0,0,0,13.904584,50.966115
28,19,12,3,15,3,3,5,3,0,0,1,1,0,0,0,0,13.920738,50.966866
28,20,1,2,15,5,2,5,3,0,0,1,1,0,0,0,0,13.927995,50.942994
28,20,1,17,8,6,3,0,1,2,2,1,0,0,0,0,0,13.937988,50.971958
28,20,1,31,7,6,3,5,3,1,1,1,1,0,0,0,0,13.938417,50.953316
28,20,2,22,12,7,3,5,3,0,0,1,1,0,0,0,0,13.927834,50.952009
28,20,2,24,7,2,3,5,3,0,0,1,1,0,0,0,0,13.936243,50.98988
28,20,2,25,15,3,3,5,3,0,0,1,1,0,0,0,0,13.936329,50.957869
28,20,2,26,16,4,3,5,3,0,0,1,1,0,0,0,0,13.934662,50.968477
28,20,3,3,14,3,3,5,3,0,1,1,0,0,0,1,0,13.93447,50.967434
28,20,3,4,10,4,3,5,3,0,0,1,1,0,0,0,0,13.940608,50.951284
28,20,3,5,9,5,3,5,3,0,0,1,1,0,0,0,0,13.937394,50.959612
28,20,3,10,13,3,2,5,3,0,0,1,1,0,0,0,0,13.913804,50.95669
28,20,3,25,9,4,2,0,1,0,0,1,0,0,0,0,0,13.940277,50.964189
28,20,4,6,16,2,3,2,6,0,0,1,0,0,0,0,0,13.929356,50.964384
28,20,4,8,16,4,3,0,1,0,0,1,0,0,0,0,0,13.942765,50.966644
28,20,4,21,7,3,3,4,2,0,0,1,1,0,0,0,0,13.931217,50.957387
28,20,4,24,12,6,3,5,3,0,0,1,1,0,0,0,0,13.932592,50.962629
28,20,4,30,11,5,2,8,7,0,0,1,0,0,0,0,0,13.890628,50.981829
28,20,5,1,0,6,3,0,1,2,0,1,0,0,0,0,0,13.965792,50.924916
28,20,5,9,16,7,3,9,1,0,0,1,0,0,0,0,0,13.948975,50.963365
28,20,5,11,9,2,3,5,3,0,1,1,1,0,0,0,0,13.944564,50.963194
28,20,5,23,14,7,3,4,4,0,1,1,0,1,0,0,0,13.948995,50.964065
28,20,5,29,6,6,3,5,3,0,0,1,0,0,0,0,1,13.924253,50.937936
28,20,5,29,8,6,3,0,1,0,0,1,0,0,0,0,0,13.92692,50.969976
28,20,6,4,16,5,3,0,7,0,0,1,0,0,0,0,0,13.924641,50.958043
28,20,6,5,11,6,3,5,3,0,0,1,1,0,0,0,0,13.939547,50.953595
28,20,6,7,0,1,3,0,1,2,0,1,0,0,0,0,0,13.934344,50.950788
28,20,6,11,9,5,3,1,5,0,0,1,0,0,0,0,1,13.93516,50.961984
28,20,6,15,10,2,3,5,3,0,0,1,1,0,0,0,0,13.938109,50.959672
28,20,6,15,18,2,2,0,1,0,0,1,0,0,0,0,0,13.941101,50.974823
28,20,6,24,10,4,3,5,2,0,0,1,1,0,0,0,0,13.947918,50.958839
28,20,6,25,15,5,3,2,6,0,0,1,1,0,0,0,0,13.944641,50.956597
28,20,6,27,0,7,3,0,1,2,0,1,0,0,0,0,0,13.943987,50.941703
28,20,6,27,18,7,2,0,1,0,0,1,0,0,0,0,0,13.917856,50.957073
28,20,7,2,16,5,3,0,7,0,0,1,0,0,0,0,0,13.945058,50.958067
28,20,7,7,16,3,3,5,3,0,0,1,1,0,0,0,0,13.939057,50.958583
28,20,7,10,19,6,3,5,3,0,0,1,1,0,0,0,0,13.92145,50.966458
28,20,7,12,18,1,2,5,2,0,0,1,1,0,0,0,0,13.907118,50.995405
28,20,7,13,15,2,3,2,6,0,0,1,1,0,0,0,0,13.948237,50.958288
28,20,7,13,16,2,3,5,2,0,0,1,1,0,0,0,0,13.930328,50.97937
28,20,7,14,19,3,3,5,3,0,0,1,1,0,0,0,0,13.888561,50.977137
28,20,7,20,17,2,3,0,1,0,0,1,0,0,0,0,0,13.946891,50.937628
28,20,7,21,5,3,3,4,6,0,0,1,0,0,0,0,0,13.934459,50.967385
28,20,7,25,9,7,3,0,1,0,0,1,0,0,0,0,0,13.962166,50.963887
28,20,7,25,14,7,2,7,7,0,0,1,0,0,0,0,0,13.934016,50.995169
28,20,8,5,13,4,3,5,3,0,0,1,0,0,0,0,0,13.939558,50.964185
28,20,8,15,17,7,3,6,4,0,0,1,0,1,0,0,0,13.93308,50.953328
28,20,8,20,13,5,3,5,3,0,0,1,1,0,0,0,0,13.939763,50.955477
28,20,8,22,10,7,2,0,7,0,0,1,0,0,0,0,0,13.939986,50.952699
28,20,8,23,15,1,3,5,2,0,0,1,1,0,0,0,0,13.934461,50.967396
28,20,8,25,8,3,3,5,3,0,0,1,1,0,0,0,0,13.939795,50.964175
28,20,8,26,15,4,2,5,3,0,0,1,0,0,0,0,1,13.936594,50.953081
28,20,9,11,8,6,3,5,3,0,0,1,1,0,0,0,0,13.940423,50.951704
28,20,9,14,17,2,3,0,1,0,0,1,0,0,0,0,0,13.944927,50.953645
28,20,9,22,7,3,3,5,2,0,0,1,1,0,0,0,0,13.932258,50.969466
28,20,9,22,14,3,2,0,7,0,0,1,0,0,0,0,0,13.940253,50.963018
28,20,9,23,19,4,2,0,1,2,1,1,0,0,0,0,0,13.931334,50.973287
28,20,9,25,12,6,3,0,3,0,1,1,0,0,0,0,1,13.94388,50.960299