UKREIS,UJAHR,UMONAT,UTAG,USTUNDE,UWOCHENTAG,UKATEGORIE,UART,UTYP,LICHT,USTRZUSTAND,IstRad,IstPKW,IstFuss,IstKrad,IstGkfz,IstSonstige,@lon,@lat
28,20,9,30,18,4,3,5,3,0,0,1,1,0,0,0,0,13.934038,50.963756
28,20,10,4,14,1,3,6,4,0,0,1,0,1,0,0,0,13.941074,50.962234
28,20,10,6,19,3,3,0,1,2,0,1,0,0,0,0,0,13.935764,50.973891
28,20,10,10,14,7,3,0,1,0,1,1,0,0,0,0,0,13.935601,50.967308
28,20,10,16,9,6,3,5,3,0,1,1,1,0,0,0,0,13.927945,50.98073
28,20,10,21,13,4,3,0,1,0,0,1,0,0,0,0,0,13.885725,50.980111
28,20,10,28,16,4,3,5,2,0,0,1,1,0,0,0,0,13.922112,50.966478
28,20,11,1,9,1,3,0,7,0,1,1,0,0,0,0,0,13.930751,50.96195
28,20,11,24,7,3,3,5,3,0,0,1,1,0,0,0,0,13.93447,50.967433
28,20,12,1,16,3,3,0,7,0,1,1,0,0,0,0,0,13.93357,50.959516
28,20,12,16,16,4,2,0,1,2,1,1,0,0,0,0,0,13.957987,50.962731
28,20,12,18,12,6,3,0,1,0,1,1,0,0,0,0,0,13.956449,50.960437
28,21,1,2,10,7,3,0,1,0,0,1,0,0,0,0,0,13.944659,50.955855
28,21,1,14,17,5,2,5,3,2,1,1,1,0,0,0,0,13.908721,50.959013
28,21,2,23,5,3,3,5,3,2,0,1,1,0,0,0,0,13.920774,50.966438
28,21,2,25,12,5,3,8,1,0,0,1,0,0,0,0,0,13.927815,50.95116
28,21,2,28,17,1,3,5,3,0,0,1,1,0,0,0,0,13.914865,51.00015
28,21,3,1,15,2,3,5,3,0,0,1,1,0,0,0,0,13.934469,50.967429
28,21,3,25,7,5,2,5,3,0,0,1,0,0,0,0,0,13.941967,50.960803
28,21,4,14,7,4,3,0,1,0,0,1,0,0,0,0,0,13.944128,50.9412
28,21,4,14,9,4,3,0,7,0,0,1,0,0,0,0,0,13.940165,50.96185
28,21,4,17,15,7,3,7,7,0,0,1,0,1,0,0,0,13.888495,50.981141
28,21,4,22,15,5,3,5,3,0,0,1,1,0,0,0,0,13.936271,50.957867
28,21,4,30,18,6,2,0,7,0,0,1,0,0,0,0,0,13.94292,50.948772
28,21,5,9,14,1,2,0,1,0,0,1,0,0,0,0,0,13.941761,50.963406
28,21,5,10,12,2,3,1,5,0,0,1,1,0,0,0,0,13.953916,50.95574
28,21,5,18,18,3,3,0,6,0,0,1,1,0,0,0,0,14.005708,50.94415
28,21,5,22,15,7,3,0,1,0,0,1,0,0,0,0,0,13.945089,50.958165
28,21,5,24,15,2,3,0,1,0,0,1,0,0,0,0,0,13.932367,50.956795
28,21,5,26,10,4,2,5,3,0,0,1,1,0,0,0,0,13.932263,50.969445
28,21,6,1,16,3,3,0,1,0,0,1,0,0,0,0,0,13.932859,50.956947
28,21,6,4,8,6,3,0,3,0,0,1,1,0,0,0,0,13.932603,50.962633
28,21,6,7,17,2,3,0,2,0,0,1,0,0,1,0,0,13.934463,50.967405
28,21,6,10,15,5,3,8,1,0,0,1,0,0,0,0,0,13.941349,50.9496
28,21,6,12,12,7,3,2,7,0,0,1,0,0,0,0,0,13.961957,50.961957
28,21,6,15,16,3,3,5,3,0,0,1,1,0,0,0,0,13.949579,50.981323
28,21,6,17,15,5,3,0,1,0,0,1,0,0,0,0,0,13.989278,50.948031
28,21,6,19,8,7,3,0,7,0,0,1,0,0,0,0,0,13.931844,50.95728
28,21,6,20,11,1,2,0,1,0,0,1,0,0,0,0,0,13.964115,50.963528
28,21,6,21,22,2,3,0,1,2,0,1,0,0,0,0,0,13.934138,50.971029
28,21,6,29,5,3,3,5,3,1,0,1,0,0,0,0,0,13.934602,50.968117
28,21,6,30,7,4,3,0,7,0,1,1,0,0,0,0,0,13.941882,50.964102
28,21,7,2,17,6,3,0,5,0,0,1,1,0,0,0,0,13.941977,50.958599
28,21,7,4,11,1,3,4,6,0,0,1,0,0,0,0,0,13.996671,50.947364
28,21,7,5,6,2,3,4,1,0,0,1,0,0,0,0,0,13.918891,50.957218
28,21,7,5,15,2,3,0,1,0,0,1,0,0,0,0,0,13.921724,50.969398
28,21,7,12,13,2,3,0,1,0,0,1,0,0,0,0,0,13.936579,50.964007
28,21,7,13,15,3,3,5,2,0,0,1,1,0,0,0,0,13.934463,50.967405
28,21,7,14,6,4,2,5,2,0,0,1,0,0,0,0,1,13.923846,50.937797
28,21,7,17,11,7,3,5,2,0,1,1,1,0,0,0,0,13.932181,50.969458
28,21,7,20,11,3,2,5,3,0,0,1,1,0,0,0,0,13.935421,50.957805
28,21,7,26,6,2,2,4,2,0,0,1,1,0,0,0,0,13.945338,50.958854
28,21,7,28,12,4,2,5,3,0,0,1,1,0,0,0,0,13.930759,50.961909
28,21,8,8,18,1,3,5,2,0,0,1,1,0,0,0,0,13.934463,50.967405
28,21,8,12,13,5,3,0,1,0,0,1,0,0,0,0,0,13.931113,50.978571
28,21,8,16,15,2,2,0,1,0,0,1,0,0,0,0,0,13.94281,50.946299
28,21,9,6,18,2,3,5,3,0,0,1,1,0,0,0,0,13.923572,50.957541
28,21,9,8,15,4,3,3,6,0,0,1,1,0,0,0,0,13.935074,50.950948
28,21,9,9,17,5,3,6,6,0,0,1,0,1,0,0,0,13.948995,50.964065
28,21,9,11,17,7,3,2,7,0,1,1,0,0,0,0,0,13.934675,50.969864
28,21,9,14,10,3,3,0,7,0,0,1,0,0,0,0,0,13.940692,50.964192
28,21,9,18,8,7,3,0,1,0,0,1,0,0,0,0,0,13.921011,50.988795
28,21,9,21,9,3,3,0,6,0,0,1,1,0,0,0,0,13.907034,50.995488
28,21,9,24,16,6,3,5,3,0,0,1,1,0,0,0,0,13.931121,50.957712
28,21,10,19,15,3,3,5,3,0,0,1,1,0,0,0,0,13.906664,50.958912
28,21,10,20,14,4,3,0,7,0,0,1,0,0,0,0,0,13.990949,50.950262
28,21,10,31,18,1,3,0,1,2,0,1,0,0,0,0,0,13.936216,50.953787
28,21,11,26,20,6,3,0,1,2,0,1,0,0,0,0,0,13.939305,50.954726
28,21,11,26,21,6,3,0,1,2,0,1,0,0,0,0,0,13.936211,50.953792
28,21,11,28,16,1,3,5,3,2,0,1,1,0,0,0,0,13.933532,50.966752
28,21,12,1,13,4,3,0,3,0,0,1,1,0,0,0,0,13.945637,50.937301
28,21,12,7,7,3,3,5,3,1,0,1,0,0,0,0,1,13.935129,50.984876
28,21,12,20,7,2,3,0,1,2,2,1,0,0,0,0,0,13.933271,50.975559
28,21,12,27,5,2,3,0,3,2,1,1,1,0,0,0,0,13.943891,50.960299
28,22,1,6,9,5,3,5,2,0,0,1,1,0,0,0,0,13.932684,50.968022
28,22,1,6,15,5,3,1,7,0,0,1,1,0,0,0,0,13.904239,50.956493
28,22,2,9,14,4,3,5,3,0,0,1,1,0,0,0,0,13.936679,50.953157
28,22,2,9,15,4,2,0,1,0,0,1,0,0,0,0,0,13.924107,50.993232
28,22,2,23,16,4,3,5,3,0,0,1,1,0,0,0,0,13.930758,50.961913
28,22,3,9,15,4,3,2,7,0,0,1,0,0,0,0,0,13.899762,50.960774
28,22,3,13,19,1,3,0,7,2,0,1,0,0,0,0,0,13.934007,50.963714
28,22,3,20,16,1,3,5,3,0,0,1,1,0,0,0,0,13.920774,50.966438
28,22,3,20,17,1,3,0,7,0,0,1,0,0,0,0,0,13.93622,50.963945
28,22,3,26,10,7,3,2,6,0,0,1,0,0,0,0,0,13.936618,50.953171
28,22,3,27,14,1,3,9,1,0,0,1,0,0,0,0,0,13.933296,50.957323
28,22,3,29,15,3,2,0,7,0,0,1,0,0,0,0,0,13.917733,50.966353
28,22,4,27,18,4,3,8,1,0,0,1,0,0,0,0,0,13.936113,50.963932
28,22,4,28,7,5,2,5,3,0,0,1,1,0,0,0,0,13.927293,50.981089
28,22,5,1,12,1,3,3,6,0,0,1,1,0,0,0,0,13.974506,50.957931
28,22,5,9,21,2,2,5,2,2,0,1,0,0,1,0,0,13.934795,50.970689
28,22,5,12,21,5,2,0,7,2,0,1,0,0,0,0,0,13.965793,50.925534
28,22,5,17,8,3,3,0,2,0,1,1,1,0,0,0,0,13.927542,50.955733
28,22,6,11,21,7,2,5,3,2,0,1,1,0,0,0,0,13.940618,50.951261
28,22,6,13,10,2,2,3,6,0,0,1,0,0,0,0,1,13.931052,50.961082
28,22,6,15,16,4,3,5,3,0,0,1,1,0,0,0,0,13.928326,50.980524
28,22,6,15,20,4,2,0,1,0,0,1,0,0,0,0,0,14.012113,50.944886
28,22,6,21,15,3,2,5,3,0,0,1,1,0,0,0,0,13.936154,50.957863
28,22,6,28,17,3,2,4,7,0,0,1,0,0,0,0,0,13.930999,50.962322
28,22,7,1,14,6,3,0,1,0,1,1,0,0,0,0,0,13.939724,50.963954
28,22,7,6,14,4,3,5,3,0,0,1,0,0,0,0,1,13.91542,50.959177
28,22,7,6,22,4,3,7,7,2,0,1,0,0,0,0,0,13.914676,50.951338
28,22,7,10,17,1,3,0,1,0,0,1,0,0,0,0,0,13.937093,50.96118
28,22,7,11,18,2,2,0,1,0,0,1,0,0,0,0,0,13.931048,50.961164
28,22,7,13,16,4,3,5,2,0,0,1,1,0,0,0,0,13.938438,50.953317
28,22,7,14,14,5,3,5,2,0,0,1,0,0,1,0,0,13.934501,50.967572
28,22,7,14,18,5,3,1,1,0,1,1,1,0,0,0,0,13.94629,50.960326
28,22,7,15,13,6,3,0,7,0,0,1,0,0,0,0,0,13.934719,50.969665
28,22,7,16,10,7,3,0,1,0,0,1,0,0,0,0,0,13.964939,50.961352
28,22,7,17,11,1,3,5,3,0,0,1,1,0,0,0,0,13.935107,50.984866
28,22,7,20,19,4,3,8,6,0,0,1,1,0,0,0,0,13.930958,50.97795
28,22,7,24,1,1,3,0,1,2,0,1,0,0,0,0,0,13.93991,50.963513
28,22,7,24,23,1,3,7,1,2,0,1,0,0,0,0,0,13.937711,50.950375
28,22,8,1,9,2,3,1,5,0,1,1,1,0,0,0,0,13.934866,50.970806
28,22,8,2,16,3,3,0,7,0,0,1,0,0,0,0,0,13.922832,50.969325
28,22,8,3,9,4,3,5,3,0,0,1,1,0,0,0,0,13.9423,50.959583
28,22,8,4,8,5,2,3,2,0,0,1,1,0,0,0,0,13.93446,50.967391
28,22,8,8,8,2,3,0,1,0,0,1,0,0,0,0,0,13.929245,51.003753
28,22,8,12,15,6,3,0,1,0,0,1,0,0,0,0,0,13.931085,50.978312
28,22,8,13,0,7,3,0,7,2,0,1,0,0,0,0,0,13.935644,50.972051
28,22,8,14,19,1,3,5,3,0,0,1,1,0,0,0,0,13.913596,50.996675
28,22,8,18,14,5,3,0,1,0,0,1,0,0,0,0,0,13.922197,50.966482
28,22,8,29,6,2,2,0,7,0,0,1,0,0,0,0,0,13.925147,50.958709
28,22,8,30,23,3,3,8,1,2,0,1,0,0,0,0,0,13.939224,50.980113
28,22,9,4,0,1,3,9,1,2,0,1,0,0,0,0,0,13.947226,50.96033
28,22,9,5,7,2,3,3,6,0,0,1,0,0,0,0,0,13.943147,50.960433
28,22,9,5,10,2,3,0,7,0,0,1,0,0,0,0,0,13.894803,50.983667
28,22,9,6,12,3,3,6,4,0,0,1,0,1,0,0,0,13.98726,50.952692
28,22,9,11,1,1,3,0,1,2,1,1,0,0,0,0,0,13.939887,50.952919
28,22,9,13,6,3,3,0,1,0,0,1,0,0,0,0,0,13.926955,50.969485
28,22,9,21,12,4,3,6,4,0,0,1,0,1,0,0,0,13.933133,50.961951
28,22,9,30,16,6,3,2,6,0,0,1,1,0,0,0,0,13.939057,50.958417
28,22,10,2,12,1,3,1,5,0,1,1,1,0,0,0,0,13.929193,50.978424
28,22,10,7,10,6,2,5,3,0,0,1,1,0,0,0,0,13.927183,50.981156
28,22,10,8,14,7,3,0,1,0,0,1,0,0,0,0,0,13.930748,50.96202
28,22,10,10,8,2,3,2,2,0,0,1,1,0,0,0,0,13.931057,50.957408
28,22,10,25,16,3,3,0,7,0,0,1,1,0,0,0,0,13.957378,50.951286
28,22,10,26,11,4,3,0,1,0,0,1,0,0,0,0,0,13.936289,50.957868
28,22,10,27,20,5,3,0,1,2,0,1,0,0,0,0,0,13.947145,50.960322
28,22,10,29,18,7,3,0,1,2,0,1,0,0,0,0,0,13.937414,50.959785
28,22,11,4,5,6,3,5,3,2,0,1,1,0,0,0,0,13.923698,50.957539
28,22,11,21,19,2,3,5,2,2,1,1,0,0,0,0,0,13.939354,50.960915
28,22,11,24,15,5,3,5,2,0,1,1,1,0,0,0,0,13.936115,50.957861
28,23,1,3,14,3,3,5,3,0,0,1,1,0,0,0,0,13.896204,50.958625
28,23,1,6,7,6,2,5,3,1,1,1,1,0,0,0,0,13.936888,50.953328
28,23,1,17,19,3,3,5,3,2,0,1,1,0,0,0,0,13.931093,50.959516
28,23,2,5,21,1,3,0,1,2,0,1,0,0,0,0,0,13.947033,50.935608
28,23,2,12,18,1,3,0,1,2,0,1,0,0,0,0,0,13.932859,50.956947
28,23,2,19,5,1,3,0,1,2,1,1,0,0,0,0,0,13.919785,50.957316
28,23,2,27,14,2,3,5,3,0,0,1,0,0,0,0,1,13.939038,50.980569
28,23,3,4,11,7,2,0,7,0,0,1,0,0,0,0,0,13.931898,50.962547
28,23,3,8,9,4,2,5,3,0,1,1,1,0,0,0,0,13.92758,50.955751
28,23,3,8,15,4,3,0,1,0,1,1,0,0,0,0,0,13.937538,50.960487
28,23,3,10,14,6,3,5,3,0,0,1,1,0,0,0,0,13.930753,50.96194
28,23,3,16,14,5,2,5,3,0,0,1,1,0,0,0,0,13.950515,50.934455
28,23,3,21,6,3,3,5,3,0,1,1,1,0,0,0,0,13.937927,50.961102
28,23,3,27,9,2,3,5,3,0,1,1,1,0,0,0,0,13.927183,50.981156
28,23,4,1,19,7,3,9,1,0,1,1,0,0,0,0,0,13.932173,50.964395
28,23,4,2,17,1,3,0,3,0,0,1,1,0,0,0,0,13.939057,50.959764
28,23,4,3,6,2,3,5,2,0,0,1,1,0,0,0,0,13.923836,50.937795
28,23,4,12,16,4,3,5,3,0,0,1,1,0,0,0,0,13.93377,50.967388
28,23,4,16,20,1,3,5,3,2,1,1,1,0,0,0,0,13.925276,50.983037
28,23,4,21,13,6,3,6,4,0,0,1,0,1,0,0,0,13.940444,50.951657
28,23,4,25,9,3,3,6,6,0,0,1,0,1,0,0,0,13.939344,50.96125
28,23,4,26,15,4,3,5,3,0,0,1,1,0,0,0,0,13.939566,50.964185
28,23,5,3,16,4,3,5,2,0,0,1,1,0,0,0,0,13.934463,50.967405
28,23,5,5,20,6,2,5,3,2,0,1,0,0,1,0,0,13.935317,50.971568
28,23,5,8,15,2,3,5,2,0,0,1,1,0,0,0,0,13.939057,50.958775
28,23,5,11,21,5,3,5,3,2,0,1,1,0,0,0,0,13.936141,50.957862
28,23,5,12,16,6,3,0,1,0,1,1,0,0,0,0,0,13.940406,50.953227
28,23,5,19,15,6,3,5,3,0,0,1,1,0,0,0,0,13.941771,50.948584
28,23,5,20,15,7,3,0,7,0,0,1,0,0,0,0,0,13.945933,50.960202
28,23,5,23,8,3,3,2,6,0,0,1,1,0,0,0,0,13.939778,50.955501
28,23,5,28,14,1,3,0,7,0,0,1,0,0,0,0,0,13.934208,50.964028
28,23,6,5,7,2,2,5,3,0,0,1,0,0,0,0,1,13.915393,50.959178
28,23,6,5,11,2,3,3,2,0,0,1,1,0,0,0,0,13.93103,50.959432
28,23,6,5,11,2,3,1,2,0,0,1,1,0,0,0,0,13.937791,50.961686
28,23,6,5,16,2,3,0,2,0,0,1,1,0,0,0,0,13.934463,50.967405
28,23,6,12,7,2,3,0,1,0,0,1,0,0,0,0,0,13.935622,50.958772
28,23,6,13,7,3,3,0,1,0,0,1,0,0,0,0,0,13.939698,50.963954
28,23,6,21,9,4,3,4,6,0,0,1,0,0,0,0,0,13.9187,50.957191
28,23,6,24,10,7,3,0,6,0,0,1,0,0,0,0,0,13.943328,50.966568
28,23,6,26,16,2,2,4,6,0,0,1,0,0,0,0,0,13.919214,50.956511
28,23,6,27,18,3,3,0,7,0,0,1,0,0,0,0,0,13.934759,50.969019
28,23,6,28,16,4,3,5,3,0,0,1,1,0,0,0,0,13.906664,50.958909
28,23,7,2,11,1,3,5,3,0,0,1,1,0,0,0,0,13.932969,50.948674
28,23,7,2,18,1,3,0,7,0,0,1,0,0,0,0,0,13.913105,50.931398
28,23,7,7,12,6,3,1,7,0,0,1,1,0,0,0,0,13.939932,50.957001
28,23,7,9,19,1,3,0,1,0,0,1,0,0,0,0,0,13.930441,50.954296
28,23,7,12,15,4,3,6,6,0,0,1,0,1,0,0,0,13.935511,50.963856
28,23,7,18,18,3,2,0,1,0,0,1,0,0,0,0,0,13.934455,50.967369
28,23,7,19,12,4,3,0,6,0,0,1,0,0,0,0,0,13.919776,50.972637
28,23,7,20,15,5,1,0,1,0,1,1,0,0,0,0,0,14.011982,50.944858
28,23,7,23,18,1,2,5,2,0,0,1,1,0,0,0,0,13.907191,50.995448
28,23,7,28,14,6,2,0,7,0,0,1,1,0,0,0,0,13.913035,50.991457
28,23,7,31,14,2,3,0,1,0,0,1,0,0,0,0,0,13.93465,50.969843
28,23,8,1,14,3,2,0,7,0,0,1,0,0,0,0,0,13.945196,50.953698
28,23,8,3,14,5,3,0,1,0,0,1,0,0,0,0,0,13.921712,50.937477
28,23,8,8,10,3,3,5,3,0,0,1,1,0,0,0,0,13.927987,50.942983
28,23,8,13,13,1,3,5,2,0,0,1,0,0,0,0,0,13.886202,50.981993
28,23,8,14,15,2,3,5,3,0,0,1,1,0,0,0,0,13.936571,50.961156
28,23,8,16,21,4,3,8,1,2,0,1,0,0,0,0,0,13.953498,50.966776
28,23,8,17,12,5,3,5,2,0,0,1,1,0,0,0,0,13.934463,50.967405
28,23,8,17,13,5,3,6,6,0,0,1,0,1,0,0,0,13.943033,50.960128
28,23,8,19,9,7,3,5,2,0,0,1,1,0,0,0,0,13.934463,50.967405
28,23,8,22,15,3,3,3,2,0,0,1,1,0,0,0,0,13.934463,50.967405
28,23,8,22,15,3,3,3,6,0,0,1,0,0,0,0,1,13.946643,50.960073
28,23,8,25,15,6,3,0,1,0,1,1,0,0,0,0,0,13.933824,50.984373
28,23,8,29,8,3,3,5,3,0,1,1,1,0,0,0,0,13.931517,50.972297
28,23,8,29,18,3,3,5,3,0,1,1,0,0,0,0,1,13.931601,50.972179
28,23,9,1,18,6,3,5,2,0,1,1,1,0,0,0,0,13.934461,50.967396
28,23,9,8,7,6,3,5,2,0,0,1,1,0,0,1,0,13.934463,50.967405
28,23,9,9,17,7,3,0,7,0,0,1,0,0,0,0,0,13.888564,50.977124
28,23,9,9,17,7,3,0,1,0,0,1,0,0,0,0,0,13.948465,50.957905
28,23,9,12,15,3,3,5,2,0,0,1,1,0,0,0,0,13.92753,50.955727
28,23,9,16,5,7,3,5,3,2,0,1,1,0,0,0,0,13.961643,50.924662
28,23,9,17,13,1,3,0,7,0,0,1,0,0,0,0,0,13.915093,50.966265
28,23,9,21,7,5,2,5,3,0,0,1,1,0,0,0,0,13.940422,50.951708
28,23,9,24,12,1,2,5,3,0,0,1,1,0,0,0,0,13.917808,50.966355
28,23,9,24,18,1,3,8,1,0,0,1,0,0,0,0,0,13.906831,50.958943
28,23,9,26,9,3,3,5,3,0,0,1,1,0,0,0,0,13.934192,50.964
28,23,9,26,13,3,3,5,3,0,0,1,1,0,0,0,0,13.930972,50.957397
28,23,9,28,11,5,3,5,3,0,0,1,1,0,0,0,0,13.935959,50.954013
28,23,9,29,13,6,3,0,1,0,0,1,0,0,0,0,1,13.936028,50.95222
28,23,10,1,12,1,3,3,6,0,0,1,0,0,0,0,1,13.929682,50.96642
28,23,10,2,5,2,3,5,2,2,0,1,1,0,0,0,0,13.931054,50.961097
28,23,10,5,13,5,3,5,3,0,0,1,1,0,0,0,0,13.907438,50.955894
28,23,10,23,16,2,3,3,6,0,0,1,1,0,0,0,0,13.99138,50.950127
28,23,11,7,9,3,3,3,2,0,0,1,0,0,0,0,1,13.934461,50.967396
28,23,11,12,14,1,3,0,1,0,0,1,0,0,0,0,0,13.959054,50.956076
28,23,11,13,8,2,3,5,3,0,0,1,1,0,0,0,0,13.939797,50.96415
28,23,11,16,10,5,3,0,1,0,1,1,0,0,0,0,0,13.936064,50.958135
28,23,11,28,6,3,3,4,2,1,1,1,1,0,0,0,0,13.931114,50.957872
28,23,12,5,9,3,2,0,1,0,2,1,0,0,0,0,0,13.911665,50.999404
28,24,1,4,15,5,3,3,2,0,1,1,1,0,0,0,0,13.935157,50.967303
28,24,1,26,7,6,3,6,7,2,0,1,0,1,0,0,0,13.928307,50.943752
28,24,1,29,14,2,3,5,3,0,0,1,1,0,0,0,0,13.931518,50.972297
28,24,2,5,6,2,3,2,6,2,1,1,1,0,0,0,0,13.945058,50.958065
28,24,2,21,9,4,3,3,2,0,0,1,0,0,1,0,0,13.930794,50.962166
28,24,2,22,14,5,3,2,2,0,0,1,1,0,0,0,0,13.935158,50.967304
28,24,2,22,16,5,3,5,3,0,0,1,0,0,0,0,0,13.927899,50.942858
28,24,2,25,14,1,2,0,1,0,0,1,0,0,0,0,0,13.939802,50.964084
28,24,2,29,6,5,3,0,1,0,0,1,1,0,0,0,0,13.941388,50.955964
28,24,3,5,17,3,2,5,3,0,1,1,1,0,0,0,0,13.936244,50.989886
28,24,3,8,18,6,2,0,7,2,0,1,0,0,0,0,0,13.942339,50.959392
28,24,3,14,17,5,3,0,1,0,0,1,0,0,0,0,0,13.904304,50.956487
28,24,3,19,10,3,3,5,3,0,0,1,1,0,0,0,0,13.9434,50.95923
28,24,3,21,7,5,3,3,6,0,0,1,1,0,0,0,0,13.944542,50.939711
28,24,3,23,19,7,3,8,1,2,1,1,0,0,0,0,0,13.888391,50.977786
28,24,4,6,17,7,3,7,7,0,0,1,0,1,0,0,0,13.924569,50.97555
28,24,4,30,15,3,2,8,7,0,0,1,0,0,0,0,0,13.91759,50.95887
28,24,5,1,11,4,3,0,1,0,0,1,0,0,0,0,0,13.946124,50.960302
28,24,5,6,14,2,3,0,2,0,1,1,1,0,0,0,0,13.934463,50.967405
28,24,5,6,15,2,3,5,2,0,1,1,1,0,0,0,0,13.932169,50.969457
28,24,5,6,17,2,3,0,1,0,1,1,0,0,0,0,0,13.961416,50.928574
28,24,5,9,17,5,3,0,1,0,0,1,0,0,0,0,0,13.934208,50.964028
28,24,5,10,13,6,3,0,1,0,0,1,0,0,0,0,0,13.927479,50.957645
28,24,5,12,15,1,3,8,7,0,0,1,0,0,0,0,0,13.929472,50.97383
28,24,5,15,17,4,3,0,1,0,0,1,0,0,0,0,0,13.944776,50.961599
28,24,5,20,15,2,2,9,1,0,0,1,0,0,0,0,0,13.953796,50.967975
28,24,5,23,7,5,3,5,3,0,0,1,1,0,0,0,0,13.940421,50.951708
28,24,5,27,16,2,3,5,3,0,0,1,0,0,1,0,0,13.93327,50.960983
28,24,6,3,9,2,3,8,6,0,0,1,1,0,0,0,0,13.977937,50.916309
28,24,6,8,17,7,3,0,7,0,0,1,0,0,0,0,0,13.945194,50.963686
28,24,6,12,7,4,2,5,2,0,0,1,0,0,1,0,0,13.939057,50.958452
28,24,6,19,6,4,3,5,3,0,1,1,0,0,0,0,0,13.944041,50.960595
28,24,6,19,11,4,3,5,3,0,0,1,1,0,0,0,0,13.932915,50.961948
28,24,6,29,14,7,3,4,6,0,0,1,0,0,0,0,0,13.919152,50.958756
28,24,7,1,11,2,3,5,3,0,0,1,1,0,0,0,0,13.930118,50.945666
28,24,7,1,13,2,2,0,7,0,1,1,0,0,0,1,0,13.937524,50.950498
28,24,7,5,13,6,3,5,3,0,0,1,1,0,0,0,0,13.93038,50.979336
28,24,7,5,16,6,2,5,3,0,0,1,1,0,0,0,0,13.934012,50.963721
28,24,7,15,15,2,3,0,1,0,0,1,0,0,0,0,0,13.939795,50.964175
28,24,7,17,14,4,2,3,6,0,0,1,0,0,0,0,0,13.923969,50.963423
28,24,7,21,13,1,2,5,2,0,0,1,1,0,0,0,0,13.937472,50.95791
28,24,7,26,12,6,3,0,7,0,1,1,0,0,0,0,1,13.941804,50.964203
28,24,8,3,12,7,3,3,2,0,0,1,1,0,0,0,0,13.924103,50.957564
28,24,8,6,14,3,3,1,5,0,0,1,1,0,0,0,0,13.970578,50.999526
28,24,8,6,18,3,3,0,1,0,0,1,0,0,0,0,0,13.944873,50.959658
28,24,8,7,12,4,3,5,3,0,0,1,1,0,0,0,0,13.927746,50.957647
28,24,8,7,17,4,3,0,7,0,1,1,0,0,0,0,0,13.930755,50.961929
28,24,8,13,8,3,3,4,2,0,0,1,1,0,0,0,0,13.945643,50.937291
28,24,8,15,5,5,3,5,2,1,0,1,1,0,0,0,0,13.943497,50.977207
28,24,8,16,21,6,3,0,1,2,0,1,0,0,0,0,0,13.938381,50.953315
28,24,8,21,7,4,3,5,7,0,0,1,1,0,0,0,0,13.94184,50.963865
28,24,8,21,11,4,3,5,3,0,0,1,1,0,0,0,0,13.939057,50.958452
28,24,8,22,15,5,3,5,3,0,0,1,1,0,0,0,0,13.940423,50.951705
28,24,8,23,12,6,2,4,6,0,0,1,1,0,0,0,0,13.988343,50.949445
28,24,8,24,13,7,3,5,2,0,0,1,0,0,0,0,0,13.888565,50.977121
28,24,8,31,22,7,2,0,1,2,1,1,0,0,0,0,0,13.932052,50.959459
28,24,9,1,18,1,3,5,3,0,0,1,1,0,0,0,0,13.939345,50.960922
28,24,9,5,7,5,3,5,2,0,0,1,1,0,0,0,0,13.942387,50.959619
28,24,9,11,16,4,3,7,7,0,1,1,0,0,0,0,0,13.980865,50.956018
28,24,9,20,10,6,3,0,7,0,0,1,0,0,0,0,0,13.924949,50.954769
28,24,9,20,12,6,3,5,2,0,0,1,1,0,0,0,0,13.948374,50.93308
28,24,9,26,12,5,3,0,7,0,1,1,0,0,0,0,0,13.931192,50.973865
28,24,9,27,7,6,3,0,1,0,1,1,0,0,0,0,0,13.935999,50.980252
28,24,10,15,15,3,3,5,3,0,0,1,1,0,0,0,0,13.957408,50.951418
28,24,10,22,6,3,3,4,2,2,0,1,1,0,0,0,0,13.931016,50.96233
28,24,10,26,10,7,2,5,3,0,0,1,1,0,0,0,0,13.936185,50.952471
28,24,10,26,16,7,3,0,1,0,0,1,0,0,0,0,0,13.90612,50.960383
28,24,11,4,14,2,3,0,7,0,0,1,0,0,0,0,0,13.927025,50.968954
28,24,11,19,5,3,3,5,2,2,1,1,1,0,0,0,0,13.934013,50.963722
28,24,11,19,16,3,3,5,3,2,0,1,1,0,0,0,0,13.926664,50.981473
28,24,11,27,7,4,3,3,6,0,1,1,1,0,0,0,0,13.919064,50.999587
28,24,11,29,13,6,3,5,3,0,0,1,1,0,0,0,0,13.912841,50.956647
28,24,11,30,12,7,3,5,3,0,0,1,1,0,0,0,0,13.936002,50.952208
28,24,12,4,16,4,2,0,1,2,1,1,0,0,0,0,0,13.933362,50.957332
28,24,12,12,18,5,3,2,6,2,1,1,1,0,0,0,0,13.94047,50.959731
28,25,1,4,5,7,3,5,2,2,2,1,1,0,0,0,0,13.940101,50.974178
28,25,1,8,7,4,3,0,1,0,1,1,0,0,0,0,0,13.937413,50.958638
28,25,1,15,15,4,3,4,6,0,1,1,0,0,0,0,0,13.946578,50.96032
28,25,1,24,17,6,3,5,2,2,0,1,0,0,1,0,0,13.930928,50.977625
28,25,2,3,16,2,3,5,3,0,0,1,1,0,0,0,0,13.927063,50.98123
28,25,2,22,11,7,3,5,3,0,0,1,1,0,0,0,0,13.934463,50.967405