UKREIS,UJAHR,UMONAT,UTAG,USTUNDE,UWOCHENTAG,UKATEGORIE,UART,UTYP,LICHT,USTRZUSTAND,IstRad,IstPKW,IstFuss,IstKrad,IstGkfz,IstSonstige,@lon,@lat
28,25,2,25,6,3,3,4,6,0,0,1,0,0,0,0,0,13.91915,50.957193
28,25,3,7,11,6,2,4,6,0,0,1,0,0,0,0,0,13.939878,50.96418
28,25,3,13,7,5,3,5,3,0,0,1,1,0,0,0,0,13.960686,50.951064
28,25,3,14,10,6,2,0,1,0,1,1,0,0,0,0,0,13.944761,50.95584
28,25,3,21,11,6,3,5,2,0,0,1,1,0,0,0,0,13.92785,50.980781
28,25,3,25,19,3,3,8,6,2,0,1,0,0,0,0,0,13.916271,50.965172
28,25,3,31,18,2,3,5,3,1,1,1,1,0,0,0,0,13.932084,50.9636
28,25,4,16,9,4,3,5,2,0,0,1,1,0,0,0,0,13.940417,50.953241
28,25,5,1,17,5,3,0,1,0,0,1,0,0,0,0,0,13.905259,50.960299
28,25,5,2,6,6,3,1,5,0,0,1,1,0,0,0,0,13.928241,50.977637
28,25,5,22,14,5,3,0,1,0,0,1,0,0,0,0,0,13.92626,50.963807
28,25,5,23,14,6,3,5,3,0,0,1,1,0,0,0,0,13.933361,50.960986
28,25,5,27,15,3,2,1,5,0,0,1,1,0,0,0,0,13.93468,50.968619
28,25,5,29,13,5,3,6,4,0,0,1,0,1,0,0,0,13.956328,50.964962
28,25,5,29,15,5,3,0,1,0,0,1,0,0,0,0,0,13.922301,50.966487
28,25,6,2,16,2,3,0,1,0,0,1,0,0,0,0,0,13.936188,50.963941
28,25,6,7,13,7,3,5,7,0,0,1,1,0,0,0,0,13.941217,50.9499
28,25,6,9,10,2,3,0,7,0,0,1,0,0,0,0,0,13.941137,50.957694
28,25,6,14,0,7,3,0,7,2,0,1,0,0,0,0,0,13.938482,50.961012
28,25,6,15,18,1,3,0,1,0,1,1,0,0,0,0,0,13.935483,50.951465
28,25,6,16,20,2,2,0,1,2,0,1,0,0,0,0,0,13.932884,50.956825
28,25,6,25,16,4,1,9,1,0,0,1,0,0,0,0,0,13.921344,50.957406
28,25,6,26,18,5,3,0,1,0,0,1,0,0,0,0,0,13.946087,50.945551
28,25,6,27,7,6,3,5,3,0,0,1,1,0,0,0,0,13.933613,50.959849
28,25,6,29,8,1,2,5,3,0,0,1,1,0,0,0,0,13.934809,50.950667
28,25,6,30,20,2,3,9,1,0,0,1,0,0,0,0,0,13.942899,50.946069
28,25,7,1,16,3,3,4,6,0,0,1,0,0,0,0,0,13.945384,50.963992
28,25,7,3,13,5,3,5,3,0,1,1,1,0,0,0,0,13.9342,50.964014
28,25,7,4,11,6,3,0,1,0,0,1,0,0,0,0,0,13.92395,50.957554
28,25,7,6,12,1,3,8,1,0,0,1,0,0,0,0,0,13.953388,50.967588
28,25,7,15,12,3,3,0,7,0,0,1,0,0,0,0,0,13.936094,50.953894
28,25,7,15,15,3,3,0,1,0,1,1,0,0,0,0,0,13.934478,50.967469
28,25,7,19,11,7,3,8,1,0,0,1,0,0,0,0,0,13.923721,50.963382
28,25,7,23,9,4,3,5,3,0,0,1,1,0,0,0,0,13.973378,50.950568
28,25,7,23,21,4,3,0,1,1,0,1,0,0,0,0,0,13.947555,50.964081
28,25,7,29,21,3,2,0,7,1,0,1,0,0,0,0,0,13.941402,50.973659
28,25,7,30,7,4,3,5,3,0,0,1,1,0,0,0,0,13.941319,50.957694
28,25,8,1,12,6,3,4,2,0,1,1,1,0,0,0,0,13.928688,50.956279
28,25,8,3,16,1,3,7,7,0,0,1,0,0,0,0,0,13.934816,50.984736
28,25,8,8,18,6,2,5,2,0,0,1,1,0,0,0,0,13.934011,50.96372
28,25,8,11,10,2,3,0,7,0,0,1,0,0,0,0,0,13.926812,50.941315
28,25,8,14,19,5,3,1,5,0,0,1,1,0,0,0,0,13.940779,50.964192
28,25,8,15,7,6,3,3,1,0,0,1,1,0,0,0,0,13.939502,50.959753
28,25,8,16,12,7,3,6,6,0,0,1,0,1,0,0,0,13.979608,50.954456
28,25,8,20,15,4,3,0,7,0,0,1,0,0,0,0,0,13.930983,50.957419
28,25,8,21,14,5,2,0,6,0,0,1,0,0,0,0,0,13.957665,50.96473
28,25,8,21,17,5,2,0,7,0,0,1,0,0,0,0,0,13.93399,50.961963
28,25,8,26,14,3,3,8,6,0,0,1,1,0,0,0,0,13.93106,50.960603
28,25,8,28,18,5,3,3,1,0,1,1,1,0,0,0,0,13.939859,50.957796
28,25,8,31,13,1,2,3,6,0,0,1,0,0,0,0,0,14.010629,50.944404
28,25,8,31,14,1,3,8,1,0,1,1,0,0,0,0,0,13.951574,51.006258
28,25,9,5,15,6,3,0,1,0,1,1,0,0,0,0,0,13.933603,50.967365
28,25,9,17,10,4,3,5,3,0,0,1,1,0,0,0,0,13.936145,50.957862
28,25,9,20,16,7,3,8,1,0,0,1,0,0,0,0,0,13.922004,50.966474
28,25,9,24,16,4,3,5,3,0,0,1,1,0,0,0,0,13.934468,50.967427
28,25,10,6,7,2,3,5,2,0,1,1,1,0,0,0,0,13.934463,50.967405
28,25,10,8,13,4,3,0,3,0,1,1,1,0,0,0,0,13.93769,50.961022
28,25,10,12,20,1,3,0,1,2,1,1,0,0,0,0,0,13.931967,50.961949
28,25,10,25,12,7,2,5,3,0,0,1,1,0,0,0,0,13.935913,50.954054
28,25,11,1,7,7,3,5,3,0,0,1,1,0,0,0,0,13.933491,50.96677
28,25,11,5,8,4,3,5,2,0,0,1,1,0,0,0,0,13.927535,50.95573
28,25,11,15,13,7,2,0,7,0,0,1,0,0,0,0,0,13.927228,50.972
28,25,11,18,9,3,2,0,7,0,0,1,0,0,0,0,0,13.93099,50.978987
28,25,12,4,19,5,3,0,1,2,1,1,0,0,0,0,0,13.947212,50.960331
28,25,12,10,12,4,3,0,1,0,1,1,0,0,0,0,0,13.943457,50.960343
28,25,12,15,13,2,3,5,3,0,0,1,1,0,0,0,0,13.930855,50.975136
28,25,12,16,10,3,3,5,3,0,0,1,1,0,0,0,0,13.934189,50.963994
28,16,7,3,11,1,3,2,1,0,1,1,0,0,0,0,0,13.692852,50.973894
28,16,10,7,12,6,2,5,3,0,0,1,1,0,0,0,0,13.697065,50.984906
28,17,4,17,12,2,3,4,1,0,1,1,1,0,0,0,0,13.669766,50.94484
28,17,5,27,17,7,2,5,3,0,0,1,1,0,0,0,0,13.636406,50.963794
28,17,11,22,14,4,2,5,3,0,1,1,1,0,0,0,0,13.641676,50.963787
28,20,4,3,7,6,3,5,2,0,0,1,1,0,0,0,0,13.697107,50.984891
28,20,7,10,11,6,2,0,1,0,0,1,0,0,0,0,0,13.687874,50.935894
28,20,9,8,18,3,3,1,5,1,0,1,1,0,0,0,0,13.641766,50.964458
28,21,7,6,17,3,3,8,1,0,1,1,0,0,0,0,0,13.637137,50.953866
28,21,11,20,12,7,2,0,1,0,1,1,0,0,0,0,0,13.693517,50.949689
28,22,7,3,11,1,2,5,3,0,0,1,1,0,0,0,0,13.664318,50.951492
28,23,5,25,18,5,3,4,1,0,0,1,1,0,0,0,0,13.642639,50.966573
28,23,8,15,15,3,2,9,1,0,0,1,0,0,0,0,0,13.688985,50.947582
28,24,6,23,12,1,3,5,3,0,0,1,1,0,0,0,0,13.662832,50.972027
28,24,8,24,11,7,3,0,7,0,0,1,0,0,0,0,0,13.671364,50.944613
28,25,5,1,14,5,2,0,1,0,0,1,0,0,0,0,0,13.636921,50.963349
28,25,5,20,17,3,3,5,3,0,0,1,1,0,0,0,0,13.687298,50.932315
28,25,8,27,19,4,3,4,7,0,0,1,1,0,0,0,0,13.646422,50.965468
28,25,9,4,17,5,2,6,4,0,0,1,0,1,0,0,0,13.637996,50.966701
28,16,6,5,14,1,3,1,7,0,0,1,1,0,0,0,0,14.087464,50.958501
28,23,5,18,16,5,3,8,1,0,0,1,0,0,0,0,0,14.081814,50.953391
28,23,7,9,13,1,3,8,1,0,0,1,0,0,0,0,0,14.092524,50.957547
28,25,7,26,12,7,3,0,1,0,1,1,0,0,0,0,0,14.090263,50.957128
28,25,7,26,14,7,3,0,1,0,1,1,0,0,0,0,0,14.090813,50.957047
28,25,8,31,16,1,3,3,6,0,0,1,0,0,0,0,0,14.067166,50.957459
28,16,3,2,9,4,3,5,3,0,0,1,0,0,0,1,0,14.131754,50.93092
28,19,12,6,12,6,3,0,1,0,0,1,0,0,0,0,0,14.132467,50.925844
28,20,12,22,16,3,3,0,1,2,1,1,0,0,0,0,0,14.13298,50.931065
28,21,5,19,11,4,3,5,3,0,1,1,1,0,0,0,0,14.131768,50.930903
28,21,8,20,10,6,3,5,3,0,0,1,1,0,0,0,0,14.133343,50.924307
28,23,4,12,13,4,3,4,1,0,0,1,1,0,0,0,0,14.13288,50.929556
28,25,12,29,13,2,3,0,6,0,1,1,1,0,0,0,0,14.133258,50.924443
28,16,7,5,9,3,2,0,7,0,1,1,0,0,0,0,0,14.222326,50.894993
28,22,8,3,12,4,3,0,1,0,0,1,0,0,0,0,0,14.168566,50.89868
28,22,10,9,17,1,2,8,1,0,0,1,0,0,0,0,0,14.208243,50.888664
28,23,9,2,7,7,3,0,1,0,1,1,0,0,0,0,0,14.222697,50.895273
28,24,9,6,12,6,3,2,6,0,0,1,0,0,0,0,0,14.234303,50.874584
28,25,4,12,15,7,3,5,1,0,0,1,1,0,0,0,0,14.208363,50.888644
28,25,6,19,14,5,3,0,1,0,0,1,0,0,0,0,0,14.223109,50.895582
28,25,7,5,12,7,3,9,1,0,0,1,0,0,0,0,0,14.222726,50.859691
28,25,9,8,10,2,3,3,6,0,0,1,1,0,0,0,0,14.170693,50.897641
28,17,8,15,15,3,3,0,7,0,0,1,0,0,0,0,0,14.050293,50.854252
28,21,5,24,13,2,2,0,1,0,0,1,0,0,0,0,0,14.044291,50.847528
28,21,6,23,5,4,2,8,1,0,1,1,0,0,0,0,0,14.045914,50.877419
28,21,9,8,17,4,2,8,1,0,0,1,0,0,0,0,0,14.035355,50.858943
28,23,7,13,6,5,3,8,1,1,0,1,0,0,0,0,0,14.053867,50.87675
28,25,5,2,19,6,2,8,7,0,0,1,0,0,0,0,0,14.056203,50.850379
28,25,7,4,13,6,3,0,1,0,0,1,0,0,0,0,0,14.043517,50.874052
28,16,4,4,18,2,3,5,3,0,0,1,0,0,1,0,0,14.269941,50.966938
28,16,4,7,16,5,3,4,1,0,1,1,1,0,0,0,0,14.358868,50.924685
28,16,5,4,16,4,3,5,3,0,0,1,0,0,0,0,1,14.279951,50.974833
28,16,6,7,7,3,3,0,3,0,1,1,1,0,0,0,0,14.270523,50.973083
28,17,5,11,10,5,2,0,7,0,0,1,0,0,0,0,0,14.282441,50.967693
28,17,6,24,20,7,2,8,1,0,0,1,0,0,0,0,0,14.313774,50.948313
28,17,10,26,12,5,3,6,6,0,0,1,0,1,0,0,0,14.268814,50.968279
28,18,6,2,23,7,3,8,7,2,0,1,0,0,0,0,0,14.282269,50.975839
28,18,6,4,21,2,2,0,7,1,0,1,0,0,0,0,0,14.261359,50.977701
28,18,7,3,15,3,2,0,1,0,1,1,0,0,0,0,0,14.21223,50.929363
28,18,8,3,18,6,3,5,3,0,0,1,1,0,0,0,0,14.283143,50.972628
28,18,8,6,11,2,2,0,1,0,0,1,0,0,0,0,0,14.212753,50.929694
28,18,10,2,11,3,2,0,1,0,0,1,0,0,0,0,0,14.164387,50.934727
28,18,10,6,18,7,3,5,3,1,0,1,1,0,0,0,0,14.238291,50.9446
28,19,6,4,8,3,3,0,1,0,0,1,0,0,0,0,0,14.221388,50.927023
28,19,6,4,13,3,3,5,2,0,0,1,1,0,0,0,0,14.359579,50.924825
28,19,7,2,16,3,2,2,6,0,0,1,1,0,0,0,0,14.272107,50.972615
28,19,7,7,11,1,3,5,2,0,0,1,1,0,0,0,0,14.253343,50.985627
28,19,8,3,9,7,2,5,3,0,0,1,1,0,0,0,0,14.239133,50.946502
28,19,9,3,12,3,3,0,1,0,0,1,0,0,0,0,0,14.217478,50.927899
28,19,9,4,18,4,2,2,6,0,0,1,1,0,0,0,0,14.243396,50.947665
28,19,10,3,15,5,2,5,3,0,0,1,1,0,0,0,0,14.241116,50.96772
28,19,12,6,17,6,2,2,1,2,1,1,1,0,0,0,0,14.267277,50.973786
28,20,3,11,16,4,3,6,6,0,1,1,0,1,0,0,0,14.270458,50.969858
28,20,4,23,15,5,2,3,6,0,0,1,1,0,0,0,0,14.170504,50.931284
28,20,6,7,17,1,2,0,7,0,0,1,0,0,0,0,0,14.254018,50.97548
28,20,6,22,16,2,3,6,4,0,0,1,0,1,0,0,0,14.283023,50.972513
28,20,6,28,11,1,2,4,6,0,0,1,0,0,1,0,0,14.234604,50.981562
28,20,8,17,12,2,2,4,3,0,0,1,1,0,0,0,0,14.269557,50.968318
28,20,9,15,10,3,3,0,1,0,0,1,0,0,0,0,0,14.240409,50.926454
28,21,5,9,11,1,3,0,1,0,0,1,0,0,0,0,0,14.223652,50.95648
28,21,6,18,11,6,3,1,7,0,0,1,1,0,0,0,0,14.271117,50.982841
28,21,9,7,17,3,3,0,1,0,0,1,0,0,0,0,0,14.280899,50.975723
28,21,9,19,17,1,2,0,7,0,0,1,0,0,0,0,0,14.227193,50.941807
28,21,11,19,18,6,3,0,1,2,1,1,0,0,0,0,0,14.259661,50.966882
28,22,5,10,11,3,3,4,1,0,0,1,1,0,0,0,0,14.27751,50.970452
28,22,5,16,17,2,3,0,1,0,0,1,0,0,0,0,0,14.192452,50.930177
28,22,5,26,14,5,2,0,1,0,0,1,0,0,0,0,0,14.23667,50.981652
28,22,7,18,11,2,2,8,1,0,0,1,0,0,0,0,0,14.353527,50.92271
28,22,8,27,15,7,3,0,1,0,1,1,0,0,0,0,0,14.217477,50.927906
28,22,10,18,17,3,2,8,1,0,1,1,0,0,0,0,0,14.270638,50.969633
28,23,6,4,19,1,3,0,7,0,0,1,0,0,0,0,0,14.278307,50.972151
28,23,6,10,16,7,3,5,3,0,0,1,0,0,1,0,0,14.260352,50.983666
28,23,7,28,18,6,2,0,1,0,0,1,0,0,0,0,0,14.231833,50.938555
28,23,8,5,12,7,3,0,1,0,0,1,0,0,0,0,0,14.223641,50.956109
28,23,8,8,11,3,3,0,1,0,0,1,0,0,0,0,0,14.359719,50.922966
28,23,8,30,12,4,3,0,7,0,1,1,0,0,0,0,0,14.207188,50.935929
28,23,9,16,20,7,1,0,1,2,0,1,0,0,0,0,0,14.270639,50.969457
28,23,9,28,3,5,3,0,1,2,0,1,0,0,0,0,0,14.26885,50.967835
28,24,6,18,19,3,3,0,1,0,0,1,0,0,0,0,0,14.223627,50.95621
28,24,6,20,10,5,3,8,7,0,0,1,0,0,0,0,0,14.32046,50.915206
28,24,10,18,10,6,3,7,1,0,0,1,0,0,0,0,0,14.319698,50.915186
28,24,10,18,23,6,2,0,1,2,0,1,0,0,0,0,0,14.235773,50.982167
28,25,2,12,10,4,3,0,7,0,0,1,0,0,0,0,0,14.279346,50.973454
28,25,4,26,16,7,3,0,1,0,0,1,0,0,0,0,0,14.215967,50.930002
28,25,7,10,17,5,3,5,2,0,0,1,1,0,0,0,0,14.261264,50.967272
28,25,7,16,17,4,3,0,1,0,1,1,0,0,0,0,0,14.272506,50.972536
28,25,7,20,17,1,3,0,1,0,0,1,0,0,0,0,0,14.25142,50.952984
28,25,8,23,16,7,3,0,1,0,1,1,0,0,0,0,0,14.331893,50.943744
28,25,8,26,10,3,3,0,1,0,0,1,0,0,0,0,0,14.240507,50.926578
28,25,8,28,14,5,3,0,1,0,1,1,0,0,0,0,1,14.25597,50.968906
28,16,9,3,15,7,2,4,6,0,0,1,0,0,0,0,1,14.038838,50.955221
28,17,6,19,11,2,3,6,4,0,0,1,0,1,0,0,0,14.032411,50.957776
28,19,3,1,10,6,2,6,4,0,0,1,0,1,0,0,0,14.033092,50.953849
28,19,4,2,12,3,2,0,1,0,1,1,0,0,0,0,0,14.006508,50.959813
28,19,5,3,11,6,2,0,7,0,0,1,0,0,0,0,0,14.039918,50.955807
28,19,7,4,14,5,3,6,4,0,0,1,0,1,0,0,0,14.034266,50.954232
28,20,4,16,13,5,3,0,7,0,0,1,0,0,0,0,0,14.034317,50.954237
28,20,6,8,16,2,2,3,6,0,0,1,0,0,0,0,0,14.038997,50.955445
28,20,6,24,12,4,2,0,1,0,0,1,0,0,0,0,0,13.978232,50.967316
28,20,7,26,10,1,3,0,1,0,1,1,0,0,0,0,0,14.033719,50.958477
28,21,4,20,11,3,2,0,1,0,0,1,0,0,0,0,0,14.021139,50.953773
28,21,10,20,15,4,3,0,1,0,0,1,0,0,0,0,0,14.049834,50.958574
28,22,6,4,9,7,2,0,7,0,1,1,0,0,0,0,0,14.017774,50.952043
28,22,8,26,9,6,3,0,1,0,0,1,0,0,0,0,0,14.034195,50.954269
28,22,10,31,11,2,2,4,7,0,0,1,0,0,0,0,0,14.000465,50.971592
28,23,6,11,14,1,3,8,1,0,0,1,0,0,0,0,0,14.032332,50.956358
28,23,8,22,14,3,3,3,6,0,0,1,1,0,0,0,0,14.013732,50.948499
28,24,6,30,14,1,3,6,6,0,0,1,0,1,0,0,0,14.028808,50.956022
28,24,7,4,11,5,2,0,1,0,1,1,0,0,0,0,0,14.017495,50.951746
28,24,7,9,19,3,2,0,7,0,0,1,0,0,0,0,0,14.016501,50.95105
28,24,8,16,14,6,2,0,7,0,0,1,0,0,0,0,0,14.037251,50.960427
28,25,6,26,15,5,2,0,1,0,0,1,0,0,0,0,0,14.040573,50.958629
28,16,7,1,17,6,3,4,6,0,0,1,0,0,0,0,1,14.061412,51.057568
28,16,7,7,11,5,3,2,6,0,0,1,1,0,0,0,0,14.109475,51.062102
28,17,3,22,20,4,2,3,6,2,1,1,1,0,0,0,0,14.109631,51.043047
28,18,2,2,11,6,3,0,7,0,0,1,0,0,0,0,1,14.126226,51.040523
28,18,4,3,15,3,3,0,7,0,0,1,0,0,0,0,0,14.088823,51.051908
28,18,8,6,7,2,3,0,1,0,0,1,0,0,0,0,0,14.097321,51.040837
28,19,2,2,23,7,3,2,6,2,2,1,1,0,0,0,0,14.111276,51.042583
28,19,6,6,14,5,3,2,7,0,0,1,1,0,0,0,1,14.074013,51.051687
28,20,12,5,15,7,3,5,3,0,1,1,1,0,0,0,0,14.068528,51.060228
28,21,3,9,11,3,3,3,6,0,0,1,1,0,0,0,0,14.027548,51.044026
28,21,5,19,8,4,2,0,1,0,0,1,0,0,0,0,0,14.140022,51.06478
28,22,3,21,15,2,3,5,3,0,0,1,1,0,0,0,0,14.042591,51.038401
28,22,3,22,7,3,1,4,2,0,0,1,1,0,0,0,0,14.131875,51.039532
28,22,5,9,13,2,2,5,3,0,0,1,1,0,0,0,0,14.088969,51.00819
28,23,3,22,15,4,2,5,3,0,0,1,1,0,0,0,0,14.123538,51.041217
28,23,6,7,12,4,3,0,1,0,0,1,0,0,0,0,0,14.086479,51.043559
28,23,8,12,17,7,3,0,1,0,0,1,0,0,0,0,0,14.066488,51.055431
28,23,8,16,11,4,2,0,1,0,0,1,0,0,0,0,0,14.064133,51.042608
28,23,8,21,14,2,2,8,1,0,0,1,0,0,0,0,0,14.076435,51.047123
28,24,6,12,15,4,3,0,1,0,0,1,0,0,0,0,0,14.027864,51.037637
28,24,6,29,15,7,3,3,6,0,0,1,1,0,0,0,0,14.090238,51.007836
28,25,8,31,18,1,3,9,1,1,0,1,0,0,0,0,0,14.132963,51.040553
28,25,12,4,18,5,3,0,2,2,0,1,1,0,0,0,0,14.160238,51.037363
28,16,5,3,15,3,3,8,1,0,0,1,0,0,0,0,0,13.990543,50.946697
28,17,5,17,13,4,3,4,6,0,0,1,0,0,0,0,0,14.073542,50.939856
28,17,5,23,11,3,2,8,1,0,0,1,0,0,0,0,0,14.053105,50.92911
28,18,6,3,16,1,2,8,1,0,0,1,0,0,0,0,0,14.031308,50.950548
28,19,6,2,12,1,3,0,7,0,0,1,0,0,0,0,0,14.001724,50.937923
28,19,9,7,8,7,3,5,7,0,0,1,1,0,0,0,0,14.04269,50.934037
28,20,8,11,11,3,2,5,3,0,0,1,1,0,0,0,0,13.998915,50.93824
28,21,7,5,13,2,3,3,6,0,0,1,1,0,0,0,0,14.008865,50.935623
28,21,9,1,7,4,3,5,2,0,0,1,1,0,0,0,0,14.009224,50.935545
28,22,5,9,13,2,3,8,1,0,0,1,0,0,0,0,0,14.055305,50.92947
28,22,6,24,14,6,2,5,3,0,0,1,0,0,0,1,0,14.015373,50.940201
28,22,7,24,15,1,3,0,1,0,0,1,0,0,0,0,0,13.993366,50.943702
28,22,11,9,15,4,3,0,1,0,0,1,0,0,0,0,0,13.991239,50.941575
28,24,6,21,20,6,2,8,1,1,1,1,0,0,0,0,0,14.043951,50.940488
28,24,7,10,6,4,3,7,7,0,0,1,0,1,0,0,0,14.00864,50.927823
28,24,8,4,16,1,3,0,1,0,0,1,0,0,0,0,0,14.031023,50.946361
28,24,8,11,11,1,2,0,1,0,0,1,1,0,0,0,0,14.073423,50.947003
28,25,6,14,18,7,2,8,1,0,0,1,0,0,0,0,0,14.016035,50.928395
28,16,5,5,16,5,3,3,6,0,0,1,0,0,0,0,1,13.561671,50.998409
28,16,7,3,11,1,3,3,6,0,0,1,1,0,0,0,0,13.573948,50.980883
28,17,3,30,7,5,2,0,1,0,0,1,0,0,0,0,0,13.549738,50.95244
28,17,5,3,18,4,3,3,6,0,0,1,1,0,0,0,0,13.595147,50.984214
28,17,5,18,16,5,2,3,6,0,0,1,1,0,0,0,0,13.582088,50.983723
28,17,7,7,11,6,2,5,2,0,0,1,1,0,0,0,0,13.545407,50.976771
28,19,2,7,14,5,2,0,1,0,0,1,0,0,0,0,0,13.570402,50.978286
28,19,6,4,5,3,3,5,3,1,0,1,1,0,0,0,0,13.584777,50.983477
28,19,7,2,12,3,3,5,2,0,0,1,1,0,0,0,0,13.53478,50.99514
28,19,7,3,19,4,2,5,2,0,0,1,1,0,0,0,0,13.524499,50.989134
28,19,7,7,20,1,3,0,1,1,0,1,0,0,0,0,0,13.583128,50.970967
28,19,9,1,12,1,3,0,1,0,0,1,0,0,0,0,0,13.581978,51.003432
28,20,5,27,7,4,3,0,1,0,0,1,0,0,0,0,0,13.584762,50.983492
28,20,5,30,14,7,1,0,1,0,0,1,0,0,0,0,0,13.568495,50.999388
28,20,6,1,11,2,3,0,6,0,0,1,0,1,0,0,0,13.58573,50.983112
28,20,8,1,23,7,2,0,1,2,0,1,0,0,0,0,0,13.55773,50.982081
28,20,9,3,16,5,3,0,1,0,0,1,0,0,0,0,0,13.554203,50.981734
28,21,2,20,14,7,3,0,1,0,2,1,0,0,0,0,0,13.583568,50.984151
28,21,6,4,12,6,2,8,1,0,0,1,0,0,0,0,0,13.532112,50.986255
28,21,10,16,0,7,3,1,1,2,1,1,1,0,0,0,0,13.528328,50.987473
28,21,12,15,18,4,3,0,1,2,1,1,0,0,0,0,0,13.592067,50.983564
28,22,5,22,9,1,2,0,1,0,0,1,0,0,0,0,0,13.553962,50.981788
28,22,7,11,17,2,2,1,5,0,0,1,1,0,0,0,0,13.579407,50.986391
28,22,7,18,10,2,3,0,1,0,0,1,0,0,0,0,0,13.526581,50.987577
28,22,8,11,13,5,3,0,1,0,0,1,0,0,0,0,0,13.555164,50.946838
28,22,8,24,15,4,3,0,1,0,0,1,0,0,0,0,0,13.582642,50.988306
28,22,9,23,15,6,3,4,2,0,0,1,1,0,0,0,0,13.587453,50.982974
28,22,11,7,12,2,2,0,7,0,0,1,0,0,0,0,0,13.583733,50.983893
28,22,12,20,7,3,3,0,1,2,2,1,0,0,0,0,0,13.573465,50.988078
28,23,1,17,7,3,3,1,5,2,0,1,1,0,0,0,0,13.545884,50.980929
28,23,3,11,21,7,2,0,1,2,0,1,0,0,0,0,0,13.591842,50.9835
28,23,5,25,15,5,3,0,1,0,0,1,0,0,0,0,0,13.58692,50.982969
28,23,6,22,19,5,3,0,1,0,0,1,0,0,0,0,0,13.55012,50.951651
28,23,7,24,15,2,3,0,7,0,0,1,0,0,0,0,0,13.544909,50.975976
28,23,8,12,16,7,3,0,1,0,0,1,0,0,0,0,0,13.571331,50.978417
28,23,9,2,9,7,2,0,1,0,1,1,0,0,0,0,0,13.568212,50.977995
28,23,10,18,17,4,3,9,1,0,0,1,0,0,0,0,0,13.525291,50.986518
28,23,11,7,18,3,3,5,3,2,0,1,1,0,0,0,0,13.584777,50.983477
28,23,11,27,16,2,3,3,6,1,1,1,1,0,0,0,0,13.502465,50.948576
28,24,6,23,11,1,3,0,7,0,0,1,0,0,0,0,0,13.585899,50.983057
28,24,9,29,11,1,2,4,1,0,0,1,1,0,0,0,0,13.584341,50.990367
28,24,11,14,5,5,3,0,1,2,2,1,0,0,0,0,0,13.584777,50.983477
28,25,1,24,14,6,3,0,1,0,0,1,0,0,0,0,0,13.584687,50.983558
28,25,3,8,12,7,3,2,2,0,0,1,0,0,0,0,0,13.577997,50.987375
28,25,6,9,14,2,2,0,1,0,0,1,0,0,0,0,0,13.52434,50.96663
28,25,7,16,20,4,3,0,1,2,1,1,0,0,0,0,0,13.592161,50.983592
28,25,7,26,17,7,3,6,6,0,1,1,0,1,0,0,0,13.529406,50.98117
28,25,9,30,12,3,2,0,1,0,0,1,0,0,0,0,0,13.518995,51.000243
28,16,4,6,9,4,2,0,7,0,0,1,0,0,0,0,0,13.538261,51.048178
28,16,5,5,19,5,3,0,3,0,0,1,1,0,0,0,0,13.528981,51.05225
28,17,5,11,15,5,3,5,3,0,0,1,1,0,0,0,0,13.473429,51.051288
28,17,7,8,16,7,3,5,2,0,0,1,1,0,0,0,0,13.597173,51.031868
28,17,8,7,7,2,3,5,2,0,0,1,1,0,0,0,0,13.553328,51.025404
28,17,8,25,17,6,3,4,1,0,0,1,1,0,0,0,0,13.53771,51.049456
28,17,9,8,16,6,3,0,1,0,0,1,0,0,0,0,0,13.586717,51.03638
28,17,9,13,16,4,2,1,1,0,0,1,1,0,0,0,0,13.592238,51.006362
28,17,10,3,19,3,2,0,1,2,1,1,0,0,0,0,0,13.592788,51.031848
28,17,12,19,20,3,3,5,3,2,1,1,1,0,0,0,0,13.585417,51.034057
28,18,2,6,16,3,3,5,7,0,0,1,1,0,0,0,0,13.539545,51.049294
28,18,7,1,17,1,3,0,1,0,0,1,0,0,0,0,0,13.582382,51.032427
28,18,7,2,18,2,2,5,3,0,0,1,0,0,0,0,1,13.535487,51.054729
28,18,8,1,6,4,3,5,3,0,0,1,1,0,0,0,0,13.537759,51.047145
28,18,9,2,17,1,3,5,3,0,0,1,1,0,0,0,0,13.544399,51.052813
28,18,10,2,16,3,3,5,3,0,0,1,1,0,0,0,0,13.550056,51.0313
28,18,11,5,13,2,3,5,3,0,0,1,0,0,0,0,1,13.537537,51.049632
28,18,12,5,7,4,2,2,2,1,0,1,1,0,0,0,0,13.534894,51.053153
28,19,2,1,12,6,3,5,3,0,0,1,1,0,0,0,0,13.538714,51.049642
28,19,4,2,18,3,3,5,3,0,0,1,1,0,0,0,0,13.53924,51.050385
28,19,4,2,19,3,3,0,6,1,0,1,1,0,0,0,0,13.563889,51.043813
28,19,5,6,6,2,3,5,3,0,0,1,1,0,0,0,0,13.59453,51.032883
28,19,7,6,10,7,2,3,1,0,0,1,0,0,0,0,1,13.548577,51.031442
28,19,8,1,13,5,3,5,3,0,0,1,1,0,0,0,0,13.591768,51.031874
28,19,8,6,13,3,3,5,3,0,0,1,1,0,0,0,0,13.5375,51.052161
28,19,11,6,7,4,3,5,3,1,0,1,1,0,0,0,0,13.601081,51.032309
28,20,4,12,14,1,3,1,1,0,0,1,1,0,0,0,0,13.534581,51.056516
28,20,5,22,16,6,2,0,1,0,1,1,0,0,0,0,0,13.54691,51.033821