UKREIS,UJAHR,UMONAT,UTAG,USTUNDE,UWOCHENTAG,UKATEGORIE,UART,UTYP,LICHT,USTRZUSTAND,IstRad,IstPKW,IstFuss,IstKrad,IstGkfz,IstSonstige,@lon,@lat
13,16,5,6,8,6,3,5,3,0,0,1,1,0,0,0,0,12.365276,51.323647
13,16,5,6,10,6,3,1,5,0,0,1,1,0,0,0,0,12.338376,51.326108
13,16,5,6,11,6,3,3,7,0,0,1,1,0,0,0,0,12.338885,51.350052
13,16,5,6,11,6,3,5,2,0,0,1,1,0,0,0,0,12.369449,51.360118
13,16,5,6,14,6,3,3,6,0,0,1,1,0,0,0,0,12.394738,51.376423
13,16,5,6,15,6,3,3,6,0,0,1,0,0,0,0,1,12.368119,51.320928
13,16,5,6,15,6,3,5,3,0,0,1,1,0,0,0,0,12.405385,51.334384
13,16,5,6,15,6,3,5,3,0,0,1,1,0,0,0,0,12.407635,51.373737
13,16,5,6,18,6,2,5,3,0,0,1,1,0,0,0,0,12.292146,51.354856
13,16,5,6,18,6,3,5,2,0,0,1,1,0,0,0,0,12.336202,51.332029
13,16,5,6,19,6,3,5,7,1,0,1,1,0,0,0,0,12.371244,51.326004
13,16,5,6,20,6,2,5,3,0,0,1,1,0,0,0,0,12.370853,51.335007
13,16,5,6,21,6,2,5,2,1,0,1,1,0,0,0,0,12.385515,51.37614
13,16,5,7,10,7,3,5,3,0,0,1,1,0,0,0,0,12.365053,51.360816
13,16,5,7,10,7,3,5,3,0,0,1,1,0,0,0,0,12.36892,51.341895
13,16,5,7,14,7,3,1,5,0,0,1,1,0,0,0,0,12.365702,51.322421
13,16,5,7,16,7,3,5,2,0,0,1,1,0,0,0,0,12.380953,51.330785
13,16,5,7,17,7,3,6,4,0,0,1,0,1,0,0,0,12.410287,51.316038
13,16,5,7,19,7,2,4,2,0,0,1,0,0,0,0,0,12.345634,51.330052
13,16,6,1,6,4,2,5,3,0,1,1,1,0,0,0,0,12.378361,51.3322
13,16,6,1,7,4,3,5,3,0,0,1,0,0,0,0,1,12.357644,51.341804
13,16,6,1,8,4,3,6,4,0,0,1,1,1,0,0,0,12.396446,51.304425
13,16,6,1,11,4,3,5,3,0,0,1,1,0,0,0,0,12.462148,51.281443
13,16,6,1,12,4,3,3,5,0,1,1,1,0,0,0,0,12.373249,51.324392
13,16,6,1,15,4,3,5,3,0,0,1,0,0,1,0,0,12.37083,51.334545
13,16,6,1,15,4,3,1,5,0,0,1,1,0,0,0,0,12.376873,51.370969
13,16,6,1,15,4,3,5,3,0,0,1,1,0,0,0,0,12.393228,51.336944
13,16,6,1,16,4,3,2,6,0,0,1,1,0,0,0,0,12.275011,51.344631
13,16,6,1,16,4,3,5,3,0,1,1,1,0,0,0,0,12.339206,51.334622
13,16,6,1,17,4,3,5,3,0,0,1,1,0,0,0,0,12.366287,51.365699
13,16,6,1,17,4,2,3,2,0,1,1,1,0,0,0,0,12.392594,51.334098
13,16,6,1,17,4,3,5,3,0,0,1,1,0,0,0,0,12.479449,51.350605
13,16,6,1,18,4,3,5,3,0,0,1,1,0,0,0,0,12.331445,51.349627
13,16,6,1,18,4,3,4,1,0,0,1,0,0,0,0,0,12.427815,51.4001
13,16,6,1,20,4,3,5,3,0,0,1,1,0,0,0,0,12.382717,51.315009
13,16,6,1,21,4,3,5,3,0,0,1,1,0,0,0,0,12.371852,51.309524
13,16,6,2,2,5,3,5,3,2,0,1,1,0,0,0,0,12.334848,51.331696
13,16,6,2,4,5,3,5,3,0,0,1,1,0,0,0,0,12.421735,51.33257
13,16,6,2,7,5,3,4,2,0,0,1,0,0,1,0,0,12.327174,51.329638
13,16,6,2,7,5,3,3,2,0,0,1,1,0,0,0,0,12.3536,51.340906
13,16,6,2,7,5,3,3,2,0,0,1,0,0,0,0,1,12.357698,51.341814
13,16,6,2,8,5,3,5,2,0,0,1,1,0,0,0,0,12.319902,51.339479
13,16,6,2,8,5,3,5,3,0,0,1,1,0,0,0,0,12.398328,51.339207
13,16,6,2,10,5,3,4,2,0,0,1,1,0,0,0,0,12.375667,51.308912
13,16,6,2,10,5,3,2,6,0,0,1,1,0,0,0,0,12.417594,51.310821
13,16,6,2,11,5,3,3,2,0,0,1,0,0,0,0,1,12.371368,51.346277
13,16,6,2,11,5,2,5,3,0,0,1,1,0,0,0,0,12.376947,51.344848
13,16,6,2,11,5,3,5,3,0,0,1,1,0,0,0,0,12.418681,51.313511
13,16,6,2,12,5,3,0,6,0,0,1,0,0,0,0,1,12.334087,51.319357
13,16,6,2,12,5,2,5,3,0,0,1,1,0,0,0,0,12.475408,51.345625
13,16,6,2,13,5,3,4,2,0,0,1,1,0,0,0,0,12.381787,51.338645
13,16,6,2,14,5,3,5,3,0,0,1,1,0,0,0,0,12.392577,51.333902
13,16,6,2,15,5,3,4,2,0,1,1,1,0,0,0,0,12.327171,51.329607
13,16,6,2,15,5,3,5,3,0,0,1,1,0,0,0,0,12.385953,51.371295
13,16,6,2,15,5,3,5,3,0,0,1,0,0,0,0,1,12.402651,51.325889
13,16,6,2,16,5,3,3,2,0,0,1,1,0,0,0,0,12.369337,51.322244
13,16,6,2,16,5,3,5,3,0,0,1,1,0,0,0,0,12.373749,51.369535
13,16,6,2,16,5,3,5,3,0,0,1,0,0,0,0,0,12.378246,51.31484
13,16,6,2,16,5,3,3,2,0,0,1,1,0,0,0,0,12.428844,51.295161
13,16,6,2,17,5,3,5,3,0,1,1,1,0,0,0,0,12.309674,51.328242
13,16,6,2,17,5,2,5,3,0,0,1,1,0,0,0,0,12.374396,51.335751
13,16,6,2,17,5,3,5,3,0,0,1,1,0,0,0,0,12.400379,51.34585
13,16,6,2,18,5,3,5,3,0,0,1,1,0,0,0,0,12.28728,51.302899
13,16,6,2,18,5,3,4,2,0,1,1,1,0,0,0,0,12.404505,51.345607
13,16,6,2,19,5,3,1,5,0,0,1,1,0,0,0,0,12.418789,51.382144
13,16,6,2,22,5,3,5,3,2,0,1,1,0,0,0,0,12.37365,51.32322
13,16,6,2,22,5,3,5,3,2,0,1,1,0,0,0,0,12.405715,51.351547
13,16,6,3,4,6,3,0,1,1,0,1,1,0,0,0,0,12.405588,51.341976
13,16,6,3,6,6,2,0,1,0,1,1,0,0,0,0,0,12.292405,51.393071
13,16,6,3,7,6,3,5,3,0,1,1,1,0,0,0,0,12.321923,51.338995
13,16,6,3,7,6,3,5,3,0,0,1,1,0,0,0,0,12.344837,51.330669
13,16,6,3,8,6,3,6,4,0,0,1,0,1,0,0,0,12.376808,51.343303
13,16,6,3,10,6,3,5,3,0,0,1,1,0,0,0,0,12.360254,51.340561
13,16,6,3,10,6,3,5,3,0,0,1,1,0,0,0,0,12.384854,51.378881
13,16,6,3,12,6,3,4,1,0,0,1,0,0,0,0,1,12.307178,51.323179
13,16,6,3,12,6,3,5,3,0,0,1,1,0,0,0,0,12.372979,51.301422
13,16,6,3,15,6,2,5,3,0,0,1,1,0,0,0,0,12.370965,51.333986
13,16,6,3,18,6,3,2,6,0,0,1,1,0,0,0,0,12.397077,51.332185
13,16,6,3,18,6,3,5,3,0,0,1,1,0,0,0,0,12.478934,51.350854
13,16,6,3,19,6,3,4,2,0,0,1,1,0,0,0,0,12.323029,51.338736
13,16,6,3,21,6,3,4,2,2,0,1,1,0,0,0,0,12.359216,51.334471
13,16,6,4,9,7,2,5,3,0,0,1,1,0,0,0,0,12.319157,51.300367
13,16,6,4,10,7,3,5,3,0,0,1,1,0,0,0,0,12.378895,51.345024
13,16,6,4,10,7,3,0,7,0,0,1,0,0,0,0,0,12.416558,51.323749
13,16,6,4,10,7,3,0,7,0,0,1,0,0,0,0,0,12.455285,51.285178
13,16,6,4,12,7,3,5,3,0,0,1,1,0,0,0,0,12.458558,51.357225
13,16,6,4,14,7,2,0,1,0,0,1,0,0,0,0,0,12.323532,51.328693
13,16,6,4,18,7,3,2,6,0,0,1,1,0,0,0,0,12.3623,51.33245
13,16,6,4,18,7,3,5,3,0,0,1,1,0,0,0,0,12.394257,51.336185
13,16,6,4,19,7,3,5,3,0,0,1,1,0,0,0,0,12.434822,51.379911
13,16,6,4,21,7,3,3,3,0,0,1,1,0,0,0,0,12.396117,51.310246
13,16,6,4,21,7,3,5,5,1,0,1,1,0,0,0,0,12.408245,51.342786
13,16,6,5,6,1,2,7,1,0,0,1,0,0,0,0,0,12.36228,51.332023
13,16,6,5,20,1,2,5,3,0,0,1,1,0,0,0,0,12.327308,51.337501
13,16,6,5,22,1,3,4,2,2,0,1,1,0,0,0,0,12.405974,51.335964
13,16,6,6,7,2,3,5,3,0,0,1,1,0,0,0,0,12.317737,51.350116
13,16,6,6,7,2,3,5,3,0,0,1,1,0,0,0,0,12.432357,51.356544
13,16,6,6,7,2,3,5,3,0,0,1,1,0,0,0,0,12.459521,51.355401
13,16,6,6,8,2,3,4,2,0,0,1,1,0,0,0,0,12.339454,51.334359
13,16,6,6,10,2,3,1,5,0,0,1,1,0,0,0,0,12.388625,51.342276
13,16,6,6,10,2,3,3,6,0,0,1,1,0,0,0,0,12.440711,51.304643
13,16,6,6,11,2,3,5,3,0,0,1,0,0,0,0,1,12.334316,51.331553
13,16,6,6,11,2,3,5,3,0,0,1,1,0,0,0,0,12.351405,51.375165
13,16,6,6,11,2,3,5,2,0,0,1,0,0,0,1,0,12.371123,51.347372
13,16,6,6,11,2,3,1,5,0,0,1,1,0,0,0,0,12.40118,51.376864
13,16,6,6,12,2,3,3,2,0,0,1,1,0,0,0,0,12.373668,51.332827
13,16,6,6,13,2,2,0,1,0,0,1,0,0,0,0,0,12.370434,51.361135
13,16,6,6,13,2,3,3,2,0,0,1,1,0,0,0,0,12.373699,51.322062
13,16,6,6,13,2,3,5,3,0,0,1,1,0,0,0,0,12.413973,51.342756
13,16,6,6,14,2,3,3,6,0,0,1,1,0,0,0,0,12.359147,51.368555
13,16,6,6,14,2,3,5,3,0,0,1,1,0,0,0,0,12.370854,51.335012
13,16,6,6,16,2,3,5,2,0,0,1,1,0,0,0,0,12.335815,51.327639
13,16,6,6,17,2,3,5,2,0,0,1,1,0,0,0,0,12.353429,51.341201
13,16,6,6,17,2,3,0,2,0,0,1,0,0,0,0,0,12.388275,51.326111
13,16,6,6,18,2,3,2,6,0,0,1,1,0,0,0,0,12.339631,51.329454
13,16,6,6,18,2,3,3,2,0,0,1,1,0,0,0,0,12.342497,51.338357
13,16,6,6,18,2,3,2,6,0,0,1,1,0,0,0,0,12.402538,51.339045
13,16,6,6,21,2,3,0,6,1,0,1,0,0,0,0,0,12.373433,51.314985
13,16,6,7,7,3,2,1,3,0,0,1,1,0,0,0,0,12.460635,51.345758
13,16,6,7,8,3,3,5,2,0,0,1,1,0,0,0,0,12.394187,51.336199
13,16,6,7,8,3,3,5,2,0,0,1,0,0,0,0,1,12.395076,51.332101
13,16,6,7,8,3,3,2,6,0,1,1,0,0,0,1,0,12.4201,51.325832
13,16,6,7,10,3,3,5,2,0,0,1,0,0,0,0,1,12.376971,51.325114
13,16,6,7,13,3,3,5,3,0,0,1,1,0,0,0,0,12.34486,51.339187
13,16,6,7,14,3,2,3,2,0,0,1,1,0,0,0,0,12.371145,51.344433
13,16,6,7,15,3,2,5,3,0,0,1,1,0,0,0,0,12.326458,51.322538
13,16,6,7,16,3,3,5,2,0,0,1,1,0,0,0,0,12.395403,51.339113
13,16,6,7,16,3,3,4,2,0,1,1,1,0,0,0,0,12.413037,51.324535
13,16,6,7,16,3,3,3,2,0,0,1,1,0,0,0,0,12.469595,51.277501
13,16,6,7,17,3,3,3,2,0,0,1,1,0,0,0,0,12.341734,51.318546
13,16,6,7,17,3,3,3,6,0,0,1,1,0,0,0,0,12.370824,51.334576
13,16,6,7,17,3,3,6,4,0,1,1,0,1,0,0,0,12.373517,51.32992
13,16,6,7,17,3,3,5,3,0,0,1,1,0,0,0,0,12.466689,51.336591
13,16,6,7,18,3,3,3,5,0,0,1,1,0,0,0,0,12.403719,51.34565
13,16,6,7,18,3,3,0,1,0,0,1,0,0,0,0,0,12.445906,51.34619
13,16,6,7,19,3,3,3,6,0,0,1,0,0,0,0,0,12.435196,51.286776
13,16,6,7,20,3,3,5,2,0,0,1,1,0,0,0,0,12.322734,51.3749
13,16,6,7,22,3,3,5,3,2,0,1,0,0,1,0,0,12.32716,51.329623
13,16,6,7,22,3,3,0,1,2,0,1,0,0,0,0,0,12.427552,51.343654
13,16,7,1,0,6,3,0,1,2,1,1,0,0,0,0,0,12.419454,51.333044
13,16,7,1,7,6,2,5,3,0,0,1,1,0,0,0,0,12.283773,51.344321
13,16,7,1,7,6,3,0,1,0,0,1,0,0,0,0,0,12.293084,51.359304
13,16,7,1,9,6,2,5,3,0,0,1,1,0,0,0,0,12.307205,51.346506
13,16,7,1,11,6,3,4,6,0,0,1,0,0,0,0,0,12.313786,51.320449
13,16,7,1,11,6,3,0,5,0,0,1,1,0,0,0,0,12.327696,51.321623
13,16,7,1,11,6,3,5,3,0,0,1,1,0,0,0,0,12.353153,51.332765
13,16,7,1,11,6,3,5,3,0,0,1,1,0,0,0,0,12.407483,51.351309
13,16,7,1,12,6,3,4,2,0,0,1,1,1,0,0,0,12.337432,51.338812
13,16,7,1,13,6,3,5,3,0,0,1,0,0,1,0,0,12.368392,51.315985
13,16,7,1,13,6,3,3,2,0,0,1,1,0,0,0,0,12.459839,51.352969
13,16,7,1,14,6,3,5,3,0,1,1,1,0,0,0,0,12.263171,51.344624
13,16,7,1,14,6,3,1,7,0,0,1,1,0,0,0,0,12.340381,51.331089
13,16,7,1,15,6,3,0,7,0,0,1,0,0,0,0,0,12.373606,51.327487
13,16,7,1,20,6,3,5,3,1,0,1,1,0,0,0,0,12.335995,51.341265
13,16,7,2,0,7,3,5,3,2,0,1,1,0,0,0,0,12.409026,51.344532
13,16,7,2,12,7,3,6,4,0,0,1,0,1,0,0,0,12.42976,51.341863
13,16,7,2,13,7,3,5,3,0,0,1,1,0,0,0,0,12.271011,51.317608
13,16,7,2,13,7,3,0,1,0,0,1,0,0,0,0,0,12.376808,51.343302
13,16,7,2,14,7,3,0,1,0,1,1,0,0,0,0,0,12.357758,51.344567
13,16,7,2,16,7,3,5,3,0,1,1,0,0,0,0,0,12.300758,51.315597
13,16,7,2,16,7,2,4,2,0,1,1,0,0,0,0,1,12.309662,51.330516
13,16,7,2,18,7,3,6,6,0,0,1,0,1,0,0,0,12.378722,51.344696
13,16,7,2,18,7,3,5,3,0,0,1,1,0,0,0,0,12.412624,51.359565
13,16,7,2,21,7,3,4,2,1,0,1,1,0,0,0,0,12.388681,51.335285
13,16,7,3,11,1,3,1,1,0,0,1,1,0,0,0,0,12.446626,51.303843
13,16,7,3,12,1,3,4,1,0,0,1,1,0,0,0,0,12.301552,51.293567
13,16,7,3,17,1,3,5,3,0,0,1,1,0,0,0,0,12.26313,51.344629
13,16,7,3,18,1,3,3,6,0,0,1,1,0,0,0,0,12.335484,51.321622
13,16,7,3,18,1,3,5,3,0,0,1,1,0,0,0,0,12.457541,51.353489
13,16,7,3,20,1,3,1,5,0,0,1,0,0,0,0,1,12.375665,51.366294
13,16,7,4,7,2,3,5,3,0,0,1,1,0,0,0,0,12.349128,51.368125
13,16,7,4,7,2,3,5,2,0,0,1,1,0,0,0,0,12.389704,51.321539
13,16,7,4,8,2,3,4,2,0,0,1,1,0,0,0,0,12.407533,51.34678
13,16,7,4,15,2,3,3,2,0,0,1,1,0,0,0,0,12.286306,51.324968
13,16,7,4,15,2,2,5,3,0,0,1,1,0,0,0,0,12.397465,51.334068
13,16,7,4,16,2,3,3,2,0,0,1,1,0,0,0,0,12.372999,51.309707
13,16,7,4,16,2,3,5,3,0,0,1,1,0,0,0,0,12.39502,51.342752
13,16,7,4,16,2,3,5,3,0,0,1,1,0,0,0,0,12.460868,51.367267
13,16,7,4,17,2,3,4,2,0,0,1,0,0,0,1,0,12.373484,51.314925
13,16,7,4,18,2,2,5,3,0,0,1,1,0,0,0,0,12.377895,51.422054
13,16,7,4,20,2,3,5,3,1,0,1,0,0,0,0,1,12.380162,51.344235
13,16,7,4,22,2,3,4,2,2,0,1,1,0,0,0,0,12.379493,51.343325
13,16,7,4,23,2,3,4,6,2,0,1,0,0,0,0,0,12.405954,51.349605
13,16,7,5,2,3,3,0,1,2,0,1,1,0,0,0,0,12.336533,51.32878
13,16,7,5,8,3,3,5,3,0,1,1,1,0,0,0,0,12.305012,51.344342
13,16,7,5,8,3,3,6,4,0,0,1,0,1,0,0,0,12.361249,51.343997
13,16,7,5,8,3,3,3,6,0,0,1,1,0,0,0,0,12.371524,51.345327
13,16,7,5,8,3,3,3,2,0,0,1,1,0,0,0,0,12.393152,51.345694
13,16,7,5,9,3,3,1,6,0,1,1,1,0,0,0,0,12.369779,51.325237
13,16,7,5,9,3,3,0,7,0,0,1,0,0,0,0,0,12.385498,51.373806
13,16,7,5,9,3,3,5,3,0,0,1,1,0,0,0,0,12.410915,51.335848
13,16,7,5,9,3,3,2,2,0,0,1,1,0,0,0,0,12.41319,51.341079
13,16,7,5,10,3,3,0,7,0,1,1,0,0,0,0,0,12.368623,51.318077
13,16,7,5,10,3,3,5,3,0,0,1,0,0,0,0,1,12.371004,51.33399
13,16,7,5,10,3,3,0,1,0,0,1,0,0,0,0,0,12.385787,51.296385
13,16,7,5,12,3,3,3,2,0,0,1,1,0,0,0,0,12.379936,51.375796
13,16,7,5,12,3,3,5,3,0,0,1,1,0,0,0,0,12.38408,51.336203
13,16,7,5,12,3,3,1,5,0,0,1,1,0,0,0,0,12.422001,51.320427
13,16,7,5,13,3,3,3,2,0,0,1,1,0,0,0,0,12.376874,51.343489
13,16,7,5,16,3,3,5,2,0,0,1,1,0,0,0,0,12.413945,51.313353
13,16,7,5,17,3,3,5,3,0,0,1,1,0,0,0,0,12.409168,51.371437
13,16,7,5,19,3,3,3,6,0,0,1,0,0,0,0,0,12.392947,51.344856
13,16,7,5,20,3,3,3,2,0,0,1,0,0,0,1,0,12.384938,51.33835
13,16,7,6,8,4,3,4,2,0,0,1,1,0,0,0,0,12.336364,51.335417
13,16,7,6,8,4,3,5,3,0,0,1,1,0,0,0,0,12.366016,51.324271
13,16,7,6,8,4,3,2,6,0,0,1,1,0,0,0,0,12.366726,51.367273
13,16,7,6,8,4,3,5,3,0,0,1,1,0,0,0,0,12.369466,51.323315
13,16,7,6,8,4,3,0,1,0,0,1,0,0,0,0,0,12.392451,51.345422
13,16,7,6,9,4,3,0,5,0,1,1,0,0,0,1,0,12.384723,51.365105
13,16,7,6,12,4,3,6,4,0,0,1,0,1,0,0,0,12.365017,51.337205
13,16,7,6,12,4,3,5,2,0,0,1,1,0,0,0,0,12.373454,51.360685
13,16,7,6,14,4,3,4,2,0,0,1,1,0,0,0,0,12.371424,51.331586
13,16,7,6,14,4,3,6,4,0,0,1,0,1,0,0,0,12.373506,51.314813
13,16,7,6,14,4,3,4,2,0,0,1,1,0,0,0,0,12.381958,51.304417
13,16,7,6,17,4,1,5,3,0,0,1,1,0,0,0,1,12.406046,51.346289
13,16,7,6,17,4,3,4,2,0,0,1,1,0,0,0,0,12.411381,51.331018
13,16,7,6,18,4,3,5,3,0,0,1,1,0,0,0,0,12.376946,51.34485
13,16,7,6,19,4,3,4,2,0,0,1,1,0,0,0,0,12.411135,51.34207
13,16,7,7,4,5,2,0,1,2,0,1,0,0,0,0,0,12.373859,51.333858
13,16,7,7,4,5,2,5,3,2,0,1,1,0,0,0,0,12.377074,51.344512
13,16,7,7,6,5,3,3,2,0,0,1,0,0,0,0,1,12.407611,51.339312
13,16,7,7,9,5,3,4,2,0,0,1,1,0,0,0,0,12.336952,51.32945
13,16,7,7,9,5,3,5,2,0,0,1,0,0,0,0,1,12.40577,51.319841
13,16,7,7,14,5,3,5,3,0,0,1,1,0,0,0,0,12.392597,51.334101
13,16,7,7,15,5,3,3,6,0,0,1,1,0,0,0,0,12.371129,51.396007
13,16,7,7,15,5,3,5,3,0,0,1,1,0,0,0,0,12.407336,51.382725
13,16,7,7,16,5,3,3,2,0,0,1,1,0,0,0,0,12.379536,51.334256
13,16,7,7,16,5,2,3,2,0,0,1,1,0,0,0,0,12.466816,51.365633
13,16,7,7,17,5,3,5,2,0,0,1,1,0,0,0,0,12.373595,51.332999
13,16,7,7,17,5,2,5,3,0,0,1,0,0,0,0,1,12.457667,51.350356
13,16,7,7,18,5,3,3,6,0,0,1,1,0,0,0,0,12.36418,51.327503
13,16,7,7,19,5,3,5,2,0,0,1,1,0,0,0,0,12.373817,51.331139
13,16,7,7,19,5,3,5,3,0,0,1,0,0,1,0,0,12.405803,51.345537
13,16,7,7,23,5,3,0,7,2,0,1,0,0,0,0,0,12.369904,51.335083
13,16,8,1,7,2,3,5,2,0,0,1,1,0,0,0,0,12.401491,51.324218
13,16,8,1,7,2,3,5,2,0,0,1,1,0,0,0,0,12.445299,51.346155
13,16,8,1,8,2,2,2,6,0,0,1,0,0,1,0,0,12.430087,51.353558
13,16,8,1,9,2,3,3,5,0,0,1,1,0,0,0,0,12.385068,51.339067
13,16,8,1,11,2,3,5,3,0,0,1,1,0,0,0,0,12.37603,51.35559
13,16,8,1,11,2,3,5,3,0,0,1,1,0,0,0,0,12.390263,51.303029
13,16,8,1,13,2,3,1,5,0,0,1,1,0,0,0,0,12.361874,51.342482
13,16,8,1,14,2,3,5,2,0,0,1,1,0,0,0,0,12.407331,51.345476
13,16,8,1,14,2,3,5,3,0,0,1,1,0,0,0,0,12.48404,51.342913
13,16,8,1,15,2,2,5,3,0,0,1,1,0,0,0,0,12.330766,51.337428
13,16,8,1,15,2,2,5,2,0,0,1,1,0,0,0,0,12.406212,51.348178
13,16,8,1,15,2,3,0,5,0,0,1,1,0,0,0,0,12.407558,51.373562
13,16,8,1,16,2,3,5,3,0,0,1,1,0,0,0,0,12.32048,51.305555
13,16,8,1,17,2,3,4,2,0,0,1,1,0,0,0,0,12.362825,51.367746
13,16,8,1,17,2,3,5,3,0,0,1,1,0,0,0,0,12.385618,51.324197
13,16,8,1,18,2,3,2,6,0,0,1,0,0,0,0,0,12.386004,51.295852
13,16,8,1,20,2,3,5,3,1,0,1,1,0,0,0,0,12.268248,51.307908
13,16,8,1,20,2,3,1,3,2,0,1,1,0,0,0,0,12.376961,51.343902
13,16,8,2,5,3,3,5,3,1,0,1,1,0,0,0,0,12.381696,51.331774
13,16,8,2,5,3,3,3,2,1,0,1,1,0,0,0,0,12.385543,51.376141
13,16,8,2,7,3,3,6,7,0,0,1,0,0,0,0,1,12.373079,51.342902
13,16,8,2,9,3,3,6,4,0,0,1,0,1,0,0,0,12.368593,51.326033
13,16,8,2,9,3,3,3,2,0,1,1,1,0,0,0,0,12.376591,51.351165
13,16,8,2,10,3,3,4,6,0,0,1,0,0,0,0,0,12.380996,51.330759
13,16,8,2,10,3,3,0,7,0,0,1,0,0,0,0,0,12.40598,51.34208
13,16,8,2,11,3,3,3,2,0,1,1,1,0,0,0,0,12.395357,51.339227
13,16,8,2,13,3,3,5,3,0,0,1,1,0,0,0,0,12.268226,51.3079
13,16,8,2,14,3,3,4,2,0,0,1,1,0,0,0,0,12.353929,51.350908
13,16,8,2,14,3,3,1,5,0,0,1,1,0,0,0,0,12.370913,51.307674
13,16,8,2,14,3,2,4,2,0,0,1,1,0,0,0,0,12.421684,51.332558
13,16,8,2,15,3,3,5,3,0,0,1,1,0,0,0,0,12.370935,51.336419
13,16,8,2,15,3,3,4,6,0,0,1,0,0,0,0,0,12.394196,51.350724
13,16,8,2,16,3,3,5,3,0,0,1,1,0,0,0,0,12.331149,51.371996
13,16,8,2,16,3,3,5,3,0,0,1,1,0,0,0,0,12.372968,51.301424
13,16,8,2,16,3,3,1,5,0,0,1,0,0,0,0,1,12.401737,51.346508
13,16,8,2,17,3,3,4,2,0,0,1,1,0,0,0,0,12.331941,51.335914
13,16,8,2,17,3,3,5,3,0,0,1,1,0,0,0,0,12.344842,51.339183
13,16,8,2,18,3,3,1,7,0,0,1,1,0,0,0,0,12.40397,51.366288
13,16,8,2,19,3,3,4,2,0,0,1,1,0,0,0,0,12.396099,51.310163
13,16,8,3,7,4,2,5,3,0,0,1,1,0,0,0,0,12.375832,51.334318
13,16,8,3,7,4,3,5,3,0,0,1,1,0,0,0,0,12.398745,51.345947
13,16,8,3,7,4,3,3,2,0,0,1,1,0,0,0,0,12.399637,51.362212
13,16,8,3,7,4,3,5,3,0,0,1,1,0,0,0,0,12.403112,51.345707
13,16,8,3,7,4,3,0,1,0,0,1,0,0,0,0,0,12.407705,51.339352
13,16,8,3,9,4,3,3,2,0,0,1,1,0,0,0,0,12.367055,51.335925
13,16,8,3,9,4,2,0,4,0,0,1,0,1,0,0,0,12.408553,51.375495
13,16,8,3,10,4,3,5,3,0,0,1,1,0,0,0,0,12.392691,51.330619
13,16,8,3,12,4,3,5,3,0,0,1,0,0,0,0,0,12.373544,51.330088
13,16,8,3,13,4,3,5,3,0,0,1,1,0,0,0,0,12.383801,51.395138
13,16,8,3,14,4,3,5,2,0,0,1,1,0,0,0,0,12.29891,51.41265
13,16,8,3,14,4,3,5,7,0,0,1,1,0,0,0,0,12.299878,51.413174
13,16,8,3,14,4,3,5,3,0,0,1,1,0,0,0,0,12.367452,51.367234
13,16,8,3,14,4,2,0,2,0,0,1,0,0,0,0,1,12.406774,51.338112
13,16,8,3,14,4,3,1,3,0,0,1,1,0,0,0,0,12.482994,51.342783
13,16,8,3,15,4,3,5,2,0,1,1,1,0,0,0,0,12.400696,51.339285
13,16,8,3,16,4,3,5,3,0,0,1,1,0,0,0,0,12.373361,51.353061
13,16,8,3,16,4,3,3,6,0,0,1,1,0,0,0,0,12.373711,51.331416
13,16,8,3,16,4,3,5,3,0,0,1,1,0,0,0,0,12.376753,51.320531
13,16,8,3,16,4,2,5,3,0,0,1,1,0,0,0,0,12.392678,51.33061
13,16,8,3,16,4,3,0,7,0,0,1,0,0,0,0,0,12.412366,51.393212
13,16,8,3,18,4,3,4,2,0,0,1,1,0,0,0,0,12.327154,51.329632
13,16,8,3,18,4,3,5,2,0,0,1,1,0,0,0,0,12.373404,51.320595
13,16,8,3,19,4,2,3,2,0,0,1,1,0,0,0,0,12.378597,51.307766
13,16,8,3,22,4,3,0,7,2,0,1,0,0,0,0,0,12.373344,51.336672
13,16,8,4,6,5,3,0,5,0,0,1,1,0,0,0,0,12.323888,51.343612
13,16,8,4,7,5,2,5,3,0,0,1,1,0,0,0,0,12.317736,51.350116
13,16,8,4,7,5,3,3,6,0,0,1,0,0,0,0,0,12.421903,51.351605
13,16,8,4,8,5,3,5,3,0,0,1,1,0,0,0,0,12.333006,51.298738
13,16,8,4,8,5,3,5,3,0,0,1,1,0,0,0,0,12.375034,51.393124
13,16,8,4,11,5,3,3,2,0,0,1,1,0,0,0,0,12.331937,51.335913
13,16,8,4,11,5,3,1,5,0,0,1,1,0,0,0,0,12.342282,51.328196
13,16,8,4,11,5,3,6,4,0,0,1,0,1,0,0,0,12.37359,51.320544
13,16,8,4,13,5,2,5,3,0,0,1,1,0,0,0,0,12.313808,51.304554
13,16,8,4,13,5,3,4,3,0,0,1,1,0,0,0,0,12.365641,51.332052
13,16,8,4,15,5,3,5,2,0,0,1,1,0,0,0,0,12.376355,51.348985
13,16,8,4,15,5,3,5,3,0,0,1,1,0,0,0,0,12.383596,51.374053
13,16,8,4,15,5,2,5,2,0,0,1,0,0,0,0,1,12.389108,51.35367
13,16,8,4,15,5,3,5,3,0,0,1,0,0,1,0,0,12.430436,51.351371
13,16,8,4,17,5,3,5,3,0,0,1,1,0,0,0,0,12.254651,51.281159
13,16,8,4,17,5,3,5,3,0,0,1,1,0,0,0,0,12.398191,51.366984
13,16,8,4,18,5,3,2,2,0,0,1,1,0,0,0,0,12.376433,51.310396
13,16,8,4,18,5,3,4,2,0,0,1,1,0,0,0,0,12.451636,51.313904
13,16,8,4,19,5,3,1,5,0,0,1,1,0,0,0,0,12.380461,51.344111
13,16,8,4,20,5,3,2,6,1,1,1,1,0,0,0,0,12.401898,51.339137
13,16,8,4,21,5,3,0,1,2,1,1,0,0,0,0,0,12.315146,51.354626