UKREIS,UJAHR,UMONAT,UTAG,USTUNDE,UWOCHENTAG,UKATEGORIE,UART,UTYP,LICHT,USTRZUSTAND,IstRad,IstPKW,IstFuss,IstKrad,IstGkfz,IstSonstige,@lon,@lat
13,16,8,5,0,6,3,8,1,2,0,1,0,0,0,0,0,12.371513,51.337698
13,16,8,5,7,6,3,5,3,0,1,1,1,0,0,0,0,12.309352,51.330774
13,16,8,5,7,6,3,5,3,0,0,1,1,0,0,0,0,12.344835,51.339196
13,16,8,5,7,6,3,0,7,0,0,1,0,0,0,0,0,12.366223,51.34341
13,16,8,5,7,6,3,3,2,0,0,1,1,0,0,0,0,12.447088,51.350275
13,16,8,5,10,6,3,5,3,0,0,1,1,0,0,0,0,12.376821,51.320558
13,16,8,5,12,6,3,5,3,0,0,1,1,0,0,0,0,12.356004,51.343695
13,16,8,5,13,6,3,5,3,0,0,1,1,0,0,0,0,12.432403,51.308149
13,16,8,5,15,6,3,5,3,0,0,1,0,0,0,0,1,12.327638,51.303632
13,16,8,5,15,6,3,5,2,0,0,1,1,0,0,0,0,12.43417,51.324737
13,16,8,5,15,6,2,5,3,0,0,1,1,0,0,0,0,12.443859,51.331471
13,16,8,5,17,6,3,5,3,0,0,1,1,0,0,0,0,12.305516,51.351832
13,16,8,5,17,6,3,3,2,0,0,1,1,0,0,0,0,12.386097,51.29567
13,16,8,5,18,6,2,6,4,0,0,1,0,1,0,0,0,12.37367,51.3328
13,16,8,5,18,6,2,4,6,0,0,1,0,0,0,0,0,12.398254,51.352934
13,16,8,6,0,7,3,0,7,2,0,1,0,0,0,0,0,12.370935,51.344099
13,16,8,6,8,7,3,5,3,0,0,1,1,0,0,0,0,12.32683,51.312668
13,16,8,6,16,7,3,1,5,0,0,1,1,0,0,0,0,12.332882,51.340523
13,16,8,6,16,7,3,3,2,0,0,1,1,0,0,0,0,12.403912,51.321713
13,16,8,6,19,7,3,0,1,2,0,1,0,0,0,0,0,12.301014,51.35481
13,16,8,6,21,7,3,1,3,2,0,1,1,0,0,0,0,12.381936,51.338613
13,16,8,7,10,1,2,5,3,0,0,1,1,0,0,0,0,12.401,51.376236
13,16,8,7,11,1,3,5,2,0,0,1,1,0,0,0,0,12.345036,51.375176
13,16,8,7,18,1,3,0,3,0,0,1,1,0,0,0,0,12.343785,51.341129
13,16,9,1,6,5,3,5,3,0,0,1,1,0,0,0,0,12.331443,51.349642
13,16,9,1,6,5,3,4,2,1,0,1,1,0,0,0,0,12.460298,51.36848
13,16,9,1,7,5,3,5,3,0,0,1,1,0,0,0,0,12.285828,51.330943
13,16,9,1,7,5,3,3,2,0,0,1,1,0,0,0,0,12.370877,51.33507
13,16,9,1,7,5,3,5,3,0,0,1,1,0,0,0,0,12.376962,51.343903
13,16,9,1,7,5,3,5,3,0,0,1,1,0,0,0,0,12.402656,51.376064
13,16,9,1,7,5,3,3,2,0,0,1,1,0,0,0,0,12.413046,51.324573
13,16,9,1,8,5,3,4,2,0,0,1,1,0,0,0,0,12.27405,51.324839
13,16,9,1,9,5,2,4,6,0,0,1,0,0,0,0,0,12.3644,51.33766
13,16,9,1,10,5,3,5,3,0,0,1,1,0,0,0,0,12.469523,51.345735
13,16,9,1,11,5,3,5,3,0,0,1,0,0,0,0,1,12.24726,51.31814
13,16,9,1,11,5,3,4,2,0,0,1,0,0,0,0,1,12.353962,51.35091
13,16,9,1,11,5,3,4,6,0,0,1,0,0,0,0,0,12.383416,51.338356
13,16,9,1,13,5,3,5,3,0,0,1,1,0,0,0,0,12.395783,51.363295
13,16,9,1,13,5,3,5,3,0,0,1,1,0,0,0,0,12.464391,51.295369
13,16,9,1,14,5,3,4,2,0,0,1,1,0,0,0,0,12.331942,51.335914
13,16,9,1,14,5,3,5,3,0,0,1,1,0,0,0,0,12.347369,51.350495
13,16,9,1,15,5,3,5,3,0,0,1,1,0,0,0,0,12.314308,51.340546
13,16,9,1,15,5,3,1,6,0,0,1,1,0,0,0,0,12.461802,51.313063
13,16,9,1,16,5,3,5,3,0,0,1,1,0,0,0,0,12.292271,51.35616
13,16,9,1,16,5,3,6,4,0,0,1,0,1,0,0,0,12.376999,51.332748
13,16,9,1,16,5,3,5,3,0,0,1,1,0,0,0,0,12.384969,51.298891
13,16,9,1,16,5,3,3,2,0,0,1,1,0,0,0,0,12.400325,51.345829
13,16,9,1,19,5,2,1,5,1,0,1,1,0,0,0,0,12.334955,51.326263
13,16,9,2,7,6,3,1,1,0,0,1,1,0,0,0,0,12.361902,51.364893
13,16,9,2,7,6,3,5,3,0,0,1,1,0,0,0,0,12.372665,51.353632
13,16,9,2,7,6,3,1,2,0,0,1,1,0,0,0,0,12.479295,51.345823
13,16,9,2,8,6,2,4,2,0,0,1,1,0,0,0,0,12.392204,51.338889
13,16,9,2,10,6,3,8,1,0,0,1,1,0,0,0,0,12.322859,51.338776
13,16,9,2,10,6,1,5,3,0,0,1,1,0,0,0,0,12.398084,51.317472
13,16,9,2,11,6,3,3,2,0,0,1,1,0,0,0,0,12.367439,51.341165
13,16,9,2,11,6,3,5,3,0,0,1,0,0,0,0,1,12.388155,51.35488
13,16,9,2,12,6,3,5,3,0,0,1,1,0,0,0,0,12.38995,51.346557
13,16,9,2,13,6,3,5,3,0,0,1,1,0,0,0,0,12.36009,51.342171
13,16,9,2,16,6,3,5,3,0,0,1,1,0,0,0,0,12.391303,51.347424
13,16,9,2,18,6,3,5,3,0,0,1,1,0,0,0,0,12.335982,51.341262
13,16,9,2,18,6,3,0,7,1,0,1,0,0,0,0,0,12.356489,51.380542
13,16,9,2,22,6,3,3,2,2,1,1,1,0,0,0,0,12.395265,51.33213
13,16,9,2,22,6,2,5,3,2,0,1,1,0,0,0,0,12.396054,51.34495
13,16,9,3,5,7,2,0,7,1,0,1,0,0,0,0,0,12.401291,51.363183
13,16,9,3,6,7,3,4,2,1,0,1,1,0,0,0,0,12.41124,51.342046
13,16,9,3,8,7,3,5,3,0,0,1,1,0,0,0,0,12.368191,51.3378
13,16,9,3,8,7,3,5,3,0,0,1,1,0,0,0,0,12.384328,51.300518
13,16,9,3,13,7,3,5,3,0,0,1,1,0,0,0,0,12.285849,51.330963
13,16,9,3,14,7,3,6,6,0,0,1,0,1,0,0,0,12.378078,51.341297
13,16,9,3,14,7,2,5,3,0,0,1,0,0,0,0,0,12.422939,51.35085
13,16,9,3,18,7,3,1,6,0,0,1,0,0,0,0,1,12.373724,51.305582
13,16,9,3,20,7,3,3,2,2,0,1,1,0,0,0,0,12.377059,51.34451
13,16,9,4,10,1,2,9,1,0,0,1,0,0,0,0,0,12.373647,51.333017
13,16,9,4,14,1,3,3,2,0,0,1,1,0,0,0,0,12.391406,51.34744
13,16,9,5,6,2,2,3,2,0,0,1,1,0,0,0,0,12.36144,51.375088
13,16,9,5,6,2,3,5,3,0,1,1,0,0,1,0,0,12.401684,51.324242
13,16,9,5,6,2,3,3,2,2,0,1,1,0,0,0,0,12.479455,51.352031
13,16,9,5,7,2,3,0,5,0,0,1,1,0,0,0,0,12.374637,51.367073
13,16,9,5,7,2,3,5,3,1,1,1,1,0,0,0,0,12.406599,51.314097
13,16,9,5,13,2,3,5,3,0,0,1,1,0,0,0,0,12.395246,51.312907
13,16,9,5,13,2,2,4,2,0,0,1,1,0,0,0,0,12.428295,51.379736
13,16,9,5,15,2,3,2,6,0,0,1,1,0,0,0,0,12.371298,51.361792
13,16,9,5,16,2,3,5,3,0,0,1,1,0,0,0,0,12.384616,51.337252
13,16,9,5,18,2,3,6,6,0,0,1,0,1,0,0,0,12.405956,51.335886
13,16,9,5,20,2,3,3,2,2,0,1,1,0,0,0,0,12.415402,51.319929
13,16,9,5,22,2,3,1,1,2,0,1,1,0,0,0,0,12.28988,51.322123
13,16,9,5,23,2,2,4,7,2,0,1,0,1,0,0,0,12.378047,51.33711
13,16,9,6,5,3,2,0,1,2,0,1,0,0,0,0,0,12.262782,51.311184
13,16,9,6,5,3,3,5,3,1,1,1,1,0,0,0,0,12.438997,51.392872
13,16,9,6,6,3,3,3,2,0,0,1,0,0,0,0,1,12.398044,51.366952
13,16,9,6,7,3,3,4,2,0,0,1,1,0,0,0,0,12.395878,51.346065
13,16,9,6,7,3,1,3,2,0,0,1,0,0,0,1,0,12.407613,51.339311
13,16,9,6,7,3,2,5,3,0,0,1,1,0,0,0,0,12.410965,51.329897
13,16,9,6,8,3,3,4,2,0,0,1,1,0,0,0,0,12.281237,51.383392
13,16,9,6,13,3,3,3,6,0,0,1,0,0,0,0,0,12.413926,51.347132
13,16,9,6,14,3,2,8,1,0,0,1,0,0,0,0,0,12.476542,51.345193
13,16,9,6,15,3,2,4,2,0,0,1,1,0,0,0,0,12.363537,51.372645
13,16,9,6,15,3,3,5,3,0,0,1,1,0,0,0,0,12.376569,51.315708
13,16,9,6,15,3,3,5,3,0,0,1,1,0,0,0,0,12.388276,51.346274
13,16,9,6,16,3,3,4,2,0,0,1,1,0,0,0,0,12.33876,51.328245
13,16,9,6,16,3,3,3,2,0,0,1,1,0,0,0,0,12.346588,51.350819
13,16,9,6,16,3,3,5,2,0,0,1,0,0,0,0,0,12.352268,51.319383
13,16,9,6,16,3,3,5,3,0,0,1,1,0,0,0,0,12.403253,51.34703
13,16,9,6,16,3,3,0,1,0,0,1,0,0,0,0,0,12.453069,51.41195
13,16,9,6,17,3,3,0,7,0,0,1,1,0,0,0,0,12.406104,51.346833
13,16,9,6,18,3,2,3,5,0,0,1,0,0,0,0,1,12.405475,51.367804
13,16,9,6,20,3,3,5,3,2,0,1,1,0,0,0,0,12.452168,51.350364
13,16,9,7,5,4,3,5,3,2,0,1,1,0,0,0,0,12.406058,51.313917
13,16,9,7,6,4,3,2,2,1,0,1,1,0,0,0,0,12.327294,51.305016
13,16,9,7,7,4,2,3,2,0,0,1,1,0,0,0,0,12.373667,51.33284
13,16,9,7,7,4,3,5,3,0,0,1,1,0,0,0,0,12.399671,51.328114
13,16,9,7,7,4,3,3,2,0,0,1,1,0,0,0,0,12.406182,51.347502
13,16,9,7,8,4,3,2,2,0,0,1,1,0,0,0,0,12.327277,51.317338
13,16,9,7,8,4,3,3,6,0,0,1,0,0,0,0,0,12.37367,51.332802
13,16,9,7,8,4,3,3,3,0,0,1,1,0,0,0,0,12.394403,51.395861
13,16,9,7,11,4,3,1,7,0,0,1,1,0,0,0,0,12.412385,51.333618
13,16,9,7,13,4,3,5,3,0,0,1,1,0,0,0,0,12.263456,51.324553
13,16,9,7,13,4,3,6,4,0,0,1,0,1,0,0,0,12.407007,51.345473
13,16,9,7,15,4,3,1,7,0,0,1,1,0,0,0,0,12.382632,51.340376
13,16,9,7,16,4,3,5,3,0,0,1,1,0,0,0,0,12.330762,51.372134
13,16,9,7,16,4,3,5,3,0,0,1,1,0,0,0,0,12.381752,51.332005
13,16,9,7,16,4,3,5,3,0,0,1,1,0,0,0,0,12.384979,51.298893
13,16,9,7,16,4,3,0,1,0,0,1,0,0,0,0,0,12.492936,51.351034
13,16,9,7,17,4,3,5,3,0,0,1,1,0,0,0,0,12.36259,51.344072
13,16,9,7,17,4,3,0,3,0,0,1,1,0,0,0,0,12.367551,51.320954
13,16,9,7,17,4,3,3,2,0,0,1,1,0,0,0,0,12.38688,51.345685
13,16,9,7,17,4,3,3,2,0,0,1,1,0,0,0,0,12.404532,51.320995
13,16,9,7,17,4,3,2,2,0,0,1,1,0,0,0,0,12.406918,51.342368
13,16,9,7,20,4,3,2,6,2,0,1,0,0,1,0,0,12.384785,51.337642
13,16,9,7,20,4,3,3,6,2,0,1,1,0,0,0,0,12.390546,51.290563
13,16,9,7,20,4,3,3,6,2,0,1,1,0,0,0,0,12.393532,51.331197
13,16,10,1,9,7,3,5,3,0,1,1,1,0,0,0,0,12.378601,51.324173
13,16,10,1,11,7,3,4,2,0,1,1,1,0,0,0,0,12.381787,51.338645
13,16,10,1,12,7,3,3,2,0,0,1,1,0,0,0,0,12.348769,51.332145
13,16,10,1,15,7,3,3,2,0,1,1,1,0,0,0,0,12.384891,51.338121
13,16,10,1,17,7,3,5,3,1,1,1,1,0,0,0,0,12.333554,51.319515
13,16,10,1,19,7,3,5,3,2,1,1,1,0,0,0,0,12.345502,51.327191
13,16,10,1,19,7,3,1,5,2,0,1,1,0,0,0,0,12.368558,51.317496
13,16,10,2,20,1,3,4,2,2,1,1,1,0,0,0,0,12.277858,51.319048
13,16,10,3,6,2,3,3,2,2,1,1,1,0,0,0,0,12.353385,51.341147
13,16,10,3,6,2,3,5,3,2,1,1,1,0,0,0,0,12.37651,51.314832
13,16,10,3,10,2,3,5,3,0,0,1,1,0,0,0,0,12.415796,51.333751
13,16,10,3,14,2,3,6,6,0,0,1,0,1,0,0,0,12.30725,51.317001
13,16,10,3,15,2,3,3,2,0,1,1,1,0,0,0,0,12.401727,51.307778
13,16,10,3,17,2,3,3,2,0,0,1,0,0,0,0,0,12.373418,51.323169
13,16,10,3,17,2,2,3,2,0,1,1,1,0,0,0,0,12.402145,51.336106
13,16,10,3,18,2,3,6,4,0,1,1,1,1,0,0,0,12.373547,51.330106
13,16,10,3,19,2,3,5,3,2,1,1,1,0,0,0,0,12.371502,51.33812
13,16,10,3,19,2,3,5,3,2,1,1,1,0,0,0,0,12.416539,51.321878
13,16,10,4,6,3,3,5,3,2,1,1,1,0,0,0,0,12.344883,51.339192
13,16,10,4,7,3,3,3,2,2,1,1,1,0,0,0,0,12.366747,51.345072
13,16,10,4,9,3,3,4,2,0,1,1,1,0,0,0,0,12.365614,51.339609
13,16,10,4,9,3,3,5,3,0,0,1,1,0,0,0,0,12.389955,51.346566
13,16,10,4,10,3,3,9,1,0,1,1,0,0,0,0,0,12.374113,51.303329
13,16,10,4,11,3,3,5,3,0,0,1,0,0,0,0,1,12.381597,51.343359
13,16,10,4,15,3,3,9,1,0,0,1,0,0,0,0,0,12.369944,51.355878
13,16,10,4,15,3,3,0,1,0,1,1,0,0,0,0,0,12.412205,51.359597
13,16,10,4,16,3,3,5,3,0,1,1,1,0,0,0,0,12.416539,51.321878
13,16,10,4,17,3,3,5,3,0,0,1,1,0,0,0,0,12.368697,51.357266
13,16,10,4,19,3,3,0,5,2,1,1,1,0,0,0,0,12.373341,51.318219
13,16,10,4,20,3,3,4,2,2,1,1,1,0,0,0,0,12.39533,51.339198
13,16,10,4,22,3,3,5,3,2,1,1,1,0,0,0,0,12.384573,51.337226
13,16,10,4,22,3,3,5,3,2,0,1,1,0,0,0,0,12.39186,51.346382
13,16,10,5,7,4,3,4,2,1,0,1,1,0,0,0,0,12.367452,51.367234
13,16,10,5,7,4,3,2,6,1,0,1,1,0,0,0,0,12.377314,51.306475
13,16,10,5,7,4,2,5,3,1,1,1,1,0,0,0,0,12.396452,51.301189
13,16,10,5,8,4,3,5,2,0,1,1,1,0,0,0,0,12.371504,51.331559
13,16,10,5,9,4,2,5,3,0,1,1,0,0,0,0,1,12.386396,51.34338
13,16,10,5,9,4,3,1,5,0,0,1,1,0,0,0,0,12.395415,51.346089
13,16,10,5,12,4,3,5,3,0,0,1,0,0,0,0,1,12.366344,51.336303
13,16,10,5,14,4,2,5,3,0,0,1,1,0,0,0,0,12.462295,51.366177
13,16,10,5,15,4,3,4,2,0,0,1,0,0,0,0,1,12.373698,51.332217
13,16,10,5,18,4,3,3,2,1,1,1,1,0,0,0,0,12.373602,51.332999
13,16,10,5,20,4,2,5,3,2,0,1,0,0,0,0,1,12.281989,51.357893
13,16,10,5,20,4,2,0,5,2,1,1,1,0,0,0,0,12.37164,51.338579
13,16,10,6,7,5,3,3,2,1,0,1,1,0,0,0,0,12.364498,51.326742
13,16,10,6,7,5,3,5,3,1,0,1,1,0,0,0,0,12.369513,51.324619
13,16,10,6,12,5,3,5,3,0,0,1,1,0,0,0,0,12.39323,51.336944
13,16,10,6,13,5,3,1,5,0,0,1,1,0,0,0,0,12.355585,51.36474
13,16,10,6,15,5,3,5,3,0,0,1,1,0,0,0,0,12.347464,51.38851
13,16,10,6,16,5,3,3,2,0,1,1,0,0,0,0,0,12.394377,51.351847
13,16,10,6,18,5,3,4,2,2,0,1,1,0,0,0,0,12.321812,51.328838
13,16,10,6,18,5,3,4,2,1,1,1,1,0,0,0,0,12.365484,51.362418
13,16,10,6,18,5,3,1,5,2,0,1,1,0,0,0,0,12.409945,51.325385
13,16,10,6,19,5,3,1,5,2,0,1,1,0,0,0,0,12.376838,51.343388
13,16,10,6,19,5,3,3,2,2,1,1,1,0,0,0,0,12.42209,51.319631
13,16,10,7,8,6,2,0,1,0,0,1,1,0,0,0,0,12.396363,51.310241
13,16,10,7,11,6,3,3,2,0,0,1,0,0,0,1,0,12.426637,51.303494
13,16,10,7,13,6,2,5,3,0,0,1,0,0,1,0,0,12.373687,51.325993
13,16,10,7,15,6,3,5,3,0,1,1,1,0,0,0,0,12.405972,51.335958
13,16,10,7,21,6,3,5,3,2,0,1,0,0,0,0,1,12.387993,51.353282
13,16,11,1,5,3,3,5,3,2,0,1,1,0,0,0,0,12.285831,51.330944
13,16,11,1,7,3,3,3,2,0,0,1,1,0,0,0,0,12.360657,51.340244
13,16,11,1,9,3,3,5,3,0,1,1,1,0,0,0,0,12.365274,51.323645
13,16,11,1,11,3,3,1,5,0,0,1,1,0,0,0,0,12.3735,51.323654
13,16,11,1,12,3,3,5,3,0,0,1,0,0,0,0,1,12.327722,51.326771
13,16,11,1,12,3,3,5,3,0,0,1,1,0,0,0,0,12.392246,51.382164
13,16,11,1,12,3,3,5,3,0,0,1,1,0,0,0,0,12.421423,51.379249
13,16,11,1,13,3,3,1,5,0,0,1,0,0,0,0,1,12.337335,51.330059
13,16,11,1,13,3,2,5,2,0,0,1,0,0,0,0,1,12.473899,51.358865
13,16,11,1,14,3,2,0,7,0,1,1,0,0,0,0,0,12.338891,51.332365
13,16,11,1,16,3,3,5,2,0,0,1,1,0,0,0,0,12.320974,51.345322
13,16,11,1,16,3,3,6,4,0,0,1,0,1,0,0,0,12.376548,51.342559
13,16,11,1,16,3,3,5,2,1,0,1,1,0,0,0,0,12.398726,51.336387
13,16,11,1,16,3,3,5,2,0,0,1,1,0,0,0,0,12.472754,51.336607
13,16,11,1,17,3,3,0,5,2,0,1,1,0,0,0,0,12.369053,51.310904
13,16,11,1,17,3,3,3,6,2,0,1,1,0,0,0,0,12.373517,51.329919
13,16,11,1,17,3,2,0,1,1,0,1,0,0,0,0,0,12.445134,51.345252
13,16,11,1,18,3,2,5,3,1,0,1,1,0,0,0,0,12.472382,51.332469
13,16,11,1,23,3,3,5,3,2,0,1,1,0,0,0,0,12.411015,51.345265
13,16,11,2,8,4,3,5,3,0,0,1,1,0,0,0,0,12.369,51.334835
13,16,11,2,8,4,3,2,2,0,0,1,1,0,0,0,0,12.369127,51.320885
13,16,11,2,13,4,3,5,3,0,0,1,0,0,0,0,1,12.410036,51.341294
13,16,11,2,15,4,3,5,2,0,0,1,1,0,0,0,0,12.394847,51.343184
13,16,11,2,18,4,3,5,3,2,0,1,1,0,0,0,0,12.376964,51.343918
13,16,11,2,18,4,3,3,6,2,1,1,1,0,0,0,0,12.412759,51.374785
13,16,11,2,19,4,2,5,2,2,1,1,1,0,0,0,0,12.383685,51.343859
13,16,11,3,7,5,3,2,6,0,1,1,1,0,0,0,0,12.361733,51.332484
13,16,11,3,7,5,3,5,3,0,1,1,1,0,0,0,0,12.364705,51.334252
13,16,11,3,7,5,3,0,3,1,0,1,1,0,0,0,0,12.373444,51.351645
13,16,11,3,7,5,3,5,2,0,0,1,1,0,0,0,0,12.435063,51.351118
13,16,11,3,8,5,3,5,2,0,0,1,1,0,0,0,0,12.394513,51.354749
13,16,11,3,10,5,3,5,3,0,0,1,1,0,0,0,0,12.381712,51.331773
13,16,11,3,11,5,2,5,2,0,0,1,1,0,0,0,0,12.395249,51.34112
13,16,11,3,12,5,3,5,3,0,0,1,1,0,0,0,0,12.298056,51.314347
13,16,11,3,12,5,3,1,5,0,0,1,1,0,0,0,0,12.364613,51.330909
13,16,11,3,17,5,3,3,2,2,0,1,1,0,0,0,0,12.368282,51.314708
13,16,11,3,17,5,3,3,2,1,0,1,1,0,0,0,0,12.371382,51.331576
13,16,11,3,17,5,1,1,5,2,0,1,1,0,0,0,1,12.380557,51.341011
13,16,11,3,19,5,3,1,5,1,0,1,1,0,0,0,0,12.368447,51.357747
13,16,11,4,5,6,3,5,3,2,0,1,1,0,0,0,0,12.384373,51.300489
13,16,11,4,6,6,2,5,3,0,0,1,1,0,0,0,0,12.463221,51.383309
13,16,11,4,10,6,3,5,3,0,0,1,1,0,0,0,0,12.384859,51.378868
13,16,11,4,10,6,3,5,3,0,0,1,1,0,0,0,0,12.427293,51.307789
13,16,11,4,11,6,2,5,3,0,1,1,1,0,0,0,0,12.380576,51.306632
13,16,11,4,14,6,3,5,3,0,0,1,1,0,0,0,0,12.399441,51.376404
13,16,11,4,16,6,3,6,4,1,0,1,0,1,0,0,0,12.373403,51.320567
13,16,11,4,17,6,3,5,2,2,0,1,1,0,0,0,0,12.370678,51.335199
13,16,11,4,17,6,3,5,3,2,1,1,1,0,0,0,0,12.389955,51.346566
13,16,11,4,19,6,3,5,3,2,1,1,1,0,0,0,0,12.344861,51.339188
13,16,11,5,7,7,3,0,7,1,0,1,0,0,0,0,1,12.363911,51.328149
13,16,11,5,10,7,3,3,6,0,0,1,1,0,0,0,0,12.387145,51.326857
13,16,11,5,14,7,3,3,6,0,1,1,1,0,0,0,0,12.34119,51.337969
13,16,11,5,14,7,3,1,2,0,0,1,1,0,0,0,0,12.426657,51.303483
13,16,11,5,16,7,3,4,2,0,1,1,1,0,0,0,0,12.39443,51.336792
13,16,11,5,16,7,3,0,2,0,0,1,1,0,0,0,0,12.426646,51.303489
13,16,11,6,1,1,3,1,1,2,1,1,1,0,0,0,0,12.415175,51.335944
13,16,11,6,5,1,2,0,1,2,0,1,0,0,0,0,0,12.380084,51.339372
13,16,11,6,8,1,3,5,3,0,1,1,1,0,0,0,0,12.285815,51.330937
13,16,11,7,7,2,2,5,3,0,0,1,1,0,0,0,0,12.368944,51.318797
13,16,11,7,14,2,3,5,3,0,0,1,1,0,0,0,0,12.293139,51.394634
13,16,11,7,15,2,3,5,2,0,0,1,0,0,0,1,0,12.392451,51.345422
13,16,11,7,15,2,3,5,2,0,0,1,1,0,0,0,0,12.430185,51.354237
13,16,11,7,16,2,3,5,3,2,1,1,1,0,0,0,0,12.33298,51.336049
13,16,11,7,17,2,3,3,5,2,1,1,1,0,0,0,0,12.369319,51.356507
13,16,11,7,17,2,3,4,2,2,1,1,1,0,0,0,0,12.395723,51.346072
13,16,11,7,18,2,3,4,2,2,1,1,1,0,0,0,0,12.373382,51.320706
13,16,12,1,4,5,3,5,3,2,0,1,1,0,0,0,0,12.408276,51.340062
13,16,12,1,7,5,3,5,3,1,1,1,1,0,0,0,0,12.3675,51.320781
13,16,12,1,9,5,3,5,3,0,1,1,1,0,0,0,0,12.357963,51.362079
13,16,12,1,17,5,3,4,2,2,0,1,1,0,0,0,0,12.405426,51.319923
13,16,12,1,18,5,3,5,3,2,0,1,1,0,0,0,0,12.378379,51.33221
13,16,12,2,0,6,3,5,3,2,0,1,1,0,0,0,0,12.366723,51.34054
13,16,12,2,7,6,3,5,3,2,0,1,1,0,0,0,0,12.441614,51.350824
13,16,12,2,13,6,2,1,5,0,0,1,1,0,0,0,0,12.371838,51.340187
13,16,12,2,13,6,3,4,2,0,0,1,1,0,0,0,0,12.450883,51.302572
13,16,12,2,18,6,3,5,2,2,0,1,1,0,0,0,0,12.317772,51.329287
13,16,12,2,18,6,3,5,3,2,1,1,0,0,0,0,1,12.361805,51.332575
13,16,12,2,18,6,3,2,6,2,0,1,1,0,0,0,0,12.37363,51.322529
13,16,12,3,6,7,2,0,1,2,0,1,0,0,0,0,0,12.378351,51.316295
13,16,12,3,12,7,3,5,3,0,0,1,1,0,0,0,0,12.394985,51.332158
13,16,12,3,17,7,2,5,2,1,0,1,1,0,0,0,0,12.394958,51.338991
13,16,12,5,7,2,3,5,3,2,1,1,1,0,0,0,0,12.386546,51.335666
13,16,12,5,8,2,2,5,3,0,1,1,0,0,0,0,1,12.350575,51.331951
13,16,12,5,8,2,3,0,5,1,1,1,0,0,0,0,1,12.371692,51.33663
13,16,12,5,9,2,3,5,3,0,1,1,1,0,0,0,0,12.348193,51.328589
13,16,12,5,11,2,3,4,2,0,0,1,1,0,0,0,0,12.378472,51.320504
13,16,12,5,11,2,2,4,2,0,0,1,1,0,0,0,0,12.382094,51.3326
13,16,12,5,12,2,3,6,6,0,0,1,0,1,0,0,0,12.460114,51.283016
13,16,12,5,16,2,3,4,2,2,1,1,1,0,0,0,0,12.40742,51.325974
13,16,12,5,17,2,3,6,7,2,0,1,0,1,0,0,0,12.368167,51.341528
13,16,12,5,17,2,3,5,2,2,0,1,1,0,0,0,0,12.381579,51.334585
13,16,12,5,17,2,3,0,2,2,0,1,1,0,0,0,0,12.392334,51.34538
13,16,12,5,19,2,3,5,3,2,0,1,0,0,0,0,1,12.394888,51.342759
13,16,12,5,19,2,2,4,2,2,0,1,1,0,0,0,0,12.479417,51.350604
13,16,12,5,21,2,3,0,7,2,0,1,1,0,0,0,0,12.381787,51.338645
13,16,12,6,6,3,3,5,3,2,0,1,1,0,0,0,0,12.340264,51.33036
13,16,12,6,7,3,3,5,3,2,1,1,1,0,0,0,0,12.414478,51.31297
13,16,12,6,11,3,3,5,7,0,0,1,0,0,0,1,0,12.414001,51.325735
13,16,12,6,16,3,3,3,2,2,0,1,1,0,0,0,0,12.343493,51.323318
13,16,12,6,19,3,3,5,3,2,0,1,1,0,0,0,0,12.393239,51.336943
13,16,12,7,10,4,3,2,6,0,0,1,0,0,0,0,1,12.386977,51.343627
13,16,12,7,12,4,3,5,3,0,0,1,1,0,0,0,0,12.376966,51.344805
13,16,12,7,15,4,2,5,3,0,1,1,1,0,0,0,0,12.297681,51.352599
13,16,12,7,16,4,3,3,2,0,0,1,1,0,0,0,0,12.373433,51.307266
13,16,12,7,16,4,3,4,6,2,0,1,0,0,0,0,0,12.383623,51.338325
13,16,12,7,17,4,2,6,6,2,1,1,0,1,0,0,0,12.347349,51.339605
13,16,12,7,17,4,2,5,3,2,0,1,1,0,0,0,0,12.403903,51.400343
13,16,12,7,18,4,3,3,2,0,1,1,1,0,0,0,0,12.371341,51.346247
13,16,12,7,19,4,2,5,3,2,0,1,0,0,0,0,1,12.389776,51.361585
13,17,1,2,16,2,3,0,1,1,2,1,0,0,0,0,0,12.44462,51.338855
13,17,1,3,11,3,3,5,3,0,1,1,1,0,0,0,0,12.262863,51.347866
13,17,1,3,19,3,3,1,5,1,1,1,1,0,0,0,0,12.373547,51.319359
13,17,1,5,6,5,3,0,1,1,2,1,0,1,0,0,0,12.38524,51.34189
13,17,1,5,7,5,3,3,5,0,1,1,0,0,0,0,1,12.373327,51.317587
13,17,1,5,18,5,3,5,3,2,0,1,1,0,0,0,0,12.37355,51.319676
13,17,1,6,14,6,3,5,3,0,2,1,1,0,0,0,0,12.358436,51.379199
13,17,1,10,8,3,3,5,3,0,2,1,1,0,0,0,0,12.353568,51.340899
13,17,1,19,19,5,3,3,2,2,1,1,1,0,0,0,0,12.369099,51.320909
13,17,1,21,15,7,3,3,6,0,1,1,1,0,0,0,0,12.420102,51.332929
13,17,1,26,11,5,3,5,3,0,0,1,0,0,0,0,1,12.357994,51.344142
13,17,1,26,11,5,2,3,2,0,0,1,1,0,0,0,0,12.398897,51.330139
13,17,1,26,15,5,3,0,7,0,0,1,1,0,0,0,0,12.376737,51.343095
13,17,1,27,21,6,3,3,5,2,0,1,1,0,0,0,0,12.366349,51.365791
13,17,1,30,8,2,3,0,2,0,1,1,0,0,0,0,1,12.378174,51.375847
13,17,1,30,11,2,2,3,2,0,1,1,0,0,0,0,1,12.397459,51.346005
13,17,1,30,15,2,3,0,5,0,1,1,1,0,0,0,0,12.405928,51.345431