UKREIS,UJAHR,UMONAT,UTAG,USTUNDE,UWOCHENTAG,UKATEGORIE,UART,UTYP,LICHT,USTRZUSTAND,IstRad,IstPKW,IstFuss,IstKrad,IstGkfz,IstSonstige,@lon,@lat
13,17,2,1,6,4,3,5,3,2,0,1,1,0,0,0,0,12.38275,51.340482
13,17,2,1,7,4,3,0,5,0,0,1,1,0,0,0,0,12.406552,51.352286
13,17,2,2,19,5,3,4,2,2,0,1,1,0,0,0,0,12.34991,51.366045
13,17,2,7,6,3,3,5,3,0,0,1,0,0,0,0,1,12.373549,51.31871
13,17,2,7,18,3,3,5,3,1,0,1,1,0,0,0,0,12.338794,51.337195
13,17,2,7,20,3,3,3,6,2,0,1,0,0,0,0,0,12.361837,51.332548
13,17,2,8,10,4,3,5,3,0,0,1,1,0,0,0,0,12.259921,51.341795
13,17,2,10,23,6,2,3,6,2,0,1,1,0,0,0,0,12.37087,51.338291
13,17,2,13,8,2,3,5,3,0,0,1,1,0,0,0,0,12.331443,51.349641
13,17,2,13,16,2,3,5,3,0,0,1,1,0,0,0,0,12.394715,51.410316
13,17,2,15,18,4,2,5,3,1,0,1,1,0,0,0,0,12.399701,51.400677
13,17,2,16,10,5,3,0,3,0,0,1,1,0,0,0,0,12.282353,51.359426
13,17,2,16,10,5,3,5,3,0,0,1,1,0,0,0,0,12.370599,51.307692
13,17,2,18,13,7,3,2,6,0,0,1,1,0,0,0,0,12.378481,51.320723
13,17,2,19,9,1,3,5,3,0,0,1,1,0,0,0,0,12.317713,51.350114
13,17,2,19,12,1,3,6,4,0,0,1,0,1,0,0,0,12.323582,51.330421
13,17,2,20,14,2,3,3,2,0,1,1,1,0,0,0,0,12.370122,51.325611
13,17,2,21,13,3,3,5,3,0,0,1,1,0,0,0,0,12.303107,51.3144
13,17,2,21,17,3,3,0,5,1,0,1,1,0,0,0,0,12.334278,51.319533
13,17,2,24,12,6,3,5,3,0,1,1,1,0,0,0,0,12.365459,51.336719
13,17,2,24,15,6,3,5,3,0,1,1,1,0,0,0,0,12.479362,51.350922
13,17,2,25,0,7,3,5,3,2,0,1,1,0,0,0,0,12.437321,51.395788
13,17,2,25,8,7,3,5,3,0,0,1,1,0,0,0,0,12.395579,51.323638
13,17,2,27,7,2,3,5,3,0,0,1,1,0,0,0,0,12.390628,51.338585
13,17,2,28,13,3,3,0,7,0,0,1,1,0,0,0,0,12.390856,51.340644
13,17,2,28,15,3,3,3,2,0,0,1,1,0,0,0,0,12.355373,51.335257
13,17,3,1,6,4,3,5,3,2,1,1,1,0,0,0,0,12.389954,51.346564
13,17,3,1,21,4,3,0,3,2,0,1,1,0,0,0,0,12.290315,51.392851
13,17,3,2,8,5,2,5,3,0,1,1,1,0,0,0,0,12.430815,51.362792
13,17,3,2,20,5,3,5,3,2,0,1,1,0,0,0,0,12.479403,51.350604
13,17,3,3,19,6,3,3,3,2,0,1,1,0,0,0,0,12.376757,51.320711
13,17,3,4,13,7,3,1,5,0,0,1,1,0,0,0,1,12.405373,51.345559
13,17,3,4,15,7,3,4,6,0,0,1,0,0,1,0,0,12.365701,51.322334
13,17,3,4,19,7,3,5,3,1,0,1,1,0,0,0,0,12.435055,51.351119
13,17,3,6,8,2,3,5,3,0,1,1,1,0,0,0,0,12.379346,51.32651
13,17,3,7,16,3,2,5,3,0,0,1,0,0,0,0,1,12.293037,51.313401
13,17,3,8,6,4,3,5,6,1,1,1,1,0,0,0,0,12.378471,51.320451
13,17,3,8,11,4,3,4,6,0,0,1,0,0,0,0,0,12.3962,51.353435
13,17,3,8,14,4,3,5,2,0,0,1,1,0,0,0,0,12.438952,51.392855
13,17,3,8,15,4,3,3,5,0,0,1,1,0,0,0,0,12.412275,51.354233
13,17,3,8,21,4,3,5,3,2,1,1,1,0,0,0,0,12.406044,51.313917
13,17,3,9,11,5,3,4,7,0,0,1,0,1,0,0,0,12.407386,51.325932
13,17,3,9,12,5,3,3,2,0,0,1,1,0,0,0,0,12.391174,51.3348
13,17,3,9,14,5,3,3,3,0,0,1,0,0,0,0,1,12.460067,51.369086
13,17,3,10,6,6,3,5,3,0,1,1,1,0,0,0,0,12.387217,51.336879
13,17,3,10,13,6,3,3,2,0,0,1,1,0,0,0,0,12.395357,51.339227
13,17,3,10,18,6,3,6,6,1,0,1,0,1,0,0,0,12.398197,51.339203
13,17,3,10,22,6,3,1,2,2,0,1,0,0,0,0,1,12.360069,51.342168
13,17,3,11,2,7,3,0,1,2,0,1,0,0,0,0,0,12.388327,51.334572
13,17,3,11,8,7,3,1,7,0,0,1,1,0,0,0,0,12.378568,51.323505
13,17,3,12,18,1,2,5,3,0,0,1,1,0,0,0,0,12.389663,51.321574
13,17,3,13,15,2,3,5,3,0,0,1,1,0,0,0,0,12.356832,51.374776
13,17,3,13,16,2,3,5,3,0,0,1,1,0,0,0,0,12.410975,51.345282
13,17,3,14,13,3,3,1,5,0,0,1,1,0,0,0,0,12.359302,51.361103
13,17,3,14,16,3,3,2,6,0,0,1,1,0,0,0,0,12.289908,51.392155
13,17,3,14,17,3,3,5,3,0,0,1,0,0,0,0,1,12.393756,51.33307
13,17,3,15,9,4,2,5,3,0,0,1,1,0,0,0,0,12.42005,51.379157
13,17,3,16,8,5,3,5,3,0,0,1,1,0,0,0,0,12.368868,51.317817
13,17,3,16,9,5,3,5,3,0,0,1,1,0,0,0,0,12.44569,51.347425
13,17,3,16,15,5,3,5,3,0,0,1,1,0,0,0,0,12.370024,51.34141
13,17,3,16,16,5,3,3,2,0,0,1,1,0,0,0,0,12.391409,51.347466
13,17,3,16,17,5,3,1,5,1,0,1,1,0,0,0,0,12.320408,51.339738
13,17,3,16,17,5,3,3,6,0,0,1,1,0,0,0,0,12.398526,51.345931
13,17,3,19,18,1,3,3,2,2,0,1,1,0,0,0,0,12.370882,51.335084
13,17,3,20,13,2,3,0,1,0,0,1,0,0,0,0,0,12.368068,51.325266
13,17,3,20,17,2,3,5,2,0,0,1,1,0,0,0,0,12.345158,51.326534
13,17,3,21,7,3,3,5,3,0,0,1,0,0,1,0,0,12.452221,51.350336
13,17,3,22,11,4,2,5,3,0,0,1,0,0,0,0,0,12.360088,51.377209
13,17,3,22,20,4,2,5,3,1,0,1,1,0,0,0,0,12.426371,51.351842
13,17,3,23,9,5,3,5,3,0,1,1,1,0,0,0,0,12.382994,51.334236
13,17,3,23,10,5,3,0,5,0,0,1,1,0,0,0,0,12.359984,51.363683
13,17,3,23,15,5,3,3,7,0,0,1,1,0,0,0,0,12.34923,51.386496
13,17,3,23,16,5,3,3,2,0,0,1,1,0,0,0,0,12.362477,51.338928
13,17,3,23,19,5,2,0,5,1,0,1,1,0,0,0,0,12.373424,51.321124
13,17,3,24,16,6,3,5,3,0,0,1,1,0,0,0,0,12.382749,51.340482
13,17,3,24,16,6,2,4,2,0,0,1,1,0,0,0,0,12.492605,51.346871
13,17,3,24,20,6,3,5,3,2,0,1,1,0,0,0,0,12.40072,51.339285
13,17,3,24,23,6,2,2,6,2,0,1,1,0,0,0,0,12.354903,51.381612
13,17,3,25,11,7,3,5,3,0,0,1,1,0,0,0,0,12.376958,51.346126
13,17,3,25,12,7,2,0,7,0,0,1,0,0,0,0,0,12.377054,51.390284
13,17,3,25,14,7,3,5,2,0,0,1,1,0,0,0,0,12.417487,51.311116
13,17,3,25,18,7,3,6,4,0,0,1,0,1,0,0,0,12.373166,51.312165
13,17,3,26,20,1,2,3,6,2,0,1,0,0,0,0,1,12.376362,51.349215
13,17,3,27,8,2,3,5,3,0,0,1,1,0,0,0,0,12.327723,51.326772
13,17,3,27,15,2,3,1,5,0,0,1,1,0,0,0,0,12.376502,51.308521
13,17,3,27,16,2,3,0,5,0,0,1,1,0,0,0,0,12.324204,51.374441
13,17,3,27,17,2,3,4,2,0,0,1,1,0,0,0,0,12.420508,51.319266
13,17,3,28,11,3,3,0,7,0,0,1,0,0,0,0,0,12.366758,51.343525
13,17,3,28,13,3,3,5,3,0,0,1,1,0,0,0,0,12.410853,51.344386
13,17,3,28,15,3,3,5,2,0,0,1,1,0,0,0,0,12.372624,51.362593
13,17,3,28,16,3,3,5,3,0,0,1,1,0,0,0,0,12.384117,51.38065
13,17,3,28,17,3,3,4,2,0,0,1,1,0,0,0,0,12.331914,51.33591
13,17,3,28,18,3,3,4,2,0,0,1,1,0,0,0,0,12.458937,51.306942
13,17,3,29,9,4,2,1,5,0,0,1,1,0,0,0,0,12.378994,51.339733
13,17,3,29,11,4,3,3,2,0,0,1,1,0,0,0,0,12.32916,51.335554
13,17,3,29,18,4,3,0,5,0,0,1,1,0,0,0,0,12.405246,51.323289
13,17,3,30,10,5,3,5,3,0,0,1,1,0,0,0,0,12.396422,51.299878
13,17,3,30,10,5,3,6,4,0,0,1,0,1,0,0,0,12.414313,51.345091
13,17,3,30,10,5,2,5,3,0,0,1,1,0,0,0,0,12.458454,51.351944
13,17,3,30,13,5,2,5,3,0,0,1,1,0,0,0,0,12.342575,51.321696
13,17,3,31,7,6,3,3,2,0,0,1,1,0,0,0,0,12.357993,51.379457
13,17,3,31,12,6,3,2,6,0,0,1,0,0,1,0,0,12.378045,51.337114
13,17,3,31,16,6,3,0,5,0,0,1,1,0,0,0,0,12.338265,51.331547
13,17,4,1,5,7,2,5,3,2,0,1,1,0,0,0,0,12.376542,51.314831
13,17,4,1,11,7,3,3,2,0,0,1,1,0,0,0,0,12.373586,51.332998
13,17,4,1,14,7,3,2,6,0,0,1,1,0,0,0,0,12.452959,51.305028
13,17,4,3,8,2,3,1,5,0,0,1,1,0,0,0,0,12.342611,51.324939
13,17,4,3,14,2,2,3,6,0,0,1,0,0,0,0,1,12.40586,51.345534
13,17,4,3,16,2,2,5,2,0,0,1,1,0,0,0,0,12.385705,51.366912
13,17,4,4,8,3,3,3,2,0,0,1,1,0,0,0,0,12.370873,51.338304
13,17,4,4,14,3,3,3,6,0,0,1,1,0,0,0,0,12.360193,51.333755
13,17,4,5,10,4,3,3,2,0,0,1,1,0,0,0,0,12.405968,51.335941
13,17,4,5,11,4,3,5,2,0,0,1,1,0,0,0,0,12.377107,51.344261
13,17,4,5,18,4,3,5,2,0,0,1,1,0,0,0,0,12.37848,51.32071
13,17,4,6,8,5,2,6,4,0,0,1,0,1,0,0,0,12.325983,51.315171
13,17,4,6,9,5,3,5,3,0,0,1,1,0,0,0,0,12.443914,51.332226
13,17,4,6,13,5,3,0,1,0,0,1,1,0,0,0,0,12.36903,51.34038
13,17,4,6,14,5,3,6,4,0,0,1,0,1,0,0,0,12.39947,51.347846
13,17,4,6,15,5,3,5,3,0,0,1,1,0,0,0,0,12.362423,51.359145
13,17,4,6,17,5,2,1,5,0,0,1,1,0,0,0,0,12.328065,51.301488
13,17,4,6,17,5,3,6,4,0,0,1,0,1,0,0,0,12.373597,51.330425
13,17,4,7,16,6,3,5,3,0,0,1,1,0,0,0,0,12.396554,51.306182
13,17,4,7,19,6,3,5,3,1,0,1,1,0,0,0,0,12.357978,51.342081
13,17,4,8,15,7,3,5,3,0,0,1,1,0,0,0,0,12.430817,51.368878
13,17,4,8,18,7,3,5,7,0,0,1,1,0,0,0,0,12.391756,51.362225
13,17,4,10,9,2,3,5,3,0,0,1,0,0,0,0,1,12.373412,51.313732
13,17,4,11,7,3,3,0,5,0,0,1,0,0,0,0,1,12.376367,51.338896
13,17,4,12,6,4,3,5,3,0,1,1,0,0,0,0,1,12.433084,51.339998
13,17,4,12,8,4,3,5,3,0,1,1,1,0,0,0,0,12.373194,51.339797
13,17,4,12,16,4,3,5,3,0,0,1,1,0,0,0,0,12.365024,51.341364
13,17,4,13,10,5,3,5,2,0,1,1,1,0,0,0,0,12.370681,51.335199
13,17,4,13,13,5,3,4,2,0,1,1,0,0,0,0,1,12.396386,51.309572
13,17,4,13,15,5,3,5,2,0,1,1,1,0,0,0,0,12.383625,51.335451
13,17,4,13,15,5,3,3,6,0,0,1,0,0,0,0,0,12.44985,51.362992
13,17,4,13,19,5,3,4,2,1,0,1,1,0,0,0,0,12.400356,51.345827
13,17,4,15,5,7,3,4,2,1,0,1,1,0,0,0,0,12.393335,51.322877
13,17,4,16,9,1,3,3,2,0,0,1,1,0,0,0,0,12.378379,51.31494
13,17,4,16,11,1,2,5,3,0,0,1,1,0,0,0,0,12.287979,51.357193
13,17,4,16,13,1,3,0,7,0,1,1,0,0,0,0,0,12.378708,51.345631
13,17,4,18,21,3,3,4,2,2,0,1,1,0,0,0,0,12.334038,51.319346
13,17,4,20,12,5,3,0,7,0,0,1,1,0,0,0,0,12.372401,51.332838
13,17,4,20,15,5,3,5,3,0,0,1,0,0,0,0,0,12.370682,51.3352
13,17,4,20,15,5,3,6,4,0,0,1,0,1,0,0,0,12.375186,51.334243
13,17,4,20,17,5,2,1,5,0,0,1,1,0,0,0,0,12.408696,51.335444
13,17,4,20,20,5,3,1,5,1,0,1,1,0,0,0,0,12.373315,51.316872
13,17,4,21,13,6,3,3,2,0,0,1,0,0,0,0,1,12.36109,51.375571
13,17,4,21,14,6,3,5,2,0,0,1,1,0,0,0,0,12.403244,51.314056
13,17,4,24,8,2,3,5,3,0,0,1,0,0,0,0,0,12.367499,51.320772
13,17,4,24,17,2,3,1,3,0,0,1,1,0,0,0,0,12.38939,51.289801
13,17,4,24,19,2,3,2,6,0,0,1,1,0,0,0,0,12.37859,51.334495
13,17,4,25,14,3,3,4,2,0,0,1,1,0,0,0,0,12.338141,51.335386
13,17,4,26,5,4,3,4,2,1,0,1,1,0,0,0,0,12.303124,51.314391
13,17,4,26,10,4,3,5,3,0,0,1,1,0,0,0,0,12.354639,51.339415
13,17,4,26,17,4,3,3,2,0,0,1,1,0,0,0,0,12.369106,51.320967
13,17,4,27,6,5,3,2,6,0,0,1,0,0,0,0,0,12.384135,51.301176
13,17,4,27,18,5,3,5,3,0,0,1,1,0,0,0,0,12.384502,51.329385
13,17,4,28,20,6,3,0,1,1,0,1,0,0,0,0,0,12.382101,51.338903
13,17,4,29,9,7,3,4,2,0,0,1,1,0,0,0,0,12.484406,51.339644
13,17,4,29,17,7,3,5,3,0,0,1,1,0,0,0,0,12.478231,51.341474
13,17,4,30,9,1,3,4,7,0,0,1,1,0,0,0,0,12.367182,51.336988
13,17,4,30,15,1,3,5,3,0,0,1,1,0,0,0,0,12.396806,51.333579
13,17,4,30,18,1,3,3,2,0,0,1,1,0,0,0,0,12.424235,51.304492
13,17,4,30,22,1,2,1,5,2,0,1,1,0,0,0,0,12.417306,51.332825
13,17,5,1,10,2,2,3,7,0,0,1,0,0,0,0,1,12.363464,51.342843
13,17,5,2,5,3,2,5,3,1,1,1,1,0,0,0,0,12.341156,51.332367
13,17,5,2,7,3,3,5,3,0,1,1,1,0,0,0,0,12.386544,51.335661
13,17,5,2,10,3,2,2,2,0,1,1,1,0,0,0,0,12.374117,51.303342
13,17,5,2,13,3,3,5,2,0,0,1,0,0,0,0,1,12.334302,51.331549
13,17,5,2,16,3,2,5,2,0,0,1,1,0,0,0,0,12.420129,51.33294
13,17,5,2,19,3,3,1,5,1,0,1,1,0,0,0,0,12.355234,51.335182
13,17,5,3,13,4,2,6,4,0,0,1,0,1,0,0,0,12.409333,51.325182
13,17,5,3,15,4,3,5,7,0,0,1,1,0,0,0,0,12.38752,51.357013
13,17,5,3,15,4,3,5,3,0,0,1,1,0,0,0,0,12.423974,51.315048
13,17,5,4,7,5,2,5,2,0,0,1,1,0,0,0,0,12.356899,51.37477
13,17,5,4,15,5,2,4,2,0,0,1,1,0,0,0,0,12.479165,51.342765
13,17,5,4,16,5,3,5,3,0,0,1,0,0,0,0,1,12.386772,51.359111
13,17,5,4,23,5,3,0,7,2,1,1,0,0,0,0,0,12.373393,51.328647
13,17,5,5,14,6,3,2,2,0,0,1,1,0,0,0,0,12.330494,51.342049
13,17,5,5,18,6,3,4,2,0,0,1,1,0,0,0,0,12.362605,51.344076
13,17,5,6,21,7,2,5,2,2,0,1,1,0,0,0,0,12.407978,51.335657
13,17,5,8,13,2,3,5,3,0,0,1,1,0,0,0,0,12.376413,51.310397
13,17,5,8,18,2,2,4,2,0,0,1,1,0,0,0,0,12.370038,51.344293
13,17,5,8,18,2,2,5,2,0,1,1,1,0,0,0,0,12.388526,51.325931
13,17,5,8,19,2,3,3,2,0,1,1,1,0,0,0,0,12.401378,51.324162
13,17,5,9,9,3,3,5,3,0,0,1,1,0,0,0,0,12.433037,51.299091
13,17,5,10,5,4,3,5,3,0,0,1,1,0,0,0,0,12.421896,51.321106
13,17,5,10,6,4,3,5,3,0,0,1,1,0,0,0,0,12.344902,51.339197
13,17,5,10,6,4,3,3,2,0,0,1,1,0,0,0,0,12.353577,51.340901
13,17,5,10,9,4,2,5,3,0,0,1,1,0,0,0,0,12.36472,51.343134
13,17,5,10,11,4,3,6,7,0,0,1,0,1,0,0,0,12.387427,51.343774
13,17,5,11,5,5,3,5,3,1,0,1,1,0,0,0,0,12.480712,51.332936
13,17,5,11,8,5,3,6,4,0,0,1,0,1,0,0,0,12.373669,51.332813
13,17,5,11,16,5,3,3,2,0,0,1,0,0,0,0,0,12.417129,51.343629
13,17,5,11,18,5,3,6,4,0,0,1,1,1,0,0,0,12.339462,51.326726
13,17,5,11,18,5,3,1,5,0,0,1,1,0,0,0,0,12.385143,51.339418
13,17,5,11,21,5,3,5,3,2,0,1,1,0,0,0,0,12.400984,51.341212
13,17,5,12,15,6,3,0,7,0,0,1,1,0,0,0,0,12.331142,51.334477
13,17,5,12,15,6,3,4,6,0,0,1,1,0,0,0,0,12.332782,51.321707
13,17,5,12,21,6,3,5,3,2,1,1,1,0,0,0,1,12.342204,51.338475
13,17,5,12,23,6,2,5,3,2,1,1,1,0,0,0,0,12.37972,51.343986
13,17,5,13,15,7,3,5,3,0,0,1,1,0,0,0,0,12.479024,51.323534
13,17,5,13,21,7,3,5,3,2,0,1,1,0,0,0,0,12.416728,51.329794
13,17,5,14,18,1,3,0,5,0,0,1,1,0,0,0,0,12.378714,51.307724
13,17,5,15,9,2,3,3,2,0,0,1,1,0,0,0,0,12.37133,51.344451
13,17,5,15,11,2,3,5,3,0,0,1,1,0,0,0,0,12.378382,51.332212
13,17,5,15,16,2,3,7,7,0,0,1,0,1,0,0,0,12.309766,51.374906
13,17,5,15,16,2,2,3,5,0,0,1,1,0,0,0,0,12.344381,51.329347
13,17,5,15,17,2,3,6,4,0,0,1,0,1,0,0,0,12.398001,51.330476
13,17,5,15,19,2,2,2,6,0,0,1,1,0,1,0,0,12.287055,51.354095
13,17,5,16,7,3,2,5,3,0,0,1,1,0,0,0,0,12.324198,51.335319
13,17,5,16,7,3,2,5,2,0,0,1,1,0,0,0,0,12.385126,51.338103
13,17,5,16,8,3,2,5,3,0,0,1,0,0,0,0,1,12.396464,51.301189
13,17,5,16,10,3,2,8,7,0,0,1,0,0,0,0,1,12.407992,51.335673
13,17,5,16,19,3,3,5,3,0,0,1,1,0,0,0,0,12.372299,51.335353
13,17,5,17,9,4,3,4,2,0,0,1,1,0,0,0,0,12.386308,51.360524
13,17,5,17,10,4,2,3,6,0,0,1,0,0,0,0,1,12.36569,51.320886
13,17,5,17,10,4,3,5,2,0,0,1,1,0,0,0,0,12.417449,51.311095
13,17,5,17,15,4,2,5,3,0,0,1,0,0,0,0,0,12.428164,51.342393
13,17,5,17,16,4,3,4,2,0,0,1,1,0,0,0,0,12.370841,51.344042
13,17,5,17,17,4,3,1,5,0,0,1,1,0,0,0,0,12.382957,51.334132
13,17,5,17,19,4,3,6,4,0,0,1,0,1,0,0,0,12.417112,51.345421
13,17,5,18,8,5,3,7,5,0,0,1,1,0,0,0,0,12.361762,51.342456
13,17,5,18,9,5,3,5,3,0,0,1,1,0,0,0,0,12.375715,51.344383
13,17,5,18,10,5,3,3,2,0,0,1,1,0,0,0,0,12.316948,51.300538
13,17,5,18,12,5,2,5,3,0,0,1,1,0,0,0,0,12.367514,51.388467
13,17,5,18,14,5,3,5,3,0,0,1,1,0,0,0,0,12.328277,51.372671
13,17,5,18,15,5,2,3,2,0,0,1,1,0,0,0,0,12.370824,51.336353
13,17,5,18,16,5,3,5,3,0,0,1,1,0,0,0,0,12.380205,51.305273
13,17,5,18,17,5,3,5,3,0,0,1,0,0,1,0,0,12.355585,51.337976
13,17,5,18,18,5,3,4,2,0,0,1,1,0,0,0,0,12.419454,51.333044
13,17,5,19,11,6,3,3,6,0,0,1,1,0,0,0,0,12.385974,51.363476
13,17,5,19,15,6,3,4,2,0,0,1,1,0,0,0,0,12.343277,51.328745
13,17,5,19,15,6,3,4,6,0,0,1,0,0,0,0,0,12.429484,51.335541
13,17,5,19,17,6,3,3,5,0,0,1,1,0,0,0,0,12.389435,51.334807
13,17,5,20,15,7,3,5,2,0,0,1,1,0,0,0,0,12.417475,51.311109
13,17,5,22,8,2,3,5,3,0,0,1,0,0,0,0,1,12.373718,51.305612
13,17,5,22,10,2,3,5,3,0,0,1,1,0,0,0,0,12.369241,51.356592
13,17,5,22,13,2,3,5,2,0,0,1,1,0,0,0,0,12.408016,51.318041
13,17,5,22,15,2,3,4,6,0,0,1,0,1,0,0,0,12.372927,51.34441
13,17,5,23,7,3,3,3,2,0,0,1,1,0,0,0,0,12.321262,51.328611
13,17,5,23,11,3,2,0,7,0,0,1,1,0,0,0,0,12.405691,51.331806
13,17,5,23,11,3,3,2,2,0,0,1,1,0,0,0,0,12.407954,51.335629
13,17,5,23,14,3,3,2,6,0,0,1,1,0,0,0,0,12.338347,51.327302
13,17,5,23,16,3,3,4,6,0,0,1,1,0,0,0,0,12.320943,51.302712
13,17,5,23,17,3,3,3,2,0,0,1,1,0,0,0,0,12.30717,51.346485
13,17,5,23,17,3,3,2,6,0,0,1,1,0,0,0,0,12.325412,51.316362
13,17,5,23,17,3,3,4,2,0,0,1,1,0,0,0,0,12.355314,51.348967
13,17,5,23,17,3,3,0,1,0,0,1,0,0,0,0,0,12.394372,51.292242
13,17,5,23,19,3,3,1,5,0,0,1,1,0,0,0,0,12.373493,51.323483
13,17,5,24,14,4,3,0,7,0,0,1,0,0,0,0,0,12.338798,51.33239
13,17,5,24,15,4,3,3,2,0,0,1,1,0,0,0,0,12.391961,51.346448
13,17,5,24,16,4,3,5,3,0,0,1,1,0,0,0,0,12.371289,51.329946
13,17,5,24,18,4,3,5,3,0,0,1,1,0,0,0,0,12.389269,51.298841
13,17,5,24,18,4,3,3,2,0,0,1,1,0,0,0,0,12.430516,51.351328
13,17,5,25,14,5,3,4,7,0,0,1,0,0,0,0,1,12.378431,51.347
13,17,5,25,22,5,3,5,3,2,0,1,1,0,0,0,0,12.393352,51.322884
13,17,5,26,16,6,3,1,5,0,0,1,0,0,0,0,1,12.367283,51.341046
13,17,5,26,17,6,3,5,3,0,0,1,0,0,0,0,1,12.300262,51.41324
13,17,5,27,13,7,3,0,6,0,0,1,1,0,0,0,0,12.41839,51.382091
13,17,5,29,6,2,3,2,6,0,0,1,1,0,0,0,0,12.395349,51.282624
13,17,5,29,13,2,3,3,5,0,0,1,1,0,0,0,0,12.390374,51.344737
13,17,5,29,17,2,3,5,3,0,0,1,1,0,0,0,0,12.371434,51.320667
13,17,5,29,18,2,3,5,3,0,0,1,1,0,0,0,0,12.362237,51.332565
13,17,5,29,20,2,3,1,5,1,0,1,1,0,0,0,0,12.336746,51.329118
13,17,5,29,22,2,3,5,3,2,0,1,1,0,0,0,0,12.328187,51.391784
13,17,5,30,7,3,3,0,5,0,0,1,1,0,0,0,0,12.37637,51.330297
13,17,5,30,10,3,3,3,2,0,0,1,0,0,0,0,1,12.477322,51.277605
13,17,5,30,11,3,3,5,3,0,0,1,1,0,0,0,0,12.366752,51.2868
13,17,5,30,12,3,3,5,2,0,0,1,1,0,0,0,0,12.407843,51.351407
13,17,5,30,17,3,3,4,2,0,1,1,1,0,0,0,0,12.318427,51.331521
13,17,5,31,6,4,3,2,1,0,0,1,1,0,0,0,0,12.405823,51.345536
13,17,5,31,11,4,3,5,3,0,0,1,1,0,0,0,0,12.365272,51.323644
13,17,5,31,12,4,3,3,6,0,0,1,1,0,0,0,0,12.371286,51.331586
13,17,5,31,12,4,3,4,6,0,0,1,0,0,0,0,0,12.384999,51.344378
13,17,5,31,17,4,3,6,6,0,0,1,0,1,0,0,0,12.374858,51.335693
13,17,5,31,17,4,2,3,2,0,0,1,0,0,0,0,1,12.394818,51.35229
13,17,5,31,18,4,3,6,4,0,0,1,0,1,0,0,0,12.381926,51.304466
13,17,6,1,16,5,3,5,3,0,0,1,1,0,0,0,0,12.285826,51.330942
13,17,6,1,17,5,3,4,2,0,0,1,1,0,0,0,0,12.326634,51.323158
13,17,6,2,7,6,3,5,3,0,0,1,1,0,0,0,0,12.366583,51.32967
13,17,6,2,11,6,3,2,6,0,0,1,1,0,0,0,0,12.40794,51.335613
13,17,6,2,13,6,3,4,6,0,1,1,1,0,0,0,0,12.381327,51.332775
13,17,6,2,16,6,3,5,2,0,0,1,1,0,0,0,0,12.33814,51.335386
13,17,6,2,17,6,3,3,7,0,0,1,1,0,0,0,0,12.371031,51.333686
13,17,6,3,13,7,3,0,1,0,0,1,0,0,0,0,0,12.316518,51.347937
13,17,6,5,14,2,3,2,2,0,0,1,1,0,0,0,0,12.268136,51.384984
13,17,6,6,7,3,3,3,2,0,0,1,0,0,0,0,1,12.38169,51.36236
13,17,6,6,9,3,3,0,1,0,0,1,0,0,0,0,0,12.263155,51.344626
13,17,6,6,13,3,3,3,2,0,0,1,1,0,0,0,0,12.373321,51.311655
13,17,6,6,17,3,3,0,7,0,0,1,0,0,0,0,0,12.325699,51.313181
13,17,6,7,11,4,3,5,3,0,0,1,1,0,0,0,0,12.361809,51.332572
13,17,6,7,17,4,3,5,3,0,0,1,1,0,0,0,0,12.370112,51.343182
13,17,6,7,18,4,3,5,3,0,0,1,1,0,0,0,0,12.359718,51.358332
13,17,6,8,6,5,3,3,7,0,0,1,1,0,0,0,0,12.367496,51.32074
13,17,6,8,16,5,2,4,2,0,0,1,1,0,0,0,0,12.40731,51.345455
13,17,6,11,15,1,3,6,4,0,0,1,0,1,0,0,0,12.322141,51.338944
13,17,6,11,17,1,2,5,3,0,0,1,1,0,0,0,0,12.262892,51.344658
13,17,6,11,18,1,3,3,2,0,0,1,1,0,0,0,0,12.3072,51.346503
13,17,6,12,16,2,3,5,3,0,0,1,1,0,0,0,0,12.406446,51.33968
13,17,6,12,20,2,2,0,1,0,0,1,0,0,0,0,0,12.291432,51.343646
13,17,6,13,8,3,3,5,2,0,0,1,1,0,0,0,0,12.341178,51.332337
13,17,6,13,16,3,3,6,4,0,0,1,0,1,0,0,0,12.378291,51.342732
13,17,6,13,18,3,3,1,5,0,0,1,1,0,0,0,0,12.378993,51.343517
13,17,6,14,7,4,2,5,3,0,0,1,1,0,0,0,0,12.376858,51.355718
13,17,6,14,7,4,2,4,2,0,0,1,1,0,0,0,0,12.400695,51.339285
13,17,6,14,10,4,3,5,3,0,0,1,1,0,0,0,0,12.394701,51.318557
13,17,6,14,15,4,3,4,6,0,0,1,1,0,0,0,0,12.351721,51.340772
13,17,6,14,18,4,3,5,2,0,0,1,1,0,0,0,0,12.362686,51.321205
13,17,6,14,19,4,2,5,3,0,0,1,1,0,0,0,0,12.368117,51.33489
13,17,6,15,7,5,2,5,3,0,0,1,1,0,0,0,0,12.344837,51.339194
13,17,6,15,12,5,3,2,6,0,0,1,0,0,0,0,1,12.345723,51.32768
13,17,6,15,17,5,3,5,3,0,0,1,1,0,0,0,0,12.356811,51.343112
13,17,6,16,6,6,3,5,3,0,0,1,0,0,0,0,0,12.369459,51.30913
13,17,6,16,7,6,3,5,3,0,0,1,1,0,0,0,0,12.393876,51.339107
13,17,6,16,11,6,3,5,3,0,0,1,1,0,0,0,0,12.44835,51.383033