UKREIS,UJAHR,UMONAT,UTAG,USTUNDE,UWOCHENTAG,UKATEGORIE,UART,UTYP,LICHT,USTRZUSTAND,IstRad,IstPKW,IstFuss,IstKrad,IstGkfz,IstSonstige,@lon,@lat
13,18,3,2,15,6,3,5,3,0,0,1,1,0,0,0,0,12.430353,51.349952
13,18,3,3,8,7,3,3,2,0,0,1,1,0,0,0,0,12.37151,51.348514
13,18,3,4,14,1,3,3,2,0,0,1,1,0,0,0,0,12.388845,51.309211
13,18,3,5,7,2,3,0,5,0,0,1,1,0,0,0,0,12.381129,51.326192
13,18,3,5,8,2,3,5,3,0,2,1,1,0,0,0,0,12.365465,51.336714
13,18,3,5,9,2,3,3,2,0,1,1,0,0,0,0,1,12.376694,51.320519
13,18,3,5,10,2,2,3,5,0,0,1,1,0,0,0,0,12.373634,51.330665
13,18,3,5,16,2,3,3,6,0,1,1,0,0,0,0,0,12.365053,51.320991
13,18,3,6,8,3,3,5,3,0,0,1,1,0,0,0,0,12.341174,51.332343
13,18,3,6,9,3,3,5,3,0,0,1,1,0,0,0,0,12.38097,51.343901
13,18,3,6,9,3,3,3,6,0,0,1,1,0,0,0,0,12.39513,51.332064
13,18,3,6,9,3,3,5,2,0,0,1,1,0,0,0,0,12.411765,51.314593
13,18,3,6,14,3,3,5,3,0,0,1,0,0,0,0,1,12.371314,51.346382
13,18,3,7,6,4,3,0,1,2,1,1,0,0,0,0,0,12.385602,51.372653
13,18,3,7,7,4,3,5,2,1,1,1,0,0,0,0,1,12.395653,51.323675
13,18,3,7,13,4,1,5,2,0,0,1,0,0,0,1,0,12.417452,51.311099
13,18,3,7,15,4,3,0,6,0,0,1,1,0,0,0,0,12.423277,51.304614
13,18,3,7,17,4,3,2,6,1,0,1,1,0,0,0,0,12.407958,51.335633
13,18,4,1,1,1,2,3,6,2,0,1,1,0,0,0,0,12.347672,51.31873
13,18,4,1,1,1,2,0,1,2,0,1,0,0,0,0,0,12.421826,51.343697
13,18,4,1,10,1,3,5,3,0,0,1,1,0,0,0,0,12.272796,51.324656
13,18,4,1,10,1,3,4,2,0,0,1,1,0,0,0,0,12.452023,51.345528
13,18,4,1,10,1,3,3,6,0,0,1,0,0,0,0,0,12.52339,51.339095
13,18,4,1,14,1,3,1,5,0,0,1,1,0,0,0,0,12.355506,51.344621
13,18,4,1,14,1,3,6,4,0,0,1,0,1,0,0,0,12.430637,51.351358
13,18,4,1,14,1,3,5,3,0,0,1,1,0,0,0,0,12.45922,51.355536
13,18,4,1,18,1,3,3,2,0,0,1,1,0,0,0,0,12.422625,51.306611
13,18,4,2,7,2,1,5,2,0,0,1,0,0,0,1,0,12.374507,51.335808
13,18,4,2,7,2,3,5,2,0,0,1,1,0,0,0,0,12.386452,51.299094
13,18,4,2,9,2,3,3,7,0,0,1,1,0,0,0,0,12.376745,51.343123
13,18,4,2,9,2,3,5,2,0,1,1,0,0,0,0,1,12.403889,51.321744
13,18,4,2,10,2,2,1,3,0,0,1,1,0,0,0,0,12.381055,51.337491
13,18,4,2,11,2,3,5,3,0,0,1,1,0,0,0,0,12.344872,51.33919
13,18,4,2,11,2,3,3,7,0,0,1,1,0,0,0,0,12.360651,51.363531
13,18,4,2,12,2,3,5,2,0,0,1,1,0,0,0,0,12.376208,51.348309
13,18,4,2,16,2,2,0,1,0,1,1,0,0,0,0,0,12.384664,51.337417
13,18,4,2,16,2,3,2,2,0,1,1,1,0,0,0,0,12.405896,51.352603
13,18,4,2,17,2,3,6,4,0,0,1,0,1,0,0,0,12.35884,51.35889
13,18,4,2,18,2,3,5,2,0,0,1,1,0,0,0,0,12.341179,51.332337
13,18,4,2,18,2,3,5,3,0,0,1,1,0,0,0,0,12.372318,51.395039
13,18,4,2,18,2,2,5,3,0,1,1,1,0,0,0,0,12.373712,51.305635
13,18,4,2,19,2,2,5,3,0,0,1,1,0,0,0,0,12.307069,51.346425
13,18,4,2,20,2,3,2,6,0,0,1,1,0,0,0,0,12.362142,51.342544
13,18,4,3,8,3,2,5,3,0,0,1,1,0,0,0,0,12.409127,51.338598
13,18,4,3,9,3,3,0,7,0,0,1,1,0,0,0,0,12.300122,51.340314
13,18,4,3,10,3,3,5,2,0,0,1,0,0,0,0,1,12.371798,51.339624
13,18,4,3,12,3,3,3,6,0,0,1,0,0,0,0,0,12.402125,51.336104
13,18,4,3,15,3,3,5,3,0,0,1,1,0,0,0,0,12.385363,51.341181
13,18,4,3,15,3,3,5,7,0,1,1,1,0,0,0,0,12.396091,51.306155
13,18,4,3,16,3,3,1,2,0,0,1,1,0,0,0,0,12.378542,51.320702
13,18,4,3,16,3,3,0,1,0,0,1,1,0,0,0,0,12.398938,51.34591
13,18,4,3,17,3,3,1,5,0,0,1,1,0,0,0,0,12.347385,51.33106
13,18,4,3,17,3,2,6,6,0,0,1,0,1,0,0,0,12.370853,51.335404
13,18,4,3,17,3,3,5,2,0,1,1,1,0,0,0,0,12.393871,51.351282
13,18,4,3,17,3,3,5,3,0,0,1,1,0,0,0,0,12.397325,51.310552
13,18,4,3,17,3,3,5,3,0,0,1,1,0,0,0,0,12.431584,51.367286
13,18,4,3,18,3,3,5,3,0,0,1,1,0,0,0,0,12.368982,51.322248
13,18,4,3,20,3,3,3,6,1,0,1,1,0,0,0,0,12.3724,51.334113
13,18,4,3,21,3,3,6,4,2,0,1,0,1,0,0,0,12.370941,51.367153
13,18,4,3,21,3,3,5,3,2,0,1,1,0,0,0,0,12.37297,51.30136
13,18,4,4,8,4,3,3,6,0,0,1,1,0,0,0,0,12.369134,51.320787
13,18,4,4,14,4,3,3,5,0,0,1,0,0,0,1,0,12.404112,51.345628
13,18,4,4,14,4,3,3,2,0,0,1,0,0,0,0,1,12.443926,51.360027
13,18,4,4,15,4,3,5,3,0,1,1,1,0,0,0,0,12.371494,51.320632
13,18,4,4,17,4,3,3,6,0,1,1,1,0,0,0,0,12.381601,51.314846
13,18,4,4,17,4,3,4,2,0,0,1,1,0,0,0,0,12.381956,51.304419
13,18,4,4,18,4,3,5,3,0,0,1,1,0,0,0,0,12.325313,51.338196
13,18,4,4,20,4,3,1,5,2,0,1,1,0,0,0,0,12.366819,51.340655
13,18,4,5,8,5,3,5,2,0,0,1,1,0,0,0,0,12.308202,51.327771
13,18,4,5,8,5,3,5,3,0,0,1,0,0,0,1,0,12.35768,51.341811
13,18,4,5,8,5,3,5,3,0,0,1,1,0,0,0,0,12.422217,51.351669
13,18,4,5,8,5,3,4,6,0,0,1,1,0,0,0,0,12.458902,51.281263
13,18,4,5,9,5,3,5,3,0,0,1,1,0,0,0,0,12.375258,51.304453
13,18,4,5,10,5,3,5,3,0,0,1,1,0,0,0,0,12.370571,51.361394
13,18,4,5,11,5,3,5,3,0,0,1,1,0,0,0,0,12.313118,51.329704
13,18,4,5,14,5,3,3,2,0,0,1,1,0,0,0,0,12.305012,51.344342
13,18,4,5,15,5,2,4,1,0,1,1,1,0,0,0,0,12.392626,51.338913
13,18,4,5,16,5,2,5,7,0,0,1,1,0,0,0,0,12.318498,51.301449
13,18,4,5,17,5,3,5,3,0,0,1,1,0,0,0,0,12.344842,51.339183
13,18,4,5,18,5,3,5,2,0,0,1,1,0,0,0,0,12.331414,51.349657
13,18,4,5,18,5,3,5,2,0,0,1,1,0,0,0,0,12.376963,51.343913
13,18,4,5,19,5,3,3,2,0,0,1,1,0,0,0,0,12.376478,51.310349
13,18,4,6,5,6,3,5,3,1,0,1,1,0,0,0,0,12.263756,51.320936
13,18,4,6,5,6,2,5,3,2,0,1,1,0,0,0,0,12.417453,51.316098
13,18,4,6,6,6,3,5,3,0,0,1,1,0,0,0,0,12.396431,51.303563
13,18,4,6,7,6,3,5,3,0,0,1,1,0,0,0,0,12.255214,51.323351
13,18,4,6,7,6,3,5,3,0,1,1,1,0,0,0,0,12.327722,51.326771
13,18,4,6,7,6,3,5,3,0,0,1,1,0,0,0,0,12.34784,51.350635
13,18,4,6,7,6,3,5,2,0,1,1,1,0,0,0,0,12.382051,51.33261
13,18,4,6,8,6,3,5,3,0,0,1,1,0,0,0,0,12.344863,51.339188
13,18,4,6,8,6,3,1,6,0,0,1,0,0,0,0,1,12.38495,51.33846
13,18,4,6,12,6,3,3,2,0,0,1,1,0,0,0,0,12.396532,51.353578
13,18,4,6,13,6,2,6,6,0,0,1,0,1,0,0,0,12.378669,51.344643
13,18,4,6,13,6,3,3,2,0,0,1,1,0,0,0,0,12.395495,51.309967
13,18,4,6,14,6,2,5,3,0,0,1,0,0,0,1,0,12.294351,51.397174
13,18,4,6,14,6,3,5,2,0,0,1,1,0,0,0,0,12.331928,51.335912
13,18,4,6,14,6,3,2,6,0,1,1,1,0,0,0,0,12.357063,51.361719
13,18,4,6,14,6,3,1,5,0,0,1,1,0,0,0,0,12.397896,51.345966
13,18,4,6,14,6,3,5,3,0,0,1,1,0,0,0,0,12.456351,51.30976
13,18,4,6,15,6,3,2,6,0,0,1,1,0,0,0,0,12.378443,51.31494
13,18,4,6,15,6,3,5,3,0,0,1,1,0,0,0,0,12.387214,51.336877
13,18,4,6,17,6,3,5,2,0,0,1,1,0,0,0,0,12.376838,51.346197
13,18,4,6,17,6,3,3,6,2,0,1,0,0,0,0,0,12.435022,51.351121
13,18,4,6,19,6,3,5,3,0,0,1,1,0,0,0,0,12.36812,51.346957
13,18,4,7,9,7,3,5,3,0,0,1,1,0,0,0,0,12.437876,51.380171
13,18,4,7,10,7,3,5,3,0,0,1,1,0,0,0,0,12.365881,51.344798
13,18,4,7,12,7,3,3,6,0,0,1,1,0,0,0,0,12.326663,51.373579
13,18,4,7,18,7,3,5,3,0,0,1,1,0,0,0,0,12.354829,51.344531
13,18,4,7,18,7,3,5,2,0,0,1,1,0,0,0,0,12.378189,51.375846
13,18,4,7,18,7,2,2,6,0,0,1,0,0,0,0,0,12.39421,51.285256
13,18,4,7,18,7,3,5,3,0,0,1,1,0,0,0,0,12.395892,51.323672
13,18,4,7,19,7,3,3,5,0,0,1,1,0,0,0,0,12.36104,51.341679
13,18,4,7,21,7,3,1,1,2,0,1,1,0,0,0,0,12.430133,51.347053
13,18,4,7,23,7,3,3,6,2,0,1,1,0,0,0,0,12.481014,51.334552
13,18,5,1,7,3,3,3,2,0,0,1,1,0,0,0,0,12.333031,51.336052
13,18,5,1,7,3,3,1,5,0,0,1,1,0,0,0,0,12.373662,51.305944
13,18,5,1,7,3,3,6,4,0,0,1,0,1,0,0,0,12.373695,51.338415
13,18,5,1,7,3,2,4,2,0,0,1,1,0,0,0,0,12.39949,51.363492
13,18,5,1,7,3,3,3,6,0,0,1,0,0,0,0,1,12.43237,51.323295
13,18,5,1,8,3,2,5,3,0,0,1,1,0,0,0,0,12.327949,51.302343
13,18,5,1,9,3,3,1,5,0,0,1,1,0,0,0,0,12.336219,51.327589
13,18,5,1,9,3,3,6,4,0,0,1,0,1,0,0,0,12.450032,51.34554
13,18,5,1,11,3,3,5,3,0,0,1,1,0,0,0,0,12.29136,51.322457
13,18,5,1,11,3,3,1,5,0,0,1,1,0,0,0,0,12.3787,51.324538
13,18,5,1,13,3,2,3,5,0,0,1,1,0,0,0,0,12.335101,51.335666
13,18,5,1,14,3,3,5,3,0,0,1,1,0,0,0,0,12.430823,51.36729
13,18,5,1,15,3,3,5,3,0,1,1,1,0,0,0,0,12.35538,51.348798
13,18,5,1,15,3,3,6,6,0,0,1,0,1,0,0,0,12.370838,51.307418
13,18,5,1,17,3,3,0,7,0,0,1,0,0,0,0,0,12.358642,51.342052
13,18,5,1,17,3,3,4,2,0,0,1,1,0,0,0,0,12.373401,51.31481
13,18,5,1,17,3,3,4,2,0,0,1,1,0,0,0,0,12.42048,51.319263
13,18,5,1,18,3,3,5,3,0,0,1,1,0,0,0,0,12.368539,51.289082
13,18,5,1,18,3,3,4,2,0,0,1,1,0,0,0,0,12.378662,51.36645
13,18,5,1,18,3,3,4,2,0,0,1,1,0,0,0,0,12.378671,51.366448
13,18,5,1,20,3,2,6,4,0,0,1,0,1,0,0,0,12.40312,51.334041
13,18,5,1,22,3,3,4,2,2,0,1,1,0,0,0,0,12.374852,51.345975
13,18,5,2,7,4,3,1,5,0,0,1,1,0,0,0,0,12.373557,51.330165
13,18,5,2,7,4,3,3,2,0,0,1,1,0,0,0,0,12.395787,51.358889
13,18,5,2,7,4,3,5,3,0,1,1,1,0,0,0,0,12.399907,51.327003
13,18,5,2,7,4,3,5,3,0,0,1,1,0,0,0,0,12.438243,51.365798
13,18,5,2,9,4,3,5,3,0,0,1,1,0,0,0,0,12.373743,51.344394
13,18,5,2,12,4,3,4,2,0,0,1,1,0,0,0,0,12.382898,51.320486
13,18,5,2,13,4,3,5,3,0,0,1,1,0,0,0,0,12.367502,51.388464
13,18,5,2,13,4,3,6,2,0,0,1,0,1,0,0,0,12.376736,51.343089
13,18,5,2,15,4,3,5,3,0,0,1,0,0,0,0,0,12.36887,51.311851
13,18,5,2,15,4,3,5,3,0,0,1,0,0,0,0,1,12.373325,51.311731
13,18,5,2,15,4,3,5,3,0,0,1,1,0,0,0,0,12.386247,51.343267
13,18,5,2,15,4,3,5,3,0,1,1,1,0,0,0,0,12.386538,51.335648
13,18,5,2,16,4,3,5,3,0,0,1,1,0,0,0,0,12.275944,51.32193
13,18,5,2,17,4,3,4,2,0,1,1,1,0,0,0,0,12.331936,51.335913
13,18,5,2,17,4,3,5,2,0,0,1,1,0,0,0,0,12.338337,51.335387
13,18,5,2,17,4,3,5,3,0,0,1,1,0,0,0,0,12.377583,51.308113
13,18,5,2,17,4,3,0,7,0,0,1,0,0,0,0,0,12.39366,51.344264
13,18,5,2,17,4,3,3,5,0,0,1,1,0,0,0,0,12.402858,51.345696
13,18,5,2,18,4,3,5,3,0,0,1,1,0,0,0,0,12.337987,51.325896
13,18,5,2,18,4,3,5,3,0,0,1,1,0,0,0,0,12.461536,51.281891
13,18,5,2,19,4,3,5,3,0,0,1,0,0,0,0,1,12.479405,51.350604
13,18,5,3,5,5,3,5,3,0,0,1,1,0,0,0,0,12.405939,51.34553
13,18,5,3,6,5,3,0,7,0,0,1,0,0,0,0,1,12.370998,51.347358
13,18,5,3,6,5,2,1,7,0,0,1,1,0,0,0,0,12.402241,51.364836
13,18,5,3,7,5,3,5,3,0,0,1,1,0,0,0,0,12.344876,51.339191
13,18,5,3,7,5,3,3,3,0,0,1,1,0,0,0,0,12.382757,51.340481
13,18,5,3,12,5,3,5,3,0,0,1,1,0,0,0,0,12.358639,51.341973
13,18,5,3,13,5,3,5,3,0,0,1,1,0,0,0,0,12.353437,51.341159
13,18,5,3,13,5,3,5,3,0,0,1,1,0,0,0,0,12.371158,51.338862
13,18,5,3,13,5,3,5,3,0,0,1,1,0,0,0,0,12.405853,51.331777
13,18,5,3,14,5,3,5,7,0,0,1,1,0,0,0,0,12.340081,51.390132
13,18,5,3,14,5,1,5,3,0,0,1,0,0,0,1,0,12.395311,51.346589
13,18,5,3,15,5,3,2,6,0,0,1,1,0,0,0,0,12.370456,51.361158
13,18,5,3,15,5,2,1,5,0,0,1,1,0,0,0,0,12.37345,51.322001
13,18,5,3,15,5,3,5,3,0,0,1,1,0,0,0,0,12.378502,51.335873
13,18,5,3,16,5,3,1,7,0,0,1,1,0,0,0,0,12.282371,51.32623
13,18,5,3,16,5,3,3,2,0,0,1,1,0,0,0,0,12.344297,51.324918
13,18,5,3,17,5,3,5,2,0,0,1,1,0,0,0,0,12.360988,51.360589
13,18,5,3,17,5,2,3,6,0,0,1,1,0,0,0,0,12.419802,51.343816
13,18,5,3,18,5,3,5,3,0,0,1,1,0,0,0,0,12.368953,51.311413
13,18,5,3,19,5,3,5,3,0,0,1,1,0,0,0,0,12.372566,51.33199
13,18,5,3,20,5,3,5,3,1,0,1,1,0,0,0,0,12.289144,51.325938
13,18,5,3,21,5,3,5,3,1,0,1,1,0,0,0,0,12.354041,51.350913
13,18,5,4,10,6,3,5,3,0,0,1,1,0,0,0,0,12.435948,51.380072
13,18,5,4,14,6,2,1,6,0,0,1,1,0,0,0,0,12.428313,51.328818
13,18,5,4,15,6,3,5,3,0,0,1,0,0,1,0,0,12.307069,51.346425
13,18,5,4,15,6,3,2,6,0,0,1,1,0,0,0,0,12.338964,51.337173
13,18,5,4,15,6,2,3,6,0,0,1,0,0,0,0,0,12.373522,51.329684
13,18,5,4,15,6,3,6,4,0,0,1,0,1,0,0,0,12.443366,51.331423
13,18,5,4,16,6,3,5,2,0,0,1,1,0,0,0,0,12.362688,51.321212
13,18,5,4,17,6,3,4,2,0,0,1,1,0,0,0,0,12.329215,51.335566
13,18,5,4,17,6,3,1,1,0,0,1,1,0,0,0,0,12.414192,51.359451
13,18,5,4,20,6,3,3,2,1,0,1,1,0,0,0,0,12.373403,51.320579
13,18,5,5,10,7,3,5,3,0,0,1,1,0,0,0,0,12.427312,51.295026
13,18,5,5,11,7,1,5,3,0,0,1,0,0,0,0,1,12.423484,51.350385
13,18,5,5,12,7,3,2,6,0,0,1,0,0,0,0,0,12.373521,51.327992
13,18,5,5,16,7,3,9,2,0,0,1,1,0,0,0,0,12.370446,51.326779
13,18,5,5,17,7,2,3,2,0,0,1,1,0,0,0,0,12.333951,51.335993
13,18,5,5,18,7,3,5,3,0,0,1,0,0,0,0,0,12.335018,51.331738
13,18,5,5,18,7,3,5,3,0,0,1,1,0,0,0,0,12.356956,51.336139
13,18,5,5,18,7,3,0,7,0,0,1,0,0,0,0,0,12.37047,51.327032
13,18,5,5,19,7,2,5,7,0,0,1,1,0,0,0,0,12.40992,51.327585
13,18,5,5,22,7,2,8,1,2,0,1,0,0,0,0,0,12.364229,51.371805
13,18,5,6,8,1,2,0,1,0,0,1,0,0,0,0,0,12.413442,51.321891
13,18,5,6,9,1,3,1,1,0,0,1,1,0,0,0,0,12.362919,51.342196
13,18,5,6,10,1,3,3,2,0,0,1,1,0,0,0,0,12.416324,51.31164
13,18,5,6,13,1,3,4,2,0,0,1,1,0,0,0,0,12.356964,51.336131
13,18,5,6,17,1,3,6,6,0,0,1,0,1,0,0,0,12.336099,51.332027
13,18,5,6,18,1,1,9,7,0,0,1,0,0,0,0,0,12.353928,51.319755
13,18,5,6,19,1,2,4,1,0,0,1,0,0,0,0,1,12.362652,51.342662
13,18,5,6,22,1,3,5,3,2,0,1,1,0,0,0,0,12.339502,51.326704
13,18,5,6,22,1,3,3,6,2,0,1,1,0,0,0,0,12.347033,51.332172
13,18,5,7,5,2,3,0,4,2,0,1,0,1,0,0,0,12.301825,51.325951
13,18,5,7,6,2,3,4,2,0,0,1,1,0,0,0,0,12.390857,51.338673
13,18,5,7,7,2,3,4,2,0,0,1,1,0,0,0,0,12.33194,51.335913
13,18,5,7,7,2,3,3,2,0,0,1,1,0,0,0,0,12.376789,51.391027
13,18,5,7,7,2,2,3,2,0,0,1,0,0,0,1,0,12.391406,51.34744
13,18,5,7,8,2,3,4,2,0,0,1,1,0,0,0,0,12.402163,51.33235
13,18,5,7,9,2,3,5,3,0,0,1,1,0,0,0,0,12.481194,51.334686
13,18,5,7,11,2,2,5,2,0,0,1,1,0,0,0,0,12.33298,51.336049
13,18,5,7,11,2,3,5,3,0,0,1,1,0,0,0,0,12.344871,51.33919
13,18,5,7,12,2,3,5,2,0,0,1,1,0,0,0,0,12.394319,51.346124
13,18,5,7,12,2,3,1,5,0,0,1,1,0,0,0,0,12.457635,51.308986
13,18,5,7,13,2,3,4,2,0,0,1,1,0,0,0,0,12.367452,51.367226
13,18,5,7,14,2,3,5,3,0,0,1,1,0,0,0,0,12.309845,51.328398
13,18,5,7,14,2,3,0,1,0,0,1,0,0,0,0,0,12.365896,51.364123
13,18,5,7,14,2,3,4,2,0,0,1,1,0,0,0,0,12.394291,51.33678
13,18,5,7,14,2,2,4,2,0,0,1,1,0,0,0,0,12.45087,51.302571
13,18,5,7,15,2,3,4,2,0,0,1,1,0,0,0,0,12.427955,51.398742
13,18,5,7,16,2,3,5,3,0,0,1,1,0,0,0,0,12.344012,51.324139
13,18,5,7,16,2,3,0,7,0,0,1,0,0,0,0,0,12.370469,51.327004
13,18,5,7,17,2,3,2,2,0,0,1,0,0,0,0,0,12.342583,51.338655
13,18,5,7,17,2,3,2,6,0,0,1,0,0,0,0,0,12.384052,51.28906
13,18,5,7,18,2,3,5,3,0,0,1,1,0,0,0,0,12.344003,51.370031
13,18,5,7,18,2,3,3,5,0,0,1,1,0,0,0,0,12.380885,51.343937
13,18,5,7,18,2,3,5,3,0,0,1,1,0,0,0,0,12.397392,51.369646
13,18,5,7,19,2,2,7,1,1,0,1,0,0,0,0,0,12.374094,51.363522
13,18,5,7,20,2,3,5,3,0,0,1,1,0,0,0,0,12.456411,51.311834
13,18,5,7,22,2,3,5,3,2,0,1,1,0,0,0,0,12.393325,51.322873
13,18,6,1,4,6,3,5,3,1,0,1,0,0,0,0,1,12.384953,51.338055
13,18,6,1,5,6,3,3,6,1,0,1,1,0,0,0,0,12.417603,51.359138
13,18,6,1,7,6,3,5,3,0,0,1,1,0,0,0,0,12.344866,51.339189
13,18,6,1,9,6,3,7,1,0,0,1,0,0,0,0,0,12.311154,51.328901
13,18,6,1,9,6,3,0,7,0,0,1,0,0,0,0,0,12.326589,51.325534
13,18,6,1,9,6,3,3,2,0,0,1,0,0,0,0,1,12.358897,51.375195
13,18,6,1,9,6,3,5,2,0,0,1,0,0,1,0,0,12.373702,51.331893
13,18,6,1,10,6,3,5,3,0,0,1,1,0,0,0,0,12.475383,51.345626
13,18,6,1,11,6,3,1,1,0,0,1,1,0,0,0,0,12.362134,51.359831
13,18,6,1,11,6,3,5,3,0,0,1,1,0,0,0,0,12.445145,51.332488
13,18,6,1,12,6,3,5,3,0,0,1,1,0,0,0,0,12.395375,51.341142
13,18,6,1,12,6,3,5,3,0,0,1,1,0,0,0,0,12.401062,51.400043
13,18,6,1,12,6,2,3,6,0,0,1,0,0,0,0,0,12.436837,51.351021
13,18,6,1,13,6,3,2,2,0,0,1,1,0,0,0,0,12.3536,51.340906
13,18,6,1,14,6,3,5,3,0,0,1,1,0,0,0,0,12.370863,51.344101
13,18,6,1,14,6,3,5,3,0,0,1,1,0,0,0,0,12.413035,51.324548
13,18,6,1,14,6,2,5,3,0,0,1,0,0,0,0,0,12.414668,51.351672
13,18,6,1,16,6,3,5,3,0,0,1,1,0,0,0,0,12.371125,51.336491
13,18,6,1,18,6,3,5,3,0,0,1,1,0,0,0,0,12.34486,51.339187
13,18,6,2,3,7,2,5,2,2,0,1,1,0,0,0,0,12.394974,51.33901
13,18,6,2,12,7,3,5,3,0,1,1,1,0,0,0,0,12.370824,51.336353
13,18,6,2,12,7,3,5,3,0,0,1,1,0,0,0,0,12.393965,51.333072
13,18,6,2,13,7,3,5,3,0,0,1,1,0,0,0,0,12.373667,51.33284
13,18,6,2,14,7,3,4,6,0,0,1,0,0,0,0,0,12.301822,51.32595
13,18,6,2,15,7,3,5,3,0,0,1,1,0,0,0,0,12.309855,51.328402
13,18,6,2,17,7,1,5,3,0,0,1,0,0,1,0,0,12.372197,51.299921
13,18,6,2,18,7,3,6,4,0,0,1,0,1,0,0,0,12.36739,51.34115
13,18,6,2,18,7,3,0,1,0,0,1,0,0,0,0,0,12.398777,51.36143
13,18,6,2,23,7,3,5,3,2,0,1,1,0,0,0,0,12.370861,51.344101
13,18,6,3,12,1,3,2,6,0,0,1,1,0,0,0,0,12.303789,51.352766
13,18,6,3,12,1,3,1,7,0,0,1,1,0,0,0,0,12.36438,51.344011
13,18,6,3,12,1,3,1,5,0,0,1,1,0,0,0,0,12.401031,51.346547
13,18,6,4,5,2,3,0,7,0,1,1,0,0,0,0,0,12.42111,51.319389
13,18,6,4,5,2,3,5,3,0,1,1,1,0,0,0,0,12.42486,51.304728
13,18,6,4,6,2,3,0,1,0,1,1,0,0,0,0,0,12.323813,51.374575
13,18,6,4,6,2,3,5,3,0,0,1,0,0,1,0,0,12.464419,51.350541
13,18,6,4,7,2,3,5,2,0,1,1,1,0,0,0,0,12.369052,51.319761
13,18,6,4,7,2,2,5,3,0,0,1,0,0,0,0,0,12.374618,51.338542
13,18,6,4,7,2,3,5,3,0,0,1,1,0,0,0,0,12.395796,51.363289
13,18,6,4,8,2,3,2,6,0,0,1,1,0,0,0,0,12.421329,51.323059
13,18,6,4,9,2,3,3,2,0,0,1,0,0,0,0,0,12.322234,51.33272
13,18,6,4,10,2,2,5,2,0,0,1,0,1,0,0,1,12.373706,51.322056
13,18,6,4,10,2,3,3,7,0,0,1,0,0,0,0,1,12.401498,51.400373
13,18,6,4,15,2,3,4,2,0,0,1,0,0,0,0,0,12.382719,51.315047
13,18,6,4,15,2,3,4,6,0,0,1,0,0,0,0,0,12.38392,51.338285
13,18,6,4,16,2,3,4,2,0,0,1,1,0,0,0,0,12.279996,51.322234
13,18,6,4,16,2,3,5,2,0,0,1,1,0,0,0,0,12.383997,51.380452
13,18,6,4,17,2,3,5,2,0,0,1,1,0,0,0,0,12.373649,51.333014
13,18,6,4,18,2,3,5,3,0,0,1,1,0,0,0,0,12.381691,51.338807
13,18,6,4,19,2,3,5,2,0,0,1,1,0,0,0,0,12.37055,51.361257
13,18,6,4,19,2,3,1,5,0,0,1,1,0,0,0,0,12.378732,51.307718
13,18,6,5,6,3,3,3,2,0,0,1,1,0,0,0,0,12.307436,51.341827
13,18,6,5,7,3,2,5,7,0,0,1,1,0,0,0,0,12.37339,51.328561
13,18,6,5,7,3,2,5,3,0,0,1,0,0,0,0,0,12.375532,51.32053
13,18,6,5,7,3,3,5,3,0,0,1,1,0,0,0,0,12.462027,51.357975
13,18,6,5,8,3,3,0,7,0,0,1,0,0,0,0,0,12.379847,51.36016
13,18,6,5,8,3,3,3,6,0,0,1,0,0,0,1,0,12.426907,51.305251
13,18,6,5,9,3,3,1,5,0,0,1,1,0,0,0,0,12.339275,51.369171
13,18,6,5,9,3,3,3,5,0,0,1,1,0,0,0,0,12.369079,51.345397
13,18,6,5,10,3,3,2,6,0,0,1,1,0,0,0,0,12.362595,51.356628
13,18,6,5,10,3,3,5,2,0,0,1,0,0,0,0,1,12.376184,51.348304
13,18,6,5,10,3,2,5,3,0,0,1,0,0,0,0,1,12.479363,51.350944
13,18,6,5,13,3,3,6,6,0,0,1,0,1,0,0,0,12.288604,51.323358
13,18,6,5,13,3,2,6,6,0,0,1,0,1,0,0,0,12.373054,51.338869
13,18,6,5,15,3,3,5,3,0,0,1,1,0,0,0,0,12.461134,51.367357
13,18,6,5,16,3,3,3,6,0,0,1,0,0,0,0,1,12.373382,51.319887
13,18,6,5,17,3,3,3,6,0,0,1,0,0,0,0,1,12.398596,51.345927
13,18,6,5,17,3,3,2,6,0,0,1,1,0,0,0,0,12.422151,51.333743
13,18,6,6,6,4,2,3,6,0,0,1,0,0,0,0,0,12.428868,51.35149
13,18,6,6,7,4,3,5,3,0,0,1,1,0,0,0,0,12.404069,51.332123
13,18,6,6,8,4,3,0,7,0,0,1,1,0,0,0,0,12.373301,51.342484
13,18,6,6,9,4,3,5,5,0,0,1,0,0,0,0,0,12.373344,51.336672
13,18,6,6,9,4,3,5,3,0,0,1,1,0,0,0,0,12.387293,51.309253
13,18,6,6,11,4,3,5,3,0,0,1,1,0,0,0,0,12.378881,51.325035
13,18,6,6,14,4,3,5,3,0,0,1,1,0,0,0,0,12.285816,51.330937
13,18,6,6,14,4,3,5,2,0,0,1,1,0,0,0,0,12.367403,51.332022
13,18,6,6,15,4,3,1,2,0,0,1,0,0,0,0,0,12.414586,51.330575
13,18,6,6,16,4,3,5,3,0,0,1,1,0,0,0,0,12.263065,51.34459
13,18,6,6,16,4,3,5,2,0,0,1,1,0,0,0,0,12.335467,51.335624
13,18,6,6,16,4,3,5,3,0,0,1,1,0,0,0,0,12.373326,51.353059
13,18,6,6,16,4,3,1,5,0,0,1,1,0,0,0,0,12.385938,51.364096
13,18,6,6,16,4,2,5,3,0,0,1,1,0,0,0,0,12.438223,51.36436
13,18,6,6,17,4,2,4,6,0,0,1,0,0,0,0,0,12.33948,51.318303
13,18,6,6,17,4,3,8,7,0,0,1,0,0,0,0,0,12.362912,51.338622
13,18,6,6,18,4,3,5,2,0,0,1,1,0,0,0,0,12.447206,51.324107