UKREIS,UJAHR,UMONAT,UTAG,USTUNDE,UWOCHENTAG,UKATEGORIE,UART,UTYP,LICHT,USTRZUSTAND,IstRad,IstPKW,IstFuss,IstKrad,IstGkfz,IstSonstige,@lon,@lat
13,18,6,6,19,4,3,5,3,0,0,1,1,0,0,0,0,12.443574,51.359981
13,18,6,6,20,4,3,5,3,0,0,1,1,0,0,0,0,12.330958,51.330708
13,18,6,6,23,4,3,3,6,2,0,1,1,0,0,0,0,12.373447,51.315584
13,18,6,7,6,5,3,5,2,0,0,1,1,0,0,0,0,12.46576,51.312614
13,18,6,7,7,5,3,5,3,0,0,1,1,0,0,0,0,12.314382,51.37825
13,18,6,7,7,5,3,1,5,0,0,1,1,0,0,0,0,12.334561,51.32191
13,18,6,7,7,5,3,5,3,0,0,1,1,0,0,0,0,12.339974,51.337302
13,18,6,7,7,5,3,5,3,0,0,1,1,0,0,0,0,12.475413,51.345194
13,18,6,7,8,5,2,5,3,0,0,1,1,0,0,0,0,12.346273,51.328645
13,18,6,7,8,5,3,5,3,0,0,1,1,0,0,0,0,12.37371,51.344396
13,18,6,7,8,5,3,5,2,0,0,1,1,0,0,0,0,12.377894,51.333991
13,18,6,7,10,5,3,4,6,0,0,1,0,0,0,0,0,12.371315,51.38941
13,18,6,7,11,5,3,3,2,0,0,1,1,0,0,0,0,12.373649,51.333009
13,18,6,7,11,5,3,4,2,0,0,1,1,0,0,0,0,12.389782,51.344566
13,18,6,7,11,5,3,5,3,0,0,1,1,0,0,0,0,12.422653,51.306611
13,18,6,7,12,5,3,0,7,0,0,1,0,0,0,0,0,12.33666,51.332176
13,18,6,7,12,5,3,4,2,0,0,1,0,0,0,0,0,12.368901,51.341885
13,18,6,7,12,5,2,3,2,0,0,1,1,0,0,0,0,12.419722,51.357443
13,18,6,7,13,5,3,5,3,0,0,1,1,0,0,0,0,12.416732,51.329803
13,18,6,7,13,5,3,5,3,0,0,1,0,0,0,0,1,12.479293,51.348805
13,18,6,7,14,5,3,1,5,0,0,1,1,0,0,0,0,12.378027,51.307963
13,18,6,7,15,5,3,5,3,0,0,1,1,0,0,0,0,12.263109,51.344632
13,18,6,7,15,5,3,5,3,0,0,1,1,0,0,0,0,12.370824,51.336353
13,18,6,7,15,5,3,1,5,0,0,1,1,0,0,0,0,12.374408,51.364457
13,18,6,7,15,5,3,3,2,0,0,1,1,0,0,0,0,12.39443,51.336792
13,18,6,7,15,5,3,4,2,0,1,1,1,0,0,0,0,12.473542,51.345689
13,18,6,7,16,5,3,5,3,0,0,1,1,0,0,0,0,12.376753,51.320542
13,18,6,7,16,5,3,5,2,0,0,1,1,0,0,0,0,12.385064,51.338139
13,18,6,7,17,5,3,5,3,0,0,1,1,0,0,0,0,12.370482,51.32798
13,18,6,7,17,5,3,5,3,0,0,1,0,0,0,0,1,12.430346,51.349952
13,18,6,7,20,5,3,4,6,0,0,1,0,0,0,0,0,12.396257,51.35348
13,18,6,7,22,5,3,3,6,2,0,1,0,0,0,0,1,12.413805,51.375045
13,18,6,7,23,5,3,5,3,2,0,1,1,0,0,0,0,12.377018,51.344506
13,18,7,1,9,1,3,0,1,0,0,1,0,0,0,0,0,12.391533,51.347418
13,18,7,1,10,1,3,5,3,0,0,1,1,0,0,0,0,12.372968,51.301356
13,18,7,1,13,1,3,0,3,0,0,1,0,0,0,0,0,12.409424,51.339163
13,18,7,1,14,1,2,5,2,0,0,1,1,0,0,0,0,12.327941,51.302357
13,18,7,1,14,1,3,5,3,0,0,1,1,0,0,0,0,12.40008,51.341884
13,18,7,1,18,1,2,5,3,0,0,1,1,0,0,0,0,12.373326,51.353059
13,18,7,1,19,1,2,4,2,0,0,1,1,0,0,0,0,12.334013,51.31934
13,18,7,1,19,1,2,1,5,0,0,1,1,0,0,0,0,12.376555,51.342352
13,18,7,2,5,2,3,5,3,0,0,1,1,0,0,0,0,12.297726,51.357369
13,18,7,2,5,2,3,5,3,0,0,1,1,0,0,0,0,12.401071,51.376224
13,18,7,2,6,2,3,5,3,0,0,1,1,0,0,0,0,12.377006,51.390181
13,18,7,2,7,2,3,6,4,0,0,1,0,1,0,0,0,12.388008,51.338179
13,18,7,2,9,2,3,3,2,0,0,1,1,0,0,0,0,12.382073,51.332564
13,18,7,2,9,2,3,5,3,0,0,1,1,0,0,0,0,12.390782,51.29509
13,18,7,2,9,2,3,5,3,0,0,1,1,0,0,0,0,12.419555,51.364661
13,18,7,2,13,2,2,6,4,0,0,1,0,1,0,0,0,12.385881,51.367779
13,18,7,2,15,2,3,5,3,0,0,1,1,0,0,0,0,12.402175,51.33984
13,18,7,2,16,2,3,5,3,0,0,1,0,0,0,0,0,12.37815,51.375848
13,18,7,2,16,2,3,5,3,0,0,1,1,0,0,0,0,12.378383,51.332213
13,18,7,2,17,2,3,5,3,0,0,1,1,0,0,0,0,12.367403,51.332022
13,18,7,2,17,2,3,5,1,0,0,1,1,0,0,0,0,12.382033,51.332614
13,18,7,2,18,2,3,4,2,0,0,1,1,0,0,0,0,12.412036,51.334776
13,18,7,2,19,2,3,5,3,0,0,1,1,0,0,0,0,12.372269,51.349609
13,18,7,2,20,2,3,5,3,0,0,1,1,0,0,0,0,12.291767,51.413896
13,18,7,2,20,2,3,5,3,0,0,1,1,0,0,0,0,12.376575,51.346006
13,18,7,2,22,2,3,0,7,2,0,1,0,0,0,0,0,12.395379,51.339114
13,18,7,3,6,3,3,5,3,0,0,1,0,0,0,0,0,12.275125,51.323156
13,18,7,3,6,3,2,5,3,0,0,1,0,0,0,0,1,12.357014,51.32049
13,18,7,3,7,3,2,4,2,0,0,1,1,0,0,0,0,12.376402,51.310398
13,18,7,3,8,3,3,3,2,0,0,1,1,0,0,0,0,12.407591,51.351295
13,18,7,3,8,3,3,5,2,0,0,1,1,0,0,0,0,12.417441,51.311094
13,18,7,3,10,3,3,1,5,0,0,1,1,0,0,0,0,12.365095,51.370113
13,18,7,3,11,3,3,5,3,0,1,1,1,0,0,0,0,12.417449,51.316077
13,18,7,3,12,3,3,5,7,0,0,1,1,0,0,0,0,12.33325,51.338216
13,18,7,3,14,3,3,2,6,0,0,1,0,0,0,0,1,12.444318,51.356947
13,18,7,3,15,3,3,6,4,0,0,1,0,1,0,0,0,12.369705,51.360375
13,18,7,3,16,3,3,5,3,0,0,1,0,0,0,1,0,12.307685,51.311978
13,18,7,3,16,3,3,0,6,0,0,1,0,0,0,0,0,12.336824,51.33222
13,18,7,3,16,3,3,3,2,0,0,1,1,0,0,0,0,12.349684,51.340038
13,18,7,3,17,3,3,5,3,0,0,1,1,0,0,0,0,12.37371,51.344396
13,18,7,3,18,3,3,5,3,0,0,1,1,0,0,0,0,12.362425,51.359141
13,18,7,3,18,3,3,3,5,0,0,1,1,0,0,0,0,12.375948,51.310438
13,18,7,3,18,3,3,5,3,0,0,1,0,0,0,0,0,12.382882,51.320639
13,18,7,3,18,3,3,3,5,0,0,1,1,0,0,0,0,12.408253,51.345406
13,18,7,3,19,3,3,5,3,0,0,1,1,0,0,0,0,12.39332,51.322872
13,18,7,4,5,4,3,2,6,0,0,1,1,0,0,0,0,12.385198,51.342096
13,18,7,4,7,4,3,5,3,0,0,1,1,0,0,0,0,12.340225,51.393045
13,18,7,4,8,4,2,5,2,0,0,1,1,0,0,0,0,12.388419,51.326014
13,18,7,4,9,4,3,5,3,0,0,1,0,0,0,0,1,12.433628,51.355244
13,18,7,4,11,4,3,4,6,0,0,1,0,0,0,0,0,12.394587,51.331938
13,18,7,4,14,4,2,5,3,0,0,1,0,0,0,0,1,12.376768,51.320518
13,18,7,4,14,4,3,3,4,0,0,1,1,1,0,0,0,12.380708,51.339079
13,18,7,4,15,4,3,3,2,0,0,1,1,0,0,0,0,12.429738,51.379593
13,18,7,4,15,4,3,1,5,0,0,1,1,0,0,0,0,12.467987,51.27832
13,18,7,4,16,4,2,3,2,0,0,1,1,0,0,0,0,12.373588,51.332956
13,18,7,4,18,4,3,5,3,0,0,1,0,0,0,0,0,12.339791,51.335326
13,18,7,4,18,4,3,5,3,0,0,1,1,0,0,0,0,12.462275,51.366167
13,18,7,4,19,4,3,9,2,0,0,1,1,0,0,0,0,12.373493,51.302285
13,18,7,5,7,5,3,5,3,0,0,1,1,0,0,0,0,12.378293,51.37606
13,18,7,5,11,5,3,3,6,0,1,1,1,0,0,0,0,12.368573,51.357602
13,18,7,5,11,5,3,4,2,0,0,1,1,0,0,0,0,12.406046,51.346286
13,18,7,5,15,5,2,5,2,0,0,1,1,0,0,0,0,12.30464,51.343773
13,18,7,5,15,5,3,4,6,0,0,1,0,0,0,0,0,12.410304,51.402487
13,18,7,5,15,5,3,6,6,0,0,1,0,1,0,0,0,12.473452,51.345838
13,18,7,5,16,5,3,5,3,0,0,1,1,0,0,0,0,12.396122,51.341097
13,18,7,5,16,5,3,1,5,0,0,1,1,0,0,0,0,12.42722,51.344077
13,18,7,5,16,5,3,2,6,0,0,1,0,0,0,0,0,12.431014,51.33079
13,18,7,5,17,5,3,5,3,0,0,1,1,0,0,0,0,12.344842,51.339183
13,18,7,5,18,5,3,0,5,0,0,1,0,0,0,0,1,12.387234,51.34371
13,18,7,5,18,5,2,4,6,0,0,1,0,0,0,0,0,12.422332,51.356412
13,18,7,5,20,5,3,3,6,0,0,1,1,0,0,0,0,12.343906,51.324159
13,18,7,5,22,5,3,5,3,2,0,1,1,0,0,0,0,12.37694,51.344931
13,18,7,6,6,6,3,0,1,0,0,1,1,0,0,0,0,12.353403,51.341151
13,18,7,6,7,6,3,5,3,0,0,1,1,0,0,0,0,12.396407,51.299879
13,18,7,6,9,6,3,0,2,0,0,1,1,0,0,0,0,12.395075,51.318575
13,18,7,6,10,6,3,1,6,0,0,1,1,0,0,0,0,12.37582,51.330955
13,18,7,6,13,6,3,5,3,0,0,1,1,0,0,0,0,12.32974,51.33446
13,18,7,6,17,6,3,5,3,0,0,1,1,0,0,0,0,12.378379,51.33221
13,18,7,6,19,6,3,5,3,0,1,1,1,0,0,0,0,12.386239,51.343262
13,18,7,6,19,6,3,4,2,0,0,1,1,0,0,0,0,12.394282,51.336757
13,18,7,7,11,7,3,1,5,0,0,1,1,0,0,0,0,12.339763,51.37003
13,18,7,7,11,7,3,4,2,0,0,1,1,0,0,0,0,12.405936,51.345511
13,18,7,7,13,7,3,5,3,0,0,1,0,0,0,0,0,12.376321,51.336906
13,18,7,7,17,7,2,6,4,0,0,1,0,1,0,0,0,12.383866,51.301989
13,18,7,7,19,7,3,5,2,0,0,1,1,0,0,0,0,12.373357,51.31066
13,18,8,1,7,4,3,7,7,0,0,1,0,0,0,0,0,12.418967,51.331892
13,18,8,1,9,4,3,3,5,0,0,1,1,0,0,0,0,12.382418,51.335683
13,18,8,1,10,4,3,5,2,0,0,1,1,0,0,0,0,12.350542,51.332651
13,18,8,1,10,4,3,5,3,0,0,1,1,0,0,0,0,12.373483,51.351702
13,18,8,1,11,4,2,5,3,0,0,1,1,0,0,0,0,12.445922,51.348044
13,18,8,1,13,4,3,3,2,0,0,1,1,0,0,0,0,12.335819,51.327645
13,18,8,1,13,4,3,6,4,0,0,1,0,1,0,0,0,12.3734,51.363082
13,18,8,1,15,4,3,5,3,0,0,1,1,0,0,0,0,12.285846,51.33095
13,18,8,1,16,4,3,5,3,0,0,1,1,0,0,0,0,12.425927,51.320669
13,18,8,1,17,4,2,0,1,0,0,1,0,0,0,0,0,12.310542,51.328671
13,18,8,1,17,4,2,5,2,0,0,1,1,0,0,0,0,12.331936,51.335913
13,18,8,1,17,4,3,1,3,0,0,1,0,0,0,0,1,12.358026,51.342151
13,18,8,1,17,4,2,5,3,0,0,1,1,0,0,0,0,12.366711,51.340545
13,18,8,1,18,4,3,3,6,0,0,1,0,0,0,0,0,12.367991,51.33473
13,18,8,1,18,4,2,3,3,0,0,1,1,0,0,0,0,12.409271,51.371629
13,18,8,2,6,5,3,5,3,0,0,1,1,0,0,0,0,12.366698,51.340551
13,18,8,2,7,5,3,1,5,0,0,1,1,0,0,0,0,12.394964,51.34359
13,18,8,2,8,5,3,3,2,0,0,1,1,0,0,0,0,12.361093,51.375574
13,18,8,2,8,5,3,3,2,0,1,1,1,0,0,0,0,12.37684,51.343395
13,18,8,2,14,5,3,3,2,0,1,1,1,0,0,0,0,12.332926,51.336041
13,18,8,2,14,5,3,5,3,0,0,1,1,0,0,0,0,12.367403,51.332022
13,18,8,2,15,5,3,5,3,0,0,1,1,0,0,0,0,12.32563,51.31218
13,18,8,2,15,5,3,5,3,0,1,1,1,0,0,0,0,12.341797,51.32428
13,18,8,2,15,5,3,5,2,0,0,1,0,0,1,0,0,12.357962,51.37948
13,18,8,2,15,5,3,5,2,0,0,1,1,0,0,0,0,12.367444,51.341168
13,18,8,2,15,5,2,5,3,0,0,1,0,0,1,0,0,12.376961,51.343903
13,18,8,2,15,5,3,2,2,0,0,1,1,0,0,0,0,12.378723,51.345009
13,18,8,2,15,5,3,5,3,0,0,1,1,0,0,0,0,12.430206,51.305316
13,18,8,2,16,5,3,5,3,0,0,1,1,0,0,0,0,12.267982,51.3209
13,18,8,2,16,5,2,5,3,0,0,1,0,0,0,0,0,12.376531,51.350287
13,18,8,2,17,5,3,4,6,0,1,1,0,0,0,1,0,12.378535,51.322689
13,18,8,2,18,5,3,5,2,0,1,1,1,0,0,0,0,12.365629,51.339622
13,18,8,2,18,5,3,3,7,0,1,1,1,0,0,0,0,12.376357,51.338855
13,18,8,2,18,5,3,4,2,0,1,1,1,0,0,0,0,12.384897,51.338145
13,18,8,2,21,5,3,5,3,2,1,1,1,0,0,0,0,12.376526,51.314831
13,18,8,2,21,5,3,5,3,2,1,1,1,0,0,0,0,12.393219,51.336945
13,18,8,3,6,6,3,5,3,1,0,1,1,0,0,0,0,12.340226,51.393046
13,18,8,3,7,6,2,5,3,0,0,1,1,0,0,0,0,12.325993,51.373813
13,18,8,3,7,6,3,5,3,0,0,1,1,0,0,0,0,12.328546,51.372909
13,18,8,3,7,6,3,4,3,0,1,1,1,0,0,0,0,12.344872,51.33919
13,18,8,3,7,6,3,3,2,0,0,1,1,0,0,0,0,12.384898,51.338147
13,18,8,3,7,6,3,3,6,0,1,1,1,0,0,0,0,12.437793,51.327519
13,18,8,3,9,6,3,0,1,0,1,1,0,0,0,0,0,12.372994,51.301804
13,18,8,3,10,6,3,5,3,0,0,1,1,0,0,0,0,12.367599,51.327407
13,18,8,3,11,6,3,5,3,0,0,1,1,0,0,0,0,12.376611,51.314794
13,18,8,3,11,6,3,3,2,0,0,1,1,0,0,0,0,12.408336,51.340091
13,18,8,3,13,6,3,5,2,0,0,1,1,0,0,0,0,12.405881,51.33177
13,18,8,3,14,6,3,3,2,0,0,1,1,0,0,0,0,12.345767,51.327679
13,18,8,3,15,6,2,5,2,0,0,1,0,0,0,1,0,12.358646,51.342036
13,18,8,3,15,6,3,5,3,0,0,1,1,0,0,0,0,12.376798,51.321436
13,18,8,3,19,6,3,3,3,0,0,1,0,0,0,0,1,12.345064,51.31898
13,18,8,3,20,6,3,5,3,0,0,1,1,0,0,0,0,12.38501,51.363092
13,18,8,3,22,6,2,0,1,2,0,1,0,0,0,0,0,12.347517,51.350357
13,18,8,3,22,6,2,0,1,2,0,1,0,0,0,0,0,12.422535,51.306303
13,18,8,4,12,7,3,5,3,0,0,1,1,0,0,0,0,12.451868,51.316524
13,18,8,4,13,7,3,6,4,0,0,1,0,1,0,0,0,12.37446,51.33423
13,18,8,4,15,7,2,1,5,0,0,1,1,0,0,0,0,12.368011,51.361866
13,18,8,4,15,7,3,5,3,0,0,1,1,0,0,0,0,12.37703,51.344507
13,18,8,4,17,7,3,5,3,0,0,1,1,0,0,0,0,12.366776,51.31455
13,18,8,4,17,7,3,3,2,0,0,1,1,0,0,0,0,12.390857,51.338655
13,18,8,4,18,7,3,5,3,0,0,1,1,0,0,0,0,12.424301,51.304482
13,18,8,5,14,1,3,5,3,0,0,1,1,0,0,0,0,12.381766,51.343579
13,18,8,5,16,1,2,5,3,0,0,1,1,0,0,0,0,12.404288,51.332845
13,18,8,5,18,1,2,5,3,0,0,1,1,0,0,0,0,12.285449,51.360367
13,18,8,5,20,1,3,5,3,0,0,1,1,0,0,0,0,12.372837,51.356275
13,18,8,6,8,2,3,5,2,0,0,1,1,0,0,0,0,12.411391,51.331017
13,18,8,6,9,2,3,1,5,0,0,1,0,0,0,0,1,12.37804,51.347956
13,18,8,6,11,2,3,2,2,0,0,1,1,0,0,0,0,12.366026,51.327137
13,18,8,6,11,2,2,5,3,0,0,1,1,0,0,0,0,12.370859,51.335025
13,18,8,6,13,2,3,4,2,0,0,1,1,0,0,0,0,12.363312,51.342812
13,18,8,6,14,2,3,1,3,0,0,1,1,0,0,0,0,12.310458,51.317515
13,18,8,6,14,2,3,3,2,0,0,1,1,0,0,0,0,12.368605,51.315937
13,18,8,6,15,2,3,5,3,0,0,1,1,0,0,0,0,12.409052,51.3445
13,18,8,6,16,2,3,2,6,0,0,1,1,0,0,0,0,12.380088,51.329347
13,18,8,6,17,2,3,5,3,0,0,1,1,0,0,0,0,12.247287,51.318146
13,18,8,6,18,2,3,1,3,0,0,1,1,0,0,0,0,12.402688,51.323705
13,18,8,6,19,2,2,5,3,0,0,1,1,0,0,0,0,12.376846,51.320516
13,18,8,7,7,3,2,5,3,0,1,1,1,0,0,0,0,12.338741,51.327997
13,18,8,7,8,3,3,3,5,0,0,1,1,0,0,0,0,12.376445,51.308682
13,18,8,7,8,3,3,0,6,0,0,1,0,0,0,0,0,12.378158,51.375762
13,18,8,7,9,3,3,1,5,0,0,1,1,0,0,0,0,12.392028,51.337197
13,18,8,7,9,3,3,5,3,0,0,1,1,0,0,0,0,12.405853,51.344692
13,18,8,7,10,3,3,5,3,0,0,1,1,0,0,0,0,12.373344,51.35306
13,18,8,7,12,3,3,5,3,0,0,1,1,0,0,0,0,12.392684,51.334031
13,18,8,7,14,3,3,5,3,0,0,1,1,0,0,0,0,12.470996,51.370903
13,18,8,7,16,3,3,4,2,0,0,1,1,0,0,0,0,12.37088,51.335077
13,18,8,7,16,3,3,5,2,0,0,1,1,0,0,0,0,12.380649,51.330827
13,18,8,7,17,3,2,5,2,0,0,1,1,0,0,0,0,12.309178,51.311143
13,18,8,7,17,3,3,5,3,0,0,1,1,0,0,0,0,12.317731,51.350116
13,18,8,7,17,3,3,3,2,0,0,1,1,0,0,0,0,12.367555,51.367208
13,18,8,7,20,3,3,6,4,1,0,1,0,1,0,0,0,12.405903,51.345215
13,18,9,1,4,7,3,1,1,2,1,1,1,0,0,0,0,12.389844,51.328625
13,18,9,1,11,7,3,5,2,0,0,1,0,0,1,0,0,12.303135,51.314384
13,18,9,1,11,7,2,6,6,0,0,1,0,1,0,0,0,12.342721,51.359247
13,18,9,1,13,7,3,4,2,0,0,1,0,0,0,0,1,12.334865,51.326118
13,18,9,1,15,7,3,1,5,0,0,1,1,0,0,0,0,12.413277,51.359424
13,18,9,1,17,7,3,0,1,1,0,1,0,0,0,0,0,12.366155,51.343395
13,18,9,1,18,7,3,3,6,0,0,1,0,0,0,0,0,12.374764,51.320537
13,18,9,1,19,7,3,0,6,1,0,1,0,0,0,0,1,12.458771,51.370867
13,18,9,1,20,7,2,5,3,2,0,1,1,0,0,0,0,12.385076,51.338301
13,18,9,2,2,1,3,0,7,2,0,1,0,0,0,0,0,12.451075,51.302548
13,18,9,2,17,1,3,3,6,0,0,1,1,0,0,0,0,12.358862,51.342048
13,18,9,2,20,1,3,0,6,1,0,1,1,0,0,0,0,12.361732,51.332511
13,18,9,2,20,1,3,5,2,2,0,1,1,0,0,0,0,12.408001,51.335689
13,18,9,3,7,2,2,5,2,0,0,1,1,0,0,0,0,12.385918,51.330016
13,18,9,3,7,2,3,5,3,0,0,1,1,0,0,0,0,12.416726,51.32979
13,18,9,3,8,2,3,1,5,0,0,1,1,0,0,0,0,12.382928,51.363184
13,18,9,3,9,2,3,5,2,0,0,1,1,0,0,0,0,12.479243,51.34582
13,18,9,3,10,2,3,5,3,0,0,1,1,0,0,0,0,12.367398,51.332033
13,18,9,3,12,2,3,4,2,0,0,1,1,0,0,0,0,12.331925,51.335912
13,18,9,3,13,2,3,5,2,0,0,1,1,0,0,0,0,12.395194,51.339071
13,18,9,3,14,2,3,4,6,0,0,1,0,0,0,0,0,12.301296,51.342717
13,18,9,3,15,2,3,1,2,0,0,1,0,0,0,0,1,12.374036,51.334245
13,18,9,3,16,2,3,5,3,0,0,1,1,0,0,0,0,12.326612,51.336099
13,18,9,3,16,2,3,4,2,0,0,1,1,0,0,0,0,12.335529,51.32172
13,18,9,3,17,2,3,3,2,0,0,1,1,0,0,0,0,12.353662,51.34092
13,18,9,4,4,3,3,2,3,2,0,1,1,0,0,0,0,12.354133,51.382103
13,18,9,4,7,3,3,5,2,0,0,1,1,0,0,0,0,12.380939,51.330644
13,18,9,4,8,3,3,1,5,0,0,1,1,0,0,0,0,12.40773,51.34677
13,18,9,4,9,3,3,6,4,0,0,1,0,1,0,0,0,12.337358,51.325665
13,18,9,4,9,3,3,3,2,0,0,1,1,0,0,0,0,12.344237,51.324808
13,18,9,4,9,3,3,0,5,0,0,1,0,0,0,1,0,12.37398,51.328445
13,18,9,4,9,3,3,1,2,0,0,1,1,0,0,0,0,12.378209,51.375816
13,18,9,4,14,3,3,5,2,0,0,1,1,0,0,0,0,12.280221,51.319721
13,18,9,4,14,3,3,5,3,0,0,1,0,0,0,0,0,12.370989,51.344098
13,18,9,4,16,3,2,5,2,0,0,1,1,0,0,0,0,12.373477,51.351684
13,18,9,4,16,3,3,5,3,0,0,1,1,0,0,0,0,12.470408,51.304338
13,18,9,4,17,3,2,1,5,0,0,1,1,0,0,0,0,12.295917,51.382876
13,18,9,4,17,3,2,5,3,0,0,1,0,0,0,0,0,12.34263,51.329079
13,18,9,4,18,3,3,5,2,0,0,1,1,0,0,0,0,12.395938,51.310834
13,18,9,5,6,4,3,4,2,0,0,1,1,0,0,0,0,12.337495,51.335377
13,18,9,5,6,4,2,3,2,1,0,1,1,0,0,0,0,12.345946,51.351007
13,18,9,5,6,4,3,4,6,1,0,1,0,0,0,0,0,12.368349,51.332166
13,18,9,5,7,4,3,0,1,0,0,1,0,0,0,0,0,12.328005,51.341108
13,18,9,5,7,4,3,3,2,0,0,1,1,0,0,0,0,12.377172,51.333224
13,18,9,5,7,4,3,2,6,0,0,1,1,0,0,0,0,12.398578,51.361036
13,18,9,5,8,4,3,0,1,0,0,1,0,0,0,0,1,12.393982,51.344291
13,18,9,5,9,4,2,5,2,0,0,1,1,0,0,0,0,12.319687,51.350082
13,18,9,5,9,4,2,5,3,0,0,1,1,0,0,0,0,12.320752,51.384719
13,18,9,5,9,4,3,5,3,0,0,1,1,0,0,0,0,12.416727,51.329792
13,18,9,5,12,4,3,2,5,0,0,1,1,0,0,0,0,12.33785,51.330884
13,18,9,5,13,4,3,5,3,0,0,1,0,0,0,0,1,12.320972,51.302777
13,18,9,5,14,4,3,5,3,0,0,1,1,0,0,0,0,12.405992,51.313915
13,18,9,5,15,4,3,6,4,0,0,1,0,1,0,0,0,12.326887,51.306795
13,18,9,5,15,4,3,2,2,0,0,1,0,0,0,0,0,12.32987,51.371587
13,18,9,5,15,4,3,5,3,0,0,1,1,0,0,0,0,12.376617,51.34171
13,18,9,5,15,4,3,4,6,0,0,1,0,0,0,0,0,12.452609,51.322122
13,18,9,5,16,4,3,5,3,0,0,1,1,0,0,0,0,12.268041,51.344843
13,18,9,5,16,4,3,4,2,0,0,1,1,0,0,0,0,12.368381,51.314636
13,18,9,5,16,4,2,5,3,0,0,1,1,0,0,0,0,12.386452,51.299094
13,18,9,5,16,4,3,5,3,0,0,1,1,0,0,0,0,12.46577,51.312599
13,18,9,5,17,4,3,3,6,0,0,1,1,0,0,0,0,12.362328,51.35937
13,18,9,5,18,4,3,5,3,0,0,1,1,0,0,0,0,12.378286,51.334598
13,18,9,5,19,4,3,0,2,1,0,1,1,0,0,0,0,12.443823,51.36009
13,18,9,5,21,4,3,5,3,1,0,1,0,0,0,0,0,12.314054,51.367889
13,18,9,5,22,4,3,5,3,2,0,1,0,0,0,0,1,12.396667,51.343039
13,18,9,5,23,4,3,1,5,2,0,1,1,0,0,0,0,12.369279,51.309693
13,18,9,6,1,5,3,3,6,2,0,1,1,0,0,0,0,12.38562,51.37445
13,18,9,6,12,5,3,5,3,0,0,1,1,0,0,0,0,12.367547,51.320954
13,18,9,6,12,5,3,3,6,0,0,1,1,0,0,0,0,12.409103,51.3387
13,18,9,6,12,5,3,6,6,0,0,1,0,1,0,0,0,12.418699,51.374894
13,18,9,6,13,5,3,1,5,0,0,1,0,0,0,1,0,12.366248,51.365431
13,18,9,6,14,5,3,5,3,0,0,1,1,0,0,0,0,12.293923,51.302381
13,18,9,6,16,5,3,3,6,0,0,1,1,0,0,0,0,12.309785,51.270931
13,18,9,6,16,5,3,5,3,0,0,1,1,0,0,0,0,12.344866,51.339189
13,18,9,6,16,5,3,5,2,0,0,1,0,0,0,0,0,12.376616,51.341713
13,18,9,6,18,5,3,3,2,0,0,1,1,0,0,0,0,12.365399,51.369613
13,18,9,6,18,5,3,1,1,0,0,1,1,0,0,0,0,12.373633,51.3221
13,18,9,7,0,6,2,5,3,2,0,1,0,0,1,0,0,12.357018,51.320491
13,18,9,7,1,6,3,1,7,2,0,1,1,0,0,0,0,12.415827,51.32186
13,18,9,7,7,6,3,5,3,0,0,1,0,0,0,0,0,12.344837,51.339192
13,18,9,7,7,6,2,3,2,1,0,1,0,0,0,1,0,12.345073,51.375193
13,18,9,7,7,6,3,0,1,0,0,1,0,0,0,0,0,12.374642,51.331056
13,18,9,7,8,6,2,5,3,0,0,1,1,0,0,0,0,12.387289,51.309254
13,18,9,7,8,6,3,5,3,0,0,1,1,0,0,0,0,12.407723,51.356182
13,18,9,7,8,6,3,6,7,0,0,1,0,1,0,0,0,12.409085,51.328111
13,18,9,7,8,6,3,5,3,0,0,1,1,0,0,0,0,12.416727,51.329791
13,18,9,7,9,6,2,5,3,0,0,1,1,0,0,0,0,12.301507,51.345403
13,18,9,7,10,6,2,5,3,0,0,1,1,0,0,0,0,12.391408,51.347431
13,18,9,7,11,6,2,5,2,0,0,1,1,0,0,0,0,12.411622,51.342634
13,18,9,7,12,6,3,1,5,0,1,1,0,0,0,1,0,12.401488,51.33927
13,18,9,7,13,6,3,0,7,0,0,1,0,0,0,0,0,12.393115,51.348793
13,18,9,7,13,6,3,5,3,0,0,1,1,0,0,0,0,12.413367,51.359512
13,18,9,7,14,6,2,5,3,0,0,1,1,0,0,0,0,12.479402,51.350604
13,18,9,7,15,6,3,5,3,0,0,1,0,0,0,0,0,12.327172,51.329606
13,18,9,7,15,6,3,5,3,0,0,1,1,0,0,0,0,12.331404,51.349657
13,18,9,7,15,6,3,5,3,0,0,1,1,0,0,0,0,12.365713,51.363474
13,18,9,7,16,6,3,1,5,0,0,1,1,0,0,0,0,12.325388,51.311721
13,18,9,7,16,6,3,0,6,0,0,1,0,0,0,0,1,12.336532,51.328778
13,18,9,7,16,6,3,5,3,0,0,1,1,0,0,0,0,12.376934,51.343718
13,18,9,7,17,6,3,1,5,0,0,1,0,0,0,1,0,12.373718,51.324921
13,18,9,7,17,6,3,5,3,0,0,1,1,0,0,0,0,12.405048,51.30194
13,18,9,7,17,6,3,3,7,0,1,1,1,0,0,0,0,12.406025,51.341833
13,18,9,7,18,6,3,1,5,0,1,1,1,0,0,0,0,12.414709,51.353331
13,18,9,7,22,6,3,5,3,2,1,1,1,0,0,0,0,12.427137,51.371212
13,18,10,1,6,2,3,5,3,2,0,1,0,0,0,0,0,12.363407,51.329351
13,18,10,1,7,2,3,5,3,0,0,1,1,0,0,0,0,12.344842,51.339183
13,18,10,1,7,2,2,1,5,2,0,1,1,0,0,0,0,12.373459,51.316121
13,18,10,1,7,2,3,5,3,0,1,1,1,0,0,0,0,12.432403,51.308149
13,18,10,1,7,2,3,5,3,1,0,1,1,0,0,0,0,12.475383,51.345626
13,18,10,1,10,2,3,5,2,0,0,1,1,0,0,0,0,12.343449,51.367641