UKREIS,UJAHR,UMONAT,UTAG,USTUNDE,UWOCHENTAG,UKATEGORIE,UART,UTYP,LICHT,USTRZUSTAND,IstRad,IstPKW,IstFuss,IstKrad,IstGkfz,IstSonstige,@lon,@lat
13,18,10,1,12,2,3,5,3,0,0,1,1,0,0,0,0,12.350727,51.384148
13,18,10,1,12,2,2,5,3,0,0,1,1,0,0,0,0,12.448378,51.383038
13,18,10,1,13,2,3,4,2,0,0,1,1,0,0,0,0,12.331936,51.335913
13,18,10,1,16,2,2,4,6,0,0,1,0,0,0,0,0,12.376531,51.350279
13,18,10,1,17,2,3,3,6,0,0,1,0,0,0,0,1,12.344465,51.31891
13,18,10,1,17,2,3,2,2,0,0,1,1,0,0,0,0,12.412932,51.330875
13,18,10,1,19,2,3,5,3,2,0,1,1,0,0,0,0,12.387203,51.336914
13,18,10,2,6,3,3,3,3,1,1,1,1,0,0,0,0,12.373269,51.35318
13,18,10,2,7,3,3,3,6,0,0,1,0,0,0,0,0,12.384553,51.324905
13,18,10,2,7,3,3,5,2,0,0,1,1,0,0,0,0,12.424641,51.304635
13,18,10,2,8,3,3,5,3,0,0,1,1,0,0,0,0,12.405972,51.313915
13,18,10,2,8,3,3,5,3,0,0,1,1,0,0,0,0,12.406561,51.314095
13,18,10,2,8,3,3,3,2,0,0,1,1,0,0,0,0,12.412746,51.334435
13,18,10,2,12,3,3,5,3,0,0,1,1,0,0,0,0,12.326581,51.337673
13,18,10,2,13,3,3,1,6,0,1,1,1,0,0,0,0,12.278197,51.325584
13,18,10,2,15,3,2,0,7,0,1,1,0,0,0,0,0,12.391941,51.334487
13,18,10,2,16,3,3,5,3,0,0,1,0,0,0,0,0,12.352236,51.31938
13,18,10,2,17,3,3,1,3,0,0,1,1,0,0,0,0,12.35871,51.341889
13,18,10,2,17,3,2,4,2,0,0,1,1,0,0,0,0,12.408324,51.34008
13,18,10,3,1,4,3,4,2,2,0,1,1,0,0,0,0,12.362774,51.332296
13,18,10,3,3,4,3,7,1,2,0,1,0,0,0,0,0,12.37183,51.339625
13,18,10,3,6,4,3,5,3,2,1,1,1,0,0,0,0,12.391966,51.346422
13,18,10,3,6,4,3,4,2,1,0,1,1,0,0,0,0,12.395787,51.358889
13,18,10,3,6,4,3,3,2,1,0,1,1,0,0,0,0,12.400729,51.3519
13,18,10,3,8,4,2,5,3,0,0,1,1,0,0,0,0,12.363714,51.363655
13,18,10,3,10,4,3,0,1,0,0,1,0,0,0,0,0,12.371529,51.391354
13,18,10,3,13,4,3,5,2,0,0,1,1,0,0,0,0,12.419454,51.333044
13,18,10,3,15,4,3,5,3,0,0,1,1,0,0,0,0,12.321907,51.350029
13,18,10,3,15,4,3,5,3,0,0,1,1,0,0,0,0,12.394195,51.336218
13,18,10,3,17,4,3,4,2,0,0,1,1,0,0,0,0,12.357013,51.336131
13,18,10,3,17,4,3,6,2,0,0,1,0,1,0,0,0,12.384895,51.338138
13,18,10,3,17,4,3,5,3,0,0,1,1,0,0,0,0,12.39756,51.346713
13,18,10,3,18,4,3,5,3,2,0,1,1,0,0,0,0,12.376848,51.323213
13,18,10,4,4,5,2,6,6,2,0,1,0,1,0,0,0,12.456675,51.312081
13,18,10,4,5,5,3,0,1,2,1,1,0,0,0,0,0,12.373075,51.301564
13,18,10,4,8,5,3,5,2,0,0,1,1,0,0,0,0,12.371386,51.346278
13,18,10,4,10,5,3,5,3,0,0,1,1,0,0,0,0,12.436108,51.326277
13,18,10,4,15,5,2,5,2,0,0,1,1,0,0,0,0,12.378526,51.320699
13,18,10,4,15,5,2,4,6,0,0,1,1,0,0,0,0,12.378551,51.323147
13,18,10,4,16,5,3,3,2,0,0,1,1,0,0,0,0,12.421598,51.344776
13,18,10,4,17,5,2,4,6,0,1,1,0,0,0,0,0,12.397743,51.353182
13,18,10,4,20,5,3,2,2,2,0,1,1,0,0,0,0,12.370704,51.35527
13,18,10,5,0,6,2,7,7,2,1,1,0,0,0,0,0,12.327351,51.329685
13,18,10,5,5,6,3,4,2,2,1,1,1,0,0,0,0,12.382068,51.332606
13,18,10,5,6,6,3,3,2,1,0,1,1,0,0,0,0,12.38207,51.332559
13,18,10,5,7,6,3,3,2,0,0,1,1,0,0,0,0,12.356928,51.336087
13,18,10,5,7,6,2,0,1,1,1,1,0,0,0,0,0,12.366211,51.343407
13,18,10,5,7,6,3,5,3,0,0,1,1,0,0,0,0,12.407506,51.326084
13,18,10,5,8,6,3,5,3,0,0,1,1,0,0,0,0,12.369221,51.363095
13,18,10,5,8,6,3,5,2,0,0,1,1,0,0,0,0,12.405979,51.342094
13,18,10,5,8,6,3,5,3,0,1,1,1,0,0,0,0,12.414815,51.34284
13,18,10,5,12,6,2,1,3,0,0,1,1,0,0,0,0,12.280882,51.318416
13,18,10,5,14,6,3,2,2,0,0,1,1,0,0,1,0,12.368476,51.314683
13,18,10,5,16,6,3,1,5,0,0,1,1,0,0,0,0,12.386521,51.331544
13,18,10,5,17,6,3,1,2,0,0,1,1,0,0,0,0,12.37073,51.335208
13,18,10,6,8,7,2,5,2,0,0,1,1,0,0,0,0,12.473888,51.358803
13,18,10,6,10,7,3,5,3,0,0,1,0,0,0,0,0,12.368857,51.320955
13,18,10,6,11,7,3,4,6,0,0,1,0,0,0,0,0,12.37373,51.305538
13,18,10,6,13,7,3,3,6,0,0,1,0,0,0,0,1,12.371518,51.320847
13,18,10,6,13,7,3,6,7,0,0,1,0,1,0,0,0,12.37302,51.33976
13,18,10,6,14,7,3,6,6,0,0,1,0,1,0,0,0,12.372618,51.335401
13,18,10,6,15,7,3,5,2,0,0,1,1,0,0,0,0,12.368401,51.314637
13,18,10,6,17,7,3,5,3,0,0,1,1,0,0,0,0,12.389881,51.289371
13,18,10,7,1,1,3,3,5,2,0,1,1,0,0,0,0,12.373702,51.331893
13,18,10,7,9,1,3,5,3,0,0,1,1,0,0,0,0,12.479402,51.350604
13,18,10,7,17,1,3,5,3,0,0,1,1,0,0,0,0,12.26283,51.347869
13,18,10,7,18,1,2,3,5,1,0,1,0,0,0,0,1,12.379101,51.34056
13,18,11,1,5,5,3,3,2,1,0,1,1,0,0,0,0,12.308763,51.347284
13,18,11,1,5,5,3,0,7,2,0,1,0,0,0,0,0,12.392649,51.301239
13,18,11,1,6,5,3,7,7,2,0,1,0,0,0,0,0,12.362676,51.373768
13,18,11,1,8,5,3,5,2,0,1,1,1,0,0,0,0,12.334479,51.339252
13,18,11,1,9,5,3,5,3,0,0,1,1,0,0,0,0,12.371761,51.339623
13,18,11,1,9,5,3,1,5,0,0,1,1,0,0,0,0,12.373496,51.329792
13,18,11,1,9,5,3,1,7,0,0,1,1,0,0,0,0,12.385423,51.329009
13,18,11,1,9,5,3,5,2,0,0,1,1,0,0,0,0,12.393975,51.351125
13,18,11,1,11,5,3,5,3,0,0,1,1,0,0,0,0,12.26737,51.305263
13,18,11,1,11,5,3,5,2,0,0,1,1,0,0,0,0,12.385324,51.340134
13,18,11,1,14,5,3,1,5,0,0,1,1,0,0,0,0,12.373479,51.32313
13,18,11,1,16,5,3,3,2,1,0,1,1,0,0,0,0,12.365694,51.332063
13,18,11,1,16,5,3,5,3,0,0,1,1,0,0,0,0,12.392691,51.330618
13,18,11,1,17,5,3,5,2,2,0,1,1,0,0,0,0,12.371358,51.346276
13,18,11,1,20,5,3,5,2,2,0,1,1,0,0,0,0,12.36934,51.344157
13,18,11,1,20,5,3,5,3,2,0,1,1,0,0,0,0,12.40785,51.337872
13,18,11,1,20,5,3,5,3,2,0,1,1,0,0,0,0,12.417912,51.359974
13,18,11,2,5,6,2,5,3,2,0,1,1,0,0,0,0,12.310251,51.317723
13,18,11,2,7,6,3,3,2,0,0,1,1,0,0,0,0,12.301737,51.342666
13,18,11,2,7,6,3,3,5,0,0,1,1,0,0,0,0,12.400819,51.339289
13,18,11,2,7,6,3,0,7,1,0,1,0,0,0,0,0,12.413947,51.316969
13,18,11,2,8,6,3,5,2,0,0,1,0,0,0,0,1,12.3536,51.340906
13,18,11,2,8,6,3,6,4,0,0,1,0,1,0,0,0,12.369142,51.320955
13,18,11,2,11,6,3,3,6,0,0,1,1,0,0,0,0,12.326755,51.307309
13,18,11,2,11,6,3,6,4,0,0,1,0,1,0,0,0,12.328433,51.342113
13,18,11,2,11,6,3,5,3,0,0,1,1,0,0,0,0,12.339111,51.394004
13,18,11,2,11,6,3,3,2,0,0,1,1,0,0,0,0,12.376931,51.343707
13,18,11,2,11,6,3,1,3,0,1,1,1,0,0,0,0,12.418459,51.310402
13,18,11,2,14,6,3,3,2,0,0,1,1,0,0,0,0,12.301795,51.34266
13,18,11,2,14,6,3,4,2,0,0,1,1,0,0,0,0,12.372242,51.300079
13,18,11,2,15,6,3,3,6,0,0,1,1,0,0,0,1,12.373841,51.32055
13,18,11,2,16,6,3,6,4,0,0,1,0,1,0,0,0,12.357673,51.342072
13,18,11,2,17,6,2,0,1,2,0,1,0,0,0,0,0,12.479262,51.347603
13,18,11,2,21,6,2,5,3,2,0,1,0,0,0,0,1,12.373549,51.31869
13,18,11,3,11,7,3,5,3,0,1,1,1,0,0,0,0,12.337428,51.332448
13,18,11,3,11,7,2,4,2,0,0,1,1,0,0,0,0,12.408264,51.340068
13,18,11,3,14,7,3,8,7,0,1,1,0,0,0,0,0,12.315798,51.265499
13,18,11,3,16,7,3,5,3,2,0,1,1,0,0,0,0,12.364738,51.334258
13,18,11,3,16,7,3,1,5,0,0,1,1,0,0,0,0,12.375226,51.364677
13,18,11,4,13,1,3,5,2,0,1,1,1,0,0,0,0,12.411974,51.314647
13,18,11,4,15,1,2,3,6,0,0,1,0,0,0,0,0,12.389704,51.321793
13,18,11,4,17,1,3,3,2,2,0,1,0,0,0,0,1,12.365713,51.363474
13,18,11,5,6,2,3,4,2,1,0,1,1,0,0,0,0,12.437438,51.350977
13,18,11,5,7,2,3,0,1,1,1,1,0,0,0,0,0,12.325782,51.313775
13,18,11,5,7,2,3,3,6,0,0,1,0,0,0,0,0,12.33539,51.333181
13,18,11,5,7,2,3,5,3,0,1,1,1,0,0,0,0,12.338827,51.370387
13,18,11,5,7,2,3,0,7,0,0,1,0,0,0,0,0,12.412373,51.34142
13,18,11,5,8,2,3,5,2,0,1,1,1,0,0,0,0,12.331961,51.335916
13,18,11,5,12,2,3,0,7,0,0,1,1,0,0,0,0,12.33582,51.327645
13,18,11,5,15,2,3,2,6,0,0,1,1,0,0,0,0,12.330433,51.342099
13,18,11,5,15,2,3,5,2,0,0,1,1,0,0,0,0,12.407426,51.325982
13,18,11,5,16,2,3,0,7,0,0,1,0,0,0,0,0,12.388129,51.346578
13,18,11,5,17,2,3,1,5,2,0,1,1,0,0,0,0,12.366037,51.368568
13,18,11,5,17,2,2,5,3,2,0,1,1,0,0,0,0,12.394736,51.318558
13,18,11,5,20,2,3,5,3,2,0,1,1,0,0,0,0,12.327722,51.32677
13,18,11,6,5,3,3,1,7,2,0,1,1,0,0,0,0,12.39703,51.346758
13,18,11,6,12,3,3,4,2,0,0,1,1,0,0,0,0,12.427305,51.295026
13,18,11,6,15,3,3,3,2,0,1,1,1,0,0,0,0,12.314131,51.330033
13,18,11,6,15,3,3,3,5,0,0,1,1,0,0,0,0,12.380462,51.340754
13,18,11,6,16,3,2,1,5,1,0,1,1,0,0,0,0,12.387283,51.332417
13,18,11,6,17,3,3,2,4,2,0,1,1,1,0,0,0,12.423649,51.319913
13,18,11,6,18,3,3,5,2,0,0,1,1,0,0,0,0,12.370878,51.335072
13,18,11,6,19,3,3,1,5,2,1,1,1,0,0,0,0,12.368407,51.357783
13,18,11,7,5,4,3,5,3,2,0,1,1,0,0,0,0,12.438957,51.392877
13,18,11,7,6,4,3,5,3,2,1,1,1,0,0,0,0,12.387286,51.309254
13,18,11,7,7,4,3,3,2,0,0,1,1,0,0,0,0,12.373272,51.367082
13,18,11,7,7,4,3,5,2,0,1,1,1,0,0,0,0,12.460835,51.367256
13,18,11,7,8,4,3,4,2,0,0,1,1,0,0,0,0,12.329209,51.335565
13,18,11,7,8,4,3,3,2,0,0,1,1,0,0,0,0,12.393149,51.324888
13,18,11,7,10,4,3,3,6,0,0,1,0,0,0,0,0,12.373517,51.317812
13,18,11,7,11,4,3,1,5,0,0,1,1,0,0,0,0,12.369676,51.324539
13,18,11,7,13,4,3,3,2,0,0,1,1,0,0,0,0,12.326991,51.373464
13,18,11,7,13,4,3,3,5,0,0,1,1,0,0,0,0,12.370512,51.346184
13,18,11,7,16,4,3,5,2,1,0,1,1,0,0,0,0,12.395335,51.339203
13,18,11,7,18,4,3,5,2,2,0,1,1,0,0,0,0,12.364189,51.344438
13,18,11,7,18,4,3,5,3,2,0,1,1,0,0,0,0,12.372971,51.301362
13,18,12,1,9,7,3,5,3,0,0,1,1,0,0,0,0,12.357458,51.342048
13,18,12,1,12,7,3,0,1,0,1,1,0,0,0,0,0,12.372807,51.33687
13,18,12,1,16,7,3,5,2,2,0,1,1,0,0,0,0,12.336325,51.335425
13,18,12,1,16,7,3,5,7,2,0,1,1,0,0,0,0,12.372074,51.342311
13,18,12,1,19,7,3,5,2,1,1,1,1,0,0,0,0,12.329598,51.336068
13,18,12,2,14,1,3,5,3,0,0,1,1,0,0,0,0,12.363992,51.342968
13,18,12,2,17,1,3,5,3,1,1,1,1,0,0,0,0,12.366375,51.357537
13,18,12,2,20,1,3,4,2,2,0,1,1,0,0,0,0,12.393207,51.336947
13,18,12,3,6,2,3,5,3,2,1,1,1,0,0,0,0,12.344842,51.339183
13,18,12,3,6,2,3,5,2,2,1,1,1,0,0,0,0,12.367445,51.341169
13,18,12,3,7,2,3,5,2,1,0,1,1,0,0,0,0,12.358047,51.344124
13,18,12,3,14,2,3,5,3,0,1,1,1,0,0,0,0,12.365468,51.336877
13,18,12,3,15,2,2,0,1,0,1,1,1,0,0,0,0,12.402107,51.332698
13,18,12,3,16,2,3,5,2,2,1,1,1,0,0,0,0,12.369037,51.319761
13,18,12,3,16,2,3,5,3,1,1,1,1,0,0,0,0,12.387448,51.357046
13,18,12,3,18,2,3,3,6,2,1,1,1,0,0,0,0,12.338335,51.331659
13,18,12,3,18,2,3,3,6,2,1,1,0,0,0,0,1,12.373844,51.32055
13,18,12,3,19,2,2,1,1,2,1,1,1,0,0,0,0,12.429958,51.344048
13,18,12,4,5,3,3,5,2,2,0,1,1,0,0,0,0,12.399943,51.420104
13,18,12,4,7,3,3,3,2,1,1,1,0,0,0,0,1,12.305037,51.344379
13,18,12,4,8,3,3,3,2,0,1,1,1,0,0,0,0,12.362462,51.338937
13,18,12,4,9,3,2,2,2,0,1,1,1,0,0,0,0,12.379647,51.327623
13,18,12,4,13,3,3,2,2,0,0,1,1,0,0,0,0,12.327165,51.324866
13,18,12,4,13,3,3,5,3,0,0,1,1,0,0,0,0,12.344039,51.318837
13,18,12,4,16,3,3,0,1,2,0,1,0,0,0,0,0,12.374085,51.334243
13,18,12,5,7,4,3,5,2,0,1,1,0,0,0,0,1,12.370615,51.335188
13,18,12,5,16,4,3,4,2,1,0,1,1,0,0,0,0,12.377237,51.390276
13,18,12,5,16,4,3,5,3,2,1,1,1,0,0,0,0,12.396103,51.34316
13,18,12,5,17,4,3,4,2,2,1,1,1,0,0,0,0,12.354429,51.365031
13,18,12,5,18,4,2,5,3,2,0,1,1,0,0,0,0,12.378504,51.335834
13,18,12,6,6,5,3,5,3,2,1,1,1,0,0,0,0,12.421485,51.322502
13,18,12,6,8,5,3,5,3,1,1,1,1,0,0,0,0,12.338811,51.33716
13,18,12,6,17,5,3,5,3,2,0,1,1,0,0,0,0,12.368863,51.36179
13,18,12,6,22,5,3,5,3,2,0,1,0,0,0,0,1,12.378385,51.332214
13,18,12,7,7,6,3,5,3,1,0,1,0,0,0,0,1,12.405917,51.313915
13,18,12,7,7,6,3,5,2,1,1,1,1,0,0,0,0,12.44372,51.360148
13,18,12,7,11,6,3,1,5,0,1,1,1,0,0,0,0,12.373596,51.320903
13,18,12,7,13,6,3,6,4,0,1,1,0,1,0,0,0,12.378026,51.332457
13,18,12,7,13,6,3,5,2,0,0,1,1,0,0,0,0,12.411863,51.31461
13,18,12,7,15,6,3,3,2,0,0,1,1,0,0,0,0,12.388159,51.353488
13,18,12,7,19,6,3,1,3,2,1,1,0,0,0,0,0,12.36821,51.324692
13,18,12,7,19,6,3,5,2,2,1,1,1,0,0,0,0,12.382087,51.332588
13,18,12,7,20,6,3,3,2,2,1,1,1,0,0,0,0,12.375797,51.358614
13,19,1,1,6,3,3,5,2,2,0,1,1,0,0,0,0,12.376898,51.325104
13,19,1,1,7,3,3,0,7,1,1,1,0,0,0,0,0,12.414708,51.35398
13,19,1,1,8,3,3,5,3,0,0,1,1,0,0,0,0,12.363886,51.332211
13,19,1,1,13,3,2,3,6,0,0,1,0,0,0,1,0,12.373573,51.320178
13,19,1,1,14,3,3,3,6,0,1,1,0,0,0,0,1,12.405856,51.344533
13,19,1,1,17,3,3,3,6,1,1,1,1,0,0,0,0,12.363055,51.330192
13,19,1,1,22,3,3,0,1,2,1,1,0,0,0,0,0,12.412617,51.3345
13,19,1,2,6,4,3,5,3,2,0,1,1,0,0,0,0,12.338267,51.335387
13,19,1,2,7,4,3,5,3,1,1,1,1,0,0,0,0,12.373453,51.322102
13,19,1,2,15,4,2,1,5,0,0,1,1,0,0,0,0,12.397679,51.345977
13,19,1,2,16,4,3,5,3,1,0,1,1,0,0,0,0,12.377004,51.344504
13,19,1,3,6,5,3,5,3,2,0,1,1,0,0,0,0,12.340227,51.393046
13,19,1,3,7,5,2,4,2,2,0,1,1,0,0,0,0,12.376512,51.314942
13,19,1,3,9,5,3,5,3,0,1,1,0,0,0,0,1,12.371554,51.376036
13,19,1,3,11,5,3,6,4,0,0,1,0,1,0,0,0,12.326164,51.302341
13,19,1,3,11,5,3,5,3,0,0,1,1,0,0,0,0,12.404864,51.330291
13,19,1,3,15,5,3,3,5,0,0,1,1,0,0,0,0,12.40156,51.339254
13,19,1,3,16,5,3,1,5,1,0,1,1,0,0,0,0,12.366461,51.332001
13,19,1,3,17,5,3,5,3,2,0,1,1,0,0,0,0,12.377912,51.334019
13,19,1,3,18,5,3,5,3,2,0,1,1,0,0,0,0,12.371581,51.354626
13,19,1,3,19,5,3,2,2,2,2,1,1,0,0,0,0,12.475466,51.318399
13,19,1,4,0,6,3,5,3,2,1,1,0,0,0,0,1,12.376831,51.322017
13,19,1,4,12,6,3,4,2,0,1,1,1,0,0,0,0,12.338061,51.369607
13,19,1,4,13,6,3,5,3,0,1,1,1,0,0,0,0,12.371104,51.339789
13,19,1,4,18,6,3,5,3,2,1,1,1,0,0,0,0,12.383868,51.351986
13,19,1,5,10,7,3,5,3,0,1,1,1,0,0,0,0,12.29127,51.356396
13,19,1,5,20,7,3,5,3,2,1,1,1,0,0,0,0,12.381793,51.320654
13,19,1,6,0,1,3,1,1,2,1,1,1,0,0,0,0,12.377052,51.366702
13,19,1,7,7,2,3,5,3,1,1,1,1,0,0,0,0,12.366709,51.325182
13,19,1,7,7,2,3,3,5,0,2,1,1,0,0,0,0,12.380919,51.310954
13,19,1,7,7,2,3,0,1,0,2,1,0,0,0,0,0,12.402666,51.327325
13,19,1,7,7,2,3,9,1,1,2,1,0,0,0,0,0,12.468225,51.359636
13,19,1,7,8,2,3,5,2,0,0,1,1,0,0,0,0,12.396636,51.353596
13,19,1,7,8,2,3,1,5,1,0,1,1,0,0,0,0,12.416316,51.323769
13,19,1,7,9,2,3,1,1,0,2,1,1,0,0,0,0,12.376823,51.360959
13,19,1,7,17,2,3,5,3,2,1,1,1,0,0,0,0,12.377012,51.344505
13,19,2,1,9,6,3,3,6,0,0,1,1,0,0,0,0,12.386953,51.376159
13,19,2,1,12,6,3,1,5,0,0,1,1,0,0,0,0,12.33093,51.341498
13,19,2,1,12,6,3,5,3,0,0,1,1,0,0,0,0,12.452784,51.325813
13,19,2,1,20,6,3,5,2,2,0,1,1,0,0,0,0,12.367061,51.325466
13,19,2,1,22,6,3,5,3,2,0,1,1,0,0,0,0,12.294708,51.397883
13,19,2,2,13,7,3,3,6,0,0,1,1,0,0,0,0,12.36867,51.361833
13,19,2,2,18,7,3,0,7,1,0,1,0,0,0,0,0,12.381412,51.330392
13,19,2,2,18,7,3,5,3,2,0,1,1,0,0,0,0,12.420516,51.319267
13,19,2,3,0,1,3,0,1,2,0,1,0,0,0,0,0,12.411576,51.345235
13,19,2,3,9,1,3,5,2,0,1,1,1,0,0,0,0,12.400375,51.345826
13,19,2,3,21,1,3,1,7,2,0,1,0,0,1,0,0,12.319731,51.327945
13,19,2,4,6,2,3,5,2,1,0,1,1,0,0,0,0,12.264041,51.316523
13,19,2,4,8,2,3,3,5,0,0,1,0,0,0,0,1,12.365042,51.342055
13,19,2,4,9,2,3,5,2,0,0,1,1,0,0,0,0,12.267885,51.34548
13,19,2,4,14,2,3,6,4,0,0,1,0,1,0,0,0,12.388299,51.326092
13,19,2,4,17,2,2,5,2,2,0,1,1,0,0,0,0,12.349342,51.348514
13,19,2,5,8,3,3,5,3,0,0,1,1,0,0,0,0,12.326054,51.315469
13,19,2,5,10,3,3,4,2,0,0,1,1,0,0,0,0,12.322439,51.373187
13,19,2,5,16,3,3,5,2,0,0,1,1,0,0,0,0,12.371219,51.34444
13,19,2,5,17,3,3,5,3,0,0,1,1,0,0,0,0,12.413442,51.359507
13,19,2,5,18,3,3,5,3,2,0,1,1,0,0,0,0,12.343127,51.322696
13,19,2,6,6,4,3,5,2,1,0,1,1,0,0,0,0,12.309205,51.328061
13,19,2,6,7,4,2,3,6,0,1,1,0,0,0,0,0,12.395143,51.342123
13,19,2,6,14,4,3,1,2,0,0,1,1,0,0,0,0,12.373679,51.330511
13,19,2,6,14,4,3,5,3,0,0,1,1,0,0,0,0,12.384343,51.300517
13,19,2,6,15,4,3,5,3,0,0,1,1,0,0,0,0,12.376873,51.356025
13,19,2,6,18,4,2,5,3,2,0,1,1,0,0,0,0,12.383706,51.3446
13,19,2,6,18,4,3,3,5,2,0,1,1,0,0,0,0,12.401568,51.339252
13,19,2,6,19,4,2,5,3,2,0,1,0,0,0,0,0,12.327048,51.341774
13,19,2,6,20,4,3,3,2,2,0,1,1,0,0,0,0,12.376929,51.343698
13,19,2,7,5,5,3,5,3,2,0,1,1,0,0,0,0,12.35477,51.350936
13,19,2,7,10,5,2,5,3,0,0,1,0,0,0,0,0,12.388179,51.353513
13,19,2,7,12,5,3,5,3,0,0,1,1,0,0,0,0,12.307064,51.323114
13,19,2,7,12,5,3,6,4,0,0,1,0,1,0,0,0,12.376678,51.34082
13,19,2,7,13,5,3,5,3,0,0,1,1,0,0,0,0,12.327193,51.329643
13,19,2,7,13,5,3,3,2,0,0,1,0,0,0,0,0,12.366954,51.335699
13,19,2,7,15,5,3,5,3,0,0,1,1,0,0,0,0,12.398832,51.352658
13,19,2,7,16,5,3,5,3,0,0,1,1,0,0,0,0,12.296834,51.352835
13,19,2,7,16,5,2,6,4,0,0,1,0,1,0,0,0,12.402101,51.332786
13,19,2,7,19,5,3,4,2,2,1,1,0,0,0,0,0,12.405014,51.305866
13,19,3,1,3,6,3,1,1,2,0,1,1,0,0,0,0,12.338908,51.327034
13,19,3,1,7,6,3,5,3,0,0,1,1,0,0,0,0,12.327179,51.329639
13,19,3,1,8,6,3,2,2,0,0,1,1,0,0,0,0,12.373695,51.324174
13,19,3,1,8,6,3,5,3,0,0,1,1,0,0,0,0,12.393581,51.344697
13,19,3,1,11,6,3,5,2,0,0,1,1,0,0,0,0,12.364188,51.344442
13,19,3,1,12,6,3,5,2,0,0,1,1,0,0,0,0,12.407331,51.345467
13,19,3,1,14,6,3,4,2,0,0,1,1,0,0,0,0,12.392695,51.330621
13,19,3,1,14,6,2,5,3,0,0,1,1,0,0,0,0,12.447731,51.345803
13,19,3,1,15,6,3,5,3,0,0,1,1,0,0,0,0,12.358649,51.341975
13,19,3,1,18,6,3,5,3,2,1,1,1,0,0,0,0,12.396116,51.343171
13,19,3,1,19,6,3,5,3,2,0,1,1,0,0,0,0,12.327047,51.341774
13,19,3,1,19,6,3,3,6,2,1,1,0,0,0,0,1,12.397932,51.345964
13,19,3,2,12,7,3,6,2,0,0,1,0,1,0,0,0,12.373594,51.320835
13,19,3,2,12,7,3,1,5,0,0,1,1,0,0,0,0,12.374106,51.303913
13,19,3,2,13,7,2,6,4,0,0,1,0,1,0,0,0,12.380074,51.339392
13,19,3,2,17,7,3,1,5,0,0,1,1,0,0,0,0,12.372037,51.329971
13,19,3,2,18,7,3,5,3,0,0,1,1,0,0,0,0,12.411507,51.355946
13,19,3,2,21,7,2,0,1,2,0,1,0,0,0,0,0,12.373015,51.309633
13,19,3,2,23,7,3,5,3,2,0,1,1,0,0,0,0,12.370824,51.336353
13,19,3,3,1,1,3,5,3,2,0,1,1,0,0,0,0,12.381082,51.336769
13,19,3,3,13,1,3,5,3,0,1,1,1,0,0,0,0,12.395375,51.341141
13,19,3,3,19,1,3,5,3,2,0,1,1,0,0,0,0,12.435766,51.297197
13,19,3,3,20,1,2,0,1,2,0,1,0,0,0,0,0,12.442397,51.292558
13,19,3,4,6,2,3,4,2,0,0,1,1,0,0,0,0,12.339506,51.326702
13,19,3,4,7,2,3,5,2,0,0,1,0,0,0,0,1,12.379988,51.328857
13,19,3,4,8,2,3,1,2,0,0,1,0,0,0,1,0,12.398796,51.33637
13,19,3,4,13,2,3,5,3,0,0,1,1,0,0,0,0,12.426668,51.343468
13,19,3,4,15,2,3,6,2,0,0,1,0,1,0,0,0,12.379198,51.310186
13,19,3,4,16,2,2,6,4,0,1,1,0,1,0,0,0,12.374847,51.360037
13,19,3,4,16,2,3,4,2,0,0,1,1,0,0,0,0,12.47536,51.345627
13,19,3,5,7,3,3,5,3,0,0,1,1,0,0,0,0,12.43926,51.345953
13,19,3,5,9,3,3,3,2,0,0,1,0,0,0,0,1,12.380187,51.339256
13,19,3,5,10,3,3,5,2,0,0,1,1,0,0,0,0,12.392677,51.334022
13,19,3,5,13,3,3,5,3,0,0,1,1,0,0,0,0,12.344842,51.339183
13,19,3,5,16,3,3,1,7,0,0,1,0,0,0,0,1,12.368967,51.311425
13,19,3,6,8,4,3,3,2,0,0,1,1,0,0,0,0,12.407564,51.351298
13,19,3,6,13,4,3,5,3,0,0,1,1,0,0,0,0,12.293485,51.319458
13,19,3,6,16,4,3,5,3,0,0,1,1,0,0,0,0,12.459144,51.401918
13,19,3,6,18,4,2,5,3,2,0,1,0,0,0,0,0,12.33739,51.325728
13,19,3,6,21,4,2,5,3,1,1,1,1,0,0,0,0,12.353289,51.340837
13,19,3,6,22,4,2,5,3,2,1,1,1,0,0,0,0,12.408666,51.360009
13,19,3,7,7,5,3,3,6,0,0,1,1,0,0,0,0,12.356494,51.346916
13,19,3,7,9,5,3,1,5,0,0,1,1,0,0,0,0,12.373348,51.307722
13,19,3,7,10,5,3,9,1,0,1,1,0,0,0,0,0,12.312473,51.286136
13,19,3,7,11,5,3,5,3,0,0,1,0,0,0,0,0,12.372075,51.342315
13,19,3,7,15,5,3,3,6,0,0,1,1,0,0,0,0,12.373453,51.328276
13,19,3,7,16,5,3,3,6,0,1,1,1,0,0,0,0,12.342881,51.322251
13,19,3,7,17,5,3,1,5,1,0,1,1,0,0,0,0,12.404546,51.329524
13,19,4,1,3,2,2,5,3,2,0,1,1,0,0,0,0,12.393551,51.29914
13,19,4,1,5,2,2,5,3,1,0,1,1,0,0,0,0,12.391402,51.37619
13,19,4,1,9,2,3,4,6,0,0,1,0,0,0,0,0,12.387012,51.326937
13,19,4,1,13,2,2,0,1,0,0,1,0,0,0,0,0,12.414445,51.345103
13,19,4,1,15,2,3,0,1,0,1,1,0,0,0,0,0,12.373,51.309705
13,19,4,1,16,2,3,3,6,0,0,1,1,0,0,0,0,12.373438,51.321607
13,19,4,1,16,2,3,1,7,0,0,1,1,0,0,0,0,12.377555,51.328144