UKREIS,UJAHR,UMONAT,UTAG,USTUNDE,UWOCHENTAG,UKATEGORIE,UART,UTYP,LICHT,USTRZUSTAND,IstRad,IstPKW,IstFuss,IstKrad,IstGkfz,IstSonstige,@lon,@lat
13,19,7,3,18,4,3,3,2,0,0,1,1,0,0,0,0,12.371125,51.347355
13,19,7,3,18,4,3,3,2,0,1,1,0,0,0,0,1,12.395096,51.312883
13,19,7,3,19,4,3,3,2,0,0,1,1,0,0,0,0,12.367016,51.335902
13,19,7,3,19,4,3,6,4,0,0,1,0,1,0,0,0,12.421476,51.343677
13,19,7,3,20,4,2,5,3,0,0,1,1,0,0,0,0,12.359507,51.361032
13,19,7,3,23,4,3,0,2,2,0,1,1,0,0,0,0,12.370441,51.326766
13,19,7,4,5,5,3,4,6,0,0,1,0,0,0,0,0,12.414417,51.313009
13,19,7,4,6,5,3,5,3,0,0,1,1,0,0,0,0,12.373749,51.344394
13,19,7,4,7,5,3,4,3,0,0,1,1,0,0,0,0,12.271657,51.384096
13,19,7,4,7,5,2,4,2,0,0,1,1,0,0,0,0,12.421729,51.332578
13,19,7,4,8,5,3,5,2,0,0,1,0,0,0,0,1,12.407331,51.345481
13,19,7,4,9,5,3,4,2,0,0,1,1,0,0,0,0,12.35358,51.340901
13,19,7,4,9,5,3,5,3,0,0,1,1,0,0,0,0,12.421339,51.352902
13,19,7,4,10,5,2,5,3,0,0,1,0,0,0,0,0,12.48046,51.345904
13,19,7,4,11,5,3,5,3,0,0,1,1,0,0,0,0,12.310451,51.273956
13,19,7,4,12,5,2,5,3,0,0,1,1,0,0,0,0,12.479423,51.350604
13,19,7,4,13,5,3,4,7,0,0,1,1,0,0,0,0,12.396157,51.301188
13,19,7,4,15,5,3,5,3,0,0,1,1,0,0,0,0,12.427311,51.295026
13,19,7,4,16,5,3,1,1,0,0,1,1,0,0,0,0,12.337031,51.329576
13,19,7,4,16,5,3,4,1,0,0,1,0,0,0,0,1,12.367621,51.325288
13,19,7,4,18,5,2,0,1,0,0,1,0,0,0,0,0,12.308951,51.315229
13,19,7,5,3,6,3,0,1,2,1,1,0,0,0,0,0,12.373675,51.335552
13,19,7,5,8,6,3,5,3,0,0,1,0,0,0,0,0,12.395839,51.346067
13,19,7,5,9,6,3,5,2,0,0,1,1,0,0,0,0,12.401535,51.324169
13,19,7,5,10,6,3,5,2,0,0,1,1,0,0,0,0,12.311089,51.32897
13,19,7,5,11,6,3,1,1,0,1,1,1,0,0,0,0,12.365039,51.361264
13,19,7,5,11,6,3,5,3,0,0,1,1,0,0,0,0,12.376419,51.391592
13,19,7,5,12,6,3,3,6,0,0,1,0,0,0,0,0,12.347347,51.339604
13,19,7,5,12,6,3,1,5,0,0,1,1,0,0,0,0,12.377762,51.311559
13,19,7,5,13,6,2,5,3,0,0,1,1,0,0,0,0,12.338741,51.327997
13,19,7,5,14,6,3,5,3,0,0,1,1,0,0,0,0,12.371138,51.335277
13,19,7,5,14,6,3,1,5,0,0,1,1,0,0,0,0,12.415898,51.337197
13,19,7,5,15,6,3,5,2,0,0,1,1,0,0,0,0,12.378404,51.305671
13,19,7,5,15,6,3,2,6,0,0,1,1,0,0,0,0,12.407905,51.33557
13,19,7,5,15,6,3,3,2,0,0,1,1,0,0,0,0,12.419231,51.343927
13,19,7,5,16,6,3,1,1,0,1,1,1,0,0,0,0,12.309816,51.338273
13,19,7,5,16,6,3,5,3,0,0,1,0,0,0,0,0,12.384893,51.338129
13,19,7,5,17,6,3,5,3,0,0,1,0,0,0,0,1,12.265883,51.31679
13,19,7,5,18,6,3,5,3,0,0,1,1,0,0,0,0,12.344909,51.339198
13,19,7,5,23,6,3,0,1,2,0,1,0,0,0,0,0,12.412971,51.324575
13,19,7,6,9,7,3,3,6,0,0,1,1,0,0,0,0,12.381964,51.303058
13,19,7,6,9,7,2,4,2,0,0,1,1,0,0,0,0,12.39579,51.358868
13,19,7,6,11,7,3,5,3,0,0,1,0,0,0,0,0,12.3577,51.341814
13,19,7,6,15,7,3,4,6,0,0,1,0,0,0,0,0,12.383347,51.338478
13,19,7,7,10,1,3,2,2,0,0,1,1,0,0,0,0,12.443781,51.304075
13,19,7,7,11,1,3,1,5,0,0,1,1,0,0,0,0,12.274896,51.309928
13,19,8,1,8,5,3,3,2,0,0,1,1,0,0,0,0,12.376278,51.31483
13,19,8,1,8,5,3,5,3,0,0,1,1,0,0,0,0,12.381368,51.336712
13,19,8,1,9,5,3,4,2,0,0,1,1,0,0,0,0,12.432555,51.379568
13,19,8,1,11,5,2,3,2,0,0,1,1,0,0,0,0,12.375147,51.364378
13,19,8,1,11,5,3,5,3,0,0,1,1,0,0,0,0,12.395421,51.309945
13,19,8,1,12,5,3,3,6,0,0,1,1,0,0,0,0,12.337984,51.369634
13,19,8,1,12,5,3,1,5,0,1,1,1,0,0,0,0,12.343036,51.322531
13,19,8,1,12,5,3,5,3,0,0,1,1,0,0,0,0,12.406183,51.347504
13,19,8,1,13,5,3,4,2,0,0,1,1,0,0,0,0,12.419562,51.348111
13,19,8,1,14,5,3,4,3,0,0,1,0,0,0,0,0,12.411943,51.314637
13,19,8,1,14,5,3,5,3,0,0,1,1,0,0,0,0,12.446092,51.34617
13,19,8,1,15,5,3,5,3,0,0,1,1,0,0,0,0,12.376414,51.310397
13,19,8,1,15,5,3,6,4,0,0,1,0,1,0,0,0,12.392158,51.345324
13,19,8,1,16,5,2,6,4,0,0,1,0,1,0,0,0,12.360128,51.377157
13,19,8,1,16,5,3,4,6,0,0,1,0,0,0,0,0,12.3941,51.351174
13,19,8,1,17,5,3,5,2,0,0,1,0,0,0,0,0,12.341207,51.325767
13,19,8,1,17,5,3,5,3,0,0,1,1,0,0,0,0,12.448329,51.38303
13,19,8,1,18,5,3,6,4,0,0,1,0,1,0,0,0,12.334694,51.331652
13,19,8,1,18,5,3,4,7,0,0,1,1,0,0,0,0,12.371135,51.347593
13,19,8,1,18,5,3,5,3,0,0,1,1,0,0,0,0,12.371186,51.336524
13,19,8,1,18,5,3,5,3,0,0,1,1,0,0,0,0,12.372881,51.310265
13,19,8,2,5,6,3,4,6,1,0,1,0,0,0,0,0,12.402736,51.318231
13,19,8,2,7,6,3,6,4,0,0,1,0,1,0,0,0,12.339575,51.318412
13,19,8,2,7,6,3,1,5,0,0,1,1,0,0,0,0,12.368796,51.312242
13,19,8,2,7,6,3,3,2,0,0,1,1,0,0,0,0,12.392334,51.34538
13,19,8,2,7,6,3,5,3,0,0,1,1,0,0,0,0,12.393366,51.339029
13,19,8,2,7,6,3,5,3,0,1,1,1,0,0,0,0,12.412213,51.332806
13,19,8,2,8,6,3,5,3,0,0,1,1,0,0,0,0,12.387214,51.336909
13,19,8,2,9,6,2,2,6,0,0,1,1,0,0,0,0,12.405775,51.342628
13,19,8,2,12,6,3,2,2,0,0,1,0,0,0,0,1,12.373433,51.328525
13,19,8,2,12,6,3,2,2,0,0,1,0,0,0,0,1,12.405968,51.343011
13,19,8,2,13,6,3,5,3,0,0,1,1,0,0,0,0,12.263121,51.34463
13,19,8,2,13,6,3,1,5,0,0,1,1,0,0,0,0,12.373362,51.312539
13,19,8,2,16,6,2,6,4,0,0,1,0,1,0,0,0,12.411576,51.345235
13,19,8,2,17,6,2,1,5,0,0,1,1,0,0,0,0,12.419039,51.347809
13,19,8,2,18,6,3,5,3,0,0,1,1,0,0,0,0,12.529596,51.327674
13,19,8,2,19,6,2,3,6,0,0,1,1,0,0,0,0,12.413172,51.324515
13,19,8,3,6,7,3,0,1,0,0,1,0,0,0,0,0,12.385781,51.376143
13,19,8,3,11,7,3,3,6,0,0,1,1,0,0,0,0,12.338808,51.332367
13,19,8,3,17,7,3,3,3,0,0,1,0,0,0,0,0,12.397911,51.345965
13,19,8,4,3,1,2,6,4,2,0,1,0,1,0,0,0,12.373324,51.342446
13,19,8,4,12,1,3,5,3,0,0,1,1,0,0,0,0,12.420157,51.332935
13,19,8,4,14,1,3,3,2,0,0,1,0,0,0,0,1,12.367066,51.325448
13,19,8,4,15,1,3,3,2,0,0,1,1,0,0,0,0,12.313065,51.37672
13,19,8,4,15,1,3,5,3,0,0,1,0,0,0,0,1,12.386883,51.352963
13,19,8,4,20,1,2,5,3,1,0,1,1,0,0,0,0,12.348915,51.375161
13,19,8,5,0,2,2,0,7,2,0,1,0,0,0,0,0,12.43936,51.345907
13,19,8,5,6,2,3,5,2,0,0,1,1,0,0,0,0,12.373578,51.327721
13,19,8,5,6,2,3,6,4,0,0,1,0,1,0,0,0,12.385303,51.376083
13,19,8,5,7,2,3,3,2,0,0,1,1,0,0,0,0,12.367095,51.325449
13,19,8,5,7,2,2,3,6,0,1,1,0,0,0,1,0,12.414885,51.359404
13,19,8,5,8,2,3,5,3,0,0,1,1,0,0,0,0,12.401029,51.376238
13,19,8,5,13,2,3,5,3,0,0,1,1,0,0,0,0,12.323074,51.304063
13,19,8,5,14,2,3,5,2,0,0,1,1,0,0,0,0,12.394482,51.394674
13,19,8,6,6,3,3,3,6,0,0,1,1,0,0,0,0,12.368225,51.334773
13,19,8,6,6,3,3,5,3,0,0,1,0,0,0,0,1,12.37823,51.342768
13,19,8,6,6,3,3,5,3,0,0,1,0,0,0,0,0,12.385773,51.372631
13,19,8,6,7,3,3,5,3,0,0,1,1,0,0,0,0,12.361216,51.335917
13,19,8,6,7,3,3,1,5,0,0,1,1,0,0,0,0,12.441919,51.387679
13,19,8,6,8,3,3,3,5,0,0,1,1,0,0,0,0,12.390453,51.326235
13,19,8,6,8,3,3,5,3,0,0,1,1,0,0,0,0,12.410975,51.345279
13,19,8,6,9,3,3,1,5,0,0,1,1,0,0,0,0,12.401455,51.339278
13,19,8,6,10,3,2,5,3,0,0,1,1,0,0,0,0,12.340228,51.393047
13,19,8,6,10,3,3,5,2,0,0,1,1,0,0,0,0,12.40594,51.343015
13,19,8,6,11,3,3,5,7,0,0,1,1,0,0,0,0,12.276725,51.320775
13,19,8,6,12,3,3,3,2,0,0,1,1,0,0,0,0,12.426617,51.343466
13,19,8,6,13,3,3,3,2,0,0,1,1,0,0,0,0,12.308911,51.350042
13,19,8,6,15,3,3,5,3,0,0,1,1,0,0,0,0,12.361804,51.332553
13,19,8,6,15,3,3,4,2,0,0,1,1,0,0,0,0,12.365359,51.369678
13,19,8,6,15,3,3,3,2,0,0,1,1,0,0,0,0,12.385491,51.37614
13,19,8,6,15,3,3,5,3,0,0,1,1,0,0,0,0,12.387288,51.309254
13,19,8,6,15,3,3,3,2,0,0,1,0,0,0,1,0,12.388435,51.327618
13,19,8,6,15,3,2,0,1,0,0,1,0,0,0,0,0,12.453686,51.323509
13,19,8,6,16,3,3,1,5,0,0,1,1,0,0,0,0,12.385016,51.344389
13,19,8,7,5,4,3,4,6,2,1,1,0,0,0,0,0,12.394878,51.354923
13,19,8,7,7,4,3,5,3,0,0,1,0,1,0,0,0,12.341807,51.318582
13,19,8,7,7,4,3,3,2,0,0,1,0,0,0,0,1,12.394302,51.336809
13,19,8,7,10,4,3,5,3,0,0,1,1,0,0,0,0,12.325637,51.312147
13,19,8,7,14,4,3,0,1,0,0,1,0,0,0,0,0,12.437393,51.350981
13,19,8,7,15,4,2,5,3,0,0,1,1,0,0,0,0,12.330386,51.341944
13,19,8,7,15,4,3,5,3,0,0,1,1,0,0,0,0,12.430539,51.362628
13,19,8,7,16,4,3,5,3,0,0,1,1,0,0,0,0,12.364698,51.343129
13,19,8,7,16,4,3,5,2,0,0,1,1,0,0,0,0,12.381782,51.338636
13,19,8,7,17,4,3,0,6,0,1,1,1,0,0,0,0,12.405685,51.331299
13,19,8,7,18,4,3,5,2,0,0,1,1,0,0,0,0,12.369836,51.33173
13,19,8,7,18,4,3,6,4,0,0,1,0,1,0,0,0,12.373739,51.326766
13,19,8,7,19,4,3,5,3,1,0,1,0,0,0,0,1,12.37121,51.3392
13,19,8,7,20,4,3,1,5,0,0,1,1,0,0,0,0,12.369098,51.326021
13,19,9,1,7,1,3,5,3,0,0,1,1,0,0,0,0,12.445652,51.350654
13,19,9,1,10,1,2,1,5,0,0,1,1,0,0,0,0,12.410614,51.353171
13,19,9,1,11,1,3,3,6,0,0,1,1,0,0,0,0,12.321581,51.372577
13,19,9,1,11,1,3,3,2,0,0,1,0,0,0,0,0,12.365146,51.376152
13,19,9,1,12,1,3,5,3,0,0,1,1,0,0,0,0,12.340231,51.393063
13,19,9,1,18,1,3,0,7,0,0,1,0,0,0,0,0,12.305437,51.331216
13,19,9,1,18,1,3,5,3,0,0,1,1,0,0,0,0,12.312901,51.30903
13,19,9,1,20,1,3,4,7,2,0,1,1,0,0,0,0,12.306261,51.351421
13,19,9,2,6,2,3,5,3,0,0,1,1,0,0,0,0,12.461084,51.367446
13,19,9,2,7,2,3,5,3,0,1,1,1,0,0,0,0,12.353953,51.346347
13,19,9,2,8,2,3,5,3,0,0,1,1,0,0,0,0,12.365047,51.376147
13,19,9,2,9,2,3,6,3,0,0,1,0,1,0,0,0,12.358697,51.34199
13,19,9,2,12,2,3,2,2,0,0,1,1,0,0,0,0,12.380209,51.375789
13,19,9,2,13,2,3,4,2,0,0,1,1,0,0,0,0,12.331927,51.335912
13,19,9,2,13,2,3,5,3,0,0,1,0,0,0,0,1,12.362232,51.332556
13,19,9,2,13,2,3,1,5,0,0,1,1,0,0,0,0,12.378536,51.346317
13,19,9,2,14,2,3,4,2,0,0,1,1,0,0,0,0,12.303079,51.314413
13,19,9,2,14,2,3,1,5,0,0,1,1,0,0,0,0,12.322719,51.300919
13,19,9,2,14,2,3,1,5,0,0,1,1,0,0,0,0,12.442738,51.301677
13,19,9,2,15,2,2,5,3,0,0,1,1,0,0,0,0,12.336537,51.370138
13,19,9,2,15,2,3,5,3,0,0,1,1,0,0,0,0,12.34165,51.393984
13,19,9,2,15,2,3,5,2,0,1,1,1,0,0,0,0,12.373647,51.333036
13,19,9,2,15,2,3,6,4,0,0,1,0,1,0,0,0,12.377906,51.337122
13,19,9,2,16,2,3,5,3,0,0,1,1,0,0,0,0,12.376752,51.320529
13,19,9,2,17,2,3,0,1,0,0,1,0,0,0,0,0,12.323852,51.374572
13,19,9,2,18,2,3,3,2,0,0,1,1,0,0,0,0,12.380641,51.341317
13,19,9,2,18,2,3,5,2,0,0,1,1,0,0,0,0,12.449802,51.345557
13,19,9,2,22,2,3,5,3,2,1,1,1,0,0,0,0,12.369266,51.341776
13,19,9,3,5,3,3,5,3,2,0,1,1,0,0,0,0,12.285797,51.330929
13,19,9,3,6,3,3,5,3,2,0,1,1,0,0,0,0,12.428844,51.295164
13,19,9,3,7,3,3,3,6,0,0,1,0,0,0,1,0,12.367393,51.320833
13,19,9,3,7,3,3,0,7,0,0,1,0,0,0,0,1,12.369301,51.332324
13,19,9,3,7,3,3,5,3,0,0,1,1,0,0,0,0,12.393426,51.286178
13,19,9,3,7,3,3,1,5,0,0,1,1,0,0,0,0,12.437986,51.331584
13,19,9,3,8,3,3,2,2,0,0,1,1,0,0,0,0,12.369133,51.320754
13,19,9,3,10,3,3,5,3,0,0,1,1,0,0,0,0,12.377367,51.37587
13,19,9,3,12,3,3,5,2,0,0,1,0,0,0,1,0,12.398701,51.332204
13,19,9,3,13,3,3,1,7,0,0,1,1,0,0,0,0,12.33271,51.345058
13,19,9,3,15,3,3,5,3,0,0,1,1,0,0,0,0,12.307681,51.271646
13,19,9,3,16,3,2,1,5,0,0,1,1,0,0,0,0,12.33912,51.336393
13,19,9,3,16,3,3,5,3,0,0,1,1,0,0,0,0,12.368742,51.312527
13,19,9,3,19,3,3,3,2,1,0,1,0,0,0,0,1,12.443678,51.359926
13,19,9,4,5,4,3,5,3,1,0,1,1,0,0,0,0,12.412648,51.342471
13,19,9,4,6,4,3,5,6,0,0,1,1,0,0,0,0,12.294069,51.319069
13,19,9,4,11,4,3,5,3,0,1,1,1,0,0,0,0,12.378886,51.325049
13,19,9,4,13,4,3,5,2,0,0,1,1,0,0,0,0,12.393414,51.344513
13,19,9,4,14,4,3,4,2,0,1,1,1,0,0,0,0,12.361998,51.364883
13,19,9,4,14,4,3,6,6,0,1,1,0,1,0,0,0,12.375654,51.339887
13,19,9,4,14,4,3,3,6,0,1,1,1,0,0,0,0,12.380748,51.330623
13,19,9,4,15,4,3,0,7,0,0,1,0,0,0,0,0,12.399456,51.345878
13,19,9,4,16,4,3,5,2,0,0,1,1,0,0,0,0,12.342498,51.338353
13,19,9,4,17,4,3,4,2,0,0,1,1,0,0,0,0,12.362461,51.338938
13,19,9,4,17,4,3,3,2,0,0,1,1,0,0,0,0,12.373979,51.334195
13,19,9,4,17,4,3,6,4,0,0,1,0,1,0,0,0,12.3833,51.338485
13,19,9,4,20,4,3,5,3,2,1,1,1,0,0,0,0,12.297506,51.337323
13,19,9,4,20,4,3,0,1,1,0,1,0,0,0,0,0,12.452501,51.275734
13,19,9,5,5,5,3,1,5,1,1,1,1,0,0,0,0,12.344637,51.36683
13,19,9,5,7,5,3,5,3,0,0,1,1,0,0,0,0,12.391917,51.323745
13,19,9,5,7,5,3,6,6,0,0,1,0,1,0,0,0,12.414634,51.355748
13,19,9,5,10,5,3,5,3,0,0,1,1,0,0,0,0,12.395375,51.341121
13,19,9,5,11,5,3,5,3,0,0,1,1,0,0,0,0,12.36166,51.332682
13,19,9,5,12,5,3,0,1,0,0,1,0,0,0,0,0,12.40497,51.363314
13,19,9,5,12,5,2,6,6,0,0,1,0,1,0,0,0,12.456886,51.401763
13,19,9,5,13,5,2,3,7,0,0,1,0,0,0,0,1,12.449385,51.367176
13,19,9,5,14,5,3,5,3,0,0,1,1,0,0,0,0,12.285844,51.330965
13,19,9,5,14,5,3,6,6,0,0,1,0,1,0,0,0,12.378839,51.387539
13,19,9,5,14,5,3,6,6,0,0,1,0,1,0,0,0,12.379036,51.387231
13,19,9,5,15,5,3,5,2,0,0,1,1,0,0,0,0,12.382087,51.332588
13,19,9,5,16,5,3,0,7,0,0,1,0,0,0,0,1,12.359394,51.341276
13,19,9,5,16,5,3,5,3,0,0,1,1,0,0,0,0,12.437864,51.331569
13,19,9,5,17,5,3,4,2,0,0,1,1,0,0,0,0,12.420507,51.319266
13,19,9,5,18,5,3,3,6,0,0,1,1,0,0,0,0,12.353353,51.362795
13,19,9,5,18,5,3,5,3,0,0,1,1,0,0,0,0,12.39323,51.336944
13,19,9,6,2,6,3,0,1,2,0,1,0,0,0,0,0,12.37857,51.313576
13,19,9,6,6,6,3,5,2,0,0,1,1,0,0,0,0,12.421626,51.343713
13,19,9,6,7,6,3,5,3,0,1,1,1,0,0,0,0,12.436343,51.305644
13,19,9,6,8,6,3,6,4,0,1,1,0,1,0,0,0,12.338487,51.37007
13,19,9,6,12,6,3,0,1,0,1,1,0,0,0,0,0,12.377665,51.33866
13,19,9,6,12,6,3,4,2,0,1,1,1,0,0,0,0,12.39429,51.336779
13,19,9,6,13,6,3,4,2,0,0,1,1,0,0,0,0,12.414372,51.345088
13,19,9,6,15,6,3,4,2,0,1,1,1,0,0,0,0,12.370916,51.396083
13,19,9,6,15,6,3,0,5,0,1,1,1,0,0,0,0,12.375081,51.31958
13,19,9,6,18,6,3,1,5,0,0,1,1,0,0,0,0,12.376232,51.337724
13,19,9,6,21,6,3,4,5,2,0,1,0,0,0,0,0,12.382624,51.336581
13,19,9,6,23,6,3,6,6,2,0,1,0,1,0,0,0,12.33904,51.318414
13,19,9,7,0,7,3,2,2,2,0,1,1,0,0,0,0,12.411655,51.34263
13,19,9,7,9,7,3,5,2,0,0,1,1,0,0,0,0,12.41759,51.35924
13,19,9,7,12,7,3,3,6,0,0,1,1,0,0,0,0,12.407946,51.33562
13,19,9,7,13,7,3,5,3,0,0,1,1,0,0,0,0,12.370767,51.343956
13,19,9,7,13,7,3,4,2,0,0,1,1,0,0,0,0,12.395655,51.323674
13,19,9,7,15,7,3,5,2,0,0,1,1,0,0,0,0,12.404706,51.320814
13,19,9,7,18,7,3,6,7,0,0,1,0,1,0,0,0,12.340974,51.318431
13,19,10,1,6,3,3,5,3,2,0,1,1,0,0,0,0,12.405957,51.313915
13,19,10,1,8,3,3,3,2,0,0,1,1,0,0,0,0,12.409255,51.345355
13,19,10,1,8,3,2,5,3,0,0,1,1,0,0,0,0,12.441588,51.326711
13,19,10,1,8,3,3,5,3,0,0,1,1,0,0,0,0,12.445501,51.346951
13,19,10,1,10,3,2,5,3,0,0,1,1,0,0,0,0,12.342615,51.321605
13,19,10,1,10,3,3,5,3,0,0,1,1,0,0,0,0,12.486008,51.34635
13,19,10,1,11,3,1,5,2,0,0,1,0,0,0,1,0,12.31108,51.328979
13,19,10,1,12,3,3,5,3,0,0,1,1,0,0,0,0,12.372987,51.301393
13,19,10,1,13,3,3,5,3,0,0,1,1,0,0,0,0,12.367398,51.332033
13,19,10,1,14,3,3,5,3,0,1,1,1,0,0,0,0,12.379277,51.375814
13,19,10,1,14,3,3,0,3,0,0,1,1,0,0,0,0,12.427314,51.307585
13,19,10,1,15,3,3,5,2,0,0,1,1,0,0,0,0,12.395162,51.339181
13,19,10,1,16,3,3,5,3,0,0,1,0,0,0,0,0,12.360033,51.342164
13,19,10,1,16,3,3,5,3,0,0,1,1,0,0,0,0,12.378353,51.332196
13,19,10,1,16,3,2,5,3,1,0,1,1,0,0,0,0,12.395744,51.358833
13,19,10,1,18,3,3,5,3,2,0,1,1,0,0,0,0,12.373326,51.353059
13,19,10,1,20,3,3,5,2,2,0,1,1,0,0,0,0,12.373446,51.328523
13,19,10,2,5,4,3,5,3,2,0,1,1,0,0,0,0,12.408688,51.360002
13,19,10,2,6,4,3,4,2,2,0,1,1,0,0,0,0,12.30027,51.355404
13,19,10,2,6,4,3,5,3,1,0,1,0,0,0,0,1,12.325686,51.313183
13,19,10,2,7,4,2,5,3,0,1,1,1,0,0,0,0,12.39765,51.336537
13,19,10,2,8,4,3,5,3,0,0,1,1,0,0,0,0,12.369683,51.324486
13,19,10,2,8,4,3,5,3,0,1,1,1,0,0,0,0,12.388532,51.32594
13,19,10,2,11,4,3,5,7,0,0,1,1,0,0,0,0,12.377671,51.338693
13,19,10,2,14,4,3,5,3,0,0,1,1,0,0,0,0,12.392242,51.335508
13,19,10,2,14,4,1,5,3,0,0,1,0,0,0,1,0,12.420254,51.414255
13,19,10,2,15,4,3,6,4,0,0,1,0,1,0,0,0,12.386058,51.367839
13,19,10,2,17,4,3,5,3,0,0,1,1,0,0,0,0,12.366686,51.346939
13,19,10,3,6,5,1,5,3,2,1,1,1,0,0,0,0,12.379389,51.350722
13,19,10,3,10,5,3,1,5,0,0,1,1,0,0,0,0,12.385355,51.346167
13,19,10,3,11,5,3,5,2,0,0,1,1,0,0,0,0,12.369789,51.341337
13,19,10,3,14,5,3,5,3,0,0,1,0,0,0,0,1,12.303021,51.353176
13,19,10,3,15,5,3,3,6,0,0,1,1,0,0,0,0,12.28813,51.381401
13,19,10,3,15,5,3,6,4,0,1,1,0,1,0,0,0,12.346788,51.339601
13,19,10,3,15,5,3,3,2,0,1,1,1,0,0,0,0,12.424599,51.304656
13,19,10,3,16,5,3,6,7,0,1,1,0,1,0,0,0,12.373137,51.347509
13,19,10,3,17,5,2,0,7,0,0,1,1,0,0,0,0,12.37389,51.347592
13,19,10,3,18,5,3,5,3,2,1,1,0,0,0,0,1,12.39259,51.334094
13,19,10,4,7,6,3,1,1,0,1,1,1,0,0,0,0,12.38484,51.331651
13,19,10,4,8,6,3,5,2,0,0,1,1,0,0,0,0,12.392954,51.400178
13,19,10,4,13,6,3,5,3,0,0,1,1,0,0,0,0,12.369809,51.341326
13,19,10,4,15,6,3,5,3,0,0,1,1,0,0,0,0,12.370902,51.337614
13,19,10,4,16,6,3,5,2,0,0,1,1,0,0,0,0,12.353513,51.341176
13,19,10,4,17,6,3,5,3,0,0,1,1,0,0,0,0,12.368982,51.341924
13,19,10,4,17,6,3,6,4,1,0,1,0,1,0,0,0,12.458453,51.352682
13,19,10,5,9,7,2,0,1,0,1,1,0,0,0,0,0,12.399029,51.345092
13,19,10,5,11,7,3,4,2,0,1,1,1,0,0,0,0,12.371985,51.341017
13,19,10,5,13,7,3,5,2,0,0,1,0,0,0,0,0,12.357035,51.320494
13,19,10,5,18,7,3,5,3,1,0,1,1,0,0,0,0,12.390329,51.290891
13,19,10,6,10,1,3,5,3,0,0,1,1,0,0,0,0,12.267275,51.356581
13,19,10,6,17,1,2,6,7,0,0,1,0,1,0,0,0,12.42425,51.304449
13,19,10,7,7,2,3,5,3,1,0,1,1,0,0,0,0,12.3618,51.332557
13,19,10,7,8,2,3,5,3,0,0,1,1,0,0,0,0,12.327164,51.329618
13,19,10,7,9,2,3,3,6,0,0,1,0,0,0,0,1,12.342192,51.318655
13,19,10,7,9,2,3,5,3,0,0,1,1,0,0,0,0,12.38511,51.338112
13,19,10,7,11,2,3,5,3,0,0,1,1,0,0,0,0,12.401053,51.376226
13,19,10,7,14,2,3,5,3,0,0,1,0,0,0,0,1,12.321688,51.301065
13,19,10,7,14,2,3,5,3,0,0,1,1,0,0,0,0,12.407558,51.351299
13,19,10,7,15,2,3,6,4,0,0,1,0,1,0,0,0,12.346469,51.321106
13,19,10,7,15,2,3,5,3,0,0,1,1,0,0,0,0,12.397149,51.301191
13,19,10,7,16,2,3,5,3,0,0,1,1,0,0,0,0,12.370395,51.326611
13,19,10,7,17,2,3,4,2,0,0,1,1,0,0,0,0,12.311836,51.347677
13,19,10,7,17,2,3,2,6,0,0,1,1,0,0,0,0,12.463879,51.32431
13,19,10,7,18,2,3,5,2,0,0,1,1,0,0,0,0,12.474297,51.337737
13,19,11,1,5,6,2,3,6,2,1,1,1,0,0,0,0,12.451064,51.365751
13,19,11,1,6,6,3,3,2,2,0,1,1,0,0,0,0,12.378559,51.377086
13,19,11,1,10,6,3,3,5,0,1,1,1,0,0,0,0,12.357993,51.333769
13,19,11,1,10,6,3,4,2,0,0,1,1,0,0,0,0,12.366713,51.340564
13,19,11,1,10,6,3,5,3,0,0,1,1,0,0,0,0,12.370314,51.397175
13,19,11,1,11,6,3,5,3,0,0,1,1,0,0,0,0,12.452254,51.350337
13,19,11,1,12,6,3,5,3,0,0,1,1,0,0,0,0,12.326037,51.31547
13,19,11,1,12,6,3,3,6,0,0,1,1,0,0,0,0,12.382249,51.330156
13,19,11,1,14,6,3,3,6,0,0,1,0,0,0,0,0,12.39133,51.334713
13,19,11,1,16,6,2,3,6,1,1,1,0,0,0,0,0,12.348639,51.318817
13,19,11,1,16,6,3,0,1,2,1,1,0,0,0,0,0,12.396116,51.343171
13,19,11,1,16,6,3,7,7,2,1,1,0,0,0,0,0,12.410678,51.34997
13,19,11,1,17,6,2,5,3,2,0,1,1,0,0,0,0,12.400691,51.306509
13,19,11,1,18,6,3,5,3,2,0,1,0,0,0,0,0,12.38407,51.33622
13,19,11,1,19,6,3,4,2,2,1,1,1,0,0,0,0,12.370554,51.361286
13,19,11,1,21,6,3,5,3,2,1,1,1,0,0,0,0,12.39532,51.339186
13,19,11,1,23,6,3,5,2,2,0,1,1,0,0,0,0,12.382071,51.332605
13,19,11,2,0,7,2,6,7,2,1,1,0,1,0,0,0,12.461215,51.339441
13,19,11,2,11,7,3,5,3,0,1,1,1,0,0,0,0,12.370746,51.390598
13,19,11,2,13,7,3,3,6,0,0,1,1,0,0,0,0,12.314286,51.348711
13,19,11,2,13,7,3,3,5,0,0,1,1,0,0,0,0,12.385226,51.341979
13,19,11,2,18,7,3,3,6,2,0,1,0,0,0,0,1,12.370942,51.336639
13,19,11,2,21,7,3,5,3,2,0,1,1,0,0,0,0,12.408662,51.359999
13,19,11,3,4,1,2,5,3,2,0,1,1,0,0,0,0,12.405975,51.335967
13,19,11,3,14,1,2,5,3,0,0,1,0,0,0,0,0,12.27806,51.380896
13,19,11,3,14,1,3,1,7,0,1,1,1,0,0,0,0,12.394443,51.346141
13,19,11,4,7,2,3,4,2,0,1,1,1,0,0,0,0,12.30924,51.328035
13,19,11,4,7,2,3,3,2,1,1,1,1,0,0,0,0,12.373549,51.319653