UKREIS,UJAHR,UMONAT,UTAG,USTUNDE,UWOCHENTAG,UKATEGORIE,UART,UTYP,LICHT,USTRZUSTAND,IstRad,IstPKW,IstFuss,IstKrad,IstGkfz,IstSonstige,@lon,@lat
13,19,11,4,7,2,3,4,2,0,1,1,1,0,0,0,0,12.406143,51.348144
13,19,11,4,8,2,3,1,5,1,1,1,1,0,0,0,0,12.363774,51.33222
13,19,11,4,9,2,3,0,1,0,1,1,0,0,0,0,0,12.338798,51.332391
13,19,11,4,10,2,2,0,1,0,0,1,0,0,0,0,0,12.469821,51.278354
13,19,11,4,12,2,3,6,4,0,0,1,0,1,0,0,0,12.407719,51.345434
13,19,11,4,14,2,3,0,1,0,0,1,0,0,0,0,0,12.453365,51.291282
13,19,11,4,15,2,3,0,5,0,0,1,0,0,0,1,0,12.397829,51.34597
13,19,11,4,15,2,3,5,3,0,1,1,1,0,0,0,0,12.424969,51.369013
13,19,11,4,16,2,3,4,2,1,1,1,1,0,0,0,0,12.382826,51.317589
13,19,11,5,7,3,3,3,6,1,1,1,0,0,0,0,0,12.383463,51.331707
13,19,11,5,9,3,3,0,7,0,1,1,0,0,0,0,0,12.480744,51.334935
13,19,11,5,11,3,3,3,2,0,0,1,1,0,0,0,0,12.364387,51.337498
13,19,11,5,13,3,3,5,3,0,0,1,0,0,0,0,1,12.338298,51.335387
13,19,11,5,16,3,3,5,3,1,1,1,1,0,0,0,0,12.373467,51.351657
13,19,11,5,16,3,3,4,6,1,1,1,0,0,1,0,0,12.381845,51.320437
13,19,11,5,16,3,3,4,2,1,1,1,1,0,0,0,0,12.406027,51.335934
13,19,11,5,18,3,2,5,2,2,1,1,1,0,0,0,0,12.397375,51.31055
13,19,11,5,19,3,3,5,3,2,1,1,1,0,0,0,0,12.326816,51.337794
13,19,11,5,21,3,3,5,3,2,1,1,1,0,0,0,0,12.406,51.335937
13,19,11,6,6,4,2,5,2,2,0,1,1,0,0,0,0,12.386062,51.367859
13,19,11,6,9,4,3,5,3,0,0,1,1,0,0,0,0,12.382024,51.332616
13,19,11,6,11,4,3,5,3,0,0,1,1,0,0,0,0,12.376752,51.320531
13,19,11,6,17,4,3,5,3,2,1,1,1,0,0,0,0,12.391749,51.362229
13,19,11,6,23,4,2,5,3,2,0,1,1,0,0,0,0,12.370882,51.344101
13,19,11,7,6,5,3,4,2,2,1,1,1,0,0,0,0,12.331961,51.335916
13,19,11,7,7,5,3,3,2,0,1,1,1,0,0,0,0,12.270993,51.317605
13,19,11,7,7,5,3,1,5,0,0,1,0,0,0,0,1,12.369373,51.356449
13,19,11,7,7,5,3,4,2,0,0,1,1,0,0,0,0,12.382877,51.319552
13,19,11,7,8,5,3,5,3,0,0,1,1,0,0,0,0,12.373002,51.309698
13,19,11,7,8,5,3,5,2,0,0,1,1,0,0,0,0,12.373647,51.330514
13,19,11,7,10,5,2,4,2,0,1,1,1,0,0,0,0,12.291724,51.321327
13,19,11,7,11,5,3,1,2,0,0,1,1,0,0,0,0,12.335818,51.327642
13,19,11,7,11,5,3,4,2,0,1,1,1,0,0,0,0,12.392563,51.303328
13,19,11,7,12,5,2,2,6,0,0,1,0,0,0,0,0,12.373549,51.330121
13,19,11,7,12,5,2,5,3,0,0,1,1,0,0,0,0,12.417094,51.344987
13,19,11,7,14,5,3,3,6,0,0,1,1,0,0,0,0,12.342702,51.321929
13,19,11,7,15,5,3,1,5,0,0,1,1,0,0,0,0,12.42671,51.306469
13,19,11,7,17,5,3,3,6,2,0,1,1,0,0,0,0,12.373642,51.333233
13,19,11,7,17,5,3,4,6,2,0,1,0,0,0,0,0,12.392589,51.348441
13,19,11,7,18,5,3,3,2,2,0,1,1,0,0,0,0,12.362701,51.338946
13,19,11,7,18,5,3,1,3,2,1,1,1,0,0,0,0,12.381378,51.326156
13,19,11,7,18,5,3,5,3,2,1,1,1,0,0,0,0,12.402141,51.321642
13,19,11,7,19,5,3,4,2,2,0,1,1,0,0,0,0,12.365683,51.320918
13,19,11,7,19,5,2,0,7,2,1,1,0,0,0,0,1,12.37675,51.340755
13,19,11,7,19,5,3,1,5,2,0,1,1,0,0,0,0,12.391188,51.345006
13,19,11,7,20,5,3,7,1,2,0,1,0,0,0,0,0,12.47936,51.350664
13,19,12,1,10,1,3,5,3,0,0,1,1,0,0,0,0,12.312909,51.309022
13,19,12,1,13,1,2,0,3,0,0,1,0,0,0,0,1,12.397272,51.343806
13,19,12,1,19,1,3,5,3,2,0,1,1,0,0,0,0,12.411507,51.355946
13,19,12,1,21,1,3,4,1,2,1,1,1,0,0,0,0,12.374725,51.330469
13,19,12,2,5,2,3,3,6,2,1,1,1,0,0,0,0,12.369596,51.364572
13,19,12,2,5,2,3,5,3,2,0,1,1,0,0,0,0,12.395014,51.342782
13,19,12,2,7,2,3,5,3,2,1,1,1,0,0,0,0,12.347364,51.350481
13,19,12,2,7,2,3,4,6,1,1,1,1,0,0,0,0,12.364802,51.334102
13,19,12,2,7,2,3,1,5,1,0,1,1,0,0,0,0,12.367676,51.33863
13,19,12,2,7,2,3,6,4,1,1,1,0,1,0,0,0,12.403168,51.327009
13,19,12,2,8,2,3,5,2,1,0,1,1,0,0,0,0,12.370844,51.336349
13,19,12,2,9,2,3,4,2,0,0,1,1,0,0,0,0,12.377478,51.365724
13,19,12,2,10,2,3,6,4,0,0,1,0,1,0,0,0,12.317746,51.350117
13,19,12,2,10,2,3,5,3,0,1,1,1,0,0,0,0,12.37647,51.314942
13,19,12,2,12,2,3,5,2,0,0,1,1,0,0,0,0,12.437844,51.32757
13,19,12,2,14,2,3,5,3,0,0,1,1,0,0,0,0,12.439122,51.294849
13,19,12,2,16,2,3,1,3,1,0,1,1,0,0,0,0,12.373536,51.330036
13,19,12,2,18,2,3,5,2,2,0,1,1,0,0,0,0,12.372379,51.368784
13,19,12,2,19,2,3,3,5,2,0,1,1,0,0,0,0,12.373601,51.321069
13,19,12,3,6,3,3,5,2,2,0,1,0,0,0,0,1,12.382917,51.334255
13,19,12,3,7,3,3,2,2,1,1,1,1,0,0,0,0,12.413071,51.324546
13,19,12,3,7,3,3,5,3,2,1,1,1,0,0,0,0,12.420109,51.357602
13,19,12,3,10,3,3,5,2,0,0,1,1,0,0,0,0,12.291957,51.321346
13,19,12,3,10,3,3,5,3,0,0,1,1,0,0,0,0,12.372184,51.335246
13,19,12,3,13,3,2,5,3,0,1,1,1,0,0,0,0,12.431014,51.33079
13,19,12,3,15,3,3,2,2,0,0,1,0,0,0,0,1,12.317574,51.350094
13,19,12,3,16,3,3,1,5,2,1,1,1,0,0,0,0,12.378735,51.307717
13,19,12,3,17,3,3,4,2,2,0,1,1,0,0,0,0,12.371355,51.346276
13,19,12,3,23,3,2,0,7,2,1,1,0,0,0,0,0,12.406319,51.319399
13,19,12,4,9,4,2,3,3,0,0,1,1,0,0,0,0,12.378389,51.332232
13,19,12,4,10,4,3,5,3,0,0,1,1,0,0,0,0,12.407575,51.351297
13,19,12,4,12,4,3,1,1,0,0,1,1,0,0,0,0,12.441554,51.303333
13,19,12,4,15,4,3,5,3,0,0,1,1,0,0,0,0,12.395442,51.309951
13,19,12,4,16,4,3,5,3,0,0,1,1,0,0,0,0,12.331961,51.335916
13,19,12,4,16,4,3,2,2,2,0,1,1,0,0,0,0,12.361797,51.332559
13,19,12,4,16,4,3,5,2,1,0,1,1,0,0,0,0,12.383412,51.304841
13,19,12,4,17,4,3,0,6,2,0,1,0,0,1,0,0,12.389651,51.309251
13,19,12,4,17,4,3,4,2,2,1,1,1,0,0,0,0,12.406317,51.368653
13,19,12,5,9,5,3,5,2,0,0,1,1,0,0,0,0,12.416255,51.356736
13,19,12,5,10,5,3,5,3,0,0,1,1,0,0,0,0,12.327183,51.32964
13,19,12,5,16,5,3,4,6,2,0,1,1,0,0,0,0,12.314543,51.334573
13,19,12,5,16,5,3,3,6,1,0,1,1,0,0,0,0,12.339579,51.326659
13,19,12,5,16,5,3,5,3,2,0,1,1,0,0,0,0,12.367105,51.403833
13,19,12,5,17,5,3,5,2,2,0,1,1,0,0,0,0,12.348916,51.329647
13,19,12,6,7,6,3,5,3,0,0,1,1,0,0,0,0,12.387193,51.336861
13,19,12,6,8,6,2,5,2,0,0,1,1,0,0,0,0,12.329295,51.340068
13,19,12,6,8,6,3,3,6,0,0,1,0,0,0,0,0,12.357752,51.341823
13,19,12,6,8,6,3,5,3,0,0,1,1,0,0,0,0,12.366331,51.336291
13,19,12,6,9,6,3,4,2,0,0,1,1,0,0,0,0,12.321909,51.350039
13,19,12,6,12,6,3,5,2,0,0,1,1,0,0,0,0,12.371361,51.346277
13,19,12,6,12,6,3,5,2,0,0,1,1,0,0,0,0,12.392166,51.322488
13,19,12,6,12,6,3,4,2,0,0,1,1,0,0,0,0,12.433433,51.390416
13,19,12,6,14,6,3,2,6,0,1,1,1,0,0,0,0,12.37319,51.310674
13,19,12,6,15,6,3,5,2,0,1,1,1,0,0,0,0,12.312825,51.309163
13,19,12,6,15,6,2,3,2,0,0,1,1,0,0,0,0,12.327099,51.32465
13,19,12,6,15,6,3,3,5,0,0,1,1,0,0,0,0,12.404304,51.345618
13,19,12,7,10,7,3,5,3,0,0,1,1,0,0,0,0,12.373322,51.311666
13,19,12,7,11,7,2,5,3,0,1,1,1,0,0,0,0,12.3588,51.365219
13,19,12,7,17,7,3,5,3,2,1,1,1,0,0,0,0,12.373437,51.314923
13,19,12,7,18,7,3,0,1,0,1,1,0,0,0,0,0,12.479744,51.350609
13,19,12,7,23,7,2,9,1,2,0,1,0,0,0,0,0,12.377795,51.325071
13,20,1,1,12,4,3,5,3,0,0,1,1,0,0,0,0,12.389606,51.321766
13,20,1,2,13,5,3,5,3,0,0,1,0,0,0,0,1,12.363121,51.373195
13,20,1,3,13,6,3,5,3,0,0,1,1,0,0,0,0,12.394182,51.336188
13,20,1,3,17,6,3,5,2,2,1,1,0,0,0,0,1,12.39247,51.334145
13,20,1,4,14,7,2,5,3,0,1,1,1,0,0,0,0,12.365325,51.362454
13,20,1,6,16,2,2,3,6,0,0,1,1,0,0,0,0,12.366274,51.334484
13,20,1,6,17,2,3,4,2,2,1,1,1,0,0,0,0,12.382063,51.332607
13,20,1,7,17,3,3,5,3,2,1,1,1,0,0,0,0,12.373089,51.311625
13,20,1,8,10,4,3,5,3,0,1,1,1,0,0,0,0,12.368241,51.288672
13,20,1,8,18,4,2,4,6,2,1,1,0,0,0,0,1,12.393323,51.405617
13,20,1,9,17,5,3,5,3,2,1,1,1,0,0,0,0,12.373,51.309707
13,20,1,10,6,6,2,1,5,2,1,1,1,0,0,0,0,12.395309,51.343453
13,20,1,10,7,6,3,5,3,2,1,1,1,0,0,0,0,12.398541,51.287346
13,20,1,11,4,7,3,5,3,2,1,1,1,0,0,0,0,12.373711,51.331229
13,20,1,11,10,7,3,1,5,0,0,1,1,0,0,0,0,12.330509,51.339974
13,20,1,13,18,2,3,5,3,1,0,1,1,0,0,0,0,12.385016,51.298897
13,20,1,14,8,3,3,5,3,0,0,1,1,0,0,0,0,12.383358,51.3349
13,20,1,14,18,3,3,0,7,2,0,1,0,0,0,0,0,12.398529,51.360995
13,20,1,15,2,4,3,6,4,2,0,1,0,1,0,0,0,12.373616,51.321529
13,20,1,15,7,4,2,5,3,1,0,1,1,0,0,0,0,12.371538,51.314713
13,20,1,15,11,4,3,5,3,0,0,1,0,0,0,0,1,12.386452,51.299091
13,20,1,15,15,4,2,3,6,0,0,1,1,0,0,0,0,12.36928,51.324205
13,20,1,15,19,4,2,6,4,2,0,1,0,1,0,0,0,12.369603,51.338137
13,20,1,16,7,5,3,3,2,0,0,1,0,0,0,0,1,12.347904,51.328775
13,20,1,16,10,5,3,1,5,0,0,1,1,0,0,0,0,12.285366,51.359229
13,20,1,17,5,6,3,3,6,2,0,1,1,0,0,0,0,12.378909,51.317581
13,20,1,17,9,6,3,3,2,0,1,1,0,0,0,1,0,12.405926,51.313915
13,20,1,19,13,1,3,5,3,0,1,1,1,0,0,0,0,12.421425,51.379232
13,20,1,20,7,2,3,1,5,0,0,1,1,0,0,0,0,12.368045,51.322287
13,20,1,20,7,2,3,1,5,2,0,1,1,0,0,0,0,12.400441,51.329532
13,20,1,21,5,3,3,5,3,2,0,1,1,0,0,0,0,12.396538,51.308908
13,20,1,21,17,3,3,5,3,2,0,1,1,0,0,0,0,12.263838,51.306836
13,20,1,21,18,3,2,5,3,2,0,1,0,0,0,0,1,12.396248,51.301189
13,20,1,22,7,4,3,5,2,0,0,1,1,0,0,0,0,12.38196,51.304413
13,20,1,22,7,4,3,3,2,2,0,1,1,0,0,0,0,12.405889,51.343773
13,20,1,22,9,4,3,5,3,0,1,1,1,0,0,0,0,12.33634,51.335422
13,20,1,22,9,4,3,5,3,0,1,1,1,0,0,0,0,12.37114,51.328933
13,20,1,22,15,4,3,1,5,0,1,1,1,0,0,0,0,12.292313,51.317926
13,20,1,22,18,4,3,5,2,2,1,1,1,0,0,0,0,12.380646,51.330728
13,20,1,23,6,5,3,5,3,1,1,1,1,0,0,0,0,12.408647,51.359948
13,20,1,23,15,5,3,5,3,0,0,1,1,0,0,0,0,12.333423,51.337986
13,20,1,23,16,5,2,6,6,0,0,1,0,1,0,0,0,12.380858,51.34352
13,20,1,23,17,5,3,5,2,2,0,1,1,0,0,0,0,12.331912,51.33591
13,20,1,23,18,5,3,5,3,2,0,1,1,0,0,0,0,12.376523,51.314942
13,20,1,24,8,6,3,0,1,0,0,1,0,0,0,0,0,12.389781,51.362866
13,20,1,24,16,6,3,4,6,0,0,1,1,0,0,0,0,12.289598,51.312923
13,20,1,24,22,6,3,5,3,2,1,1,0,0,0,0,1,12.392291,51.382065
13,20,1,26,18,1,2,5,3,2,0,1,1,0,0,0,0,12.326906,51.339091
13,20,1,27,7,2,3,5,2,1,0,1,1,0,0,0,0,12.330761,51.372135
13,20,1,27,9,2,3,5,3,0,0,1,1,0,0,0,0,12.340312,51.325039
13,20,1,27,11,2,3,0,7,0,0,1,1,0,0,0,0,12.370863,51.338253
13,20,1,27,12,2,3,1,7,0,0,1,0,0,0,0,1,12.327166,51.334935
13,20,1,27,18,2,3,5,3,2,1,1,1,0,0,0,0,12.366723,51.325194
13,20,1,27,18,2,3,6,4,2,1,1,0,1,0,0,0,12.380189,51.339254
13,20,1,28,7,3,3,5,3,0,1,1,1,0,0,0,0,12.399436,51.376404
13,20,1,29,13,4,2,5,2,0,0,1,1,0,0,0,0,12.403072,51.345685
13,20,1,30,10,5,3,5,3,0,0,1,1,0,0,0,0,12.395795,51.363289
13,20,1,30,15,5,3,5,3,0,0,1,1,0,0,0,0,12.37489,51.359999
13,20,1,31,17,6,3,5,2,2,0,1,1,0,0,0,0,12.377165,51.333214
13,20,1,31,23,6,2,5,3,2,0,1,1,0,0,0,0,12.36218,51.332099
13,20,2,1,12,7,2,5,3,0,0,1,1,0,0,0,0,12.374118,51.303343
13,20,2,1,20,7,3,5,3,2,1,1,1,0,0,0,0,12.373361,51.353061
13,20,2,2,18,1,3,3,5,2,1,1,1,0,0,0,0,12.413164,51.345149
13,20,2,3,6,2,3,5,3,2,1,1,1,0,0,0,0,12.357973,51.344104
13,20,2,3,7,2,3,5,3,2,1,1,1,0,0,0,0,12.439141,51.294835
13,20,2,3,15,2,3,6,4,0,0,1,0,1,0,0,0,12.309492,51.349735
13,20,2,4,13,3,3,4,2,0,0,1,1,0,0,0,0,12.331917,51.335911
13,20,2,5,0,4,3,6,4,2,0,1,0,1,0,0,0,12.313203,51.281627
13,20,2,5,5,4,3,6,6,2,1,1,0,1,0,0,0,12.26794,51.320749
13,20,2,5,6,4,3,5,3,2,0,1,1,0,0,0,0,12.331164,51.371991
13,20,2,5,17,4,3,0,7,2,0,1,1,0,0,0,0,12.362677,51.338998
13,20,2,7,8,6,3,0,7,0,0,1,1,0,0,0,0,12.381691,51.320233
13,20,2,8,11,7,3,5,3,0,0,1,1,0,0,0,0,12.307685,51.311978
13,20,2,8,13,7,3,5,2,0,0,1,1,0,0,0,0,12.395698,51.331837
13,20,2,8,20,7,3,1,5,2,0,1,1,0,0,0,0,12.413172,51.323641
13,20,2,10,9,2,3,5,2,0,0,1,1,0,0,0,0,12.385344,51.34118
13,20,2,11,15,3,3,5,3,0,1,1,1,0,0,0,0,12.419545,51.318237
13,20,2,11,19,3,3,5,3,2,0,1,1,0,0,0,0,12.361805,51.332552
13,20,2,13,10,5,3,5,3,0,0,1,1,0,0,0,0,12.395305,51.399995
13,20,2,13,14,5,2,5,3,0,0,1,1,0,0,0,0,12.408662,51.359997
13,20,2,13,16,5,3,5,2,0,1,1,1,0,0,0,0,12.335812,51.327634
13,20,2,14,6,6,2,5,3,2,1,1,1,0,0,0,0,12.452782,51.325813
13,20,2,15,1,7,2,0,1,2,1,1,0,0,0,0,0,12.406182,51.347596
13,20,2,15,6,7,3,5,3,1,0,1,1,0,0,0,0,12.40738,51.325984
13,20,2,15,14,7,3,5,2,0,0,1,1,0,0,0,0,12.362705,51.338943
13,20,2,15,19,7,3,4,6,0,0,1,0,0,0,0,0,12.407309,51.346199
13,20,2,15,19,7,2,2,6,2,0,1,1,0,0,0,0,12.45762,51.313475
13,20,2,17,14,2,3,5,3,0,0,1,1,0,0,0,0,12.310599,51.317374
13,20,2,17,15,2,3,5,2,0,0,1,1,0,0,0,0,12.358017,51.33536
13,20,2,18,6,3,3,5,3,1,0,1,1,0,0,0,0,12.417449,51.316076
13,20,2,18,16,3,2,5,3,0,0,1,1,0,0,0,0,12.401877,51.364027
13,20,2,20,9,5,3,5,3,0,0,1,1,0,0,0,0,12.38013,51.330242
13,20,2,20,16,5,3,2,2,0,0,1,1,0,0,0,0,12.406044,51.313917
13,20,2,20,22,5,3,5,3,2,0,1,1,0,0,0,0,12.395772,51.363301
13,20,2,21,15,6,3,5,3,0,0,1,1,0,0,0,0,12.37637,51.39164
13,20,2,23,15,1,2,1,1,0,1,1,1,0,0,0,0,12.373706,51.35167
13,20,2,24,8,2,3,5,3,0,0,1,0,0,0,0,1,12.314998,51.325888
13,20,2,24,8,2,3,5,3,0,0,1,1,0,0,0,0,12.371068,51.328889
13,20,2,24,15,2,3,1,5,0,1,1,1,0,0,0,0,12.3923,51.297024
13,20,2,24,17,2,3,1,6,0,1,1,1,0,0,0,0,12.408646,51.359946
13,20,2,25,9,3,3,3,6,0,1,1,1,0,0,0,0,12.357754,51.341823
13,20,2,25,14,3,3,5,3,0,0,1,1,0,0,0,0,12.371135,51.328925
13,20,2,26,7,4,3,3,3,0,1,1,1,0,0,0,0,12.364094,51.327708
13,20,2,26,16,4,2,0,4,0,0,1,0,1,0,0,0,12.392808,51.328523
13,20,2,26,21,4,3,5,3,2,0,1,1,0,0,0,0,12.393166,51.336919
13,20,2,28,10,6,3,3,2,0,1,1,1,0,0,0,0,12.32697,51.332787
13,20,2,29,1,7,3,8,1,2,1,1,0,0,0,0,0,12.305068,51.313321
13,20,2,29,4,7,3,5,3,2,1,1,1,0,0,0,0,12.359218,51.334482
13,20,3,2,5,2,2,3,6,2,1,1,1,0,0,0,0,12.373148,51.311688
13,20,3,2,7,2,3,5,3,0,1,1,1,0,0,0,0,12.355369,51.348796
13,20,3,2,7,2,3,1,5,0,1,1,1,0,0,0,0,12.373483,51.316996
13,20,3,2,12,2,3,3,2,0,0,1,1,0,0,0,0,12.381612,51.350913
13,20,3,2,14,2,3,5,3,0,0,1,1,0,0,0,0,12.299754,51.268308
13,20,3,3,6,3,3,0,1,1,1,1,0,0,0,0,0,12.378708,51.345631
13,20,3,3,7,3,3,5,3,0,1,1,1,0,0,0,0,12.307286,51.355669
13,20,3,3,10,3,3,5,2,0,1,1,1,0,0,0,0,12.310724,51.349164
13,20,3,4,9,4,3,3,2,0,0,1,1,0,0,0,0,12.405752,51.331753
13,20,3,4,13,4,3,5,3,0,0,1,1,0,0,0,0,12.336564,51.328828
13,20,3,4,17,4,3,3,2,0,0,1,1,0,0,0,0,12.393203,51.336947
13,20,3,5,7,5,3,3,2,0,0,1,1,0,0,0,0,12.362708,51.33894
13,20,3,5,7,5,3,4,2,0,0,1,1,0,0,0,0,12.396166,51.301187
13,20,3,5,10,5,3,5,3,0,0,1,1,0,0,0,0,12.395573,51.346081
13,20,3,5,11,5,2,3,6,0,0,1,0,0,0,1,0,12.361736,51.363396
13,20,3,6,8,6,3,3,5,0,0,1,0,0,0,0,1,12.418744,51.34487
13,20,3,7,14,7,3,3,2,0,0,1,1,0,0,0,0,12.388092,51.338148
13,20,3,7,17,7,2,5,2,0,0,1,1,0,0,0,0,12.36972,51.324477
13,20,3,9,15,2,2,2,6,0,0,1,0,0,0,0,0,12.371071,51.338294
13,20,3,9,19,2,3,5,3,2,0,1,1,0,0,0,0,12.362665,51.338972
13,20,3,10,1,3,2,6,6,2,0,1,0,1,0,0,0,12.343587,51.338909
13,20,3,10,9,3,3,0,1,0,1,1,0,0,0,0,0,12.396489,51.34305
13,20,3,10,15,3,3,5,3,0,1,1,1,0,0,0,0,12.369424,51.364114
13,20,3,10,20,3,3,1,5,2,1,1,1,0,0,0,0,12.369305,51.356522
13,20,3,11,7,4,3,5,3,0,1,1,1,0,0,0,0,12.285801,51.330931
13,20,3,11,17,4,3,5,3,0,0,1,1,0,0,0,0,12.409966,51.375391
13,20,3,11,22,4,2,5,3,2,1,1,1,0,0,0,0,12.408658,51.359986
13,20,3,12,8,5,3,5,3,0,0,1,1,0,0,0,0,12.37804,51.337122
13,20,3,13,16,6,3,0,7,0,0,1,0,0,0,0,0,12.443933,51.360029
13,20,3,13,16,6,2,5,3,0,0,1,1,0,0,0,0,12.445681,51.350651
13,20,3,14,9,7,3,5,3,0,0,1,1,0,0,0,0,12.296207,51.317627
13,20,3,17,7,3,2,5,3,0,0,1,1,0,0,0,0,12.310251,51.317723
13,20,3,19,10,5,3,0,1,0,0,1,0,0,0,0,0,12.373555,51.330155
13,20,3,19,12,5,3,4,2,0,0,1,1,0,0,0,0,12.36419,51.344437
13,20,3,19,17,5,3,0,7,0,0,1,0,0,0,0,0,12.41903,51.353339
13,20,3,20,8,6,3,0,7,0,0,1,0,0,0,0,0,12.405763,51.345539
13,20,3,22,16,1,3,5,3,0,0,1,1,0,0,0,0,12.347395,51.350686
13,20,3,25,11,4,3,4,2,0,0,1,1,0,0,0,0,12.324009,51.380303
13,20,3,26,14,5,3,5,2,0,0,1,0,0,0,0,1,12.402489,51.338936
13,20,3,31,13,3,3,5,2,0,0,1,1,0,0,0,0,12.306376,51.351328
13,20,4,5,15,1,3,3,2,0,0,1,0,0,1,0,0,12.317563,51.370895
13,20,4,5,15,1,3,1,7,0,0,1,1,0,0,0,0,12.411437,51.323421
13,20,4,5,20,1,2,9,1,2,0,1,0,0,0,0,0,12.340899,51.367163
13,20,4,6,13,2,3,5,3,0,0,1,1,0,0,0,0,12.401598,51.32434
13,20,4,6,20,2,3,5,3,1,0,1,1,0,0,0,0,12.400012,51.330155
13,20,4,6,21,2,3,5,3,2,0,1,1,0,0,0,0,12.308358,51.320995
13,20,4,8,17,4,3,3,6,0,0,1,0,0,0,1,0,12.359628,51.358225
13,20,4,8,18,4,3,3,2,0,0,1,0,0,0,0,0,12.39865,51.332239
13,20,4,9,11,5,3,5,3,0,0,1,0,0,0,0,1,12.369219,51.363088
13,20,4,9,14,5,3,1,5,0,0,1,1,0,0,0,0,12.36708,51.33891
13,20,4,9,14,5,3,5,3,0,0,1,0,0,0,1,0,12.480477,51.323426
13,20,4,11,17,7,3,5,3,0,0,1,0,0,0,0,1,12.37101,51.335198
13,20,4,12,14,1,3,0,1,0,0,1,0,0,0,0,0,12.434343,51.317272
13,20,4,12,19,1,3,3,6,0,0,1,1,0,0,0,0,12.354067,51.362422
13,20,4,13,4,2,3,0,1,2,1,1,0,0,0,0,0,12.45511,51.293886
13,20,4,15,9,4,3,3,6,0,0,1,1,0,0,0,0,12.38286,51.314923
13,20,4,15,11,4,3,0,1,0,0,1,0,0,0,0,0,12.314793,51.353469
13,20,4,15,14,4,3,5,3,0,0,1,1,0,0,0,0,12.378919,51.387414
13,20,4,15,14,4,3,5,3,0,0,1,1,0,0,0,0,12.4592,51.40194
13,20,4,16,14,5,3,2,2,0,0,1,1,0,0,0,0,12.395343,51.339113
13,20,4,16,14,5,2,3,6,0,0,1,0,0,0,0,1,12.406668,51.375681
13,20,4,16,15,5,3,5,2,0,0,1,1,0,0,0,0,12.390019,51.34656
13,20,4,17,16,6,3,2,5,0,0,1,1,0,0,0,0,12.405869,51.33162
13,20,4,17,18,6,2,6,4,0,0,1,0,1,0,0,0,12.417977,51.344903
13,20,4,18,14,7,3,5,2,0,0,1,1,0,0,0,0,12.391806,51.346437
13,20,4,18,17,7,3,5,3,0,0,1,1,0,0,0,0,12.403381,51.347609
13,20,4,19,17,1,3,0,1,0,0,1,0,0,0,0,0,12.416538,51.356743
13,20,4,21,6,3,3,1,3,0,0,1,1,0,0,0,0,12.430386,51.321776
13,20,4,21,7,3,3,5,3,0,0,1,1,0,0,0,0,12.31118,51.310076
13,20,4,21,15,3,3,5,3,0,0,1,1,0,0,0,0,12.372384,51.349623
13,20,4,21,16,3,2,5,3,0,0,1,0,0,0,0,1,12.3011,51.313944
13,20,4,21,16,3,3,5,3,0,0,1,1,0,0,0,0,12.319049,51.38511
13,20,4,21,17,3,3,3,5,0,0,1,1,0,0,0,0,12.378435,51.334844
13,20,4,21,18,3,3,7,7,0,0,1,0,1,0,0,0,12.371537,51.355648
13,20,4,21,22,3,3,5,3,2,0,1,0,0,0,0,1,12.374408,51.339901
13,20,4,22,15,4,3,3,5,0,0,1,1,0,0,0,0,12.400899,51.339292
13,20,4,23,8,5,3,4,2,0,0,1,1,0,0,0,0,12.37864,51.330684
13,20,4,23,9,5,3,4,2,0,0,1,1,0,0,0,0,12.382276,51.365883
13,20,4,24,15,6,3,5,3,0,0,1,1,0,0,0,0,12.268238,51.384977
13,20,4,25,0,7,3,0,1,2,0,1,0,0,0,0,0,12.422945,51.351834
13,20,4,26,13,1,3,5,3,0,0,1,0,0,1,0,0,12.433729,51.301488
13,20,4,26,16,1,3,1,5,0,0,1,1,0,0,0,0,12.33489,51.320497
13,20,4,26,19,1,3,1,1,0,0,1,1,0,0,0,0,12.419617,51.338281
13,20,4,27,13,2,3,5,3,0,0,1,1,0,0,0,0,12.393567,51.32279
13,20,4,27,14,2,3,5,3,0,0,1,1,0,0,0,0,12.360501,51.384106
13,20,4,28,17,3,2,3,6,0,0,1,0,0,0,0,0,12.334076,51.399269
13,20,4,30,7,5,3,3,6,0,0,1,1,0,0,0,0,12.347043,51.32889
13,20,4,30,14,5,3,5,3,0,0,1,1,0,0,0,0,12.419611,51.385045
13,20,5,1,19,6,2,4,1,0,0,1,0,0,1,0,0,12.483978,51.299571
13,20,5,2,9,7,3,5,3,0,1,1,1,0,0,0,0,12.389889,51.346563
13,20,5,2,20,7,3,3,2,1,1,1,1,0,0,0,0,12.383925,51.380578
13,20,5,4,9,2,3,5,3,0,0,1,0,0,0,0,1,12.321008,51.302774
13,20,5,4,13,2,3,5,3,0,1,1,1,0,0,0,0,12.323667,51.338588
13,20,5,4,15,2,3,0,3,0,1,1,0,0,0,0,1,12.387222,51.297362
13,20,5,5,16,3,3,6,4,0,0,1,0,1,0,0,0,12.373859,51.305067
13,20,5,6,8,4,3,5,3,0,0,1,1,0,0,0,0,12.326006,51.30727
13,20,5,7,17,5,3,5,3,0,0,1,1,0,0,0,0,12.330294,51.337825
13,20,5,7,17,5,3,4,2,0,0,1,1,0,0,0,0,12.429782,51.37959
13,20,5,8,11,6,3,5,3,0,0,1,1,0,0,0,0,12.324609,51.34009
13,20,5,8,15,6,2,5,2,0,0,1,1,0,0,0,0,12.336343,51.335421