UKREIS,UJAHR,UMONAT,UTAG,USTUNDE,UWOCHENTAG,UKATEGORIE,UART,UTYP,LICHT,USTRZUSTAND,IstRad,IstPKW,IstFuss,IstKrad,IstGkfz,IstSonstige,@lon,@lat
13,20,5,8,17,6,3,1,5,0,0,1,1,0,0,0,0,12.3232,51.355137
13,20,5,10,12,1,3,5,3,0,0,1,0,0,0,0,0,12.43343,51.390415
13,20,5,12,16,3,3,0,1,0,0,1,0,0,0,0,0,12.357622,51.364278
13,20,5,13,13,4,3,1,3,0,0,1,1,0,0,0,0,12.394489,51.284854
13,20,5,13,16,4,3,5,3,0,0,1,1,0,0,0,0,12.388647,51.34242
13,20,5,14,11,5,3,5,3,0,0,1,1,0,0,0,0,12.432555,51.379568
13,20,5,15,13,6,3,1,5,0,0,1,1,0,0,0,0,12.33166,51.321992
13,20,5,16,9,7,2,5,1,0,0,1,0,0,0,0,1,12.385025,51.298898
13,20,5,16,14,7,2,5,3,0,0,1,0,0,0,0,1,12.449733,51.345562
13,20,5,16,22,7,3,3,6,2,0,1,1,0,0,0,0,12.370993,51.320801
13,20,5,16,23,7,2,6,4,2,0,1,0,1,0,0,0,12.42815,51.328147
13,20,5,17,2,1,3,1,1,2,0,1,1,0,0,0,0,12.415454,51.320838
13,20,5,17,19,1,2,5,3,0,0,1,1,0,0,0,0,12.329315,51.340053
13,20,5,18,8,2,3,3,2,0,0,1,1,0,0,0,0,12.381778,51.338631
13,20,5,18,17,2,3,5,3,0,0,1,0,0,0,1,0,12.351969,51.343763
13,20,5,19,13,3,2,6,4,0,0,1,0,1,0,0,0,12.41326,51.336546
13,20,5,20,8,4,3,2,6,0,0,1,0,0,0,0,0,12.37634,51.350096
13,20,5,20,14,4,3,3,6,0,0,1,0,0,0,0,1,12.368855,51.320943
13,20,5,21,10,5,2,5,3,0,0,1,1,0,0,0,0,12.407526,51.351303
13,20,5,21,15,5,3,6,7,0,0,1,0,1,0,0,0,12.30723,51.330161
13,20,5,21,19,5,3,5,3,0,0,1,1,0,0,0,0,12.333967,51.31933
13,20,5,21,20,5,3,0,1,1,0,1,0,0,0,0,0,12.317173,51.275196
13,20,5,22,1,6,3,1,1,2,0,1,1,0,0,0,0,12.410068,51.341221
13,20,5,22,1,6,3,1,6,2,0,1,1,0,0,0,0,12.410191,51.341133
13,20,5,22,7,6,3,5,3,0,0,1,1,0,0,0,0,12.395801,51.363286
13,20,5,22,10,6,1,3,2,0,0,1,1,0,0,0,0,12.481064,51.330792
13,20,5,22,14,6,3,5,3,0,0,1,1,0,0,0,0,12.372984,51.301387
13,20,5,22,15,6,3,1,5,0,0,1,1,0,0,0,0,12.337145,51.329757
13,20,5,23,18,7,3,6,6,0,0,1,0,1,0,0,0,12.369274,51.344145
13,20,5,24,11,1,3,5,3,0,0,1,1,0,0,0,0,12.357011,51.32049
13,20,5,24,20,1,3,0,1,1,1,1,0,0,0,0,0,12.40597,51.34221
13,20,5,25,15,2,3,5,2,0,0,1,1,0,0,0,0,12.451346,51.363705
13,20,5,26,8,3,2,0,1,0,0,1,0,0,0,0,1,12.34099,51.337869
13,20,5,26,8,3,3,5,3,0,0,1,1,0,0,0,0,12.376838,51.344229
13,20,5,26,15,3,3,5,3,0,0,1,1,0,0,0,0,12.365708,51.363457
13,20,5,27,7,4,3,1,5,0,0,1,1,0,0,0,0,12.343604,51.319795
13,20,5,27,14,4,3,3,2,0,0,1,1,0,0,0,0,12.37371,51.331212
13,20,5,27,15,4,2,0,1,0,0,1,0,0,0,0,0,12.30908,51.331033
13,20,5,28,17,5,3,5,3,0,0,1,1,0,0,0,0,12.285846,51.33095
13,20,5,29,6,6,2,4,2,0,0,1,1,0,0,0,0,12.378672,51.366448
13,20,5,29,7,6,3,3,2,0,0,1,1,0,0,0,0,12.421614,51.343743
13,20,5,29,10,6,3,5,2,0,0,1,1,0,0,0,0,12.328494,51.336701
13,20,5,29,11,6,3,5,3,0,0,1,1,0,0,0,0,12.331443,51.349645
13,20,5,29,15,6,3,3,5,0,0,1,1,0,0,0,0,12.292354,51.356751
13,20,5,29,17,6,3,0,1,0,0,1,0,0,0,0,0,12.385966,51.363596
13,20,5,30,12,7,3,0,1,0,0,1,0,0,0,0,0,12.369137,51.356706
13,20,5,30,17,7,3,5,3,0,0,1,1,0,0,0,0,12.377569,51.357758
13,20,5,30,19,7,3,3,6,0,0,1,1,0,0,0,0,12.411943,51.314637
13,20,5,30,22,7,3,0,1,2,0,1,0,0,0,0,0,12.422412,51.351713
13,20,6,2,5,3,3,4,2,0,0,1,1,0,0,0,0,12.3588,51.365219
13,20,6,2,7,3,3,5,2,0,0,1,0,0,0,0,1,12.35768,51.341811
13,20,6,2,8,3,3,5,2,0,0,1,0,0,0,0,0,12.376729,51.34305
13,20,6,2,15,3,3,5,2,0,0,1,1,0,0,0,0,12.461039,51.36743
13,20,6,2,16,3,3,5,3,0,0,1,1,0,0,0,0,12.430333,51.349952
13,20,6,2,18,3,2,1,1,0,0,1,1,0,0,0,0,12.378906,51.325103
13,20,6,3,9,4,3,5,3,0,0,1,1,0,0,0,0,12.332949,51.338683
13,20,6,3,18,4,3,0,3,0,1,1,1,0,0,0,0,12.338104,51.327182
13,20,6,3,19,4,3,5,3,0,1,1,1,0,0,0,0,12.26797,51.356204
13,20,6,3,19,4,3,0,7,0,1,1,0,1,0,0,0,12.276705,51.381155
13,20,6,3,22,4,3,4,1,2,0,1,0,0,1,0,0,12.314981,51.308162
13,20,6,4,9,5,1,0,1,0,0,1,0,0,0,0,0,12.293009,51.359322
13,20,6,4,17,5,3,1,7,0,0,1,1,0,0,0,0,12.329772,51.366398
13,20,6,4,17,5,3,5,2,0,0,1,1,0,0,0,0,12.421674,51.332556
13,20,6,5,5,6,2,5,3,1,1,1,1,0,0,0,0,12.408662,51.359997
13,20,6,5,12,6,3,5,2,0,0,1,1,0,0,0,0,12.39131,51.346402
13,20,6,5,18,6,3,8,7,0,0,1,1,0,0,0,0,12.332937,51.322237
13,20,6,6,18,7,3,5,3,0,0,1,1,0,0,0,0,12.430384,51.321774
13,20,6,7,16,1,3,5,2,0,0,1,1,0,0,0,0,12.373639,51.330514
13,20,6,7,19,1,2,5,2,0,0,1,1,0,0,0,0,12.396075,51.310155
13,20,6,8,7,2,2,5,3,0,0,1,1,0,0,0,0,12.263067,51.34458
13,20,6,8,13,2,3,5,7,0,0,1,0,0,0,0,0,12.334241,51.319324
13,20,6,8,15,2,3,5,3,0,0,1,1,0,0,0,0,12.287729,51.357251
13,20,6,8,18,2,3,5,2,0,0,1,1,0,0,0,0,12.394946,51.338973
13,20,6,9,14,3,3,5,3,0,0,1,0,0,0,0,0,12.448525,51.390491
13,20,6,9,15,3,3,9,6,0,0,1,0,0,0,0,1,12.337536,51.396578
13,20,6,9,16,3,3,5,3,0,0,1,1,0,0,0,0,12.285802,51.330931
13,20,6,10,13,4,3,1,5,0,0,1,1,0,0,0,0,12.343097,51.328645
13,20,6,10,14,4,3,1,6,0,1,1,0,0,0,0,0,12.347264,51.339703
13,20,6,11,6,5,3,3,6,0,0,1,1,0,0,0,0,12.314459,51.348846
13,20,6,11,16,5,3,0,1,0,0,1,0,0,0,0,0,12.294541,51.358789
13,20,6,12,6,6,3,4,6,0,0,1,0,0,0,0,0,12.399599,51.352303
13,20,6,12,13,6,3,5,3,0,0,1,1,0,0,0,0,12.323089,51.338722
13,20,6,12,14,6,3,5,2,0,0,1,1,0,0,0,1,12.405853,51.344684
13,20,6,12,18,6,3,3,6,0,0,1,1,0,0,0,0,12.373333,51.311907
13,20,6,12,20,6,3,3,7,1,0,1,1,0,0,0,0,12.404735,51.345594
13,20,6,13,9,7,3,1,7,0,0,1,1,0,0,0,0,12.350392,51.335445
13,20,6,13,18,7,2,3,2,0,0,1,0,0,0,0,0,12.326987,51.29817
13,20,6,14,10,1,3,5,3,0,0,1,1,0,0,0,0,12.428661,51.3211
13,20,6,14,18,1,3,5,2,0,0,1,1,0,0,0,0,12.384897,51.338142
13,20,6,14,20,1,3,0,1,0,1,1,1,0,0,0,0,12.36509,51.361258
13,20,6,15,10,2,3,5,2,0,0,1,1,0,0,0,0,12.379333,51.343387
13,20,6,15,13,2,3,5,3,0,0,1,1,0,0,0,0,12.359284,51.337335
13,20,6,15,15,2,3,6,4,0,0,1,0,1,0,0,0,12.373451,51.31571
13,20,6,16,8,3,3,1,6,0,0,1,1,0,0,0,0,12.363451,51.362757
13,20,6,16,14,3,3,5,2,0,0,1,1,0,0,0,0,12.309207,51.32806
13,20,6,16,15,3,2,1,7,0,0,1,1,0,0,0,0,12.425204,51.343042
13,20,6,17,7,4,3,5,3,0,0,1,1,0,0,0,0,12.412474,51.317342
13,20,6,17,9,4,3,5,3,0,0,1,1,0,0,0,0,12.394684,51.318556
13,20,6,17,10,4,3,5,2,0,0,1,1,0,0,0,0,12.373638,51.330514
13,20,6,17,11,4,3,5,3,0,0,1,1,0,0,0,0,12.396467,51.309601
13,20,6,17,15,4,2,5,2,0,0,1,0,0,0,0,0,12.354877,51.33047
13,20,6,17,15,4,3,5,3,0,0,1,1,0,0,0,0,12.404969,51.336032
13,20,6,17,20,4,3,5,3,0,0,1,1,0,0,0,0,12.389913,51.346562
13,20,6,18,19,5,3,5,3,0,0,1,1,0,0,0,0,12.372986,51.30139
13,20,6,19,10,6,3,5,2,0,1,1,1,0,0,0,0,12.412026,51.314568
13,20,6,19,11,6,3,5,2,0,1,1,1,0,0,0,0,12.403272,51.338668
13,20,6,19,12,6,2,0,1,0,1,1,0,0,0,0,0,12.38946,51.291592
13,20,6,19,16,6,3,5,3,0,0,1,1,0,0,0,0,12.263064,51.344593
13,20,6,20,11,7,3,5,3,0,0,1,0,0,1,0,0,12.341202,51.325763
13,20,6,21,16,1,3,5,3,0,0,1,1,0,0,0,0,12.417094,51.344988
13,20,6,22,6,2,3,5,2,0,0,1,1,0,0,0,0,12.350527,51.332643
13,20,6,22,10,2,3,3,6,0,0,1,1,0,0,0,0,12.340876,51.318605
13,20,6,22,10,2,3,1,6,0,0,1,1,0,0,0,0,12.361607,51.363357
13,20,6,22,12,2,1,5,2,0,0,1,0,0,0,1,0,12.39456,51.314541
13,20,6,22,16,2,3,5,3,0,0,1,0,0,0,0,1,12.356212,51.355547
13,20,6,22,18,2,3,5,3,0,0,1,1,0,0,0,0,12.411599,51.34257
13,20,6,23,12,3,3,3,2,0,0,1,0,0,0,0,0,12.356072,51.341462
13,20,6,23,13,3,2,5,2,0,0,1,1,0,0,0,0,12.417447,51.316092
13,20,6,23,15,3,3,3,6,0,0,1,0,0,0,0,1,12.392818,51.348594
13,20,6,23,19,3,3,5,3,0,0,1,0,0,1,0,0,12.323089,51.327117
13,20,6,24,8,4,3,5,2,0,0,1,1,0,0,0,0,12.411543,51.342145
13,20,6,24,10,4,3,5,3,0,0,1,1,0,0,0,0,12.389899,51.346562
13,20,6,24,14,4,3,3,6,0,0,1,0,0,0,0,0,12.319881,51.344574
13,20,6,24,14,4,2,5,3,0,0,1,1,0,0,0,0,12.427281,51.295039
13,20,6,25,7,5,3,2,2,0,0,1,1,0,0,0,0,12.422259,51.351679
13,20,6,25,8,5,3,5,3,0,0,1,1,0,0,0,0,12.327646,51.326707
13,20,6,25,8,5,3,0,7,0,1,1,0,0,0,0,0,12.345684,51.327527
13,20,6,25,8,5,3,1,5,0,0,1,1,0,0,0,0,12.360777,51.341798
13,20,6,25,14,5,3,5,3,0,0,1,0,0,0,0,1,12.408699,51.359998
13,20,6,25,15,5,3,5,3,0,0,1,1,0,0,0,0,12.321815,51.328856
13,20,6,25,17,5,3,4,6,0,0,1,1,0,0,0,0,12.408038,51.344546
13,20,6,25,19,5,3,1,5,0,0,1,1,0,0,0,0,12.372484,51.332851
13,20,6,25,20,5,3,5,3,0,0,1,1,0,0,0,0,12.27761,51.314265
13,20,6,25,21,5,3,0,1,1,0,1,0,0,0,0,0,12.373646,51.333046
13,20,6,26,10,6,3,5,3,0,0,1,1,0,0,0,0,12.326548,51.308167
13,20,6,26,10,6,3,5,2,0,0,1,1,0,0,0,0,12.364187,51.344443
13,20,6,26,10,6,3,3,3,0,0,1,1,0,0,0,0,12.37502,51.314938
13,20,6,26,11,6,3,5,3,0,0,1,1,0,0,0,0,12.285814,51.330936
13,20,6,26,17,6,3,5,2,0,0,1,1,0,0,0,0,12.358017,51.33536
13,20,6,26,19,6,2,3,2,0,0,1,1,0,0,0,0,12.374118,51.303343
13,20,6,26,23,6,3,2,6,2,0,1,0,0,0,0,0,12.333266,51.297233
13,20,6,27,10,7,3,5,3,0,0,1,1,0,0,0,0,12.439138,51.352125
13,20,6,27,16,7,3,5,3,0,0,1,1,0,0,0,0,12.384968,51.298891
13,20,6,29,10,2,3,7,7,0,0,1,0,0,0,0,0,12.378485,51.307776
13,20,6,29,12,2,3,5,3,0,0,1,1,0,0,0,0,12.368696,51.357268
13,20,6,29,14,2,3,5,3,0,0,1,1,0,0,0,0,12.305027,51.41286
13,20,6,29,15,2,2,3,2,0,0,1,0,0,0,1,0,12.393792,51.351305
13,20,6,29,17,2,3,3,2,0,0,1,1,0,0,0,0,12.336952,51.329451
13,20,6,30,6,3,3,5,2,0,0,1,1,0,0,0,0,12.329204,51.335564
13,20,6,30,8,3,3,5,3,0,0,1,0,0,0,0,0,12.401555,51.347125
13,20,6,30,12,3,2,0,1,0,0,1,0,0,0,0,0,12.342727,51.350831
13,20,6,30,15,3,3,5,3,0,0,1,1,0,0,0,0,12.389334,51.291785
13,20,6,30,16,3,2,5,3,0,0,1,1,0,0,0,0,12.369154,51.341714
13,20,6,30,16,3,3,1,5,0,0,1,1,0,0,0,0,12.376833,51.343016
13,20,6,30,18,3,3,5,3,0,0,1,1,0,0,0,0,12.446017,51.346178
13,20,7,1,16,4,3,5,2,0,0,1,0,0,0,0,1,12.303124,51.314391
13,20,7,1,18,4,3,5,3,0,0,1,1,0,0,0,0,12.41529,51.316622
13,20,7,2,9,5,3,5,3,0,0,1,1,0,0,0,0,12.34489,51.339194
13,20,7,2,13,5,2,0,1,0,0,1,0,0,0,0,0,12.378702,51.345711
13,20,7,2,14,5,3,3,2,0,0,1,1,0,0,0,0,12.395033,51.332128
13,20,7,2,15,5,3,1,1,0,0,1,1,0,0,0,0,12.287896,51.312642
13,20,7,2,17,5,3,6,6,0,0,1,0,1,0,0,0,12.37183,51.362114
13,20,7,2,20,5,2,7,7,0,0,1,0,0,0,0,0,12.394159,51.350425
13,20,7,2,20,5,3,5,2,1,1,1,1,0,0,0,0,12.396291,51.307881
13,20,7,3,17,6,3,0,1,0,0,1,0,0,0,0,0,12.416651,51.323709
13,20,7,3,19,6,3,0,1,0,0,1,0,0,0,0,0,12.319932,51.330347
13,20,7,3,21,6,3,5,5,1,0,1,1,0,0,0,0,12.343386,51.324495
13,20,7,4,6,7,2,0,7,0,0,1,0,0,0,0,0,12.328958,51.330118
13,20,7,4,17,7,3,3,6,0,0,1,1,0,0,0,0,12.41248,51.34352
13,20,7,5,18,1,3,0,7,0,0,1,0,0,0,0,0,12.380651,51.371558
13,20,7,5,23,1,2,0,1,2,0,1,0,0,0,0,0,12.374566,51.339294
13,20,7,6,7,2,3,3,6,0,0,1,1,0,0,0,0,12.37634,51.348402
13,20,7,6,9,2,3,3,2,0,0,1,0,0,0,0,1,12.376615,51.346005
13,20,7,6,14,2,3,3,6,0,0,1,1,0,0,0,0,12.438477,51.380142
13,20,7,7,10,3,3,5,3,0,0,1,0,0,0,0,1,12.265912,51.307297
13,20,7,7,14,3,3,5,3,0,0,1,1,0,0,0,0,12.353995,51.350911
13,20,7,7,15,3,3,1,5,0,0,1,1,0,0,0,0,12.376558,51.369672
13,20,7,7,16,3,3,1,5,0,0,1,1,0,0,0,0,12.398657,51.332463
13,20,7,8,18,4,3,5,3,0,0,1,1,0,0,0,0,12.36855,51.317831
13,20,7,8,20,4,3,4,6,0,1,1,0,0,0,0,0,12.380625,51.344044
13,20,7,9,7,5,3,6,4,0,1,1,0,1,0,0,0,12.373203,51.310765
13,20,7,9,10,5,3,6,4,0,1,1,0,1,0,0,0,12.39037,51.324746
13,20,7,9,11,5,2,6,4,0,1,1,0,1,0,0,0,12.383226,51.342989
13,20,7,9,12,5,3,5,2,0,0,1,1,0,0,0,0,12.365247,51.323621
13,20,7,9,13,5,3,5,3,0,0,1,1,0,0,0,0,12.435808,51.297167
13,20,7,9,17,5,3,5,3,0,0,1,1,0,0,0,0,12.323715,51.327063
13,20,7,9,18,5,3,5,2,0,0,1,1,0,0,0,0,12.41356,51.33877
13,20,7,9,20,5,3,1,5,0,0,1,0,0,0,0,1,12.331039,51.320069
13,20,7,10,12,6,3,5,2,0,0,1,1,0,0,0,0,12.341722,51.318565
13,20,7,12,9,1,3,5,3,0,0,1,1,0,0,0,0,12.372984,51.301386
13,20,7,12,21,1,3,1,1,2,0,1,1,0,0,0,0,12.430255,51.343509
13,20,7,13,11,2,3,0,1,0,0,1,0,0,0,0,0,12.385929,51.364296
13,20,7,13,12,2,3,1,5,0,0,1,1,0,0,0,0,12.376025,51.318581
13,20,7,13,17,2,3,5,2,0,0,1,1,0,0,0,0,12.407387,51.325982
13,20,7,13,19,2,3,5,2,0,0,1,1,0,0,0,0,12.392544,51.287339
13,20,7,14,7,3,3,5,3,0,0,1,1,0,0,0,0,12.378042,51.337119
13,20,7,14,9,3,3,2,6,0,0,1,1,0,0,0,0,12.373799,51.32071
13,20,7,14,12,3,2,1,5,0,0,1,1,0,0,0,0,12.366993,51.328842
13,20,7,14,21,3,3,0,6,1,0,1,0,0,0,0,0,12.39358,51.344346
13,20,7,15,15,4,3,5,3,0,0,1,1,0,0,0,0,12.328751,51.31732
13,20,7,15,17,4,3,2,7,0,1,1,1,0,0,0,0,12.357247,51.345486
13,20,7,15,22,4,3,5,3,2,1,1,0,0,1,0,0,12.377094,51.357022
13,20,7,16,11,5,1,5,3,0,0,1,0,0,0,0,1,12.314422,51.330277
13,20,7,16,12,5,3,1,5,0,0,1,1,0,0,0,0,12.396581,51.34603
13,20,7,16,13,5,3,4,6,0,0,1,0,0,0,0,0,12.373744,51.343133
13,20,7,16,15,5,3,5,2,0,0,1,1,0,0,0,0,12.425667,51.304047
13,20,7,16,17,5,3,6,4,0,0,1,0,1,0,0,0,12.379599,51.314943
13,20,7,17,7,6,3,0,1,0,0,1,0,0,0,0,0,12.419636,51.348153
13,20,7,17,9,6,3,5,3,0,0,1,1,0,0,0,0,12.376785,51.320517
13,20,7,18,0,7,3,5,3,2,0,1,1,0,0,0,0,12.339437,51.335314
13,20,7,18,15,7,3,0,3,0,0,1,1,0,0,0,0,12.337435,51.332427
13,20,7,18,15,7,3,5,2,0,0,1,1,0,0,0,0,12.369367,51.344163
13,20,7,19,17,1,3,4,6,0,0,1,0,0,0,0,0,12.338078,51.395399
13,20,7,19,21,1,3,5,2,2,0,1,1,0,0,0,0,12.411943,51.353002
13,20,7,20,14,2,3,3,6,0,0,1,0,0,0,0,0,12.378282,51.375676
13,20,7,20,15,2,3,3,2,0,0,1,1,0,0,0,0,12.355457,51.381263
13,20,7,21,10,3,3,6,4,0,0,1,0,1,0,0,0,12.378817,51.343557
13,20,7,21,10,3,2,1,5,0,0,1,1,0,0,0,0,12.444501,51.326486
13,20,7,21,11,3,1,5,2,0,0,1,0,0,0,1,0,12.290393,51.392831
13,20,7,21,15,3,3,5,3,0,0,1,1,0,0,0,0,12.423298,51.314637
13,20,7,21,17,3,3,3,2,0,0,1,1,0,0,0,0,12.411422,51.342162
13,20,7,21,20,3,3,5,3,0,0,1,1,0,0,0,0,12.426877,51.299497
13,20,7,22,16,4,3,5,3,0,0,1,1,0,0,0,0,12.400151,51.319016
13,20,7,23,17,5,3,3,6,0,0,1,1,0,0,0,0,12.343172,51.32278
13,20,7,24,15,6,3,6,3,0,0,1,0,1,0,0,0,12.375868,51.307684
13,20,7,24,18,6,3,5,3,0,0,1,1,0,0,0,0,12.389613,51.321769
13,20,7,24,19,6,2,1,2,1,0,1,1,0,0,0,0,12.422257,51.351678
13,20,7,24,22,6,3,6,4,2,0,1,0,1,0,0,0,12.41087,51.344519
13,20,7,25,23,7,3,0,1,2,0,1,0,0,0,0,0,12.325604,51.312606
13,20,7,26,0,1,3,0,1,2,0,1,0,0,0,0,0,12.392081,51.346475
13,20,7,27,7,2,3,5,3,0,0,1,1,0,0,0,0,12.373231,51.314802
13,20,7,27,7,2,3,3,2,0,0,1,1,0,0,0,0,12.3872,51.326815
13,20,7,27,7,2,3,5,3,0,0,1,1,0,0,0,0,12.407566,51.351298
13,20,7,27,16,2,3,5,3,0,0,1,1,0,0,0,0,12.385773,51.37263
13,20,7,28,8,3,3,3,5,0,0,1,1,0,0,0,0,12.376114,51.330931
13,20,7,28,10,3,3,0,1,0,0,1,0,0,0,0,0,12.279379,51.311129
13,20,7,28,10,3,3,3,2,0,0,1,1,0,0,0,0,12.408261,51.340016
13,20,7,29,5,4,3,5,3,0,0,1,1,0,0,0,0,12.390556,51.386004
13,20,7,29,6,4,3,6,4,0,0,1,0,1,0,0,0,12.399767,51.398985
13,20,7,29,7,4,3,5,2,0,0,1,1,0,0,0,0,12.381605,51.331758
13,20,7,29,10,4,3,3,5,0,0,1,1,0,0,0,0,12.411158,51.342672
13,20,7,29,11,4,3,5,3,0,0,1,0,0,0,0,1,12.407726,51.356205
13,20,7,29,14,4,3,3,5,0,0,1,1,0,0,0,0,12.322164,51.342834
13,20,7,29,17,4,2,5,3,0,0,1,1,0,0,0,0,12.378522,51.336129
13,20,7,29,18,4,3,5,3,0,0,1,0,0,0,0,0,12.350093,51.364114
13,20,7,30,7,5,3,5,3,0,0,1,1,0,0,0,0,12.365525,51.339582
13,20,7,30,10,5,3,1,5,0,0,1,1,0,0,0,0,12.442966,51.331404
13,20,7,30,15,5,2,3,6,0,0,1,1,0,0,0,0,12.408441,51.337631
13,20,7,30,16,5,3,2,6,0,0,1,0,0,0,0,0,12.364156,51.371803
13,20,7,30,23,5,3,3,6,2,0,1,0,0,0,0,1,12.373609,51.314929
13,20,7,31,10,6,3,3,2,0,0,1,0,0,0,0,0,12.380944,51.34205
13,20,7,31,23,6,3,0,7,2,0,1,1,0,0,0,0,12.329987,51.330397
13,20,8,1,6,7,3,3,2,0,0,1,1,0,0,0,0,12.479194,51.345778
13,20,8,2,14,1,3,1,5,0,0,1,1,0,0,0,0,12.378013,51.368485
13,20,8,3,14,2,3,5,3,0,0,1,1,0,0,0,0,12.392052,51.338793
13,20,8,3,18,2,3,1,5,0,0,1,1,0,0,0,0,12.376741,51.375004
13,20,8,4,9,3,3,3,2,0,0,1,1,0,0,0,0,12.383908,51.380607
13,20,8,4,10,3,3,5,3,0,0,1,1,0,0,0,0,12.404965,51.336033
13,20,8,4,11,3,3,5,2,0,0,1,1,0,0,0,0,12.356982,51.336115
13,20,8,4,11,3,3,0,1,0,0,1,0,0,0,0,0,12.429004,51.344053
13,20,8,4,14,3,3,5,2,0,0,1,1,0,0,0,0,12.408199,51.335566
13,20,8,4,19,3,3,5,7,0,0,1,1,0,0,0,0,12.437012,51.327893
13,20,8,5,16,4,2,6,6,0,0,1,0,1,0,0,0,12.347548,51.328809
13,20,8,5,16,4,3,5,3,0,0,1,1,0,0,0,0,12.367588,51.331386
13,20,8,5,19,4,3,0,7,0,0,1,0,0,0,0,0,12.361561,51.338502
13,20,8,6,12,5,3,0,1,0,0,1,0,0,0,0,0,12.420829,51.319344
13,20,8,6,15,5,3,6,6,0,0,1,0,1,0,0,0,12.405571,51.3311
13,20,8,6,16,5,3,5,3,0,0,1,1,0,0,0,1,12.384105,51.361313
13,20,8,7,8,6,3,5,2,0,0,1,1,0,0,0,0,12.260849,51.316057
13,20,8,7,10,6,3,3,6,0,0,1,0,0,0,0,0,12.383332,51.328642
13,20,8,7,19,6,3,5,3,1,0,1,1,0,0,0,0,12.432697,51.32001
13,20,8,7,20,6,3,5,2,2,0,1,1,0,0,0,0,12.395298,51.332108
13,20,8,8,10,7,3,5,2,0,0,1,1,0,0,0,0,12.373729,51.331779
13,20,8,8,12,7,3,5,3,0,0,1,1,0,0,0,0,12.263554,51.324328
13,20,8,8,21,7,3,0,7,2,0,1,0,0,0,0,0,12.373664,51.332861
13,20,8,10,9,2,3,3,7,0,0,1,0,0,0,0,1,12.392311,51.305972
13,20,8,10,11,2,3,5,3,0,0,1,1,0,0,0,0,12.36774,51.358472
13,20,8,10,13,2,3,5,2,0,0,1,0,0,0,1,0,12.3358,51.327618
13,20,8,10,13,2,3,1,5,0,0,1,1,0,0,0,0,12.378481,51.321113
13,20,8,10,19,2,3,0,7,0,0,1,0,0,0,0,0,12.394124,51.336057
13,20,8,10,22,2,3,5,3,2,0,1,1,0,0,0,0,12.374522,51.335831
13,20,8,11,6,3,3,3,2,0,0,1,1,0,0,0,0,12.392579,51.348435
13,20,8,11,7,3,3,5,3,0,0,1,0,0,0,0,0,12.408918,51.387312
13,20,8,11,16,3,3,5,2,0,0,1,1,0,0,0,0,12.408572,51.352029
13,20,8,11,17,3,3,5,3,0,0,1,1,0,0,0,0,12.26397,51.316513
13,20,8,11,18,3,3,5,3,0,0,1,1,0,0,0,0,12.374141,51.303608
13,20,8,12,5,4,3,4,6,0,0,1,0,0,0,0,0,12.327741,51.299557
13,20,8,12,7,4,3,5,3,0,0,1,1,0,0,0,0,12.344842,51.339183
13,20,8,12,8,4,3,5,3,0,0,1,1,0,0,0,0,12.370824,51.336353
13,20,8,12,13,4,2,5,3,0,0,1,1,0,0,0,0,12.38493,51.378819
13,20,8,12,14,4,3,3,2,0,0,1,1,0,0,0,0,12.353563,51.340898
13,20,8,13,9,5,3,1,3,0,0,1,1,0,0,0,0,12.263143,51.313397
13,20,8,13,12,5,3,0,7,0,0,1,0,0,0,0,0,12.278607,51.317239
13,20,8,13,15,5,3,5,1,0,0,1,1,0,0,0,0,12.389626,51.34645
13,20,8,13,20,5,3,5,3,1,1,1,0,0,1,0,0,12.337479,51.331055
13,20,8,14,14,6,3,5,2,0,0,1,1,0,0,0,0,12.318417,51.331529
13,20,8,14,21,6,3,5,3,2,1,1,1,0,0,0,0,12.47943,51.350605
13,20,8,15,13,7,3,3,6,0,0,1,1,0,0,0,0,12.429823,51.37938
13,20,8,15,20,7,3,5,3,0,0,1,1,0,0,0,0,12.365544,51.339617
13,20,8,17,9,2,3,1,1,0,0,1,1,0,0,0,0,12.372627,51.353721
13,20,8,17,16,2,3,4,6,0,0,1,0,0,0,0,0,12.34471,51.323757
13,20,8,17,18,2,3,1,5,0,0,1,0,0,0,0,1,12.358569,51.364401
13,20,8,18,1,3,3,3,7,2,0,1,1,0,0,0,0,12.376688,51.355969
13,20,8,18,8,3,2,5,3,0,0,1,0,0,0,0,0,12.280747,51.312554
13,20,8,18,13,3,3,5,2,0,1,1,1,0,0,0,0,12.38168,51.331775
13,20,8,18,16,3,3,5,3,0,0,1,1,0,0,0,0,12.399707,51.400722
13,20,8,19,10,4,3,3,2,0,0,1,1,0,0,0,0,12.368592,51.317851
13,20,8,19,11,4,2,3,5,0,0,1,1,0,0,0,0,12.2586,51.344038
13,20,8,19,13,4,3,0,1,0,0,1,0,0,0,0,0,12.3709,51.292149
13,20,8,19,13,4,3,6,6,0,0,1,0,1,0,0,0,12.4068,51.318999
13,20,8,19,14,4,3,0,1,0,0,1,0,0,1,0,0,12.380696,51.341398
13,20,8,19,16,4,3,0,1,0,0,1,0,0,0,0,0,12.270069,51.312677
13,20,8,19,21,4,3,5,3,2,0,1,1,0,0,0,0,12.344386,51.332212
13,20,8,20,0,5,2,0,1,2,0,1,0,0,0,0,0,12.384962,51.298891
13,20,8,20,12,5,3,5,3,0,0,1,1,0,0,0,0,12.373334,51.392006