UKREIS,UJAHR,UMONAT,UTAG,USTUNDE,UWOCHENTAG,UKATEGORIE,UART,UTYP,LICHT,USTRZUSTAND,IstRad,IstPKW,IstFuss,IstKrad,IstGkfz,IstSonstige,@lon,@lat
13,20,8,20,12,5,3,5,3,0,0,1,1,0,1,0,0,12.404136,51.319028
13,20,8,20,18,5,3,5,2,0,0,1,1,0,0,0,0,12.437438,51.350977
13,20,8,21,17,6,3,5,2,0,0,1,0,0,0,0,1,12.361179,51.374094
13,20,8,21,17,6,2,5,3,0,0,1,1,0,0,0,0,12.455076,51.3504
13,20,8,21,18,6,3,5,3,0,0,1,1,0,0,0,0,12.376753,51.320542
13,20,8,23,23,1,3,0,7,2,0,1,0,0,0,0,0,12.303142,51.35312
13,20,8,24,15,2,3,0,1,0,0,1,0,0,0,0,0,12.374118,51.303343
13,20,8,24,16,2,3,5,3,0,0,1,1,0,0,0,0,12.398324,51.339218
13,20,8,24,17,2,3,3,6,0,0,1,1,0,0,0,0,12.332253,51.32273
13,20,8,24,17,2,3,6,6,0,0,1,0,1,0,0,0,12.388504,51.346341
13,20,8,24,18,2,3,0,1,0,0,1,0,0,0,0,0,12.374118,51.303343
13,20,8,24,19,2,3,5,3,0,0,1,1,0,0,0,0,12.342683,51.332277
13,20,8,24,23,2,2,5,3,2,0,1,0,0,0,0,1,12.421264,51.353014
13,20,8,25,9,3,2,5,3,0,0,1,1,0,0,0,0,12.308362,51.274017
13,20,8,25,10,3,3,5,3,0,0,1,1,0,0,0,0,12.347367,51.350491
13,20,8,26,14,4,3,5,3,0,0,1,1,0,0,0,0,12.372729,51.35364
13,20,8,26,15,4,3,4,2,0,0,1,1,0,0,0,0,12.369367,51.344163
13,20,8,26,17,4,3,5,6,0,0,1,0,0,0,0,0,12.372562,51.344074
13,20,8,27,16,5,3,5,3,0,0,1,1,0,0,0,0,12.407628,51.339306
13,20,8,27,17,5,3,2,7,0,0,1,1,0,0,0,0,12.371717,51.395454
13,20,8,27,17,5,3,6,4,0,0,1,0,1,0,0,0,12.408593,51.346727
13,20,8,28,7,6,3,4,2,0,1,1,1,0,0,0,0,12.327172,51.329637
13,20,8,28,7,6,3,5,3,0,1,1,1,0,0,0,0,12.395238,51.312905
13,20,8,28,13,6,3,5,3,0,0,1,1,0,0,0,0,12.307038,51.323066
13,20,8,29,2,7,2,0,7,2,0,1,0,0,0,0,0,12.349911,51.332306
13,20,8,31,10,2,3,5,3,0,0,1,1,0,0,0,0,12.304847,51.313438
13,20,8,31,14,2,3,2,2,0,0,1,1,0,0,0,0,12.37694,51.343762
13,20,8,31,16,2,2,0,1,0,1,1,0,0,0,0,0,12.406231,51.341444
13,20,8,31,17,2,3,5,3,0,1,1,1,0,0,0,0,12.362689,51.333409
13,20,9,1,10,3,2,0,7,0,0,1,0,0,0,0,0,12.369269,51.322253
13,20,9,1,12,3,3,5,2,0,0,1,1,0,0,0,0,12.385049,51.338303
13,20,9,1,13,3,2,5,3,0,0,1,1,0,0,0,0,12.448344,51.383012
13,20,9,2,8,4,3,5,2,0,0,1,1,0,0,0,0,12.31777,51.350119
13,20,9,2,14,4,3,5,3,0,0,1,0,0,0,0,0,12.424067,51.319967
13,20,9,2,17,4,3,0,1,0,0,1,0,0,0,0,0,12.346373,51.328808
13,20,9,3,9,5,3,5,3,0,0,1,1,0,0,0,0,12.36348,51.362863
13,20,9,3,15,5,3,5,2,0,0,1,1,0,0,0,0,12.321909,51.35004
13,20,9,3,16,5,3,5,2,0,0,1,1,0,0,0,0,12.460835,51.367256
13,20,9,4,2,6,3,0,7,2,1,1,0,0,0,0,0,12.334261,51.319307
13,20,9,4,6,6,3,5,3,1,0,1,1,0,0,0,0,12.386788,51.359068
13,20,9,4,6,6,3,5,3,0,0,1,1,0,0,0,0,12.391343,51.346399
13,20,9,4,9,6,3,5,3,0,0,1,1,0,0,0,0,12.370824,51.336353
13,20,9,4,10,6,3,5,3,0,0,1,1,0,0,0,0,12.36376,51.337697
13,20,9,4,13,6,2,0,1,0,0,1,0,0,0,0,0,12.370436,51.361137
13,20,9,4,14,6,3,3,2,0,0,1,1,0,0,0,0,12.382079,51.332573
13,20,9,4,22,6,3,5,2,2,0,1,1,0,0,0,0,12.362659,51.321043
13,20,9,5,14,7,3,5,2,0,0,1,1,0,0,0,0,12.374052,51.334244
13,20,9,7,5,2,3,5,2,1,0,1,1,0,0,0,0,12.378959,51.345124
13,20,9,7,7,2,3,3,6,0,0,1,1,0,0,0,0,12.355867,51.370166
13,20,9,7,14,2,2,0,7,0,0,1,0,0,0,0,0,12.385007,51.338305
13,20,9,7,16,2,3,5,3,0,0,1,0,0,0,0,1,12.384355,51.360156
13,20,9,7,18,2,3,3,5,0,0,1,1,0,0,0,0,12.336147,51.330283
13,20,9,7,18,2,3,5,3,0,0,1,1,0,0,0,0,12.365634,51.339576
13,20,9,8,18,3,3,1,5,0,0,1,1,0,0,0,0,12.367457,51.362106
13,20,9,9,7,4,3,5,2,0,0,1,0,0,0,0,1,12.300214,51.350844
13,20,9,9,8,4,3,5,2,0,0,1,1,0,0,0,0,12.30153,51.315206
13,20,9,9,12,4,3,5,2,0,0,1,1,0,0,0,0,12.387164,51.326839
13,20,9,9,14,4,3,3,2,0,0,1,1,0,0,0,0,12.335818,51.327643
13,20,9,9,21,4,3,3,5,2,0,1,1,0,0,0,0,12.402021,51.332347
13,20,9,10,6,5,3,3,6,1,0,1,1,0,0,0,0,12.396465,51.306055
13,20,9,10,10,5,3,5,3,0,0,1,0,0,0,0,1,12.367408,51.332009
13,20,9,10,14,5,3,2,6,0,0,1,1,0,0,0,0,12.277437,51.40177
13,20,9,10,16,5,3,5,3,0,0,1,1,0,0,0,0,12.282283,51.309661
13,20,9,10,16,5,3,5,3,0,0,1,0,0,0,0,1,12.453542,51.354702
13,20,9,10,22,5,2,4,6,2,0,1,0,0,0,0,0,12.373662,51.332882
13,20,9,11,3,6,3,0,7,2,0,1,0,0,0,0,0,12.353879,51.33021
13,20,9,11,16,6,3,0,7,0,0,1,0,0,0,0,0,12.399386,51.299849
13,20,9,11,18,6,3,5,3,0,0,1,1,0,0,0,0,12.374633,51.34798
13,20,9,11,19,6,3,0,7,2,0,1,0,0,0,0,0,12.343702,51.338934
13,20,9,12,12,7,3,5,2,0,0,1,1,0,0,0,0,12.395821,51.314469
13,20,9,12,18,7,3,5,2,0,0,1,0,0,0,0,0,12.429483,51.28677
13,20,9,12,21,7,3,5,3,2,0,1,1,0,0,0,0,12.376545,51.350422
13,20,9,14,8,2,2,2,6,0,0,1,0,0,0,0,1,12.395313,51.31258
13,20,9,14,16,2,3,1,5,0,0,1,1,0,0,0,0,12.373208,51.308516
13,20,9,14,16,2,3,5,3,0,0,1,1,0,0,0,0,12.439182,51.357933
13,20,9,14,22,2,3,1,7,2,0,1,1,0,0,0,0,12.448673,51.345645
13,20,9,15,5,3,2,5,3,2,0,1,1,0,0,0,0,12.407528,51.351303
13,20,9,15,9,3,3,5,2,0,0,1,1,0,0,0,0,12.414342,51.345089
13,20,9,15,19,3,3,4,6,0,0,1,0,0,0,0,1,12.308374,51.263419
13,20,9,16,8,4,3,5,2,0,0,1,1,0,0,0,0,12.26405,51.316525
13,20,9,16,10,4,3,5,2,0,0,1,1,0,0,0,0,12.378503,51.335815
13,20,9,16,13,4,3,5,3,0,0,1,0,0,0,0,0,12.376727,51.343044
13,20,9,16,15,4,3,0,7,0,0,1,0,0,0,0,0,12.373794,51.305202
13,20,9,16,17,4,3,5,3,0,0,1,1,0,0,0,0,12.328142,51.320351
13,20,9,16,17,4,3,4,2,0,0,1,1,0,0,0,0,12.363786,51.371137
13,20,9,16,19,4,3,0,1,2,0,1,0,0,0,0,0,12.340938,51.337842
13,20,9,17,7,5,3,5,3,0,0,1,0,0,0,0,1,12.325759,51.319197
13,20,9,17,8,5,3,5,3,0,0,1,1,0,0,0,0,12.384197,51.364775
13,20,9,17,15,5,3,5,3,0,0,1,1,0,0,0,0,12.367501,51.388464
13,20,9,17,16,5,3,3,6,0,0,1,1,0,0,0,0,12.417099,51.346669
13,20,9,18,6,6,3,5,3,0,0,1,1,0,0,0,0,12.37665,51.357136
13,20,9,18,10,6,3,1,1,0,0,1,1,0,0,0,0,12.404312,51.326767
13,20,9,18,11,6,3,0,7,0,0,1,0,0,0,0,0,12.369166,51.338129
13,20,9,18,15,6,2,5,2,0,0,1,1,0,0,0,0,12.363971,51.371736
13,20,9,18,15,6,3,5,3,0,0,1,1,0,0,0,0,12.386452,51.299091
13,20,9,19,11,7,3,5,2,0,0,1,1,0,0,0,0,12.263164,51.344626
13,20,9,19,15,7,3,5,3,0,0,1,1,0,0,0,0,12.338779,51.337218
13,20,9,19,15,7,3,5,7,0,0,1,1,0,0,0,0,12.369661,51.290548
13,20,9,19,18,7,3,5,2,1,0,1,1,0,0,0,0,12.331441,51.349659
13,20,9,19,18,7,3,5,2,0,0,1,1,0,0,0,0,12.40609,51.319579
13,20,9,20,15,1,3,5,3,0,0,1,1,0,0,0,0,12.364188,51.344442
13,20,9,20,18,1,2,5,3,0,0,1,1,0,0,0,0,12.399498,51.363411
13,20,9,21,18,2,3,1,3,0,0,1,1,0,0,0,0,12.400167,51.333643
13,20,9,21,20,2,3,4,6,2,0,1,1,0,0,0,0,12.377279,51.327196
13,20,9,22,12,3,3,5,3,0,0,1,1,0,0,0,0,12.309338,51.349846
13,20,9,22,12,3,3,5,2,0,0,1,1,0,0,0,0,12.381182,51.342712
13,20,9,22,13,3,3,5,2,0,0,1,1,0,0,0,0,12.333793,51.324621
13,20,9,22,14,3,3,5,3,0,0,1,1,0,0,0,0,12.401012,51.341198
13,20,9,22,16,3,3,1,5,0,0,1,1,0,0,0,0,12.427996,51.321605
13,20,9,23,12,4,3,5,3,0,0,1,1,0,0,0,0,12.391833,51.351634
13,20,9,23,15,4,3,5,3,0,0,1,1,0,0,0,0,12.395773,51.3633
13,20,9,24,9,5,3,5,3,0,0,1,0,0,0,0,1,12.262836,51.347868
13,20,9,24,12,5,3,0,1,0,0,1,0,0,0,0,0,12.37632,51.336851
13,20,9,24,20,5,3,4,2,2,0,1,1,0,0,0,0,12.316599,51.33292
13,20,9,25,5,6,3,5,2,2,1,1,1,0,0,0,0,12.392109,51.346382
13,20,9,25,12,6,3,2,6,0,0,1,0,0,0,0,0,12.305405,51.326682
13,20,9,25,17,6,3,5,3,0,0,1,0,0,0,0,1,12.373688,51.326019
13,20,9,26,10,7,3,5,2,0,1,1,1,0,0,0,0,12.373647,51.333036
13,20,9,28,18,2,3,5,3,0,0,1,1,0,0,0,0,12.423635,51.355066
13,20,9,28,19,2,3,2,6,2,0,1,0,0,0,0,0,12.247379,51.318166
13,20,9,29,6,3,3,5,3,0,0,1,1,0,0,0,0,12.421426,51.379224
13,20,9,29,9,3,3,5,3,0,0,1,1,0,0,0,0,12.372979,51.301377
13,20,9,29,14,3,3,5,3,0,0,1,1,0,0,0,0,12.279277,51.325972
13,20,9,29,14,3,3,5,3,0,0,1,1,0,0,0,0,12.342713,51.372378
13,20,9,29,14,3,3,5,2,0,0,1,1,0,0,0,0,12.398305,51.339217
13,20,9,29,17,3,3,5,3,0,0,1,1,0,0,0,0,12.397458,51.345996
13,20,9,29,18,3,3,1,3,0,0,1,1,0,0,0,0,12.406046,51.346284
13,20,9,29,19,3,3,3,5,2,0,1,1,0,0,0,0,12.371656,51.338694
13,20,9,30,7,4,3,5,3,0,0,1,1,0,0,0,0,12.377925,51.374997
13,20,9,30,18,4,3,0,7,1,0,1,1,0,0,0,0,12.378026,51.30959
13,20,10,1,7,5,3,5,2,0,0,1,1,0,0,0,0,12.386391,51.360532
13,20,10,1,17,5,2,5,3,0,0,1,0,0,0,0,1,12.372998,51.309715
13,20,10,1,18,5,3,5,3,1,0,1,1,0,0,0,0,12.373375,51.352729
13,20,10,1,18,5,3,5,3,1,0,1,1,0,0,0,0,12.412058,51.335378
13,20,10,2,10,6,3,5,3,0,0,1,1,0,0,0,0,12.252645,51.328572
13,20,10,2,13,6,3,2,6,0,0,1,1,0,0,0,0,12.328124,51.333481
13,20,10,2,16,6,2,4,2,0,0,1,1,0,0,0,0,12.390589,51.347063
13,20,10,2,18,6,3,5,3,1,0,1,1,0,0,0,0,12.343609,51.338914
13,20,10,2,19,6,3,5,2,2,0,1,1,0,0,0,0,12.405752,51.331754
13,20,10,3,11,7,3,5,3,0,0,1,1,0,0,0,0,12.34071,51.331005
13,20,10,3,17,7,3,0,7,0,0,1,0,0,0,0,1,12.406947,51.338107
13,20,10,4,17,1,3,5,3,0,0,1,1,0,0,0,0,12.361361,51.375609
13,20,10,5,6,2,3,5,3,1,1,1,1,0,0,0,0,12.393174,51.336937
13,20,10,5,16,2,3,5,3,0,0,1,1,0,0,0,0,12.326557,51.334694
13,20,10,5,16,2,3,5,3,0,0,1,1,0,0,0,0,12.394477,51.354713
13,20,10,6,20,3,3,5,2,2,1,1,1,0,0,0,0,12.314328,51.340542
13,20,10,7,9,4,3,2,2,0,0,1,1,0,0,0,0,12.343105,51.322657
13,20,10,7,11,4,3,5,3,0,0,1,1,0,0,0,0,12.263807,51.306887
13,20,10,7,16,4,3,3,6,0,1,1,1,0,0,0,0,12.407457,51.351242
13,20,10,7,17,4,3,5,3,0,1,1,1,0,0,0,0,12.355918,51.343757
13,20,10,7,23,4,3,0,1,2,1,1,0,0,0,0,0,12.377731,51.308068
13,20,10,8,9,5,3,5,2,0,0,1,1,0,0,0,0,12.37371,51.331194
13,20,10,8,10,5,3,5,3,0,0,1,0,0,0,0,1,12.393335,51.356807
13,20,10,8,14,5,3,5,2,0,0,1,1,0,0,0,0,12.320898,51.339255
13,20,10,9,7,6,2,5,2,0,1,1,1,0,0,0,0,12.323555,51.328721
13,20,10,9,11,6,2,5,3,0,1,1,1,0,0,0,0,12.372085,51.356866
13,20,10,9,14,6,2,5,3,0,1,1,1,0,0,0,0,12.371515,51.320828
13,20,10,9,21,6,3,5,3,2,1,1,1,0,0,0,0,12.372185,51.331444
13,20,10,10,4,7,2,0,7,2,1,1,0,0,0,0,1,12.387213,51.326892
13,20,10,10,15,7,3,5,3,0,0,1,1,0,0,0,0,12.385166,51.342721
13,20,10,10,16,7,3,4,2,0,0,1,1,0,0,0,0,12.394188,51.314562
13,20,10,11,19,1,3,3,5,2,1,1,1,0,0,0,0,12.404827,51.336044
13,20,10,12,10,2,3,5,3,0,1,1,1,0,0,0,0,12.262883,51.347865
13,20,10,12,14,2,3,5,3,0,0,1,1,0,0,0,0,12.305116,51.326871
13,20,10,13,12,3,3,6,7,0,0,1,0,1,0,0,0,12.363181,51.378707
13,20,10,13,12,3,3,5,2,0,0,1,1,0,0,0,0,12.382826,51.317586
13,20,10,13,15,3,2,5,3,0,0,1,1,0,0,0,0,12.305525,51.35184
13,20,10,13,17,3,3,5,2,0,0,1,1,0,0,0,0,12.371335,51.346275
13,20,10,13,20,3,3,1,5,2,0,1,1,0,0,0,0,12.397638,51.345979
13,20,10,14,18,4,3,5,2,2,1,1,1,0,0,0,0,12.42645,51.351811
13,20,10,15,6,5,3,0,7,1,1,1,0,0,0,0,0,12.314835,51.353558
13,20,10,15,7,5,3,5,2,2,1,1,1,0,0,0,0,12.387172,51.326868
13,20,10,15,8,5,3,5,3,0,1,1,1,0,0,0,1,12.308744,51.35595
13,20,10,15,11,5,3,5,2,0,1,1,1,0,0,0,0,12.38924,51.338358
13,20,10,15,15,5,3,5,3,0,1,1,1,0,0,0,0,12.30023,51.340438
13,20,10,15,16,5,3,0,1,1,1,1,0,0,0,0,0,12.343063,51.322581
13,20,10,15,16,5,3,5,3,0,0,1,1,0,0,0,0,12.441015,51.304543
13,20,10,15,17,5,3,5,2,1,1,1,1,0,0,0,0,12.321907,51.350029
13,20,10,15,19,5,2,5,3,2,1,1,1,0,0,0,0,12.376923,51.356649
13,20,10,16,5,6,3,0,1,2,1,1,0,0,0,0,0,12.349123,51.370262
13,20,10,16,15,6,3,5,3,0,1,1,1,0,0,0,0,12.331277,51.332292
13,20,10,16,19,6,3,0,7,2,1,1,0,0,0,0,0,12.377148,51.332981
13,20,10,17,0,7,3,0,7,2,1,1,0,0,0,0,0,12.373728,51.326921
13,20,10,18,16,1,3,1,5,0,0,1,1,0,0,0,0,12.315925,51.332595
13,20,10,19,11,2,3,5,3,0,0,1,1,0,0,0,0,12.372399,51.349649
13,20,10,20,8,3,3,3,7,0,0,1,1,0,0,0,0,12.431633,51.344033
13,20,10,20,15,3,3,2,6,0,0,1,1,0,0,0,0,12.381854,51.331765
13,20,10,20,16,3,3,5,7,0,0,1,1,0,0,0,0,12.39441,51.336741
13,20,10,20,22,3,3,4,6,2,1,1,0,0,0,0,0,12.421745,51.308054
13,20,10,20,22,3,3,4,6,2,0,1,0,0,0,0,1,12.430195,51.321838
13,20,10,20,23,3,3,5,2,2,1,1,1,0,0,0,0,12.419115,51.315628
13,20,10,21,7,4,3,2,2,1,1,1,1,0,0,0,0,12.333729,51.324542
13,20,10,22,8,5,3,0,1,0,0,1,0,0,0,0,0,12.414436,51.345098
13,20,10,22,17,5,3,5,2,0,0,1,0,0,0,1,0,12.309223,51.328047
13,20,10,23,21,6,3,0,7,2,0,1,0,0,0,0,0,12.354745,51.350935
13,20,10,24,14,7,3,5,3,0,0,1,1,0,0,0,0,12.327366,51.373331
13,20,10,24,18,7,3,0,1,2,0,1,0,0,0,0,0,12.368453,51.337651
13,20,10,26,4,2,3,5,3,1,1,1,1,0,0,0,0,12.430848,51.362792
13,20,10,26,7,2,3,3,6,1,1,1,1,0,0,0,0,12.382406,51.303821
13,20,10,27,8,3,3,5,2,0,0,1,1,0,0,0,0,12.321815,51.328856
13,20,10,27,12,3,3,5,3,0,0,1,1,0,0,0,0,12.384858,51.37887
13,20,10,28,9,4,3,3,6,0,0,1,1,0,0,0,0,12.326875,51.341878
13,20,10,28,12,4,3,5,2,0,0,1,1,0,0,0,0,12.317116,51.331037
13,20,10,28,17,4,3,0,1,2,1,1,0,0,0,0,0,12.408379,51.336001
13,20,10,28,18,4,3,3,6,2,1,1,1,0,0,0,0,12.358894,51.342051
13,20,10,28,22,4,3,5,3,2,0,1,1,0,0,0,0,12.434344,51.32943
13,20,10,29,7,5,3,5,3,0,1,1,1,0,0,0,0,12.30769,51.311975
13,20,10,29,8,5,3,0,1,0,1,1,0,0,0,0,0,12.414368,51.345088
13,20,10,29,15,5,3,0,7,0,1,1,0,0,0,0,0,12.370558,51.376067
13,20,10,29,15,5,3,1,5,0,0,1,1,0,0,0,0,12.377015,51.336966
13,20,10,29,15,5,2,5,2,0,0,1,1,0,0,0,0,12.434455,51.32497
13,20,10,30,5,6,3,6,4,1,1,1,0,1,0,0,0,12.479219,51.344929
13,20,10,30,7,6,3,5,2,2,1,1,0,0,0,0,1,12.373702,51.332839
13,20,10,30,11,6,3,5,2,0,1,1,1,0,0,0,0,12.411163,51.3421
13,20,10,30,13,6,3,5,3,0,1,1,1,0,0,0,0,12.367743,51.358477
13,20,10,30,14,6,3,5,2,0,1,1,1,0,0,0,0,12.391979,51.346359
13,20,10,30,15,6,2,5,3,0,1,1,1,0,0,0,0,12.426674,51.343468
13,20,10,31,23,7,3,1,1,1,1,1,1,0,0,0,0,12.408246,51.351651
13,20,11,1,12,1,3,0,1,0,1,1,0,0,0,0,0,12.369541,51.290369
13,20,11,2,9,2,3,5,3,0,0,1,1,0,0,0,0,12.357622,51.3418
13,20,11,2,9,2,3,4,6,0,1,1,0,0,0,0,0,12.359043,51.356972
13,20,11,2,15,2,3,5,2,0,0,1,1,0,0,0,0,12.401864,51.380885
13,20,11,2,20,2,2,0,7,2,0,1,0,0,0,0,0,12.376324,51.349923
13,20,11,3,7,3,3,5,2,0,0,1,1,0,0,0,0,12.39937,51.363424
13,20,11,3,8,3,3,1,5,0,0,1,1,0,0,0,0,12.371432,51.337304
13,20,11,3,10,3,3,8,1,0,0,1,0,0,0,0,0,12.378787,51.392903
13,20,11,3,17,3,3,5,3,2,0,1,1,0,0,0,0,12.339477,51.326703
13,20,11,4,7,4,3,4,6,0,1,1,0,0,0,0,0,12.413674,51.313483
13,20,11,4,9,4,3,3,6,0,0,1,0,0,0,0,0,12.332975,51.338772
13,20,11,4,15,4,2,5,2,0,0,1,1,0,0,0,0,12.367508,51.388466
13,20,11,4,15,4,3,5,2,0,0,1,1,0,0,0,0,12.376729,51.319634
13,20,11,4,15,4,3,3,6,0,0,1,0,0,0,0,0,12.389793,51.287611
13,20,11,4,17,4,3,5,3,2,0,1,1,0,0,0,0,12.383695,51.343873
13,20,11,4,18,4,2,5,2,2,0,1,0,0,1,0,0,12.401554,51.324149
13,20,11,5,18,5,3,3,6,2,0,1,1,0,0,0,0,12.363959,51.344365
13,20,11,6,9,6,2,5,2,0,0,1,1,0,0,0,0,12.40882,51.325581
13,20,11,6,15,6,3,5,2,0,0,1,1,0,0,0,0,12.321956,51.350026
13,20,11,6,15,6,3,5,3,0,0,1,0,0,0,0,0,12.348295,51.328672
13,20,11,6,21,6,2,0,1,2,0,1,0,0,0,0,0,12.264752,51.333216
13,20,11,8,14,1,3,5,3,0,0,1,1,0,0,0,0,12.382672,51.314946
13,20,11,8,16,1,3,5,3,0,0,1,1,0,0,0,0,12.361433,51.314053
13,20,11,9,11,2,3,5,2,0,0,1,1,0,0,0,0,12.419663,51.357449
13,20,11,9,13,2,3,5,2,0,0,1,1,0,0,0,0,12.407331,51.34549
13,20,11,10,15,3,3,6,6,0,0,1,0,1,0,0,0,12.380085,51.360209
13,20,11,10,16,3,3,5,3,1,0,1,1,0,0,0,0,12.373322,51.311671
13,20,11,10,17,3,3,5,2,2,0,1,1,0,0,0,0,12.386907,51.345724
13,20,11,11,7,4,3,5,3,0,1,1,0,0,0,0,1,12.369272,51.344144
13,20,11,11,10,4,2,0,1,0,1,1,0,0,0,0,0,12.374127,51.303389
13,20,11,11,14,4,3,3,6,0,1,1,0,0,0,0,0,12.371517,51.320845
13,20,11,12,13,5,3,5,5,0,0,1,1,0,0,0,0,12.368942,51.345807
13,20,11,12,13,5,3,3,5,0,0,1,1,0,0,0,0,12.404084,51.331625
13,20,11,13,5,6,3,5,3,2,0,1,1,0,0,0,0,12.39618,51.363281
13,20,11,13,7,6,3,5,6,0,0,1,1,0,0,0,0,12.395315,51.339181
13,20,11,13,17,6,3,1,7,2,0,1,1,0,0,0,0,12.341516,51.325562
13,20,11,13,17,6,3,5,7,2,0,1,1,0,0,0,0,12.381558,51.336673
13,20,11,16,7,2,3,3,6,0,0,1,1,0,0,0,0,12.370493,51.390549
13,20,11,16,8,2,3,5,2,0,1,1,1,0,0,0,0,12.378321,51.334563
13,20,11,16,9,2,3,5,3,0,0,1,1,0,0,0,0,12.416733,51.329804
13,20,11,16,12,2,3,5,3,0,0,1,1,0,0,0,0,12.366698,51.340551
13,20,11,16,15,2,3,5,3,0,0,1,1,0,0,0,0,12.387781,51.381322
13,20,11,17,12,3,3,5,2,0,0,1,1,0,0,0,0,12.436084,51.326258
13,20,11,17,16,3,3,5,3,2,1,1,1,0,0,0,0,12.373378,51.363017
13,20,11,17,20,3,2,3,2,2,0,1,1,0,0,0,0,12.506097,51.350464
13,20,11,19,10,5,3,5,3,0,0,1,0,0,0,1,0,12.358591,51.342083
13,20,11,19,12,5,3,5,3,0,0,1,0,0,0,0,1,12.439149,51.294829
13,20,11,20,6,6,3,5,2,0,0,1,1,0,0,0,0,12.377296,51.333091
13,20,11,20,8,6,3,6,6,0,0,1,0,1,0,0,0,12.484363,51.335116
13,20,11,20,14,6,3,5,3,0,0,1,1,0,0,0,0,12.481169,51.334667
13,20,11,22,16,1,3,5,2,1,0,1,1,0,0,0,0,12.411379,51.331018
13,20,11,22,17,1,3,5,2,1,0,1,1,0,0,0,0,12.385464,51.376098
13,20,11,22,20,1,3,0,1,2,0,1,1,1,0,0,0,12.377367,51.37288
13,20,11,23,9,2,3,5,2,0,0,1,1,0,0,0,0,12.380369,51.366187
13,20,11,23,9,2,3,5,3,0,1,1,1,0,0,0,0,12.408661,51.359994
13,20,11,23,19,2,3,5,3,2,0,1,1,0,0,0,0,12.344842,51.339183
13,20,11,24,6,3,2,5,2,1,0,1,1,0,0,0,0,12.378271,51.375844
13,20,11,25,16,4,3,5,2,1,0,1,1,0,0,0,0,12.334096,51.319359
13,20,11,25,22,4,3,5,3,2,0,1,1,0,0,0,0,12.400011,51.330157
13,20,11,26,6,5,3,5,3,2,0,1,1,0,0,0,0,12.331194,51.37198
13,20,11,26,7,5,3,5,3,1,0,1,1,0,0,0,0,12.39635,51.310237
13,20,11,26,10,5,3,5,3,0,0,1,1,0,0,0,0,12.368761,51.361249
13,20,11,26,16,5,3,5,3,2,0,1,1,0,0,0,0,12.479437,51.350605
13,20,11,27,11,6,3,2,2,0,0,1,1,0,0,0,0,12.323531,51.328683
13,20,11,27,11,6,3,5,2,0,0,1,1,0,0,0,0,12.366108,51.336249
13,20,11,27,16,6,3,5,2,2,0,1,1,0,0,0,0,12.368011,51.358031
13,20,12,1,13,3,3,5,3,0,1,1,1,0,0,0,0,12.387481,51.357059
13,20,12,1,15,3,2,3,6,0,0,1,1,0,0,0,0,12.346235,51.350814
13,20,12,2,9,4,3,5,3,0,0,1,1,0,0,0,0,12.381676,51.331775
13,20,12,2,12,4,3,5,3,0,0,1,1,0,0,0,0,12.401806,51.351374
13,20,12,2,15,4,3,3,2,0,0,1,0,0,0,0,0,12.428455,51.379698
13,20,12,3,5,5,3,6,4,2,0,1,0,1,0,0,0,12.399713,51.394161
13,20,12,3,21,5,3,5,3,2,0,1,1,0,0,0,0,12.39759,51.369593
13,20,12,4,10,6,3,5,7,0,0,1,1,0,0,0,0,12.377844,51.329145
13,20,12,4,18,6,2,1,5,2,0,1,1,0,0,0,0,12.404361,51.326755
13,20,12,4,19,6,3,6,6,2,0,1,0,1,0,0,0,12.316704,51.330907
13,20,12,5,10,7,2,1,5,0,0,1,1,0,0,0,0,12.378985,51.364429
13,20,12,5,15,7,3,2,6,0,0,1,0,0,0,0,0,12.389763,51.338444
13,20,12,5,17,7,2,2,6,2,0,1,1,0,0,0,0,12.399529,51.371311
13,20,12,5,18,7,3,5,3,2,0,1,1,0,0,0,0,12.395609,51.333444
13,20,12,7,7,2,2,0,1,1,0,1,0,0,0,0,0,12.381984,51.383281
13,20,12,7,12,2,3,2,2,0,0,1,1,0,0,0,0,12.344311,51.329302
13,20,12,8,6,3,3,5,3,2,0,1,1,0,0,0,0,12.375215,51.364637
13,20,12,8,12,3,3,1,2,0,0,1,1,0,0,0,0,12.308362,51.274017
13,20,12,8,12,3,3,5,2,0,0,1,0,0,0,0,1,12.356999,51.336124
13,20,12,8,15,3,3,1,1,0,0,1,1,0,0,0,0,12.375604,51.309009
13,20,12,8,16,3,3,2,2,1,0,1,1,0,0,0,0,12.393498,51.398245
13,20,12,8,16,3,3,5,2,2,0,1,1,0,0,0,0,12.409088,51.340732
13,20,12,9,16,4,3,1,5,2,1,1,1,0,0,0,0,12.406627,51.334154
13,20,12,9,18,4,3,5,3,2,1,1,1,0,0,0,0,12.368616,51.318808
13,20,12,10,9,5,3,5,3,0,1,1,1,0,0,0,0,12.363208,51.369101
13,20,12,10,19,5,3,5,3,2,1,1,1,0,0,0,0,12.331411,51.349657
13,20,12,11,8,6,3,5,3,0,0,1,1,0,0,0,0,12.455113,51.350296
13,20,12,11,9,6,3,3,2,0,0,1,1,0,0,0,0,12.368913,51.341891
13,20,12,11,17,6,3,5,3,2,1,1,1,0,0,0,0,12.42392,51.318388