UKREIS,UJAHR,UMONAT,UTAG,USTUNDE,UWOCHENTAG,UKATEGORIE,UART,UTYP,LICHT,USTRZUSTAND,IstRad,IstPKW,IstFuss,IstKrad,IstGkfz,IstSonstige,@lon,@lat
13,21,6,21,19,2,3,6,4,0,0,1,0,1,0,0,0,12.379682,51.335302
13,21,6,22,13,3,3,5,2,0,0,1,0,0,0,0,1,12.370204,51.325996
13,21,6,22,19,3,3,5,2,0,0,1,1,0,0,0,0,12.445302,51.346174
13,21,6,23,12,4,3,0,7,0,0,1,1,0,0,0,0,12.378078,51.329104
13,21,6,23,13,4,2,4,6,0,0,1,0,0,0,0,0,12.308366,51.313127
13,21,6,23,18,4,3,5,3,0,0,1,1,0,0,0,0,12.260281,51.312981
13,21,6,24,16,5,3,1,5,0,0,1,1,0,0,0,0,12.313578,51.376184
13,21,6,24,16,5,3,1,5,0,1,1,1,0,0,0,0,12.391901,51.319211
13,21,6,24,18,5,3,3,6,0,1,1,1,0,0,0,0,12.345824,51.327787
13,21,6,25,8,6,3,5,2,0,0,1,0,0,0,0,1,12.357002,51.336125
13,21,6,25,8,6,3,5,3,0,0,1,1,0,0,0,0,12.479392,51.350604
13,21,6,25,9,6,3,1,5,0,0,1,1,0,0,0,0,12.365647,51.317813
13,21,6,25,12,6,3,6,4,0,0,1,0,1,0,0,0,12.315521,51.332463
13,21,6,25,13,6,3,1,5,0,0,1,1,0,0,0,0,12.364557,51.370999
13,21,6,25,15,6,3,1,5,0,0,1,1,0,0,0,0,12.382233,51.399622
13,21,6,25,20,6,3,4,2,0,0,1,1,0,0,0,0,12.373238,51.314915
13,21,6,25,21,6,3,5,6,1,0,1,1,0,0,0,0,12.415536,51.294149
13,21,6,25,22,6,3,5,2,2,1,1,1,0,0,0,0,12.409077,51.340738
13,21,6,26,2,7,2,6,6,2,0,1,0,1,0,0,0,12.354659,51.330416
13,21,6,26,19,7,3,5,2,0,0,1,1,0,0,0,0,12.261661,51.316169
13,21,6,27,14,1,3,5,2,0,0,1,1,0,0,0,0,12.393039,51.334497
13,21,6,28,10,2,3,5,2,0,0,1,1,0,0,0,0,12.391339,51.334922
13,21,6,28,23,2,3,6,4,2,0,1,0,1,0,0,0,12.406072,51.335928
13,21,6,29,6,3,3,5,3,0,0,1,1,0,0,0,0,12.397559,51.347441
13,21,6,29,15,3,3,5,2,0,1,1,1,0,0,0,0,12.478103,51.336502
13,21,7,1,15,5,3,5,3,0,0,1,1,0,0,0,0,12.367489,51.388462
13,21,7,1,19,5,3,5,3,0,0,1,1,0,0,0,0,12.269776,51.31017
13,21,7,1,23,5,3,1,6,2,1,1,1,0,0,0,0,12.374751,51.360125
13,21,7,3,10,7,3,3,2,0,0,1,1,0,0,0,0,12.384751,51.365341
13,21,7,3,10,7,3,4,6,0,0,1,0,0,0,0,0,12.479198,51.345666
13,21,7,3,13,7,3,5,3,0,0,1,1,0,0,0,0,12.395749,51.363256
13,21,7,3,20,7,3,6,6,0,0,1,0,1,0,0,0,12.37428,51.34086
13,21,7,5,6,2,3,5,3,0,1,1,1,0,0,0,0,12.381271,51.305548
13,21,7,5,10,2,2,5,3,0,0,1,1,0,0,0,0,12.361623,51.33271
13,21,7,5,18,2,2,5,3,0,0,1,1,0,0,0,0,12.410386,51.402505
13,21,7,6,13,3,3,5,3,0,0,1,1,0,0,0,0,12.293194,51.31502
13,21,7,6,15,3,2,0,7,0,1,1,0,0,0,0,0,12.292652,51.30582
13,21,7,6,15,3,3,5,2,0,1,1,1,0,0,0,0,12.319707,51.350101
13,21,7,7,9,4,3,3,6,0,1,1,0,0,0,0,1,12.331129,51.342686
13,21,7,7,11,4,3,0,7,0,0,1,0,0,0,0,0,12.448631,51.325882
13,21,7,7,14,4,3,5,2,0,0,1,1,0,0,0,0,12.331961,51.335916
13,21,7,7,16,4,3,1,5,0,0,1,1,0,0,0,0,12.41225,51.332932
13,21,7,8,9,5,3,1,7,0,0,1,0,0,0,0,1,12.37324,51.322081
13,21,7,8,12,5,3,5,3,0,1,1,1,0,0,0,0,12.378209,51.358424
13,21,7,8,15,5,3,5,3,0,1,1,1,0,0,0,0,12.394749,51.318559
13,21,7,10,13,7,3,3,6,0,0,1,0,0,0,0,0,12.329968,51.301931
13,21,7,10,23,7,3,0,1,2,1,1,0,0,0,0,0,12.353339,51.330077
13,21,7,11,19,1,3,5,2,0,0,1,1,0,0,0,0,12.369298,51.376103
13,21,7,11,22,1,3,1,5,2,1,1,1,0,0,0,0,12.408972,51.325581
13,21,7,12,6,2,3,5,3,0,0,1,1,0,0,0,1,12.392334,51.34538
13,21,7,12,10,2,3,5,3,0,0,1,1,0,0,0,0,12.365023,51.341373
13,21,7,12,11,2,3,5,3,0,0,1,1,0,0,0,0,12.260839,51.306614
13,21,7,12,11,2,3,4,6,0,0,1,0,0,0,0,0,12.398339,51.352895
13,21,7,12,16,2,3,5,2,0,0,1,0,0,0,0,0,12.352068,51.333476
13,21,7,12,17,2,3,1,5,0,0,1,1,0,0,0,0,12.379412,51.306054
13,21,7,12,18,2,3,5,3,0,0,1,1,0,0,0,0,12.454156,51.345485
13,21,7,12,19,2,2,5,2,0,0,1,1,0,0,0,0,12.327169,51.329636
13,21,7,13,8,3,3,5,3,0,0,1,1,0,0,0,0,12.373326,51.353059
13,21,7,13,8,3,3,3,6,0,0,1,0,0,0,0,0,12.377642,51.333921
13,21,7,13,8,3,3,3,2,0,0,1,1,0,0,0,0,12.405853,51.331777
13,21,7,13,9,3,3,4,6,0,0,1,0,0,0,0,0,12.352046,51.333464
13,21,7,13,10,3,3,5,3,0,0,1,1,0,0,0,0,12.340242,51.393053
13,21,7,13,12,3,3,5,3,0,0,1,1,0,0,0,0,12.376729,51.319616
13,21,7,13,14,3,3,5,3,0,0,1,1,0,0,0,0,12.361596,51.33273
13,21,7,13,14,3,3,5,3,0,0,1,1,0,0,0,0,12.389198,51.366779
13,21,7,13,15,3,3,5,3,0,0,1,1,0,0,0,0,12.323919,51.32039
13,21,7,13,17,3,3,5,3,0,0,1,1,0,0,0,0,12.336945,51.32479
13,21,7,13,18,3,3,5,3,0,0,1,1,0,0,0,0,12.385371,51.34359
13,21,7,14,7,4,3,5,3,0,0,1,1,0,0,0,0,12.364545,51.326784
13,21,7,14,10,4,2,5,2,0,0,1,1,0,0,0,0,12.411639,51.342632
13,21,7,15,3,5,3,2,6,2,0,1,1,0,0,0,0,12.341197,51.332311
13,21,7,15,14,5,3,5,2,0,0,1,1,0,0,0,0,12.349752,51.375643
13,21,7,15,16,5,3,5,2,0,0,1,1,0,0,0,0,12.36747,51.341183
13,21,7,15,16,5,3,1,5,0,0,1,1,0,0,0,0,12.477799,51.336259
13,21,7,15,17,5,3,1,5,0,0,1,1,0,0,0,0,12.322601,51.374528
13,21,7,16,14,6,3,5,3,0,0,1,1,0,0,0,0,12.3269,51.298144
13,21,7,17,6,7,3,0,1,0,1,1,0,0,0,0,0,12.354444,51.319881
13,21,7,17,17,7,3,0,1,0,0,1,0,0,0,0,0,12.325855,51.31116
13,21,7,17,18,7,3,3,6,0,0,1,0,0,0,0,0,12.33558,51.335596
13,21,7,18,15,1,3,1,5,0,0,1,1,0,0,0,0,12.254043,51.304509
13,21,7,19,11,2,2,3,5,0,0,1,1,0,0,0,0,12.369776,51.371425
13,21,7,19,15,2,3,5,3,0,0,1,1,0,0,0,0,12.426672,51.343468
13,21,7,19,17,2,3,5,3,0,0,1,0,0,0,0,0,12.403845,51.340021
13,21,7,20,7,3,3,5,3,0,0,1,1,0,0,0,0,12.382766,51.34048
13,21,7,20,17,3,3,6,4,0,0,1,0,1,0,0,0,12.397537,51.334061
13,21,7,20,20,3,2,1,6,0,0,1,1,0,0,0,0,12.385698,51.366087
13,21,7,21,5,4,3,0,1,1,1,1,0,0,0,0,0,12.373944,51.334088
13,21,7,21,12,4,3,5,3,0,0,1,0,0,0,0,1,12.399478,51.319372
13,21,7,21,14,4,3,0,5,0,0,1,1,0,0,0,0,12.369118,51.323142
13,21,7,21,15,4,2,5,3,0,0,1,1,0,0,0,0,12.392595,51.333888
13,21,7,22,10,5,3,5,3,0,0,1,1,0,0,0,0,12.387289,51.309254
13,21,7,23,7,6,3,5,3,0,0,1,1,0,0,0,0,12.393211,51.336946
13,21,7,24,7,7,3,5,3,0,0,1,1,0,0,0,0,12.454977,51.350292
13,21,7,24,11,7,3,1,5,0,0,1,1,0,0,0,0,12.322956,51.333025
13,21,7,24,12,7,3,5,2,0,0,1,1,0,0,0,0,12.354073,51.340251
13,21,7,24,22,7,3,5,3,2,0,1,1,0,0,0,0,12.280635,51.319225
13,21,7,25,16,1,2,5,3,0,0,1,0,0,0,0,0,12.449638,51.35659
13,21,7,25,16,1,3,0,7,0,0,1,0,0,0,0,0,12.451522,51.345492
13,21,7,25,18,1,3,5,2,0,1,1,1,0,0,0,0,12.374084,51.304065
13,21,7,26,7,2,3,5,3,0,0,1,0,0,0,0,1,12.357671,51.342071
13,21,7,26,8,2,3,5,3,0,0,1,1,0,0,0,0,12.307694,51.311973
13,21,7,26,10,2,3,3,6,0,0,1,1,0,1,0,0,12.286253,51.30298
13,21,7,26,13,2,2,5,2,0,0,1,1,0,1,0,0,12.27959,51.314802
13,21,7,26,16,2,3,5,3,0,0,1,1,0,0,0,0,12.254684,51.346883
13,21,7,26,17,2,3,5,2,0,1,1,1,0,0,0,0,12.383873,51.331695
13,21,7,27,6,3,3,5,3,0,0,1,1,0,0,0,0,12.407851,51.337872
13,21,7,27,8,3,3,5,2,0,0,1,1,0,0,0,0,12.311299,51.377049
13,21,7,27,10,3,3,3,2,0,0,1,1,0,0,0,0,12.365826,51.36891
13,21,7,27,11,3,3,5,2,0,0,1,1,0,0,0,0,12.376267,51.349759
13,21,7,27,16,3,3,5,3,0,0,1,1,0,0,0,0,12.374694,51.348028
13,21,7,27,17,3,3,4,6,0,0,1,0,0,0,0,0,12.401521,51.355157
13,21,7,27,19,3,3,5,3,0,0,1,1,0,0,0,0,12.406567,51.338104
13,21,7,28,9,4,3,5,3,0,0,1,1,0,0,0,0,12.416434,51.35674
13,21,7,28,12,4,3,5,3,0,0,1,1,0,0,0,0,12.302416,51.342609
13,21,7,28,16,4,2,5,3,0,0,1,1,0,0,0,0,12.32154,51.34328
13,21,7,28,18,4,3,2,6,0,0,1,1,0,0,0,0,12.364644,51.362614
13,21,7,29,7,5,3,3,2,0,0,1,1,0,0,0,0,12.412774,51.317266
13,21,7,29,8,5,3,5,3,0,0,1,1,0,0,0,0,12.446649,51.351093
13,21,7,29,10,5,3,5,3,0,0,1,1,0,0,0,0,12.399824,51.322056
13,21,7,29,11,5,3,6,4,0,0,1,0,1,0,0,0,12.402921,51.322694
13,21,7,29,23,5,2,0,1,2,0,1,0,0,0,0,0,12.396667,51.343039
13,21,7,30,9,6,2,5,2,0,0,1,1,0,0,0,0,12.386107,51.367772
13,21,7,30,10,6,3,5,3,0,0,1,1,0,0,0,0,12.436573,51.380092
13,21,7,31,19,7,3,0,1,0,0,1,0,0,0,0,0,12.333182,51.298751
13,21,8,2,20,2,3,5,3,0,0,1,1,0,0,0,0,12.274161,51.318807
13,21,8,3,8,3,3,0,7,0,0,1,0,0,0,0,0,12.360107,51.333816
13,21,8,3,12,3,3,5,3,0,0,1,0,0,0,1,0,12.376789,51.320689
13,21,8,3,15,3,3,5,2,0,0,1,0,0,0,0,1,12.411522,51.342139
13,21,8,4,15,4,3,3,5,0,0,1,1,0,0,0,0,12.33492,51.331712
13,21,8,4,15,4,2,5,2,0,0,1,1,0,0,0,0,12.394294,51.336789
13,21,8,4,16,4,3,5,2,0,0,1,1,0,0,0,0,12.373975,51.334183
13,21,8,4,19,4,3,3,2,0,0,1,0,0,0,0,1,12.393431,51.344848
13,21,8,4,20,4,3,5,3,0,0,1,1,0,0,0,0,12.311918,51.273943
13,21,8,5,11,5,3,5,3,0,0,1,1,0,0,0,0,12.341656,51.399165
13,21,8,5,14,5,3,5,2,0,1,1,1,0,0,0,0,12.376658,51.35716
13,21,8,5,15,5,3,5,2,0,1,1,1,0,0,0,0,12.394736,51.37643
13,21,8,6,11,6,3,5,3,0,0,1,1,0,0,0,0,12.381989,51.383041
13,21,8,6,18,6,3,2,6,0,0,1,1,0,0,0,0,12.37683,51.343367
13,21,8,6,19,6,3,5,3,0,0,1,1,0,0,0,0,12.416195,51.356735
13,21,8,6,21,6,3,0,1,2,1,1,0,0,0,0,0,12.378633,51.346506
13,21,8,7,3,7,3,0,1,2,0,1,0,0,0,0,0,12.392625,51.348465
13,21,8,7,13,7,3,5,3,0,0,1,1,0,0,0,0,12.339134,51.394003
13,21,8,7,14,7,3,3,6,0,0,1,1,0,0,0,0,12.419219,51.317939
13,21,8,7,22,7,2,0,1,2,1,1,0,0,0,0,0,12.406128,51.348307
13,21,8,8,20,1,3,0,1,1,0,1,0,0,0,0,0,12.371347,51.29275
13,21,8,9,15,2,3,5,2,0,0,1,1,0,0,0,0,12.406143,51.348152
13,21,8,10,8,3,2,0,7,0,1,1,0,0,0,0,0,12.359781,51.342137
13,21,8,10,12,3,3,5,3,0,1,1,1,0,0,0,0,12.368648,51.312994
13,21,8,10,13,3,3,5,2,0,0,1,1,0,0,0,0,12.408267,51.340023
13,21,8,11,9,4,3,1,7,0,0,1,1,0,0,0,0,12.342984,51.326799
13,21,8,11,11,4,3,5,2,0,0,1,1,0,0,0,0,12.376744,51.353274
13,21,8,11,14,4,3,5,2,0,0,1,0,0,0,0,1,12.378284,51.31484
13,21,8,11,14,4,2,5,3,0,0,1,1,0,0,0,0,12.398321,51.339217
13,21,8,11,14,4,3,5,3,0,0,1,1,0,0,0,0,12.47812,51.336539
13,21,8,11,15,4,3,1,1,0,0,1,1,0,0,0,0,12.337176,51.368872
13,21,8,11,15,4,3,5,2,0,0,1,1,0,0,0,0,12.376898,51.325117
13,21,8,11,18,4,3,5,3,0,0,1,1,0,0,0,0,12.383736,51.352064
13,21,8,12,7,5,3,5,2,0,0,1,1,0,0,0,0,12.458378,51.393934
13,21,8,12,10,5,3,5,3,0,0,1,1,0,0,0,0,12.373531,51.330006
13,21,8,12,12,5,3,5,2,0,0,1,1,0,0,0,0,12.354051,51.340274
13,21,8,13,12,6,2,5,3,0,0,1,1,0,0,0,0,12.439144,51.294833
13,21,8,14,13,7,3,3,2,0,0,1,1,0,0,0,0,12.327228,51.329652
13,21,8,14,16,7,3,5,3,0,0,1,0,0,0,0,0,12.342486,51.338432
13,21,8,14,16,7,3,6,4,0,0,1,0,1,0,0,0,12.404939,51.345583
13,21,8,14,17,7,3,5,3,0,0,1,1,0,0,0,0,12.427115,51.303187
13,21,8,15,8,1,3,5,3,0,0,1,1,0,0,0,0,12.372979,51.301377
13,21,8,15,13,1,3,3,6,0,0,1,0,0,0,0,0,12.376732,51.314832
13,21,8,15,18,1,3,3,2,0,0,1,1,0,0,0,0,12.42568,51.30404
13,21,8,16,15,2,3,0,1,0,0,1,0,0,0,0,0,12.376055,51.358165
13,21,8,16,18,2,3,5,3,0,0,1,1,0,0,0,0,12.263141,51.344628
13,21,8,16,18,2,3,0,1,0,1,1,0,0,0,0,0,12.378431,51.346999
13,21,8,17,14,3,3,3,6,0,0,1,0,0,0,0,0,12.383814,51.338296
13,21,8,17,16,3,3,1,5,0,0,1,1,0,0,0,0,12.400567,51.318796
13,21,8,18,9,4,2,3,6,0,0,1,1,0,0,0,0,12.376667,51.357145
13,21,8,18,10,4,3,5,3,0,0,1,0,0,0,0,1,12.362798,51.314241
13,21,8,18,12,4,3,5,3,0,0,1,1,0,0,0,0,12.392622,51.334131
13,21,8,20,10,6,2,5,3,0,0,1,1,0,0,0,0,12.259164,51.303554
13,21,8,20,10,6,2,5,3,0,0,1,1,0,0,0,0,12.408581,51.341017
13,21,8,21,22,7,3,7,7,2,0,1,0,0,0,0,0,12.322341,51.321414
13,21,8,22,15,1,3,1,5,0,0,1,1,0,0,0,0,12.376742,51.325125
13,21,8,24,16,3,3,5,2,0,0,1,1,0,0,0,0,12.395939,51.373346
13,21,8,24,19,3,3,0,7,0,0,1,0,0,0,0,0,12.290272,51.324001
13,21,8,25,11,4,3,5,3,0,0,1,1,0,0,0,0,12.384863,51.378858
13,21,8,25,12,4,3,0,1,0,0,1,0,0,0,0,0,12.353,51.319537
13,21,8,25,17,4,3,1,7,0,0,1,1,0,0,0,0,12.365948,51.332042
13,21,8,26,12,5,3,3,6,0,0,1,1,0,0,0,0,12.374387,51.347684
13,21,8,27,8,6,3,0,1,0,1,1,0,0,0,0,0,12.39443,51.315227
13,21,8,27,15,6,3,5,3,0,0,1,0,0,0,0,0,12.373899,51.334844
13,21,8,27,16,6,2,5,3,0,1,1,1,0,0,0,0,12.350706,51.384135
13,21,8,27,17,6,3,5,3,0,1,1,1,0,0,0,0,12.387448,51.357046
13,21,8,27,18,6,2,4,6,0,1,1,1,0,0,0,0,12.34985,51.329137
13,21,8,30,9,2,3,3,5,0,0,1,0,0,0,0,1,12.375934,51.316642
13,21,8,30,18,2,3,5,3,0,1,1,1,0,0,0,0,12.368656,51.329008
13,21,8,30,21,2,3,0,1,2,1,1,0,0,0,0,0,12.300849,51.35227
13,21,8,31,15,3,3,5,3,0,0,1,1,0,0,0,0,12.307891,51.327659
13,21,8,31,16,3,3,5,3,0,0,1,1,0,0,0,0,12.395928,51.310858
13,21,8,31,18,3,3,5,3,0,0,1,1,0,0,0,0,12.417588,51.358669
13,21,9,1,5,4,3,0,7,1,1,1,0,0,0,0,0,12.385151,51.338088
13,21,9,1,12,4,3,6,6,0,0,1,0,1,0,0,0,12.386965,51.338205
13,21,9,1,14,4,3,0,7,0,1,1,1,0,0,0,0,12.361718,51.332122
13,21,9,1,16,4,3,5,3,0,0,1,1,0,0,0,0,12.34812,51.328759
13,21,9,1,17,4,3,5,3,0,0,1,1,0,0,0,0,12.342486,51.338421
13,21,9,2,16,5,2,1,5,0,0,1,1,0,0,0,0,12.369812,51.356866
13,21,9,2,18,5,3,5,2,0,0,1,1,0,0,0,0,12.386442,51.343477
13,21,9,2,20,5,3,1,7,2,0,1,1,0,0,0,0,12.370483,51.325998
13,21,9,3,14,6,3,3,6,0,0,1,0,0,0,0,0,12.405522,51.320045
13,21,9,3,15,6,3,2,6,0,0,1,0,0,0,0,0,12.426822,51.300323
13,21,9,4,14,7,3,1,6,0,0,1,1,0,0,0,0,12.386076,51.369725
13,21,9,4,19,7,2,7,1,1,0,1,0,0,0,0,0,12.356926,51.320476
13,21,9,4,23,7,2,5,3,2,0,1,1,0,0,0,0,12.305347,51.333575
13,21,9,5,16,1,3,5,3,0,0,1,1,0,0,0,0,12.377228,51.390295
13,21,9,5,18,1,2,5,3,0,0,1,1,0,0,0,0,12.429631,51.286136
13,21,9,6,5,2,3,5,3,2,0,1,1,0,0,0,0,12.4018,51.351379
13,21,9,6,9,2,3,5,3,0,0,1,1,0,0,0,0,12.308379,51.312759
13,21,9,6,10,2,3,5,2,0,0,1,1,0,0,0,0,12.387214,51.343703
13,21,9,6,15,2,3,3,3,0,0,1,1,0,0,0,0,12.398637,51.358387
13,21,9,6,18,2,3,1,5,0,0,1,1,0,0,0,0,12.398673,51.347278
13,21,9,6,21,2,2,6,7,2,0,1,0,1,0,0,0,12.405867,51.331617
13,21,9,7,10,3,3,0,1,0,0,1,0,0,0,0,0,12.378418,51.347032
13,21,9,8,7,4,3,5,3,0,0,1,0,0,0,0,0,12.467942,51.278343
13,21,9,8,8,4,3,5,3,0,0,1,1,0,0,0,0,12.360816,51.344726
13,21,9,8,8,4,3,1,7,0,0,1,1,0,0,0,1,12.370637,51.345431
13,21,9,8,15,4,3,5,2,0,0,1,1,0,0,0,0,12.386057,51.367831
13,21,9,8,19,4,3,5,3,1,0,1,0,0,0,0,0,12.382877,51.319557
13,21,9,9,7,5,3,5,3,0,0,1,1,0,0,0,0,12.382667,51.314946
13,21,9,9,9,5,3,5,2,0,0,1,1,0,0,0,0,12.320951,51.30273
13,21,9,9,9,5,3,5,3,0,0,1,1,0,0,0,0,12.370859,51.335023
13,21,9,9,10,5,3,3,6,0,0,1,0,0,0,0,1,12.393761,51.33136
13,21,9,9,13,5,2,5,3,0,0,1,1,0,0,0,0,12.392581,51.30125
13,21,9,9,14,5,3,9,1,0,0,1,0,0,0,0,0,12.368756,51.289365
13,21,9,10,5,6,3,5,3,2,0,1,1,0,0,0,0,12.36506,51.376179
13,21,9,10,5,6,3,5,2,2,0,1,1,0,0,0,0,12.382859,51.32064
13,21,9,10,7,6,3,2,6,0,0,1,1,0,0,0,0,12.261588,51.316158
13,21,9,10,8,6,3,2,6,0,0,1,1,0,0,0,0,12.449986,51.345573
13,21,9,10,12,6,2,5,3,0,0,1,1,0,0,0,0,12.326073,51.30727
13,21,9,10,14,6,3,4,2,0,0,1,1,0,0,0,0,12.342601,51.32161
13,21,9,10,16,6,3,0,1,0,0,1,0,0,0,0,0,12.398151,51.358412
13,21,9,12,11,1,3,5,3,0,0,1,1,0,0,0,0,12.338337,51.327286
13,21,9,12,11,1,3,1,5,0,0,1,1,0,0,0,0,12.421576,51.344353
13,21,9,12,16,1,2,4,6,0,0,1,1,0,0,0,0,12.265558,51.302104
13,21,9,12,17,1,3,6,6,0,0,1,0,1,0,0,0,12.314538,51.286598
13,21,9,13,11,2,3,3,2,0,0,1,0,0,1,0,0,12.326535,51.308223
13,21,9,13,12,2,2,5,3,0,0,1,1,0,0,0,0,12.370879,51.336343
13,21,9,13,13,2,3,5,3,0,0,1,1,0,0,0,0,12.366728,51.340537
13,21,9,13,18,2,3,3,6,0,0,1,1,0,0,0,0,12.409671,51.3598
13,21,9,13,19,2,3,0,1,1,0,1,0,0,0,0,0,12.480857,51.332122
13,21,9,14,5,3,3,5,3,2,0,1,1,0,0,0,0,12.439139,51.294836
13,21,9,14,8,3,3,1,5,0,0,1,1,0,0,0,0,12.390387,51.334285
13,21,9,14,8,3,3,5,2,0,0,1,1,0,0,0,0,12.419132,51.315623
13,21,9,14,9,3,3,3,6,0,0,1,0,0,0,0,0,12.374914,51.337497
13,21,9,14,13,3,2,1,5,0,0,1,1,0,0,0,0,12.373606,51.321216
13,21,9,14,16,3,2,5,2,0,0,1,1,0,0,0,0,12.329504,51.339871
13,21,9,14,16,3,3,5,2,0,0,1,1,0,0,0,0,12.345689,51.330032
13,21,9,14,17,3,3,3,6,0,0,1,1,0,0,0,0,12.3951,51.338985
13,21,9,15,13,4,3,5,3,0,1,1,1,0,0,0,0,12.371764,51.33964
13,21,9,15,15,4,3,5,3,0,1,1,1,0,0,0,0,12.471937,51.360154
13,21,9,16,14,5,3,5,3,0,0,1,1,0,0,0,0,12.385772,51.372647
13,21,9,16,16,5,3,5,3,0,0,1,1,0,0,0,0,12.394444,51.316744
13,21,9,17,9,6,3,3,6,0,0,1,1,0,0,0,0,12.360542,51.338036
13,21,9,17,10,6,3,0,1,0,1,1,0,0,0,0,0,12.335226,51.326703
13,21,9,17,22,6,3,6,4,2,0,1,0,1,0,0,0,12.405979,51.346272
13,21,9,18,1,7,3,7,1,2,1,1,0,0,0,0,0,12.32078,51.332225
13,21,9,18,13,7,3,5,3,0,1,1,1,0,0,0,0,12.445346,51.34647
13,21,9,18,15,7,3,6,7,0,1,1,0,1,0,0,0,12.298758,51.323484
13,21,9,20,6,2,2,5,3,2,0,1,1,0,0,0,0,12.389913,51.346562
13,21,9,20,12,2,3,6,4,0,0,1,0,1,0,0,0,12.363555,51.338155
13,21,9,20,16,2,2,5,2,0,0,1,1,0,0,0,0,12.437834,51.35729
13,21,9,20,20,2,3,5,7,2,0,1,1,0,0,0,0,12.354428,51.365031
13,21,9,21,10,3,2,5,3,0,0,1,1,0,0,0,0,12.377012,51.390182
13,21,9,21,11,3,3,5,3,0,0,1,1,0,0,0,0,12.392445,51.401695
13,21,9,21,12,3,3,5,3,0,0,1,1,0,0,0,0,12.369298,51.376103
13,21,9,21,13,3,3,3,5,0,0,1,1,0,0,0,0,12.334114,51.337016
13,21,9,22,6,4,3,5,3,0,0,1,1,0,0,0,0,12.458003,51.351939
13,21,9,22,14,4,3,5,2,0,0,1,1,0,0,0,0,12.342439,51.325007
13,21,9,22,18,4,3,5,3,0,0,1,1,0,0,0,0,12.420872,51.358383
13,21,9,22,19,4,3,1,5,1,0,1,1,0,0,0,0,12.42158,51.343834
13,21,9,23,8,5,3,5,3,0,0,1,1,0,0,0,0,12.39262,51.334129
13,21,9,23,14,5,3,3,2,0,0,1,1,0,0,0,0,12.363733,51.376054
13,21,9,24,6,6,3,5,3,0,0,1,1,0,0,0,0,12.401031,51.376245
13,21,9,24,7,6,2,6,7,0,0,1,0,1,0,0,0,12.380464,51.34411
13,21,9,25,16,7,3,5,2,0,0,1,1,0,0,0,0,12.348688,51.332147
13,21,9,25,17,7,3,4,3,0,0,1,0,0,0,0,1,12.34538,51.318936
13,21,9,26,12,1,3,5,3,0,0,1,1,0,0,0,0,12.289309,51.354046
13,21,9,26,18,1,3,0,7,0,0,1,0,0,0,0,0,12.359353,51.300778
13,21,9,27,8,2,3,5,2,0,1,1,1,0,0,0,0,12.373765,51.331156
13,21,9,28,7,3,3,3,6,0,1,1,0,0,0,0,0,12.415325,51.345611
13,21,9,28,7,3,3,5,3,1,1,1,1,0,0,0,0,12.443229,51.29113
13,21,9,28,9,3,3,1,7,0,1,1,0,0,0,0,0,12.322933,51.327943
13,21,9,29,18,4,3,5,3,0,0,1,1,0,0,0,0,12.300239,51.340447
13,21,9,30,6,5,3,5,2,1,0,1,1,0,0,0,0,12.366848,51.333358
13,21,9,30,7,5,3,5,2,0,0,1,1,0,0,0,0,12.37371,51.33119
13,21,9,30,8,5,3,1,5,0,0,1,1,0,0,0,0,12.396465,51.306063
13,21,9,30,10,5,3,6,6,0,0,1,0,1,0,0,0,12.371236,51.329436
13,21,9,30,11,5,3,5,3,0,0,1,1,0,0,0,0,12.377007,51.390181
13,21,9,30,12,5,3,5,2,0,0,1,1,0,0,0,0,12.342615,51.321605
13,21,9,30,14,5,3,5,3,0,0,1,1,0,0,0,0,12.427628,51.348793
13,21,10,1,6,6,2,3,6,0,0,1,1,0,0,0,0,12.336215,51.328287
13,21,10,1,9,6,3,3,2,0,0,1,1,0,0,0,0,12.38208,51.332575
13,21,10,1,10,6,3,5,3,0,0,1,1,0,0,0,0,12.392082,51.346474
13,21,10,1,11,6,3,5,5,0,0,1,1,0,0,0,0,12.378019,51.348008
13,21,10,1,12,6,3,3,2,0,0,1,1,0,0,0,0,12.313338,51.347887
13,21,10,1,13,6,3,5,3,0,0,1,1,0,0,0,0,12.37371,51.331209
13,21,10,1,16,6,3,5,3,0,0,1,1,0,0,0,0,12.400519,51.346575
13,21,10,1,17,6,3,2,6,0,0,1,1,0,0,0,0,12.376149,51.348295
13,21,10,1,21,6,3,3,6,2,0,1,0,0,0,0,0,12.314513,51.286552
13,21,10,2,8,7,3,5,3,0,0,1,1,0,0,0,0,12.405932,51.313915
13,21,10,2,11,7,3,5,2,0,0,1,1,0,0,0,0,12.277784,51.318995
13,21,10,2,14,7,3,6,4,0,0,1,0,1,0,0,0,12.405572,51.331101
13,21,10,3,17,1,3,5,3,0,0,1,1,0,0,0,0,12.461636,51.345803
13,21,10,4,8,2,3,5,3,0,0,1,1,0,0,0,0,12.397567,51.336491
13,21,10,4,9,2,3,5,2,0,0,1,1,0,0,0,0,12.382666,51.314946
13,21,10,4,10,2,3,3,2,0,1,1,1,0,0,0,0,12.385962,51.363663
13,21,10,4,11,2,3,5,3,0,0,1,1,0,0,0,0,12.399471,51.376401
13,21,10,4,14,2,3,5,3,0,0,1,1,0,0,0,0,12.406406,51.368741
13,21,10,4,17,2,3,0,1,0,0,1,0,0,0,0,0,12.328757,51.336785