UKREIS,UJAHR,UMONAT,UTAG,USTUNDE,UWOCHENTAG,UKATEGORIE,UART,UTYP,LICHT,USTRZUSTAND,IstRad,IstPKW,IstFuss,IstKrad,IstGkfz,IstSonstige,@lon,@lat
13,21,10,5,6,3,3,4,6,1,1,1,0,0,0,0,0,12.390279,51.344706
13,21,10,5,6,3,3,6,4,2,1,1,0,1,0,0,0,12.406349,51.355463
13,21,10,5,7,3,3,6,7,0,0,1,0,1,0,0,0,12.375877,51.367067
13,21,10,5,10,3,3,0,1,0,1,1,0,0,0,0,0,12.419676,51.348175
13,21,10,5,10,3,3,5,3,0,1,1,1,0,0,0,0,12.453273,51.352486
13,21,10,5,11,3,3,5,3,0,1,1,1,0,0,0,0,12.386633,51.335847
13,21,10,5,14,3,3,5,2,0,1,1,1,0,0,0,0,12.371354,51.344453
13,21,10,5,15,3,3,5,3,0,1,1,0,0,0,1,0,12.379459,51.344522
13,21,10,6,8,4,3,3,2,0,0,1,1,0,0,0,0,12.392051,51.346319
13,21,10,6,12,4,3,1,6,0,0,1,0,0,0,0,1,12.380965,51.384296
13,21,10,6,13,4,3,2,6,0,0,1,1,0,0,0,0,12.37695,51.343827
13,21,10,6,15,4,3,3,2,0,0,1,1,0,0,0,0,12.357985,51.341861
13,21,10,6,15,4,2,5,2,0,0,1,0,0,0,0,1,12.362807,51.367748
13,21,10,7,8,5,3,3,5,0,0,1,1,0,0,0,0,12.399989,51.319102
13,21,10,7,10,5,3,5,2,0,0,1,1,0,0,0,0,12.427934,51.358673
13,21,10,8,9,6,3,5,3,0,0,1,1,0,0,0,0,12.409965,51.375389
13,21,10,8,11,6,3,3,2,0,0,1,1,0,0,0,0,12.385677,51.366759
13,21,10,8,13,6,3,0,7,0,0,1,0,0,0,0,0,12.40696,51.338106
13,21,10,9,14,7,2,5,3,0,0,1,1,0,0,0,0,12.337972,51.335384
13,21,10,10,9,1,3,1,7,0,0,1,1,0,0,0,0,12.370657,51.33819
13,21,10,10,9,1,3,5,3,0,0,1,1,0,0,0,0,12.371545,51.354587
13,21,10,10,14,1,3,6,4,0,0,1,0,1,0,0,0,12.342617,51.316061
13,21,10,11,8,2,3,5,2,0,0,1,1,0,0,0,0,12.397179,51.33084
13,21,10,11,9,2,3,3,6,0,0,1,1,0,0,0,0,12.373416,51.320843
13,21,10,11,15,2,3,5,3,0,0,1,1,0,0,0,0,12.333596,51.324716
13,21,10,12,7,3,3,3,2,1,0,1,1,0,0,0,0,12.370882,51.344101
13,21,10,12,11,3,3,5,2,0,1,1,1,0,0,0,0,12.315127,51.330298
13,21,10,12,14,3,2,5,3,0,0,1,1,0,0,0,0,12.392572,51.34843
13,21,10,12,17,3,3,5,3,0,1,1,0,0,0,0,0,12.376963,51.343913
13,21,10,12,17,3,3,1,5,0,0,1,1,0,0,0,0,12.413479,51.345133
13,21,10,12,22,3,3,5,3,2,0,1,1,0,0,0,0,12.373793,51.324215
13,21,10,13,14,4,3,0,1,0,0,1,1,0,0,0,0,12.436542,51.345503
13,21,10,13,16,4,3,2,6,0,0,1,0,0,0,0,1,12.35535,51.335243
13,21,10,13,16,4,3,5,3,0,0,1,1,0,0,0,0,12.387448,51.357099
13,21,10,13,19,4,3,3,2,2,1,1,1,0,0,0,0,12.405716,51.351553
13,21,10,14,14,5,3,5,2,0,1,1,1,0,0,0,0,12.323892,51.320391
13,21,10,15,0,6,3,5,2,2,0,1,1,0,0,0,0,12.362094,51.342532
13,21,10,15,7,6,3,3,6,2,0,1,0,0,0,0,0,12.399101,51.337665
13,21,10,15,13,6,3,5,3,0,0,1,1,0,0,0,0,12.285842,51.330948
13,21,10,15,17,6,3,0,1,1,1,1,0,0,0,0,0,12.396153,51.339047
13,21,10,16,7,7,3,5,3,2,1,1,1,0,0,0,0,12.427285,51.295024
13,21,10,17,16,1,3,0,1,0,0,1,0,0,0,0,0,12.426397,51.343482
13,21,10,18,9,2,3,5,2,0,0,1,1,0,0,0,0,12.422389,51.351708
13,21,10,18,11,2,3,5,3,0,0,1,1,0,0,0,0,12.373157,51.324233
13,21,10,18,14,2,3,5,3,0,0,1,1,0,0,0,0,12.331924,51.3403
13,21,10,18,15,2,3,5,3,0,0,1,1,0,0,0,0,12.285896,51.330948
13,21,10,18,16,2,3,5,3,0,0,1,1,0,0,0,0,12.479399,51.350604
13,21,10,19,14,3,3,5,2,0,0,1,1,0,0,0,0,12.373235,51.314914
13,21,10,19,18,3,3,5,3,2,0,1,1,0,0,0,0,12.405943,51.313997
13,21,10,19,19,3,3,5,3,2,0,1,1,0,0,0,0,12.393101,51.376359
13,21,10,20,9,4,3,1,5,0,0,1,1,0,0,0,0,12.379872,51.394325
13,21,10,20,18,4,3,4,7,1,0,1,1,0,0,0,0,12.392332,51.330366
13,21,10,21,7,5,3,5,3,2,1,1,1,0,0,0,0,12.373312,51.353093
13,21,10,21,14,5,3,5,3,0,0,1,1,0,0,0,0,12.449861,51.366748
13,21,10,22,6,6,3,5,3,2,0,1,1,0,0,0,0,12.445121,51.342603
13,21,10,22,19,6,3,3,2,2,1,1,1,0,0,0,0,12.363893,51.371862
13,21,10,23,1,7,3,5,3,2,1,1,1,0,0,0,0,12.375667,51.308912
13,21,10,23,12,7,3,5,2,0,0,1,0,0,0,0,1,12.322382,51.332808
13,21,10,24,8,1,3,5,3,0,1,1,1,0,0,0,0,12.45499,51.350293
13,21,10,24,12,1,3,5,2,0,0,1,1,0,0,0,0,12.407593,51.351295
13,21,10,25,17,2,3,5,2,1,0,1,1,0,0,0,0,12.373648,51.33303
13,21,10,25,17,2,3,8,7,1,0,1,0,0,0,0,0,12.376678,51.355798
13,21,10,25,18,2,2,5,3,1,0,1,1,0,0,0,0,12.395072,51.323953
13,21,10,26,12,3,3,5,3,0,0,1,1,0,0,0,0,12.284713,51.312185
13,21,10,26,16,3,3,6,4,0,0,1,0,1,0,0,0,12.407494,51.351254
13,21,10,28,11,5,1,5,3,0,0,1,1,0,0,0,0,12.344842,51.339183
13,21,10,28,12,5,3,3,6,0,0,1,1,0,0,0,0,12.373621,51.327511
13,21,10,28,12,5,3,5,3,0,0,1,1,0,0,0,0,12.409534,51.316679
13,21,10,28,13,5,3,5,2,0,0,1,1,0,0,0,0,12.371242,51.389432
13,21,10,28,14,5,3,5,3,0,0,1,0,0,0,1,0,12.308338,51.274018
13,21,10,28,15,5,3,5,3,0,0,1,1,0,0,0,0,12.37836,51.334553
13,21,10,29,10,6,3,5,3,0,0,1,0,0,0,0,1,12.420012,51.379172
13,21,10,29,12,6,2,0,7,0,0,1,0,0,0,0,0,12.413967,51.346736
13,21,10,29,16,6,3,6,4,0,0,1,0,1,0,0,0,12.38107,51.361366
13,21,10,29,18,6,3,3,6,2,0,1,1,0,0,0,0,12.403188,51.345679
13,21,10,29,19,6,3,5,2,1,0,1,1,0,0,0,0,12.331869,51.335905
13,21,10,30,0,7,3,5,3,2,0,1,0,0,0,0,1,12.323521,51.341841
13,21,10,30,20,7,3,5,3,2,0,1,1,0,0,0,0,12.36557,51.339605
13,21,10,31,15,1,3,0,6,0,0,1,0,0,0,0,0,12.368206,51.288624
13,21,10,31,20,1,3,0,7,2,0,1,1,0,0,0,0,12.358977,51.344341
13,21,11,1,12,2,2,0,1,0,1,1,0,0,0,0,0,12.342225,51.338484
13,21,11,1,15,2,3,5,5,0,0,1,1,0,0,0,0,12.394882,51.363759
13,21,11,1,20,2,3,5,6,2,0,1,1,0,0,0,0,12.340266,51.33036
13,21,11,2,16,3,3,5,3,0,0,1,1,0,0,0,0,12.407564,51.351298
13,21,11,3,9,4,3,5,2,0,0,1,1,0,0,0,0,12.334036,51.319345
13,21,11,3,15,4,3,5,3,0,0,1,0,0,0,0,1,12.327481,51.335052
13,21,11,3,15,4,3,5,3,0,0,1,1,0,0,0,0,12.37633,51.336883
13,21,11,4,8,5,3,6,4,0,1,1,0,1,0,0,0,12.3737,51.324306
13,21,11,4,12,5,3,6,6,0,1,1,0,1,0,0,0,12.396062,51.306153
13,21,11,5,7,6,3,5,2,0,1,1,1,0,0,0,0,12.365683,51.32103
13,21,11,5,14,6,3,5,3,0,1,1,1,0,0,0,0,12.373708,51.305655
13,21,11,6,17,7,3,3,2,2,0,1,1,0,0,0,0,12.373648,51.333025
13,21,11,8,11,2,3,5,2,0,0,1,1,0,0,0,0,12.395198,51.332174
13,21,11,8,13,2,3,5,2,0,0,1,1,0,0,0,0,12.406446,51.31931
13,21,11,8,14,2,3,5,2,0,1,1,1,0,0,0,0,12.373369,51.320597
13,21,11,8,16,2,3,3,5,1,1,1,1,0,0,0,0,12.331495,51.321785
13,21,11,9,8,3,3,5,2,0,0,1,1,0,0,0,0,12.366698,51.340551
13,21,11,9,8,3,3,3,2,0,1,1,0,0,0,0,1,12.376625,51.355853
13,21,11,9,9,3,3,5,3,0,1,1,1,0,0,0,0,12.443962,51.291454
13,21,11,9,16,3,3,5,3,1,0,1,1,0,0,0,0,12.33881,51.332412
13,21,11,10,9,4,3,5,2,0,0,1,1,0,0,0,0,12.40391,51.321715
13,21,11,10,18,4,3,5,2,2,0,1,1,0,0,0,0,12.373752,51.331162
13,21,11,11,11,5,3,3,6,0,0,1,1,0,0,0,0,12.452816,51.379499
13,21,11,11,13,5,3,5,3,0,0,1,1,0,0,0,0,12.327287,51.315389
13,21,11,11,13,5,3,5,3,0,0,1,1,0,0,0,0,12.371764,51.339639
13,21,11,11,14,5,3,0,7,0,0,1,0,0,0,0,0,12.355535,51.338051
13,21,11,12,8,6,2,0,1,0,1,1,0,0,0,0,0,12.324371,51.320385
13,21,11,12,10,6,3,5,7,0,0,1,1,0,0,0,0,12.363526,51.36299
13,21,11,12,16,6,3,5,3,1,0,1,0,0,0,0,1,12.388323,51.353828
13,21,11,13,12,7,3,0,1,0,1,1,0,0,0,0,0,12.315411,51.355915
13,21,11,13,14,7,2,5,2,0,0,1,1,0,0,0,0,12.395092,51.332089
13,21,11,13,21,7,3,1,5,2,0,1,1,0,0,0,0,12.412067,51.3541
13,21,11,14,8,1,2,1,1,0,0,1,0,0,0,0,1,12.29845,51.321517
13,21,11,14,11,1,2,4,6,0,0,1,0,0,0,0,0,12.407231,51.318427
13,21,11,14,13,1,3,5,3,0,0,1,1,0,0,0,0,12.33125,51.349649
13,21,11,15,7,2,3,6,4,1,1,1,0,1,0,0,0,12.353685,51.365192
13,21,11,15,9,2,3,5,2,0,0,1,1,0,0,0,0,12.40735,51.340538
13,21,11,15,15,2,3,5,3,0,0,1,1,0,0,0,0,12.408661,51.359996
13,21,11,15,17,2,3,2,2,2,0,1,0,0,0,0,1,12.387265,51.309256
13,21,11,16,6,3,3,5,3,2,1,1,1,0,0,0,0,12.42733,51.294886
13,21,11,17,11,4,3,3,3,0,0,1,1,0,0,0,0,12.367381,51.287609
13,21,11,18,7,5,3,5,2,0,1,1,1,0,0,0,0,12.446157,51.361229
13,21,11,18,16,5,3,3,6,2,0,1,1,0,0,0,0,12.396388,51.301282
13,21,11,18,19,5,3,5,2,2,0,1,1,0,0,0,0,12.376526,51.353249
13,21,11,19,15,6,3,4,6,0,0,1,0,0,0,0,0,12.380235,51.329674
13,21,11,20,12,7,3,5,3,0,0,1,1,0,0,0,0,12.393236,51.336943
13,21,11,20,13,7,3,0,1,0,0,1,0,0,0,0,0,12.373428,51.329169
13,21,11,21,21,1,2,5,3,2,1,1,1,0,0,0,0,12.382661,51.314946
13,21,11,22,12,2,3,6,4,0,0,1,0,1,0,0,1,12.351696,51.365636
13,21,11,23,7,3,3,4,6,0,0,1,0,0,0,0,0,12.361325,51.332132
13,21,11,23,9,3,3,0,1,0,1,1,0,0,0,0,0,12.404919,51.326615
13,21,11,23,17,3,3,2,6,2,1,1,1,0,0,0,0,12.358756,51.342056
13,21,11,23,17,3,3,5,2,1,1,1,1,0,0,0,0,12.38545,51.340477
13,21,11,26,6,6,3,5,3,2,0,1,1,0,0,0,0,12.405927,51.313915
13,21,11,26,10,6,3,5,3,0,0,1,1,0,0,0,0,12.421425,51.379235
13,21,11,27,12,7,3,5,3,0,0,1,1,0,0,0,0,12.396251,51.306165
13,21,11,28,15,1,2,2,6,0,0,1,1,0,0,0,0,12.401575,51.324366
13,21,11,28,16,1,3,5,2,2,0,1,1,0,0,0,0,12.403769,51.321642
13,21,11,30,15,3,3,5,2,0,1,1,1,0,0,0,0,12.388112,51.33817
13,21,11,30,16,3,2,1,5,1,1,1,1,0,0,0,0,12.322808,51.375554
13,21,11,30,17,3,3,5,3,2,0,1,1,0,0,0,0,12.387448,51.357046
13,21,11,30,18,3,3,3,6,2,1,1,0,0,0,0,0,12.327371,51.329691
13,21,12,2,10,5,3,5,3,0,0,1,1,0,0,0,0,12.338799,51.370373
13,21,12,2,12,5,3,1,3,0,0,1,1,0,0,0,0,12.33298,51.336049
13,21,12,4,8,7,2,5,2,0,0,1,0,0,0,1,0,12.395363,51.339237
13,21,12,5,15,1,3,5,3,0,0,1,1,0,0,0,0,12.344893,51.339195
13,21,12,5,18,1,3,5,2,2,0,1,1,0,0,0,0,12.406011,51.335935
13,21,12,6,16,2,3,5,2,2,1,1,1,0,0,0,0,12.394688,51.376437
13,21,12,7,13,3,3,0,7,0,0,1,0,0,0,0,0,12.318809,51.329723
13,21,12,7,13,3,3,5,3,0,0,1,1,0,0,0,0,12.366352,51.336309
13,21,12,7,13,3,3,5,3,0,0,1,1,0,0,0,0,12.393172,51.336932
13,21,12,8,15,4,3,5,3,0,1,1,1,0,0,0,0,12.291683,51.321272
13,21,12,8,15,4,3,0,1,0,1,1,0,0,0,0,0,12.376257,51.368437
13,21,12,8,15,4,2,5,3,0,1,1,0,0,0,0,1,12.395328,51.332088
13,21,12,8,19,4,3,5,3,2,1,1,1,0,0,0,0,12.402149,51.321641
13,21,12,9,14,5,3,2,6,0,1,1,1,0,0,0,0,12.377571,51.301901
13,21,12,10,5,6,3,5,3,2,0,1,1,0,0,0,0,12.302406,51.34261
13,21,12,10,6,6,3,2,2,2,1,1,1,0,0,0,0,12.390272,51.337713
13,21,12,10,10,6,3,0,1,0,1,1,0,0,0,0,0,12.342268,51.338581
13,21,12,10,10,6,3,5,3,0,0,1,1,0,0,0,0,12.461539,51.281888
13,21,12,10,13,6,3,5,3,0,0,1,1,0,0,0,0,12.344896,51.339195
13,21,12,11,14,7,3,1,5,0,0,1,1,0,0,0,0,12.37862,51.32432
13,21,12,11,22,7,3,0,1,2,1,1,0,0,0,0,0,12.408244,51.340078
13,21,12,13,7,2,3,6,4,1,1,1,1,1,0,0,0,12.38262,51.365849
13,21,12,13,8,2,3,5,1,0,1,1,1,0,0,0,0,12.335971,51.341252
13,21,12,13,17,2,3,5,3,2,0,1,1,0,0,0,0,12.45914,51.401918
13,21,12,14,6,3,3,5,3,2,1,1,1,0,0,0,0,12.378992,51.359224
13,21,12,14,12,3,3,1,5,0,0,1,1,0,0,0,0,12.403528,51.2847
13,21,12,14,15,3,3,5,3,1,1,1,1,0,0,0,0,12.325996,51.304854
13,21,12,14,15,3,3,5,3,0,0,1,1,0,0,0,0,12.393037,51.334494
13,21,12,14,19,3,2,5,3,2,1,1,1,0,0,0,0,12.344564,51.339707
13,21,12,14,20,3,3,0,1,2,1,1,0,0,0,0,0,12.293064,51.359311
13,21,12,16,14,5,3,5,3,0,0,1,1,0,0,0,0,12.375111,51.359732
13,21,12,16,15,5,3,1,7,0,0,1,1,0,0,0,0,12.405642,51.344653
13,21,12,17,3,6,3,0,1,2,0,1,0,0,0,0,0,12.333882,51.319443
13,21,12,17,9,6,3,5,2,0,0,1,1,0,0,0,0,12.261651,51.316168
13,21,12,18,14,7,3,0,2,0,1,1,1,0,0,0,0,12.366442,51.366125
13,21,12,18,20,7,3,0,1,2,0,1,0,0,0,0,0,12.412039,51.332226
13,21,12,20,7,2,2,5,2,2,1,1,1,0,0,0,0,12.365709,51.363461
13,21,12,20,10,2,3,2,6,0,0,1,1,0,0,0,0,12.42071,51.348761
13,21,12,20,11,2,3,5,3,0,0,1,0,0,0,0,1,12.373349,51.31857
13,21,12,20,17,2,3,4,6,2,0,1,0,0,0,0,0,12.394315,51.336505
13,21,12,21,7,3,3,2,2,1,0,1,1,0,0,0,0,12.375215,51.364637
13,21,12,22,7,4,3,3,6,2,0,1,1,0,0,0,0,12.354847,51.364923
13,21,12,22,10,4,3,5,3,0,0,1,1,0,0,0,0,12.406647,51.357215
13,21,12,22,12,4,3,5,3,0,0,1,1,0,0,0,0,12.382061,51.332607
13,21,12,22,16,4,3,5,2,2,0,1,1,0,0,0,0,12.373688,51.332839
13,21,12,24,1,6,3,5,3,2,1,1,1,0,0,0,0,12.341165,51.332356
13,21,12,28,18,3,3,5,3,2,1,1,1,0,0,0,0,12.342644,51.332278
13,21,12,30,15,5,3,5,2,0,1,1,1,0,0,0,0,12.39937,51.363416
13,21,12,30,16,5,3,5,3,1,1,1,0,0,0,0,1,12.340488,51.337615
13,22,1,1,16,7,3,5,2,1,0,1,1,0,0,0,0,12.376524,51.343009
13,22,1,3,6,2,3,3,3,2,1,1,1,0,0,0,0,12.373796,51.353101
13,22,1,3,7,2,3,5,3,2,1,1,1,0,0,0,0,12.346479,51.32888
13,22,1,3,10,2,2,1,5,0,0,1,1,0,0,0,0,12.313287,51.331722
13,22,1,3,12,2,2,0,7,0,0,1,0,0,0,0,0,12.430507,51.359333
13,22,1,4,4,3,2,6,7,2,1,1,0,1,0,0,0,12.287725,51.357244
13,22,1,5,7,4,3,5,2,1,1,1,1,0,0,0,0,12.386452,51.299085
13,22,1,5,14,4,3,2,6,0,0,1,1,0,0,0,0,12.396462,51.372078
13,22,1,5,17,4,3,7,1,2,0,1,0,0,0,0,0,12.379928,51.360258
13,22,1,6,19,5,3,3,2,2,1,1,1,0,0,0,0,12.40218,51.33235
13,22,1,7,9,6,3,3,6,0,0,1,1,0,0,0,0,12.410096,51.35284
13,22,1,7,13,6,3,5,3,0,1,1,1,0,0,0,0,12.37207,51.356879
13,22,1,11,8,3,3,5,3,0,1,1,1,0,0,0,0,12.37332,51.353074
13,22,1,11,10,3,2,5,3,0,0,1,1,0,0,0,0,12.464554,51.305744
13,22,1,11,11,3,3,1,7,0,0,1,1,0,0,0,0,12.396272,51.346045
13,22,1,11,16,3,3,5,5,0,1,1,1,0,0,0,0,12.37326,51.308216
13,22,1,13,11,5,3,3,6,0,0,1,0,0,0,0,0,12.419451,51.351265
13,22,1,13,18,5,3,5,3,2,0,1,1,0,0,0,0,12.358621,51.342047
13,22,1,14,7,6,3,5,3,1,1,1,1,0,0,0,0,12.408659,51.359989
13,22,1,14,17,6,3,0,7,2,1,1,0,0,0,0,0,12.370202,51.336457
13,22,1,17,9,2,2,6,2,0,0,1,0,1,0,0,0,12.378387,51.317648
13,22,1,17,15,2,3,1,5,0,0,1,1,0,0,0,0,12.367956,51.338482
13,22,1,17,17,2,3,0,1,2,1,1,0,0,0,0,0,12.369874,51.360552
13,22,1,17,18,2,3,5,3,2,1,1,1,0,0,0,0,12.333744,51.340734
13,22,1,18,6,3,3,0,1,2,1,1,0,0,0,0,0,12.389064,51.322386
13,22,1,18,9,3,3,0,1,0,1,1,0,0,0,0,0,12.373689,51.332476
13,22,1,18,12,3,3,5,3,0,1,1,1,0,0,0,0,12.327654,51.326707
13,22,1,19,17,4,3,3,5,1,0,1,1,0,0,0,0,12.373594,51.330404
13,22,1,20,10,5,3,5,3,0,0,1,0,0,0,0,0,12.376594,51.341881
13,22,1,20,18,5,2,5,3,2,0,1,1,0,0,0,0,12.33338,51.331301
13,22,1,21,8,6,3,6,3,0,1,1,0,1,0,0,0,12.373601,51.320768
13,22,1,21,14,6,3,5,2,0,0,1,1,0,0,0,0,12.379565,51.375807
13,22,1,21,15,6,3,5,2,0,0,1,1,0,0,0,0,12.339505,51.326702
13,22,1,22,1,7,2,0,1,2,1,1,0,0,0,0,0,12.340829,51.337787
13,22,1,22,12,7,3,1,1,0,0,1,1,0,0,0,0,12.308487,51.312989
13,22,1,23,17,1,3,3,5,2,1,1,1,0,0,0,0,12.400172,51.341829
13,22,1,24,12,2,3,5,3,0,1,1,1,0,0,0,0,12.407853,51.337872
13,22,1,24,12,2,3,5,3,0,1,1,1,0,0,0,0,12.473899,51.358865
13,22,1,24,17,2,3,5,3,1,1,1,1,0,0,0,0,12.280319,51.31491
13,22,1,26,12,4,3,1,5,0,0,1,1,0,0,0,0,12.363238,51.369206
13,22,1,31,15,2,3,5,3,0,1,1,1,0,0,0,0,12.362245,51.332053
13,22,2,1,5,3,2,5,3,2,1,1,1,0,0,0,0,12.408666,51.360009
13,22,2,1,7,3,3,5,3,1,0,1,1,0,0,0,0,12.373486,51.351722
13,22,2,1,8,3,3,0,1,0,1,1,0,0,0,0,0,12.41186,51.374235
13,22,2,1,17,3,3,1,5,2,1,1,1,0,0,0,0,12.378458,51.319852
13,22,2,3,7,5,3,5,3,0,1,1,0,0,0,0,0,12.392623,51.334132
13,22,2,3,10,5,3,5,3,0,1,1,1,0,0,0,0,12.321286,51.328625
13,22,2,3,20,5,3,0,7,2,1,1,0,0,0,0,0,12.373219,51.314784
13,22,2,3,23,5,3,0,1,2,1,1,0,0,0,0,0,12.372371,51.331774
13,22,2,4,10,6,2,5,2,0,0,1,1,0,0,0,0,12.422285,51.351685
13,22,2,4,11,6,2,5,2,0,0,1,1,0,0,0,0,12.422313,51.351691
13,22,2,4,12,6,3,0,1,0,0,1,0,0,0,0,0,12.414456,51.349783
13,22,2,4,16,6,2,1,7,0,0,1,1,0,0,0,0,12.401306,51.342731
13,22,2,4,20,6,3,3,7,2,0,1,1,0,0,0,0,12.409133,51.345361
13,22,2,5,20,7,2,0,1,2,0,1,0,0,0,0,0,12.361772,51.341345
13,22,2,7,16,2,3,5,2,0,0,1,1,0,0,0,0,12.367493,51.388463
13,22,2,9,10,4,3,5,2,0,0,1,1,0,0,0,0,12.408216,51.340091
13,22,2,10,14,5,3,6,6,0,0,1,0,1,0,0,0,12.373533,51.330022
13,22,2,11,7,6,3,5,3,0,1,1,1,0,0,0,0,12.34956,51.318964
13,22,2,11,10,6,3,3,5,0,1,1,1,0,0,0,0,12.376364,51.338882
13,22,2,11,12,6,3,5,3,0,0,1,1,0,0,0,0,12.376792,51.32054
13,22,2,11,15,6,3,0,1,0,1,1,0,0,0,0,0,12.321762,51.320399
13,22,2,12,9,7,3,5,3,0,2,1,1,0,0,0,0,12.362659,51.321029
13,22,2,12,10,7,3,5,2,0,0,1,1,0,0,0,0,12.26307,51.344562
13,22,2,12,13,7,2,5,3,0,0,1,1,0,0,0,0,12.399706,51.40072
13,22,2,12,16,7,2,5,3,0,0,1,0,0,0,0,1,12.390339,51.29088
13,22,2,12,17,7,3,5,3,2,1,1,1,0,0,0,0,12.373411,51.352448
13,22,2,14,13,2,3,5,2,0,0,1,1,0,0,0,0,12.368714,51.316915
13,22,2,14,14,2,3,3,2,0,0,1,1,0,0,0,0,12.291116,51.324283
13,22,2,14,15,2,3,5,3,0,0,1,1,0,0,0,0,12.387209,51.336873
13,22,2,14,15,2,3,3,5,0,0,1,1,0,0,0,0,12.404715,51.329806
13,22,2,14,18,2,3,2,2,2,0,1,1,0,0,0,0,12.360452,51.337987
13,22,2,15,13,3,3,5,3,0,1,1,1,0,0,0,0,12.398337,51.339218
13,22,2,15,16,3,3,5,3,0,0,1,1,0,0,0,0,12.369946,51.355877
13,22,2,15,19,3,3,5,3,2,0,1,1,0,0,0,0,12.367497,51.367209
13,22,2,16,8,4,3,3,5,0,1,1,0,0,0,0,1,12.387593,51.357208
13,22,2,18,5,6,3,5,2,2,0,1,1,0,0,0,0,12.3186,51.331437
13,22,2,18,12,6,2,0,1,0,1,1,0,0,0,0,0,12.36012,51.333806
13,22,2,21,18,2,3,5,3,2,1,1,1,0,0,0,0,12.373353,51.353061
13,22,2,21,20,2,2,5,3,2,1,1,1,0,0,0,0,12.362294,51.339103
13,22,2,22,8,3,3,5,2,0,1,1,1,0,0,0,0,12.36045,51.337986
13,22,2,24,22,5,3,5,2,2,1,1,1,0,0,0,0,12.408242,51.340079
13,22,2,27,17,1,3,5,3,0,0,1,1,0,0,0,0,12.327906,51.302313
13,22,2,28,6,2,3,5,2,1,0,1,1,0,0,0,0,12.329283,51.340078
13,22,2,28,9,2,3,5,3,0,0,1,1,0,0,0,0,12.369951,51.355847
13,22,2,28,17,2,3,1,5,0,0,1,1,0,0,0,0,12.373589,51.327665
13,22,3,1,13,3,3,3,5,0,0,1,1,0,0,0,0,12.344163,51.324671
13,22,3,1,14,3,3,5,2,0,0,1,1,0,0,0,0,12.378445,51.335853
13,22,3,1,16,3,2,5,3,0,0,1,1,0,0,0,0,12.372986,51.30139
13,22,3,1,19,3,2,4,6,0,0,1,0,0,0,0,0,12.321271,51.302752
13,22,3,2,14,4,3,3,2,0,0,1,0,0,0,0,1,12.361262,51.36209
13,22,3,2,15,4,2,4,6,0,0,1,0,0,0,0,1,12.331927,51.340278
13,22,3,2,16,4,3,0,1,0,1,1,0,0,0,0,0,12.355177,51.320069
13,22,3,2,16,4,2,0,1,0,0,1,0,0,0,0,0,12.378034,51.337134
13,22,3,2,16,4,3,5,3,0,0,1,0,0,1,0,0,12.398803,51.33637
13,22,3,2,16,4,2,5,2,0,0,1,1,0,0,0,0,12.412389,51.333397
13,22,3,2,23,4,2,0,7,2,0,1,0,0,0,0,0,12.373334,51.335494
13,22,3,3,15,5,2,5,3,0,0,1,1,0,0,0,0,12.489787,51.32327
13,22,3,3,16,5,3,2,6,0,0,1,1,0,0,0,0,12.414858,51.359402
13,22,3,4,8,6,3,1,5,0,0,1,1,0,0,0,0,12.333598,51.340699
13,22,3,4,8,6,3,0,1,0,0,1,0,0,0,0,0,12.405001,51.320609
13,22,3,5,10,7,3,5,3,0,0,1,1,0,0,0,0,12.407584,51.351296
13,22,3,5,19,7,3,3,6,2,0,1,1,0,0,0,0,12.362853,51.367857
13,22,3,6,7,1,3,1,1,0,0,1,1,0,0,0,0,12.325715,51.318096
13,22,3,7,14,2,2,5,3,0,0,1,1,0,0,0,0,12.272862,51.384664
13,22,3,8,14,3,3,5,2,0,0,1,1,0,0,0,0,12.422059,51.319795
13,22,3,9,8,4,3,5,3,0,0,1,1,0,0,0,0,12.345649,51.330041
13,22,3,9,8,4,2,2,7,0,0,1,0,0,0,0,1,12.410137,51.354416
13,22,3,10,9,5,3,3,6,0,0,1,0,0,0,0,1,12.405851,51.375764
13,22,3,10,15,5,3,1,5,0,0,1,1,0,0,0,0,12.331586,51.337644
13,22,3,11,10,6,3,5,3,0,0,1,1,0,0,0,0,12.373439,51.351656
13,22,3,11,15,6,3,1,5,0,0,1,1,0,0,0,0,12.436766,51.35025
13,22,3,12,0,7,3,1,5,2,0,1,0,0,0,1,0,12.387203,51.299154
13,22,3,12,9,7,3,5,3,0,0,1,1,0,0,0,0,12.405853,51.344687
13,22,3,13,14,1,3,5,2,0,0,1,0,0,0,0,0,12.351171,51.335353
13,22,3,13,16,1,3,0,1,0,0,1,0,0,0,0,0,12.313988,51.367614
13,22,3,14,6,2,3,3,6,0,0,1,1,0,0,0,0,12.376409,51.353262
13,22,3,14,7,2,3,1,6,1,0,1,1,0,0,0,0,12.330358,51.339955
13,22,3,14,15,2,3,5,3,0,1,1,1,0,0,0,0,12.389921,51.346562
13,22,3,15,7,3,3,5,3,0,0,1,1,0,0,0,0,12.387456,51.357022
13,22,3,15,10,3,2,5,3,0,0,1,0,0,0,0,1,12.378944,51.311575
13,22,3,15,10,3,3,1,7,0,1,1,1,0,0,0,0,12.398625,51.344722