UKREIS,UJAHR,UMONAT,UTAG,USTUNDE,UWOCHENTAG,UKATEGORIE,UART,UTYP,LICHT,USTRZUSTAND,IstRad,IstPKW,IstFuss,IstKrad,IstGkfz,IstSonstige,@lon,@lat
13,22,6,22,15,4,3,5,3,0,0,1,1,0,0,0,0,12.462047,51.35798
13,22,6,22,19,4,3,5,3,0,0,1,1,0,0,0,0,12.338181,51.327072
13,22,6,23,7,5,3,3,5,0,0,1,1,0,0,0,0,12.329292,51.305157
13,22,6,23,7,5,3,1,5,0,0,1,1,0,0,0,0,12.403207,51.339975
13,22,6,23,8,5,3,0,7,0,0,1,0,0,0,0,0,12.405716,51.331363
13,22,6,23,10,5,3,5,3,0,0,1,1,0,0,0,0,12.390806,51.330993
13,22,6,23,14,5,3,6,4,0,0,1,0,1,0,0,0,12.376471,51.352406
13,22,6,23,17,5,3,5,3,0,0,1,1,0,0,0,0,12.365255,51.333083
13,22,6,24,6,6,3,5,3,0,0,1,1,0,0,0,0,12.529569,51.327641
13,22,6,24,19,6,3,1,6,0,0,1,1,0,0,0,0,12.392615,51.322438
13,22,6,25,21,7,2,5,2,2,0,1,1,0,0,0,0,12.370845,51.336382
13,22,6,27,7,2,3,1,7,0,0,1,1,0,0,0,0,12.370244,51.324431
13,22,6,27,7,2,3,5,3,0,0,1,1,0,0,0,0,12.400373,51.345814
13,22,6,27,7,2,3,5,3,0,0,1,1,0,0,0,0,12.407547,51.346779
13,22,6,27,11,2,3,3,6,0,0,1,1,0,0,0,0,12.405885,51.345532
13,22,6,27,16,2,3,5,2,0,0,1,1,0,0,0,0,12.405776,51.331747
13,22,6,27,16,2,2,1,5,0,0,1,1,0,0,0,0,12.422304,51.306827
13,22,6,27,20,2,3,1,5,0,0,1,1,0,0,0,0,12.376455,51.308542
13,22,6,27,23,2,3,0,1,2,0,1,0,0,0,0,0,12.369116,51.359771
13,22,6,28,8,3,3,7,7,0,0,1,0,0,0,0,0,12.345819,51.330102
13,22,6,28,14,3,3,5,3,0,0,1,1,0,0,0,0,12.372394,51.394951
13,22,6,28,14,3,3,5,3,0,0,1,1,0,0,0,0,12.455243,51.350299
13,22,6,28,16,3,2,5,3,0,0,1,1,0,0,0,0,12.391948,51.347895
13,22,6,28,18,3,2,5,3,0,0,1,1,0,0,0,0,12.286294,51.331148
13,22,6,28,18,3,3,0,1,0,0,1,0,0,0,0,0,12.391699,51.351861
13,22,6,29,8,4,3,2,7,0,1,1,1,0,0,0,0,12.378329,51.359599
13,22,6,29,9,4,3,5,3,0,1,1,1,0,0,0,0,12.373614,51.330535
13,22,6,29,9,4,3,6,6,0,0,1,0,1,0,0,0,12.378043,51.34615
13,22,6,29,13,4,3,5,3,0,0,1,1,0,0,0,0,12.371478,51.31484
13,22,6,30,8,5,3,0,1,0,0,1,0,0,0,0,0,12.378516,51.366474
13,22,6,30,8,5,3,5,3,0,0,1,1,0,0,0,0,12.381587,51.315659
13,22,6,30,13,5,3,3,6,0,0,1,1,0,0,0,0,12.410494,51.345292
13,22,6,30,15,5,3,6,4,0,0,1,1,1,0,0,0,12.318413,51.354455
13,22,7,1,12,6,3,5,3,0,1,1,1,0,0,0,0,12.393139,51.336959
13,22,7,1,14,6,3,0,1,0,1,1,1,0,0,0,0,12.355663,51.337497
13,22,7,1,16,6,2,1,5,0,0,1,1,0,0,0,0,12.385928,51.364317
13,22,7,2,12,7,3,6,6,0,0,1,0,1,0,0,0,12.358059,51.344025
13,22,7,3,9,1,3,0,1,0,0,1,0,0,0,0,0,12.344136,51.331127
13,22,7,4,5,2,3,5,2,0,0,1,1,0,0,0,0,12.40578,51.331749
13,22,7,4,13,2,3,3,2,0,0,1,0,0,0,0,1,12.404753,51.320863
13,22,7,5,9,3,3,5,3,0,0,1,1,0,0,0,0,12.323699,51.384024
13,22,7,5,12,3,3,5,3,0,0,1,1,0,0,0,0,12.47692,51.33983
13,22,7,5,16,3,3,5,3,0,0,1,1,0,0,0,0,12.286308,51.331154
13,22,7,5,16,3,3,3,2,0,0,1,1,0,0,0,0,12.40415,51.363647
13,22,7,5,17,3,3,3,7,0,0,1,1,0,0,0,0,12.374026,51.33676
13,22,7,5,19,3,2,5,2,0,0,1,1,0,0,0,0,12.420507,51.319266
13,22,7,6,7,4,3,5,2,0,0,1,1,0,0,0,0,12.385975,51.363453
13,22,7,6,13,4,3,5,3,0,0,1,1,0,0,0,0,12.329808,51.325164
13,22,7,6,22,4,3,3,1,2,0,1,1,0,0,0,0,12.368365,51.357818
13,22,7,6,23,4,3,0,1,2,0,1,0,0,0,0,0,12.401244,51.345782
13,22,7,7,7,5,3,5,3,0,1,1,1,0,0,0,0,12.330761,51.337432
13,22,7,7,10,5,3,1,5,0,1,1,1,0,0,0,0,12.373241,51.338098
13,22,7,7,10,5,3,5,3,0,1,1,0,0,0,1,0,12.405937,51.313915
13,22,7,7,12,5,3,4,6,0,0,1,0,0,0,0,0,12.348133,51.328717
13,22,7,7,13,5,3,1,1,0,1,1,1,0,0,0,0,12.3366,51.328886
13,22,7,7,14,5,3,5,3,0,1,1,1,0,0,0,0,12.397791,51.329452
13,22,7,7,15,5,3,0,1,0,1,1,0,0,0,0,0,12.411334,51.345248
13,22,7,8,9,6,3,0,1,0,0,1,0,0,0,0,0,12.365446,51.362458
13,22,7,8,17,6,3,2,6,0,0,1,1,0,0,0,0,12.407848,51.335683
13,22,7,9,15,7,3,0,5,0,0,1,1,0,0,0,0,12.383203,51.331716
13,22,7,10,0,1,2,6,7,2,0,1,0,1,0,0,0,12.373663,51.332857
13,22,7,11,10,2,3,5,3,0,0,1,1,0,0,0,0,12.37691,51.375884
13,22,7,11,10,2,3,5,2,0,0,1,1,0,0,0,0,12.378479,51.320728
13,22,7,11,18,2,3,5,3,0,0,1,0,0,0,0,1,12.388395,51.327594
13,22,7,11,20,2,3,0,7,0,0,1,0,0,0,0,0,12.370871,51.326
13,22,7,12,4,3,3,7,1,1,0,1,0,0,0,0,0,12.282105,51.329833
13,22,7,12,7,3,3,1,5,0,0,1,1,0,0,0,0,12.376354,51.332755
13,22,7,12,13,3,3,1,5,0,0,1,1,0,0,0,0,12.413008,51.375097
13,22,7,12,17,3,3,4,2,0,0,1,1,0,0,0,0,12.326031,51.307275
13,22,7,12,18,3,3,3,6,0,0,1,1,0,0,0,0,12.371806,51.339624
13,22,7,12,18,3,3,5,2,0,0,1,1,0,0,0,0,12.393284,51.322881
13,22,7,13,9,4,3,6,4,0,0,1,0,1,0,0,0,12.37398,51.315744
13,22,7,13,10,4,3,5,2,0,0,1,0,0,0,0,1,12.362092,51.360717
13,22,7,13,14,4,3,3,2,0,0,1,1,0,0,0,0,12.382081,51.332577
13,22,7,13,16,4,3,3,2,0,0,1,1,0,0,0,0,12.385168,51.376137
13,22,7,13,17,4,3,4,2,0,0,1,0,0,0,0,1,12.399143,51.345874
13,22,7,14,7,5,3,5,3,0,0,1,1,0,0,0,0,12.297751,51.357374
13,22,7,14,10,5,3,5,3,0,0,1,0,0,0,0,1,12.367926,51.323381
13,22,7,14,12,5,3,4,2,0,0,1,1,0,0,0,0,12.463346,51.306393
13,22,7,14,13,5,3,1,5,0,0,1,1,0,0,0,0,12.422397,51.31353
13,22,7,14,14,5,3,0,5,0,0,1,1,0,0,0,0,12.365111,51.363498
13,22,7,14,14,5,3,5,3,0,0,1,1,0,0,0,0,12.396669,51.343041
13,22,7,14,18,5,3,5,3,0,0,1,1,0,0,0,0,12.406046,51.346281
13,22,7,15,11,6,3,3,6,0,0,1,1,0,0,0,0,12.362746,51.373421
13,22,7,15,12,6,3,5,3,0,0,1,0,0,0,0,0,12.382747,51.340631
13,22,7,15,13,6,3,5,2,0,0,1,1,0,0,0,0,12.374081,51.334284
13,22,7,15,15,6,3,6,6,0,0,1,0,1,0,0,0,12.371775,51.344082
13,22,7,15,18,6,3,5,2,0,0,1,1,0,0,0,0,12.405901,51.345532
13,22,7,16,19,7,3,8,1,0,0,1,0,0,0,0,0,12.479136,51.355081
13,22,7,17,15,1,3,0,7,0,0,1,0,0,0,0,0,12.373015,51.309618
13,22,7,17,23,1,3,0,7,2,0,1,0,0,0,0,0,12.519391,51.343468
13,22,7,18,7,2,3,3,6,0,0,1,0,0,0,0,1,12.384914,51.378816
13,22,7,18,7,2,3,5,3,0,0,1,0,0,0,1,0,12.400609,51.323983
13,22,7,18,8,2,3,4,2,0,0,1,1,0,0,0,0,12.385087,51.331667
13,22,7,18,10,2,3,2,6,0,0,1,0,0,0,0,0,12.343778,51.323916
13,22,7,18,18,2,2,5,3,0,0,1,1,0,0,0,0,12.276725,51.320775
13,22,7,18,19,2,3,1,1,0,0,1,1,0,0,0,0,12.373702,51.331867
13,22,7,19,6,3,3,4,6,0,0,1,0,0,0,0,0,12.446013,51.361159
13,22,7,19,20,3,3,5,3,1,0,1,1,0,0,0,0,12.393169,51.336925
13,22,7,20,8,4,3,4,2,0,0,1,1,0,0,0,0,12.428271,51.379713
13,22,7,20,12,4,3,0,2,0,0,1,0,0,0,0,0,12.373856,51.360563
13,22,7,20,12,4,3,5,2,0,0,1,0,0,0,1,0,12.379424,51.349576
13,22,7,20,16,4,2,5,3,0,0,1,1,0,0,0,0,12.406532,51.338103
13,22,7,21,0,5,3,5,3,2,0,1,0,0,1,0,0,12.382759,51.363189
13,22,7,21,5,5,1,5,3,0,0,1,1,0,0,0,0,12.491201,51.359627
13,22,7,21,15,5,3,5,3,0,0,1,1,0,0,0,0,12.381605,51.331758
13,22,7,21,17,5,3,4,2,1,0,1,0,0,0,0,1,12.384966,51.338074
13,22,7,21,17,5,3,5,3,0,0,1,1,0,0,0,0,12.407514,51.326094
13,22,7,22,8,6,3,6,4,0,0,1,0,1,0,0,0,12.37798,51.337249
13,22,7,22,11,6,3,5,3,0,0,1,1,0,0,0,0,12.320995,51.302775
13,22,7,23,10,7,3,0,7,0,1,1,0,0,0,0,0,12.325082,51.320377
13,22,7,23,10,7,3,5,3,0,0,1,1,0,0,0,0,12.479203,51.342721
13,22,7,23,21,7,3,5,3,1,0,1,1,0,0,0,0,12.339159,51.333236
13,22,7,25,8,2,3,5,3,0,0,1,1,0,0,0,0,12.372973,51.301365
13,22,7,25,8,2,3,5,3,0,0,1,0,0,0,0,0,12.373796,51.393861
13,22,7,25,10,2,3,5,3,0,0,1,1,0,0,0,0,12.369973,51.360652
13,22,7,25,12,2,3,5,3,0,0,1,1,0,0,0,0,12.378286,51.334595
13,22,7,26,12,3,2,0,7,0,0,1,0,0,0,0,0,12.351014,51.365793
13,22,7,26,19,3,3,3,6,0,0,1,1,0,0,0,0,12.338814,51.332421
13,22,7,27,7,4,3,2,2,0,0,1,1,0,0,0,0,12.479269,51.345821
13,22,7,27,8,4,3,5,3,0,0,1,1,0,0,0,0,12.398527,51.398939
13,22,7,27,13,4,3,0,7,0,0,1,0,0,0,0,0,12.355365,51.34459
13,22,7,27,13,4,3,3,2,0,0,1,1,0,0,0,0,12.376628,51.355853
13,22,7,27,15,4,3,5,3,0,0,1,0,0,0,0,0,12.316604,51.314428
13,22,7,27,19,4,3,3,2,0,0,1,1,0,0,0,0,12.373647,51.325306
13,22,7,28,10,5,3,5,3,0,0,1,1,0,0,0,0,12.374873,51.353163
13,22,7,28,17,5,2,3,2,0,0,1,1,0,0,0,0,12.378068,51.334596
13,22,7,29,8,6,3,1,7,0,0,1,0,0,0,1,0,12.375048,51.343028
13,22,7,29,13,6,3,3,6,0,0,1,0,1,0,0,0,12.373681,51.332676
13,22,7,29,13,6,3,0,1,0,0,1,0,0,0,0,0,12.419565,51.348112
13,22,7,29,14,6,3,5,2,0,0,1,1,0,0,0,0,12.38418,51.365783
13,22,7,30,14,7,3,3,2,0,1,1,1,0,0,0,0,12.408245,51.340077
13,22,7,31,1,1,3,0,7,2,0,1,0,0,0,0,0,12.384528,51.337122
13,22,7,31,10,1,3,6,4,0,0,1,0,1,0,0,0,12.372068,51.342292
13,22,8,1,5,2,3,5,3,0,0,1,1,0,0,0,0,12.310238,51.31774
13,22,8,1,8,2,3,5,2,0,0,1,1,0,0,0,0,12.4452,51.345478
13,22,8,1,14,2,3,5,3,0,0,1,1,0,0,0,0,12.381558,51.336673
13,22,8,1,15,2,3,6,6,0,0,1,0,1,0,0,0,12.368969,51.333704
13,22,8,1,17,2,3,5,3,0,0,1,1,0,0,0,0,12.406076,51.346865
13,22,8,2,18,3,3,0,7,0,0,1,0,1,0,0,0,12.376987,51.345074
13,22,8,3,11,4,3,1,7,0,0,1,1,0,0,0,0,12.376711,51.341192
13,22,8,3,14,4,3,5,3,0,0,1,1,0,0,0,0,12.323876,51.320403
13,22,8,4,12,5,3,5,2,0,0,1,1,0,0,0,0,12.345158,51.375176
13,22,8,4,21,5,3,5,3,1,0,1,1,0,0,0,0,12.369683,51.324486
13,22,8,5,6,6,3,5,3,0,0,1,1,0,0,0,0,12.405917,51.313915
13,22,8,5,22,6,3,5,3,2,0,1,1,0,0,0,0,12.301777,51.342661
13,22,8,6,14,7,3,1,5,0,0,1,1,0,0,0,0,12.370065,51.355781
13,22,8,6,15,7,3,1,5,0,0,1,1,0,0,0,0,12.341013,51.325848
13,22,8,6,23,7,3,0,1,2,0,1,0,0,0,0,0,12.394785,51.31461
13,22,8,7,12,1,3,0,7,0,0,1,0,0,0,0,0,12.278851,51.31462
13,22,8,7,19,1,3,0,1,0,0,1,0,0,0,0,0,12.378797,51.31481
13,22,8,8,22,2,3,5,3,2,0,1,1,0,0,0,0,12.341163,51.332359
13,22,8,9,7,3,2,5,3,0,0,1,0,0,1,0,0,12.393701,51.335396
13,22,8,9,16,3,3,3,6,0,0,1,0,0,0,0,0,12.374851,51.343952
13,22,8,9,16,3,3,5,3,0,0,1,1,0,0,0,0,12.421249,51.353037
13,22,8,10,13,4,3,3,2,0,0,1,1,0,0,0,0,12.391383,51.347471
13,22,8,10,13,4,3,5,2,0,0,1,1,0,0,0,0,12.427084,51.345018
13,22,8,10,18,4,3,3,6,0,0,1,0,0,1,0,0,12.326069,51.315468
13,22,8,11,9,5,3,1,5,0,0,1,1,0,0,0,0,12.411744,51.328407
13,22,8,12,6,6,3,5,3,0,0,1,1,0,0,0,0,12.374122,51.303361
13,22,8,12,6,6,3,0,7,0,0,1,0,1,0,0,0,12.390482,51.351724
13,22,8,12,7,6,3,3,2,0,0,1,1,0,0,0,0,12.382496,51.333316
13,22,8,13,19,7,3,0,1,0,0,1,0,0,0,0,0,12.315159,51.357805
13,22,8,14,16,1,3,5,3,0,0,1,1,0,0,0,0,12.367052,51.403838
13,22,8,14,19,1,3,5,2,0,0,1,0,0,0,0,0,12.33193,51.340275
13,22,8,15,16,2,3,5,3,0,0,1,1,0,0,0,0,12.393145,51.336958
13,22,8,15,17,2,3,0,7,0,1,1,0,0,0,0,0,12.377552,51.33293
13,22,8,16,7,3,3,3,2,0,0,1,0,0,0,1,0,12.37826,51.375844
13,22,8,16,9,3,3,5,3,0,0,1,1,0,0,0,0,12.31024,51.317738
13,22,8,16,9,3,2,5,3,0,0,1,0,0,0,0,1,12.396253,51.339153
13,22,8,16,18,3,2,0,1,0,0,1,0,0,0,0,0,12.480604,51.324487
13,22,8,16,23,3,3,5,3,2,0,1,1,0,0,0,0,12.408661,51.359994
13,22,8,17,9,4,3,5,2,0,0,1,1,0,0,0,0,12.342447,51.325016
13,22,8,17,18,4,3,1,7,0,0,1,1,1,0,0,0,12.407425,51.338994
13,22,8,17,19,4,2,5,3,0,0,1,0,0,0,0,0,12.387984,51.355421
13,22,8,18,6,5,3,4,6,0,0,1,0,0,0,0,0,12.376692,51.353123
13,22,8,18,17,5,3,5,3,0,1,1,1,0,0,0,0,12.342705,51.372369
13,22,8,19,15,6,3,1,5,0,0,1,1,0,0,0,0,12.418735,51.317436
13,22,8,19,22,6,3,1,1,2,1,1,1,0,0,0,0,12.328065,51.301197
13,22,8,21,1,1,3,5,3,2,0,1,1,0,0,0,0,12.433459,51.355162
13,22,8,21,9,1,3,5,3,0,0,1,1,0,0,0,0,12.36447,51.330887
13,22,8,22,10,2,3,0,1,0,1,1,0,0,0,0,0,12.339817,51.336706
13,22,8,22,13,2,3,4,2,0,0,1,1,0,0,0,0,12.405841,51.331772
13,22,8,22,14,2,2,5,3,0,0,1,1,0,0,0,0,12.283986,51.344304
13,22,8,22,15,2,3,5,3,0,0,1,1,0,0,0,0,12.305994,51.325222
13,22,8,22,20,2,3,5,3,2,0,1,1,0,0,0,0,12.393117,51.324903
13,22,8,24,1,4,3,1,1,2,0,1,1,0,0,0,0,12.318924,51.345497
13,22,8,24,12,4,3,5,3,0,0,1,1,0,0,0,0,12.374636,51.347992
13,22,8,24,16,4,2,5,3,0,0,1,1,0,0,0,0,12.371335,51.346275
13,22,8,24,17,4,2,0,1,0,0,1,0,0,0,0,0,12.374011,51.303107
13,22,8,24,18,4,3,1,5,0,0,1,1,0,0,0,0,12.294663,51.378712
13,22,8,25,15,5,3,5,2,0,0,1,1,0,0,0,0,12.409133,51.345361
13,22,8,25,19,5,3,3,6,0,0,1,0,0,0,0,0,12.389912,51.366944
13,22,8,26,8,6,3,6,4,0,0,1,0,1,0,0,0,12.413757,51.345119
13,22,8,26,11,6,3,5,3,0,0,1,1,0,0,0,0,12.379232,51.359473
13,22,8,26,12,6,3,6,4,0,0,1,0,1,0,0,0,12.407054,51.338099
13,22,8,26,17,6,3,5,3,0,1,1,0,0,0,0,0,12.326053,51.332234
13,22,8,27,15,7,3,3,6,0,0,1,1,0,0,0,0,12.373259,51.315856
13,22,8,27,18,7,3,0,7,0,1,1,0,0,0,0,0,12.353569,51.340899
13,22,8,28,15,1,3,3,6,0,0,1,0,0,0,0,0,12.405439,51.367768
13,22,8,29,6,2,3,4,6,1,0,1,1,0,0,0,0,12.392923,51.404763
13,22,8,29,7,2,3,0,1,0,0,1,0,0,0,0,0,12.396584,51.353587
13,22,8,29,8,2,3,1,5,0,0,1,1,0,0,0,0,12.368226,51.357936
13,22,8,29,8,2,3,1,5,0,0,1,1,0,0,0,0,12.372722,51.356366
13,22,8,29,9,2,3,4,6,0,0,1,0,0,0,0,0,12.342715,51.350826
13,22,8,29,11,2,3,1,5,0,0,1,1,0,0,0,0,12.367717,51.36381
13,22,8,29,11,2,3,5,3,0,0,1,1,0,0,0,0,12.421769,51.357453
13,22,8,29,12,2,3,0,7,0,0,1,0,0,0,0,0,12.353406,51.341152
13,22,8,29,14,2,3,0,7,0,0,1,0,0,0,0,0,12.344598,51.323817
13,22,8,29,17,2,3,4,6,0,0,1,1,0,0,0,0,12.377414,51.36737
13,22,8,30,8,3,3,5,3,0,0,1,1,0,0,0,0,12.378339,51.330736
13,22,8,30,8,3,3,5,3,0,0,1,1,0,0,0,0,12.411608,51.342636
13,22,8,30,9,3,3,5,3,0,0,1,1,0,0,0,0,12.362206,51.332081
13,22,8,30,12,3,3,5,2,0,0,1,1,0,0,0,0,12.318429,51.327373
13,22,8,30,14,3,2,0,1,0,0,1,0,0,0,0,0,12.363102,51.327293
13,22,8,30,19,3,3,2,2,0,0,1,1,0,0,0,0,12.288544,51.38852
13,22,8,30,20,3,3,3,6,1,0,1,0,0,0,0,1,12.420335,51.348549
13,22,8,30,22,3,3,0,1,2,0,1,0,0,0,0,0,12.370946,51.334052
13,22,8,31,13,4,3,5,3,0,0,1,1,0,0,0,0,12.445647,51.347309
13,22,8,31,21,4,3,6,7,2,0,1,0,1,0,0,0,12.407381,51.351217
13,22,9,1,6,5,2,4,6,0,0,1,0,0,0,0,0,12.33964,51.335314
13,22,9,1,8,5,3,3,2,0,0,1,0,0,0,0,1,12.37663,51.355854
13,22,9,1,12,5,3,5,2,0,0,1,1,0,0,0,0,12.334211,51.31935
13,22,9,1,15,5,3,3,6,0,0,1,1,0,0,0,0,12.376292,51.361481
13,22,9,2,12,6,3,5,2,0,0,1,1,0,0,0,0,12.391973,51.346387
13,22,9,3,11,7,3,5,2,0,0,1,1,0,0,0,0,12.408251,51.340074
13,22,9,3,14,7,3,0,1,0,0,1,0,0,0,0,0,12.339328,51.333623
13,22,9,4,0,1,3,0,7,2,0,1,0,0,0,0,0,12.382817,51.314932
13,22,9,4,2,1,3,0,1,2,0,1,0,0,0,0,0,12.405853,51.331777
13,22,9,4,20,1,3,5,2,2,0,1,1,0,0,0,0,12.387162,51.326862
13,22,9,4,22,1,3,5,3,2,0,1,1,0,0,0,0,12.307184,51.323142
13,22,9,5,5,2,3,5,3,0,0,1,1,0,0,0,0,12.407844,51.351407
13,22,9,5,7,2,3,3,6,0,0,1,1,0,0,0,0,12.365721,51.357439
13,22,9,5,7,2,3,0,1,0,0,1,0,0,0,0,0,12.373692,51.332425
13,22,9,5,11,2,3,5,2,0,0,1,1,0,0,0,0,12.407559,51.351299
13,22,9,5,14,2,2,0,1,0,0,1,0,0,0,0,0,12.368683,51.359293
13,22,9,5,16,2,3,5,3,0,0,1,1,0,0,0,1,12.369955,51.355868
13,22,9,6,6,3,3,5,3,1,0,1,1,0,0,0,0,12.395793,51.36329
13,22,9,6,6,3,2,5,3,1,0,1,0,0,0,1,0,12.438243,51.364799
13,22,9,6,7,3,3,5,3,0,0,1,1,0,0,0,0,12.371129,51.357588
13,22,9,6,8,3,3,1,6,0,0,1,0,0,0,0,0,12.422168,51.35166
13,22,9,6,15,3,3,3,2,0,0,1,1,0,0,0,0,12.434065,51.355463
13,22,9,7,12,4,3,5,2,0,0,1,0,0,0,1,0,12.322712,51.374906
13,22,9,7,14,4,2,5,3,0,0,1,1,0,0,0,0,12.399027,51.416936
13,22,9,7,15,4,3,5,3,0,0,1,0,0,0,0,0,12.365558,51.362402
13,22,9,7,15,4,3,5,2,0,0,1,1,0,0,0,0,12.376943,51.343775
13,22,9,8,7,5,2,5,3,0,1,1,1,0,0,0,0,12.387461,51.357083
13,22,9,8,7,5,2,5,2,0,0,1,1,0,0,0,0,12.389724,51.361569
13,22,9,8,8,5,3,2,6,0,1,1,0,0,0,0,0,12.392123,51.351736
13,22,9,8,14,5,3,5,3,0,0,1,1,0,0,0,0,12.378367,51.332205
13,22,9,8,17,5,3,3,2,0,0,1,1,0,0,0,0,12.37365,51.333
13,22,9,9,14,6,3,5,3,0,0,1,1,0,0,0,0,12.373643,51.31163
13,22,9,9,14,6,3,1,5,0,0,1,1,0,0,0,0,12.379872,51.31167
13,22,9,9,14,6,3,5,3,0,0,1,1,0,0,0,0,12.401057,51.376226
13,22,9,9,15,6,3,5,3,0,1,1,1,0,0,0,0,12.350691,51.332733
13,22,9,9,21,6,3,0,1,1,0,1,0,0,0,0,0,12.368404,51.334522
13,22,9,10,10,7,3,2,2,0,0,1,0,0,0,0,0,12.368752,51.314683
13,22,9,10,15,7,3,0,7,0,0,1,0,0,0,0,0,12.328539,51.336733
13,22,9,10,17,7,3,0,1,0,0,1,0,0,0,0,0,12.371186,51.391184
13,22,9,10,18,7,3,3,6,1,0,1,1,0,0,0,0,12.3389,51.332365
13,22,9,10,23,7,3,0,1,2,0,1,0,0,0,0,0,12.364714,51.337427
13,22,9,11,2,1,3,3,5,2,0,1,0,0,0,1,0,12.373591,51.32044
13,22,9,11,12,1,3,3,3,0,1,1,0,0,1,0,0,12.301537,51.344982
13,22,9,11,13,1,3,5,3,0,1,1,1,0,0,0,0,12.377491,51.327938
13,22,9,12,7,2,3,5,3,0,0,1,1,0,0,0,0,12.373316,51.317618
13,22,9,12,9,2,3,5,2,0,0,1,0,0,0,1,0,12.335816,51.327642
13,22,9,12,10,2,2,5,2,0,0,1,1,0,0,0,0,12.371299,51.389443
13,22,9,13,16,3,3,5,2,0,0,1,0,0,0,0,1,12.369367,51.344163
13,22,9,13,21,3,3,8,1,2,0,1,0,0,0,0,0,12.332364,51.332676
13,22,9,14,5,4,3,5,3,1,0,1,1,0,0,0,0,12.33843,51.396539
13,22,9,14,14,4,3,5,3,0,1,1,0,0,0,0,1,12.453006,51.364347
13,22,9,14,17,4,3,1,5,0,1,1,1,0,0,0,0,12.344319,51.324958
13,22,9,14,22,4,3,5,2,2,1,1,1,0,0,0,0,12.387473,51.357069
13,22,9,15,7,5,3,3,6,0,0,1,1,0,0,0,0,12.386136,51.29559
13,22,9,15,8,5,3,5,3,0,1,1,1,0,0,0,0,12.344393,51.317921
13,22,9,16,15,6,2,5,2,0,0,1,1,0,0,0,0,12.371252,51.389434
13,22,9,16,18,6,3,1,7,0,0,1,1,0,0,0,0,12.336778,51.332208
13,22,9,16,18,6,3,5,3,0,0,1,1,0,0,0,0,12.381536,51.336678
13,22,9,16,18,6,3,3,6,0,0,1,1,0,0,0,0,12.394399,51.346174
13,22,9,17,9,7,2,6,7,0,0,1,0,1,0,0,0,12.406134,51.348234
13,22,9,17,11,7,3,5,2,0,0,1,1,0,0,0,0,12.322003,51.303887
13,22,9,17,20,7,3,2,2,1,1,1,1,0,0,0,0,12.371292,51.329977
13,22,9,19,13,2,3,5,2,0,1,1,0,0,0,0,1,12.411765,51.314593
13,22,9,19,14,2,3,1,5,0,0,1,1,0,0,0,0,12.365646,51.362383
13,22,9,19,18,2,2,0,1,0,1,1,0,0,0,0,0,12.381408,51.34338
13,22,9,20,10,3,3,1,1,0,1,1,1,0,0,0,0,12.370762,51.327971
13,22,9,20,11,3,3,5,3,0,0,1,1,0,0,0,0,12.338335,51.327283
13,22,9,21,7,4,2,5,3,0,0,1,1,0,0,0,0,12.39648,51.309602
13,22,9,21,12,4,3,5,3,0,0,1,1,0,0,0,0,12.381521,51.336681
13,22,9,21,14,4,3,3,6,0,0,1,1,0,0,0,0,12.38143,51.338971
13,22,9,21,16,4,3,5,3,0,0,1,1,0,0,0,0,12.403961,51.338427
13,22,9,21,17,4,2,0,7,0,0,1,0,0,0,0,0,12.396849,51.37659
13,22,9,22,8,5,3,4,6,0,0,1,1,0,0,0,0,12.322358,51.372815
13,22,9,22,10,5,3,1,5,0,0,1,1,0,0,0,0,12.397905,51.345963
13,22,9,22,13,5,3,0,1,0,0,1,0,0,0,0,0,12.377552,51.308124
13,22,9,23,15,6,3,6,6,0,0,1,0,1,0,0,0,12.398576,51.329768
13,22,9,24,19,7,3,0,1,2,0,1,0,0,0,0,0,12.325447,51.332617
13,22,9,24,19,7,3,9,1,2,0,1,0,0,0,0,0,12.47875,51.34221
13,22,9,25,3,1,2,7,1,2,0,1,0,0,0,0,1,12.363098,51.327296
13,22,9,26,6,2,3,0,1,1,1,1,0,0,0,0,0,12.339421,51.333963
13,22,9,26,7,2,3,4,6,0,1,1,0,0,0,0,0,12.411396,51.34993
13,22,9,26,9,2,3,3,2,0,0,1,1,0,0,0,0,12.382086,51.332585
13,22,9,26,12,2,3,2,6,0,0,1,1,0,0,0,0,12.476394,51.339305
13,22,9,26,13,2,2,6,4,0,1,1,0,1,0,0,0,12.351444,51.329549
13,22,9,26,14,2,3,3,2,0,0,1,1,0,0,0,0,12.323782,51.379433
13,22,9,26,16,2,3,0,6,0,0,1,0,0,0,0,1,12.373014,51.316692
13,22,9,27,6,3,3,0,1,2,1,1,0,0,0,0,0,12.445118,51.350769
13,22,9,27,9,3,2,5,2,0,1,1,0,0,0,1,0,12.388063,51.353331
13,22,9,27,15,3,2,5,3,0,1,1,1,0,0,0,0,12.394754,51.318619
13,22,9,28,8,4,3,1,5,0,1,1,1,0,0,0,0,12.374266,51.35513
13,22,9,28,8,4,3,5,3,0,1,1,1,0,0,0,0,12.438249,51.367314
13,22,9,28,9,4,3,0,3,0,1,1,1,0,0,0,0,12.373391,51.328566
13,22,9,28,9,4,3,5,3,0,1,1,1,0,0,0,0,12.381652,51.331776
13,22,9,28,10,4,3,0,1,0,1,1,0,0,0,0,0,12.405979,51.342091
13,22,9,28,12,4,3,5,3,0,1,1,1,0,0,0,0,12.286974,51.351761