UKREIS,UJAHR,UMONAT,UTAG,USTUNDE,UWOCHENTAG,UKATEGORIE,UART,UTYP,LICHT,USTRZUSTAND,IstRad,IstPKW,IstFuss,IstKrad,IstGkfz,IstSonstige,@lon,@lat
13,22,9,29,9,5,3,5,2,0,0,1,1,0,0,0,0,12.375664,51.308914
13,22,9,29,12,5,3,5,3,0,0,1,1,0,0,0,0,12.470427,51.345744
13,22,9,29,13,5,3,6,6,0,0,1,0,1,0,0,0,12.342861,51.372533
13,22,9,29,13,5,3,5,2,0,0,1,0,0,1,0,0,12.396546,51.308908
13,22,9,29,17,5,3,7,1,0,0,1,0,0,0,0,0,12.390731,51.326047
13,22,9,29,19,5,3,4,2,1,0,1,1,0,0,0,0,12.406107,51.346864
13,22,9,30,6,6,3,5,3,2,0,1,1,0,0,0,0,12.399436,51.376404
13,22,9,30,7,6,3,6,4,0,0,1,0,1,0,0,0,12.361755,51.33698
13,22,9,30,11,6,2,5,3,0,0,1,0,0,0,0,1,12.370964,51.344098
13,22,9,30,12,6,3,4,6,0,0,1,0,0,0,0,1,12.376563,51.350605
13,22,9,30,16,6,3,4,6,0,0,1,1,0,0,0,0,12.374689,51.368732
13,22,9,30,17,6,3,4,2,0,0,1,1,0,0,0,0,12.405934,51.313915
13,22,10,1,3,7,2,3,6,1,0,1,0,0,0,0,0,12.355821,51.332608
13,22,10,2,16,1,3,2,6,0,0,1,1,0,0,0,0,12.335429,51.34113
13,22,10,4,7,3,3,2,6,0,0,1,1,0,0,0,0,12.373667,51.332816
13,22,10,4,7,3,3,2,6,0,0,1,1,0,0,0,0,12.399369,51.363444
13,22,10,4,8,3,3,5,3,0,1,1,0,0,0,0,0,12.354606,51.350258
13,22,10,4,16,3,3,6,4,0,0,1,0,1,0,0,0,12.348016,51.362706
13,22,10,4,19,3,3,5,3,2,0,1,1,0,0,0,0,12.328577,51.372898
13,22,10,5,7,4,3,4,6,0,0,1,0,0,0,0,0,12.382163,51.338872
13,22,10,5,8,4,3,5,2,0,0,1,1,0,0,0,0,12.374381,51.339911
13,22,10,5,8,4,3,5,2,0,0,1,1,0,0,0,0,12.375018,51.343028
13,22,10,5,11,4,3,0,5,0,0,1,1,0,0,0,0,12.387026,51.343642
13,22,10,5,18,4,3,4,6,1,0,1,0,0,0,0,0,12.378238,51.332299
13,22,10,6,8,5,3,5,3,0,1,1,1,0,0,0,0,12.395121,51.318576
13,22,10,6,10,5,3,3,2,0,0,1,0,0,0,0,0,12.376527,51.35327
13,22,10,6,11,5,3,5,3,0,0,1,1,0,0,0,0,12.372984,51.301386
13,22,10,6,12,5,3,5,3,0,0,1,1,0,0,0,0,12.38371,51.302439
13,22,10,6,13,5,3,5,2,0,0,1,1,0,0,0,0,12.291147,51.324137
13,22,10,6,13,5,3,5,3,0,0,1,1,0,0,0,0,12.371375,51.346278
13,22,10,6,15,5,3,5,2,0,0,1,1,0,0,0,0,12.460879,51.367237
13,22,10,6,16,5,3,5,2,0,0,1,1,0,0,0,0,12.271164,51.361756
13,22,10,6,17,5,3,0,1,0,0,1,0,0,0,0,0,12.395139,51.332269
13,22,10,7,12,6,3,5,2,0,0,1,1,0,0,0,0,12.427285,51.295024
13,22,10,7,15,6,3,5,2,0,0,1,1,0,0,0,0,12.403967,51.338425
13,22,10,7,18,6,3,5,3,1,0,1,1,0,0,0,0,12.366325,51.336287
13,22,10,7,18,6,3,1,1,0,0,1,1,0,0,0,0,12.406005,51.350768
13,22,10,7,19,6,2,0,1,2,0,1,0,0,0,0,0,12.373408,51.312671
13,22,10,9,20,1,2,0,7,2,0,1,0,0,0,0,0,12.331193,51.318565
13,22,10,10,17,2,3,5,3,0,0,1,0,0,0,0,0,12.344024,51.324415
13,22,10,10,20,2,3,0,7,2,0,1,0,0,0,0,0,12.40758,51.335005
13,22,10,10,23,2,3,0,7,2,0,1,0,0,0,0,0,12.380097,51.33951
13,22,10,11,10,3,3,5,3,0,0,1,1,0,0,0,0,12.396302,51.324073
13,22,10,11,17,3,3,7,7,0,0,1,0,0,0,0,0,12.301499,51.345541
13,22,10,12,8,4,3,4,6,0,0,1,0,0,0,0,1,12.383061,51.342502
13,22,10,12,8,4,3,5,3,0,0,1,1,0,0,0,0,12.387452,51.357034
13,22,10,12,12,4,3,5,3,0,0,1,1,0,0,0,0,12.417356,51.310969
13,22,10,12,14,4,3,6,4,0,0,1,0,1,0,0,0,12.336144,51.321592
13,22,10,12,16,4,3,5,3,0,0,1,1,0,0,0,0,12.37465,51.347723
13,22,10,13,7,5,3,6,7,1,0,1,0,1,0,0,0,12.385962,51.338292
13,22,10,13,15,5,3,5,3,0,0,1,1,0,0,0,0,12.366808,51.31443
13,22,10,13,15,5,3,5,2,0,0,1,0,0,0,0,1,12.377306,51.375872
13,22,10,13,18,5,3,0,1,2,0,1,0,0,0,0,0,12.392278,51.335532
13,22,10,13,20,5,3,5,3,2,0,1,1,0,0,0,0,12.402143,51.336103
13,22,10,14,7,6,3,5,3,0,0,1,1,0,0,0,0,12.370481,51.327874
13,22,10,14,10,6,3,0,1,0,0,1,0,0,0,0,0,12.371168,51.328876
13,22,10,14,13,6,3,5,3,0,0,1,1,0,0,0,0,12.298928,51.315915
13,22,10,14,13,6,3,6,4,0,0,1,0,1,0,0,0,12.403826,51.345644
13,22,10,14,16,6,3,3,5,0,0,1,1,0,0,0,0,12.369245,51.363191
13,22,10,14,23,6,3,0,7,2,0,1,1,0,0,0,0,12.375705,51.358772
13,22,10,16,13,1,3,6,4,0,0,1,0,1,0,0,0,12.410593,51.342687
13,22,10,17,6,2,3,4,6,2,0,1,0,0,0,0,0,12.342844,51.350872
13,22,10,17,7,2,3,0,7,0,0,1,0,0,0,1,0,12.38428,51.360187
13,22,10,17,15,2,3,2,6,0,0,1,1,0,0,0,0,12.340587,51.332326
13,22,10,18,12,3,3,1,5,0,0,1,1,0,0,0,0,12.307016,51.33264
13,22,10,18,15,3,3,5,3,0,1,1,1,0,0,0,0,12.408347,51.327157
13,22,10,18,17,3,3,1,7,0,1,1,1,0,0,0,0,12.376556,51.313029
13,22,10,18,17,3,3,5,3,1,1,1,1,0,0,0,0,12.385507,51.37614
13,22,10,18,17,3,3,6,6,1,1,1,0,1,0,0,0,12.406763,51.351016
13,22,10,18,19,3,3,4,2,2,1,1,1,0,0,0,0,12.371259,51.33264
13,22,10,18,19,3,3,4,2,2,1,1,1,0,0,0,0,12.403933,51.321744
13,22,10,18,21,3,3,5,2,2,1,1,1,0,0,0,0,12.325888,51.314496
13,22,10,21,20,6,3,6,4,2,1,1,0,1,0,0,0,12.334719,51.331659
13,22,10,22,11,7,3,5,2,0,0,1,1,0,0,0,0,12.363714,51.363656
13,22,10,22,13,7,3,3,6,0,1,1,1,0,0,0,0,12.405819,51.345536
13,22,10,23,1,1,3,0,1,2,1,1,0,0,0,0,0,12.338863,51.332366
13,22,10,23,3,1,2,0,7,2,0,1,0,0,0,0,0,12.378549,51.320696
13,22,10,23,16,1,2,6,7,0,0,1,0,1,0,0,0,12.387036,51.364009
13,22,10,24,8,2,3,0,7,0,1,1,0,0,0,0,0,12.337182,51.329815
13,22,10,24,14,2,3,1,6,0,0,1,1,0,0,0,0,12.408425,51.370769
13,22,10,24,17,2,3,3,2,0,0,1,1,0,0,0,0,12.398859,51.336365
13,22,10,24,18,2,3,5,3,2,0,1,1,0,0,0,0,12.40183,51.351356
13,22,10,25,7,3,3,0,1,0,0,1,0,0,0,0,0,12.333912,51.324764
13,22,10,25,17,3,3,5,2,2,0,1,1,0,0,0,0,12.368957,51.318784
13,22,10,25,17,3,3,5,2,1,0,1,1,0,0,0,0,12.397769,51.323889
13,22,10,26,6,4,3,5,6,2,0,1,0,0,0,0,0,12.446108,51.361205
13,22,10,26,10,4,3,3,6,0,0,1,0,0,0,0,0,12.371035,51.344097
13,22,10,26,11,4,3,6,6,0,0,1,0,1,0,0,0,12.378083,51.341554
13,22,10,26,14,4,3,4,6,0,0,1,0,0,0,0,0,12.446052,51.361178
13,22,10,26,16,4,3,3,6,0,0,1,0,0,0,0,0,12.374835,51.344356
13,22,10,27,9,5,3,5,3,0,0,1,1,0,0,0,0,12.374431,51.396712
13,22,10,27,12,5,3,5,3,0,0,1,1,0,0,0,0,12.381521,51.336681
13,22,10,27,18,5,3,5,2,2,0,1,1,0,0,0,0,12.426468,51.351806
13,22,10,28,16,6,3,0,1,0,0,1,0,0,0,0,0,12.381507,51.338758
13,22,10,29,0,7,2,0,1,2,0,1,0,0,0,0,0,12.36257,51.321096
13,22,10,29,2,7,3,0,1,2,0,1,0,0,0,0,0,12.372072,51.362263
13,22,10,29,16,7,2,0,3,0,0,1,1,1,0,0,0,12.412765,51.375165
13,22,10,29,18,7,2,0,1,2,0,1,0,0,0,0,0,12.384804,51.378568
13,22,10,30,13,1,3,5,3,0,0,1,1,0,0,0,0,12.383838,51.351977
13,22,10,30,13,1,3,5,2,0,0,1,1,0,0,0,0,12.39746,51.346013
13,22,10,31,6,2,3,0,1,0,0,1,0,0,0,0,0,12.401692,51.32429
13,22,11,1,10,3,3,5,2,0,1,1,1,0,0,0,0,12.388409,51.327602
13,22,11,1,16,3,3,3,6,0,0,1,0,0,0,0,0,12.393844,51.32264
13,22,11,1,16,3,3,3,5,0,0,1,1,0,0,0,0,12.442924,51.331402
13,22,11,2,11,4,3,3,6,0,0,1,1,0,0,0,0,12.378546,51.323034
13,22,11,2,19,4,3,5,3,2,0,1,1,0,0,0,0,12.416732,51.329804
13,22,11,3,8,5,3,5,3,0,0,1,0,0,0,0,0,12.376961,51.343901
13,22,11,3,14,5,3,5,3,0,0,1,0,0,0,0,1,12.410941,51.344407
13,22,11,3,17,5,3,4,6,2,0,1,0,0,0,0,0,12.361868,51.312131
13,22,11,3,18,5,3,5,3,2,0,1,1,0,0,0,0,12.309906,51.328341
13,22,11,3,18,5,2,5,3,2,0,1,1,0,0,0,0,12.478172,51.341481
13,22,11,4,7,6,3,0,1,0,1,1,0,0,0,0,0,12.428093,51.342449
13,22,11,5,12,7,3,6,6,0,0,1,0,1,0,0,0,12.409115,51.325545
13,22,11,5,15,7,3,2,6,0,0,1,1,0,0,0,0,12.423219,51.313043
13,22,11,6,14,1,3,6,1,0,0,1,0,1,0,0,0,12.381619,51.350806
13,22,11,6,16,1,3,0,1,0,0,1,0,0,0,0,0,12.330152,51.335704
13,22,11,6,18,1,2,1,7,2,0,1,1,0,0,0,0,12.409749,51.372361
13,22,11,7,16,2,3,5,3,1,0,1,1,0,0,0,0,12.328038,51.32833
13,22,11,7,17,2,3,5,3,2,0,1,1,0,0,0,0,12.329501,51.339874
13,22,11,8,7,3,3,3,2,0,0,1,1,0,0,0,0,12.247298,51.318154
13,22,11,8,7,3,3,5,2,0,1,1,1,0,0,0,0,12.30245,51.353663
13,22,11,8,12,3,2,5,2,0,0,1,1,0,0,0,0,12.370904,51.336343
13,22,11,8,12,3,2,0,1,0,0,1,0,0,0,0,0,12.379123,51.310156
13,22,11,8,14,3,3,5,3,0,0,1,1,0,0,0,0,12.437937,51.362013
13,22,11,9,7,4,3,5,3,0,1,1,1,0,0,0,0,12.29668,51.393971
13,22,11,9,7,4,3,5,3,0,1,1,1,0,0,0,0,12.36884,51.317819
13,22,11,9,7,4,3,5,2,0,1,1,1,0,0,0,0,12.370564,51.361395
13,22,11,9,7,4,3,5,7,0,1,1,1,0,0,0,0,12.388659,51.342507
13,22,11,9,7,4,3,5,3,0,1,1,1,0,0,0,0,12.40733,51.382709
13,22,11,9,8,4,3,5,3,0,1,1,1,0,0,0,0,12.368567,51.317838
13,22,11,9,8,4,2,5,3,0,1,1,1,0,0,0,0,12.379651,51.327636
13,22,11,9,14,4,3,3,2,0,0,1,1,0,0,0,0,12.340855,51.368612
13,22,11,9,19,4,3,4,2,2,0,1,1,0,0,0,0,12.362937,51.330625
13,22,11,10,0,5,3,3,1,2,0,1,0,0,0,0,0,12.397737,51.342721
13,22,11,10,17,5,3,5,3,2,0,1,0,0,0,0,1,12.291209,51.324124
13,22,11,11,7,6,2,5,3,0,0,1,1,0,0,0,0,12.385226,51.341979
13,22,11,11,14,6,3,5,3,0,0,1,0,0,0,0,1,12.437772,51.327504
13,22,11,11,16,6,2,6,6,1,0,1,0,1,0,0,0,12.36323,51.355135
13,22,11,11,19,6,3,5,3,2,0,1,1,0,0,0,0,12.409054,51.3445
13,22,11,14,6,2,3,5,3,2,1,1,1,0,0,0,0,12.440967,51.333354
13,22,11,14,6,2,3,4,6,1,0,1,0,0,0,0,0,12.464017,51.365118
13,22,11,14,7,2,3,5,7,0,1,1,1,0,0,0,0,12.413947,51.344824
13,22,11,14,8,2,3,5,2,0,0,1,1,0,0,0,0,12.393591,51.322802
13,22,11,14,10,2,3,3,2,0,0,1,1,0,0,0,0,12.352107,51.347049
13,22,11,14,18,2,2,6,4,2,0,1,0,1,0,0,0,12.263446,51.313134
13,22,11,14,22,2,3,5,3,2,0,1,1,0,0,0,0,12.459165,51.401935
13,22,11,15,7,3,3,5,3,0,0,1,1,0,0,0,0,12.418753,51.406313
13,22,11,15,13,3,3,5,3,0,0,1,1,0,0,0,0,12.314336,51.34054
13,22,11,15,14,3,3,5,2,0,0,1,1,0,0,0,0,12.392553,51.34844
13,22,11,15,16,3,3,2,6,2,0,1,1,0,0,0,0,12.41101,51.353425
13,22,11,15,19,3,3,1,5,2,0,1,1,0,0,0,0,12.373656,51.322598
13,22,11,17,9,5,3,5,2,0,0,1,1,0,0,0,0,12.373656,51.330513
13,22,11,17,11,5,3,2,2,0,1,1,1,0,0,0,0,12.390801,51.330993
13,22,11,17,12,5,3,5,3,0,1,1,1,0,0,0,0,12.347467,51.388513
13,22,11,17,16,5,3,5,3,2,1,1,1,0,0,0,0,12.264002,51.316518
13,22,11,17,16,5,3,5,2,1,1,1,1,0,0,0,0,12.384993,51.338054
13,22,11,17,17,5,3,5,3,2,1,1,1,0,0,0,0,12.376743,51.320515
13,22,11,17,17,5,3,5,3,2,1,1,1,0,0,0,0,12.383049,51.307403
13,22,11,17,17,5,3,5,3,2,1,1,1,0,0,0,0,12.439133,51.294841
13,22,11,18,7,6,3,5,3,2,0,1,1,0,0,0,0,12.373521,51.35166
13,22,11,18,8,6,3,3,5,0,1,1,1,0,0,0,0,12.394913,51.336744
13,22,11,18,15,6,3,5,3,0,0,1,1,0,0,0,0,12.463075,51.350491
13,22,11,20,3,1,2,4,1,2,0,1,1,0,0,0,0,12.33625,51.335439
13,22,11,20,10,1,3,5,2,0,0,1,1,0,0,0,0,12.261676,51.316171
13,22,11,20,11,1,3,4,7,0,0,1,1,0,0,0,0,12.359169,51.358674
13,22,11,20,20,1,3,3,2,2,0,1,1,0,0,0,0,12.373406,51.307413
13,22,11,21,8,2,3,5,3,0,2,1,1,0,0,0,0,12.36419,51.344436
13,22,11,22,6,3,3,5,3,1,0,1,1,0,0,0,0,12.393701,51.335396
13,22,11,22,12,3,3,5,2,0,1,1,1,0,0,0,0,12.391538,51.3474
13,22,11,23,10,4,3,5,3,0,1,1,1,0,0,0,0,12.323711,51.384044
13,22,11,23,15,4,3,5,2,0,1,1,1,0,0,0,0,12.382079,51.332603
13,22,11,23,18,4,3,5,3,2,1,1,1,0,0,0,0,12.292481,51.357495
13,22,11,23,18,4,3,3,2,2,0,1,1,0,0,0,0,12.334454,51.335877
13,22,11,23,18,4,3,5,2,2,1,1,1,0,0,0,0,12.354099,51.340217
13,22,11,23,20,4,3,5,2,2,0,1,1,0,0,0,0,12.371329,51.344451
13,22,11,24,10,5,3,5,3,0,1,1,0,0,0,0,1,12.361799,51.332557
13,22,11,24,12,5,3,3,6,0,0,1,1,0,0,0,0,12.373658,51.322645
13,22,11,24,13,5,3,3,5,0,1,1,1,0,0,0,0,12.404337,51.32676
13,22,11,24,14,5,3,1,5,0,0,1,1,0,0,0,0,12.359934,51.363807
13,22,11,24,20,5,3,5,3,2,1,1,1,0,0,0,0,12.386671,51.33729
13,22,11,26,9,7,3,5,3,0,1,1,1,0,0,0,0,12.351175,51.375168
13,22,11,26,9,7,3,0,1,0,1,1,0,0,0,0,0,12.385951,51.363854
13,22,11,28,7,2,3,5,2,1,0,1,1,0,0,0,0,12.390683,51.34356
13,22,11,29,7,3,3,3,6,2,1,1,1,0,0,0,0,12.35945,51.334293
13,22,11,29,10,3,3,3,2,0,1,1,1,0,0,0,0,12.373455,51.328522
13,22,11,29,15,3,2,5,2,0,0,1,1,0,0,0,0,12.391587,51.330868
13,22,11,29,16,3,3,5,2,0,0,1,1,0,0,0,0,12.323883,51.320426
13,22,11,30,13,4,3,5,3,0,0,1,1,0,0,0,0,12.365641,51.332053
13,22,11,30,16,4,3,5,3,1,0,1,1,0,0,0,0,12.436131,51.305598
13,22,11,30,17,4,3,3,6,2,0,1,1,0,0,0,0,12.324587,51.341067
13,22,12,1,7,5,2,5,3,0,0,1,0,0,0,0,0,12.399041,51.360183
13,22,12,1,7,5,3,5,3,1,1,1,1,0,0,0,0,12.455335,51.365248
13,22,12,1,16,5,3,5,2,2,1,1,1,0,0,0,0,12.396203,51.308911
13,22,12,1,17,5,2,5,3,2,1,1,1,0,0,0,0,12.37332,51.353073
13,22,12,3,12,7,3,9,1,0,1,1,1,0,0,0,0,12.411458,51.331012
13,22,12,5,10,2,3,5,3,0,0,1,1,0,0,0,0,12.373431,51.314974
13,22,12,5,19,2,3,6,4,2,1,1,0,1,0,0,0,12.382748,51.340633
13,22,12,6,15,3,3,5,2,0,1,1,1,0,0,0,0,12.378207,51.375846
13,22,12,6,17,3,3,3,6,2,1,1,1,0,0,0,0,12.399502,51.339295
13,22,12,7,10,4,3,3,5,0,1,1,1,0,0,0,0,12.376934,51.319558
13,22,12,7,14,4,3,5,3,0,1,1,1,0,0,0,0,12.327105,51.305729
13,22,12,10,13,7,3,5,3,0,2,1,1,0,0,0,0,12.371333,51.346287
13,22,12,12,8,2,3,5,3,0,2,1,1,0,0,0,0,12.392296,51.307792
13,22,12,12,9,2,3,5,2,0,2,1,1,0,0,0,0,12.318606,51.331439
13,22,12,13,22,3,3,5,2,2,0,1,1,0,0,0,0,12.384896,51.338115
13,22,12,15,15,5,2,3,6,0,0,1,0,0,0,0,0,12.381605,51.331759
13,22,12,15,15,5,3,5,3,0,0,1,1,0,0,0,0,12.426884,51.305251
13,22,12,15,19,5,3,2,3,2,0,1,1,0,0,0,0,12.37701,51.344505
13,22,12,16,9,6,3,5,3,0,1,1,1,0,0,0,0,12.326058,51.315469
13,22,12,19,22,2,3,3,5,2,0,1,1,0,0,0,0,12.372057,51.341564
13,22,12,20,8,3,3,6,6,0,1,1,0,1,0,0,0,12.393841,51.333166
13,22,12,20,9,3,3,0,1,0,2,1,0,0,0,0,0,12.259648,51.311864
13,22,12,21,17,4,3,5,3,2,0,1,1,0,0,0,0,12.361803,51.332553
13,22,12,21,20,4,2,5,3,2,1,1,1,0,0,0,0,12.37834,51.332239
13,22,12,22,12,5,3,5,3,0,0,1,1,0,0,0,0,12.393149,51.336957
13,22,12,22,17,5,3,3,6,2,1,1,1,0,0,0,0,12.36226,51.342573
13,22,12,22,17,5,3,3,6,2,1,1,0,0,0,0,1,12.406222,51.28662
13,22,12,23,12,6,3,5,3,0,0,1,1,0,0,0,0,12.435713,51.287849
13,22,12,24,21,7,3,5,2,2,0,1,1,0,0,0,0,12.349328,51.348511
13,22,12,27,7,3,3,0,1,1,2,1,0,0,0,0,0,12.302508,51.353612
13,22,12,27,13,3,3,1,5,0,0,1,1,0,0,0,0,12.29941,51.321761
13,22,12,30,15,6,3,5,3,0,0,1,1,0,0,0,0,12.372388,51.349629
13,23,1,1,13,1,3,5,3,0,0,1,1,0,0,0,0,12.338335,51.327282
13,23,1,3,7,3,3,5,3,0,0,1,1,0,0,0,0,12.374634,51.347985
13,23,1,3,10,3,3,0,7,0,0,1,1,0,0,0,0,12.411765,51.314593
13,23,1,3,13,3,3,5,3,0,0,1,1,0,0,0,0,12.372984,51.301387
13,23,1,3,16,3,3,5,2,2,0,1,1,0,0,0,0,12.407647,51.3393
13,23,1,3,18,3,3,1,5,2,0,1,1,0,0,0,0,12.331972,51.333258
13,23,1,3,18,3,2,5,1,2,0,1,1,0,0,0,0,12.390655,51.296239
13,23,1,5,7,5,3,3,5,1,0,1,1,0,0,0,0,12.337065,51.332285
13,23,1,5,16,5,3,3,6,2,1,1,0,0,1,0,0,12.42798,51.302593
13,23,1,6,9,6,3,6,4,0,1,1,0,1,0,0,0,12.375128,51.341229
13,23,1,7,11,7,3,5,2,0,0,1,0,0,0,0,0,12.303057,51.323029
13,23,1,9,7,2,3,3,6,1,1,1,0,0,0,1,0,12.382889,51.35147
13,23,1,9,16,2,3,0,1,1,0,1,0,0,0,0,0,12.347125,51.350644
13,23,1,9,17,2,3,3,7,2,0,1,1,0,0,0,0,12.371137,51.347627
13,23,1,9,19,2,3,4,6,2,0,1,0,0,0,0,0,12.277972,51.319048
13,23,1,11,14,4,3,1,7,0,1,1,1,0,0,0,0,12.35452,51.349656
13,23,1,11,22,4,3,5,3,2,1,1,1,0,0,0,0,12.387455,51.357024
13,23,1,12,11,5,3,0,7,0,0,1,0,0,0,0,0,12.356967,51.336128
13,23,1,12,17,5,3,3,2,2,0,1,1,0,0,0,0,12.407583,51.351296
13,23,1,13,0,6,3,3,7,2,0,1,1,0,0,0,0,12.444352,51.331471
13,23,1,13,8,6,3,5,3,0,1,1,1,0,0,0,0,12.407752,51.326397
13,23,1,13,12,6,3,6,6,0,1,1,0,1,0,0,0,12.35371,51.330168
13,23,1,13,15,6,3,0,1,0,1,1,0,0,0,0,0,12.366272,51.365504
13,23,1,16,12,2,3,9,1,0,0,1,0,0,0,0,0,12.416374,51.356983
13,23,1,16,13,2,3,3,5,0,0,1,1,0,0,0,0,12.377054,51.329242
13,23,1,17,7,3,3,5,2,0,0,1,1,0,0,0,0,12.443997,51.36007
13,23,1,17,12,3,3,3,6,0,0,1,0,0,0,0,1,12.421739,51.379274
13,23,1,18,7,4,3,5,3,2,1,1,1,0,0,0,0,12.383355,51.334901
13,23,1,18,9,4,3,3,5,0,1,1,1,0,0,0,0,12.357353,51.377369
13,23,1,18,17,4,3,0,1,2,1,1,0,0,0,0,0,12.392589,51.301671
13,23,1,19,9,5,1,5,2,0,1,1,0,0,0,1,0,12.399835,51.362052
13,23,1,19,12,5,3,5,3,0,0,1,1,0,0,0,0,12.371128,51.328909
13,23,1,23,7,2,3,5,3,2,1,1,1,0,0,0,0,12.322192,51.344609
13,23,1,23,11,2,3,7,7,0,0,1,0,0,0,0,0,12.370025,51.339921
13,23,1,24,5,3,3,5,3,2,0,1,1,0,0,0,0,12.323223,51.344007
13,23,1,24,15,3,2,0,1,0,0,1,0,0,0,0,0,12.377291,51.371122
13,23,1,24,21,3,3,5,3,2,1,1,1,0,0,0,0,12.397585,51.33649
13,23,1,25,5,4,3,4,6,2,1,1,0,0,0,0,0,12.428093,51.398499
13,23,1,25,14,4,3,5,2,0,0,1,1,0,0,0,0,12.37763,51.360824
13,23,1,25,15,4,3,2,6,0,0,1,0,0,0,0,0,12.361299,51.375396
13,23,1,25,18,4,3,3,2,2,0,1,1,0,0,0,0,12.367432,51.341161
13,23,1,25,18,4,3,3,5,2,0,1,1,0,0,0,0,12.368085,51.330386
13,23,1,25,20,4,3,5,3,2,0,1,1,0,0,0,0,12.393156,51.336955
13,23,1,26,8,5,3,3,2,0,0,1,1,0,0,0,0,12.391348,51.334884
13,23,1,26,9,5,3,5,3,0,1,1,1,0,0,0,0,12.370899,51.33632
13,23,1,26,11,5,3,0,1,0,0,1,0,0,0,0,0,12.42804,51.398575
13,23,1,27,7,6,3,5,3,1,2,1,0,0,0,0,1,12.327332,51.325438
13,23,1,27,10,6,3,5,3,0,2,1,1,0,0,0,0,12.376791,51.320526
13,23,1,27,17,6,3,3,2,2,1,1,1,0,0,0,0,12.406801,51.338113
13,23,1,28,11,7,3,5,3,0,0,1,1,0,0,0,0,12.405958,51.313915
13,23,1,31,14,3,3,0,1,0,0,1,0,0,0,0,0,12.292216,51.351678
13,23,1,31,15,3,3,3,5,0,1,1,1,0,0,0,0,12.383363,51.363772
13,23,1,31,15,3,3,5,2,0,1,1,1,0,0,0,0,12.391958,51.346442
13,23,1,31,17,3,3,5,2,2,0,1,1,0,0,0,0,12.396739,51.345991
13,23,2,1,13,4,3,3,2,0,0,1,1,0,0,0,0,12.409255,51.382535
13,23,2,2,10,5,3,6,4,0,0,1,0,1,0,0,0,12.414413,51.345085
13,23,2,2,16,5,3,0,7,2,1,1,0,0,0,0,0,12.39088,51.32597
13,23,2,2,16,5,3,5,3,2,1,1,0,0,0,0,0,12.398762,51.336506
13,23,2,3,15,6,3,6,4,0,1,1,0,1,0,0,0,12.404529,51.320743
13,23,2,5,22,1,2,0,1,2,0,1,0,0,0,0,0,12.342551,51.351051
13,23,2,6,7,2,3,5,2,0,1,1,1,0,0,0,0,12.378512,51.321995
13,23,2,6,9,2,3,3,1,0,1,1,1,0,0,0,0,12.429639,51.286178
13,23,2,6,10,2,3,5,2,0,1,1,1,0,0,0,0,12.327218,51.329649
13,23,2,6,15,2,3,5,3,0,1,1,1,0,0,0,0,12.344872,51.33919
13,23,2,7,9,3,3,5,3,0,0,1,1,0,0,0,0,12.362762,51.314253
13,23,2,7,15,3,3,0,4,0,0,1,0,1,0,0,0,12.404166,51.336088
13,23,2,7,16,3,3,5,3,0,0,1,1,0,0,0,0,12.372389,51.349631
13,23,2,8,13,4,3,3,6,0,0,1,1,0,0,0,0,12.302437,51.353674
13,23,2,9,15,5,3,0,1,0,0,1,0,0,0,0,0,12.418291,51.323391
13,23,2,10,8,6,3,3,2,0,1,1,1,0,0,0,0,12.382484,51.333294
13,23,2,10,19,6,3,5,3,2,1,1,1,0,0,0,0,12.390401,51.329012
13,23,2,12,18,1,3,5,3,2,1,1,1,0,0,0,0,12.389896,51.346561
13,23,2,12,19,1,3,0,1,2,1,1,0,0,0,0,0,12.405958,51.34235
13,23,2,14,10,3,2,5,3,0,0,1,1,0,0,0,0,12.330545,51.372211
13,23,2,14,14,3,3,5,3,0,0,1,1,0,0,0,0,12.350197,51.348711
13,23,2,14,15,3,3,5,2,0,0,1,1,0,0,0,0,12.454367,51.350278
13,23,2,15,14,4,3,3,5,0,0,1,1,0,0,0,0,12.307025,51.332634
13,23,2,15,18,4,3,6,4,2,0,1,0,1,0,0,0,12.353349,51.328819
13,23,2,16,9,5,3,8,1,0,0,1,0,0,0,0,0,12.391934,51.330083
13,23,2,16,10,5,3,5,3,0,0,1,1,0,0,0,0,12.305537,51.3518
13,23,2,16,15,5,3,5,3,0,0,1,1,0,0,0,0,12.367603,51.325289
13,23,2,17,12,6,3,5,3,0,1,1,1,0,0,0,0,12.348581,51.368134
13,23,2,17,12,6,3,5,2,0,0,1,1,0,0,0,0,12.408026,51.335645
13,23,2,17,15,6,3,3,6,0,0,1,1,0,0,0,0,12.407801,51.335692
13,23,2,17,19,6,3,0,1,2,1,1,0,0,0,0,0,12.373012,51.309633
13,23,2,17,22,6,3,0,7,2,1,1,0,0,0,0,0,12.369278,51.322354
13,23,2,18,0,7,3,0,1,2,1,1,0,0,0,0,0,12.449175,51.287874
13,23,2,18,12,7,2,5,3,0,0,1,1,0,0,0,0,12.263975,51.316514
13,23,2,18,16,7,3,3,2,0,1,1,1,0,0,0,0,12.394116,51.285382
13,23,2,19,1,1,2,0,1,2,1,1,0,0,0,0,0,12.365222,51.361349