UKREIS,UJAHR,UMONAT,UTAG,USTUNDE,UWOCHENTAG,UKATEGORIE,UART,UTYP,LICHT,USTRZUSTAND,IstRad,IstPKW,IstFuss,IstKrad,IstGkfz,IstSonstige,@lon,@lat
13,23,2,20,13,2,3,5,2,0,0,1,1,0,0,0,0,12.38838,51.346263
13,23,2,21,9,3,3,5,3,0,0,1,1,0,0,0,0,12.384327,51.300518
13,23,2,22,9,4,3,5,3,0,0,1,0,0,0,1,0,12.39269,51.334037
13,23,2,22,16,4,3,5,3,0,0,1,1,0,0,0,0,12.377693,51.375861
13,23,2,23,0,5,3,0,1,2,0,1,0,0,0,0,0,12.285602,51.330845
13,23,2,23,13,5,2,3,2,0,0,1,0,0,0,1,0,12.355168,51.320067
13,23,2,25,18,7,3,6,7,2,1,1,0,1,0,0,0,12.350927,51.340596
13,23,2,27,6,2,3,3,2,0,0,1,1,0,0,0,0,12.378472,51.320507
13,23,2,27,12,2,2,0,1,0,0,1,0,0,0,0,0,12.367865,51.343866
13,23,2,27,16,2,3,4,1,0,0,1,1,0,0,0,0,12.323004,51.328031
13,23,2,28,7,3,3,5,2,0,0,1,1,0,0,0,0,12.405853,51.331777
13,23,2,28,14,3,3,5,3,0,0,1,1,0,0,0,0,12.376923,51.325116
13,23,2,28,18,3,3,0,1,2,0,1,0,0,0,0,0,12.403424,51.363874
13,23,3,1,6,4,3,1,7,1,0,1,1,0,0,0,0,12.388596,51.345977
13,23,3,1,11,4,3,6,6,0,0,1,0,1,0,0,0,12.354323,51.330328
13,23,3,1,12,4,2,5,3,0,0,1,1,0,0,0,0,12.384859,51.378868
13,23,3,1,16,4,3,3,2,0,0,1,1,0,0,0,0,12.373557,51.306579
13,23,3,2,18,5,3,5,3,2,1,1,1,0,0,0,0,12.321797,51.328848
13,23,3,3,13,6,3,5,3,0,0,1,1,0,0,0,0,12.380794,51.343974
13,23,3,3,14,6,3,4,6,0,0,1,1,0,0,0,0,12.41376,51.337104
13,23,3,3,18,6,3,2,7,2,0,1,1,0,0,0,0,12.361693,51.363406
13,23,3,3,22,6,3,4,6,2,0,1,0,0,0,0,1,12.369445,51.342413
13,23,3,3,22,6,3,5,2,2,0,1,1,0,0,0,0,12.373648,51.333018
13,23,3,3,23,6,3,5,3,2,0,1,1,0,0,0,0,12.380966,51.343903
13,23,3,4,11,7,3,5,3,0,0,1,1,0,0,0,0,12.376902,51.346182
13,23,3,4,14,7,3,5,2,0,0,1,1,0,0,0,0,12.424701,51.304753
13,23,3,4,23,7,3,1,5,2,0,1,1,0,0,0,0,12.391489,51.383894
13,23,3,5,15,1,3,0,1,0,0,1,0,0,0,0,0,12.402064,51.339895
13,23,3,6,11,2,2,3,2,0,1,1,1,0,0,0,0,12.430311,51.349953
13,23,3,6,18,2,2,5,3,2,1,1,0,0,0,0,1,12.373345,51.318698
13,23,3,7,7,3,3,5,3,0,1,1,1,0,0,0,0,12.310237,51.317741
13,23,3,7,7,3,3,5,2,0,0,1,1,0,0,0,0,12.407993,51.318039
13,23,3,7,10,3,2,5,2,0,0,1,1,0,0,0,0,12.373652,51.330513
13,23,3,7,11,3,3,5,3,0,0,1,1,0,0,0,0,12.448361,51.383035
13,23,3,8,13,4,3,3,2,0,1,1,0,0,0,0,1,12.35768,51.341811
13,23,3,9,16,5,3,5,3,0,0,1,1,0,0,0,0,12.36162,51.332731
13,23,3,9,18,5,3,5,3,2,1,1,1,0,0,0,0,12.393162,51.336954
13,23,3,10,17,6,3,6,6,0,0,1,0,1,0,0,0,12.38216,51.338868
13,23,3,11,9,7,3,5,3,0,1,1,1,0,0,0,0,12.378366,51.332223
13,23,3,12,19,1,3,0,1,1,0,1,0,0,0,0,0,12.376479,51.353267
13,23,3,13,7,2,3,1,6,0,1,1,1,0,0,0,0,12.33213,51.337773
13,23,3,13,7,2,3,3,6,0,1,1,0,0,0,0,1,12.409649,51.359803
13,23,3,13,8,2,3,5,2,0,1,1,1,0,0,0,0,12.39048,51.34699
13,23,3,13,11,2,3,5,3,0,0,1,0,0,0,0,0,12.41822,51.344922
13,23,3,13,12,2,2,0,1,0,0,1,0,0,0,0,0,12.32213,51.350014
13,23,3,14,16,3,3,6,4,0,1,1,0,1,0,0,0,12.368573,51.313369
13,23,3,14,16,3,3,3,2,0,1,1,1,0,0,0,0,12.371165,51.347407
13,23,3,16,7,5,3,5,3,0,0,1,1,0,0,0,0,12.31631,51.349562
13,23,3,16,13,5,3,1,5,0,0,1,1,0,0,0,0,12.370463,51.326894
13,23,3,17,15,6,2,5,3,0,0,1,1,0,0,0,0,12.373076,51.30929
13,23,3,17,18,6,3,5,3,2,0,1,0,0,1,0,0,12.426006,51.320053
13,23,3,18,17,7,2,2,6,0,0,1,1,0,0,0,0,12.328989,51.391864
13,23,3,18,18,7,2,0,1,2,0,1,0,0,0,0,0,12.445087,51.343483
13,23,3,18,19,7,3,5,2,2,0,1,1,0,0,0,0,12.378959,51.345116
13,23,3,19,14,1,3,5,3,0,1,1,1,0,0,0,0,12.413723,51.359486
13,23,3,20,8,2,3,5,3,0,1,1,1,0,0,0,0,12.371465,51.320636
13,23,3,20,12,2,3,6,4,0,1,1,0,1,0,0,0,12.371725,51.32155
13,23,3,21,6,3,2,4,2,0,0,1,1,0,0,0,0,12.382072,51.332605
13,23,3,21,20,3,3,5,2,2,1,1,1,0,0,0,0,12.324923,51.33829
13,23,3,22,9,4,3,2,6,0,0,1,0,0,0,0,0,12.373668,51.332811
13,23,3,22,18,4,3,5,3,2,0,1,1,0,0,0,0,12.464936,51.307332
13,23,3,22,19,4,2,0,1,2,1,1,0,0,0,0,0,12.368795,51.361224
13,23,3,23,6,5,3,3,6,1,1,1,1,0,0,0,0,12.376264,51.348327
13,23,3,23,8,5,3,5,3,0,0,1,1,0,0,0,0,12.399446,51.376403
13,23,3,23,15,5,3,5,2,0,0,1,1,0,0,0,0,12.368052,51.358049
13,23,3,24,6,6,3,5,3,0,1,1,1,0,0,0,0,12.40562,51.320015
13,23,3,24,7,6,3,5,3,0,1,1,1,0,0,0,0,12.281989,51.357924
13,23,3,24,14,6,3,5,3,0,1,1,1,0,0,0,0,12.365641,51.332052
13,23,3,24,16,6,2,0,1,0,1,1,0,0,0,0,0,12.414011,51.359465
13,23,3,25,22,7,3,5,2,2,0,1,1,0,0,0,0,12.371259,51.33264
13,23,3,26,5,1,3,0,1,2,1,1,0,0,0,0,0,12.412253,51.343279
13,23,3,26,14,1,3,5,2,0,1,1,1,0,0,0,0,12.445323,51.346323
13,23,3,27,7,2,3,0,1,0,0,1,0,0,0,0,0,12.359881,51.38853
13,23,3,27,9,2,3,0,1,0,0,1,0,0,0,0,0,12.369006,51.289692
13,23,3,27,15,2,3,5,2,0,0,1,1,0,0,0,0,12.388472,51.325979
13,23,3,27,15,2,2,6,4,0,0,1,0,1,0,0,0,12.395948,51.343231
13,23,3,27,17,2,3,5,2,0,0,1,1,0,0,0,0,12.411738,51.314613
13,23,3,28,10,3,2,5,2,0,0,1,1,0,0,0,0,12.39293,51.400266
13,23,3,28,14,3,3,3,5,0,0,1,1,0,0,0,0,12.39221,51.345528
13,23,3,30,16,5,3,2,6,0,0,1,1,0,0,0,0,12.373496,51.307522
13,23,4,1,2,7,3,5,2,2,0,1,1,0,0,0,0,12.348661,51.332147
13,23,4,1,13,7,3,0,1,0,1,1,0,0,0,0,0,12.375884,51.308802
13,23,4,1,22,7,3,0,1,2,1,1,0,0,0,0,0,12.395158,51.341078
13,23,4,3,8,2,3,5,2,0,0,1,1,0,0,0,0,12.344506,51.325299
13,23,4,3,9,2,3,3,6,0,0,1,1,0,0,0,0,12.326163,51.331084
13,23,4,3,12,2,3,5,2,0,0,1,1,0,0,0,0,12.44159,51.350824
13,23,4,3,14,2,3,3,6,0,0,1,0,0,0,0,1,12.39432,51.33908
13,23,4,3,14,2,3,2,6,0,0,1,0,0,0,0,0,12.412422,51.333506
13,23,4,3,15,2,2,1,5,0,0,1,1,0,0,0,0,12.353763,51.332117
13,23,4,4,11,3,3,3,5,0,0,1,1,0,0,0,0,12.366461,51.36736
13,23,4,4,14,3,3,5,3,0,0,1,0,0,0,0,0,12.387193,51.336918
13,23,4,4,15,3,3,5,3,0,0,1,1,0,0,0,0,12.393043,51.334502
13,23,4,4,18,3,3,5,2,0,0,1,1,0,0,0,0,12.382259,51.365886
13,23,4,5,7,4,3,5,3,0,0,1,0,0,1,0,0,12.409577,51.339247
13,23,4,5,8,4,3,5,2,0,0,1,1,0,0,0,0,12.366711,51.340562
13,23,4,5,9,4,3,3,2,0,0,1,1,0,0,0,0,12.423671,51.319916
13,23,4,5,15,4,3,5,3,0,0,1,1,0,0,0,0,12.311667,51.316382
13,23,4,5,15,4,2,5,3,0,0,1,0,0,0,0,1,12.362659,51.321035
13,23,4,5,16,4,3,5,2,0,0,1,1,0,0,0,0,12.378443,51.335818
13,23,4,6,7,5,3,5,3,0,0,1,1,0,0,0,0,12.397444,51.33407
13,23,4,6,8,5,3,5,2,0,0,1,1,0,0,0,0,12.433022,51.299101
13,23,4,6,15,5,3,3,7,0,0,1,1,0,0,0,0,12.376685,51.317795
13,23,4,6,19,5,2,7,7,1,0,1,0,0,0,0,0,12.376197,51.307394
13,23,4,7,4,6,2,0,7,2,0,1,0,0,0,0,0,12.392703,51.381142
13,23,4,7,23,6,3,0,1,2,1,1,0,0,0,0,0,12.376403,51.308566
13,23,4,10,13,2,3,5,3,0,0,1,1,0,0,0,0,12.33201,51.322428
13,23,4,11,15,3,3,5,3,0,0,1,1,0,0,0,0,12.371335,51.346275
13,23,4,11,20,3,3,3,2,2,0,1,1,0,0,0,0,12.374109,51.303313
13,23,4,12,14,4,3,5,2,0,0,1,0,0,0,0,1,12.425149,51.365703
13,23,4,17,9,2,3,5,3,0,0,1,1,0,0,0,0,12.388517,51.325931
13,23,4,17,10,2,3,6,7,0,1,1,0,1,0,0,0,12.377905,51.33967
13,23,4,18,8,3,2,5,2,0,0,1,1,0,0,0,0,12.387093,51.326885
13,23,4,18,8,3,3,5,2,0,0,1,1,0,0,0,0,12.396087,51.343181
13,23,4,18,15,3,2,0,7,0,0,1,0,0,0,0,1,12.330055,51.3265
13,23,4,18,15,3,3,5,2,0,0,1,1,0,0,0,0,12.373661,51.330513
13,23,4,18,17,3,3,3,2,0,0,1,1,0,0,0,0,12.373647,51.325313
13,23,4,19,7,4,3,5,3,0,0,1,0,1,0,0,0,12.371486,51.354635
13,23,4,19,7,4,3,5,2,0,1,1,1,0,0,0,0,12.411638,51.342632
13,23,4,19,9,4,3,5,3,0,0,1,1,0,0,0,0,12.399855,51.319759
13,23,4,19,15,4,3,5,3,0,0,1,1,0,0,0,0,12.386215,51.368377
13,23,4,19,17,4,3,5,3,0,0,1,1,0,0,0,0,12.267802,51.321472
13,23,4,19,17,4,3,5,2,0,1,1,1,0,0,0,0,12.374342,51.335804
13,23,4,19,20,4,3,5,2,2,1,1,1,0,0,0,0,12.352046,51.333463
13,23,4,19,20,4,3,4,6,2,1,1,0,0,0,0,0,12.370331,51.342544
13,23,4,19,20,4,3,5,2,0,0,1,1,0,0,0,0,12.373388,51.307511
13,23,4,20,11,5,2,0,1,0,0,1,0,0,0,0,0,12.325658,51.312997
13,23,4,21,7,6,3,5,3,0,0,1,1,0,0,0,0,12.370307,51.397174
13,23,4,21,9,6,3,5,3,0,0,1,1,0,0,0,0,12.288697,51.358464
13,23,4,21,10,6,3,3,2,0,0,1,1,0,0,0,0,12.395024,51.342737
13,23,4,21,12,6,3,5,7,0,0,1,0,0,0,1,0,12.398036,51.322588
13,23,4,21,20,6,2,1,5,1,0,1,1,0,0,0,0,12.326995,51.316921
13,23,4,22,10,7,3,0,1,0,0,1,0,0,0,0,0,12.323481,51.328707
13,23,4,22,11,7,3,3,7,0,0,1,1,0,0,0,0,12.425915,51.294757
13,23,4,22,21,7,2,0,1,2,0,1,0,0,0,0,0,12.323799,51.374591
13,23,4,23,15,1,2,0,1,0,0,1,0,0,0,0,0,12.365935,51.364293
13,23,4,23,21,1,3,5,2,2,0,1,1,0,0,0,0,12.36341,51.369811
13,23,4,23,23,1,3,5,2,2,0,1,1,0,0,0,0,12.393876,51.339107
13,23,4,24,8,2,3,1,1,0,0,1,1,0,0,0,0,12.378583,51.3238
13,23,4,24,12,2,3,4,2,0,0,1,1,0,0,0,0,12.373635,51.330515
13,23,4,24,17,2,3,1,4,0,0,1,1,1,0,0,0,12.327416,51.325429
13,23,4,25,10,3,3,1,5,0,0,1,1,0,0,0,0,12.373723,51.326432
13,23,4,26,7,4,3,2,6,0,0,1,0,0,0,0,0,12.317342,51.320881
13,23,4,26,16,4,3,2,6,0,0,1,1,0,0,0,0,12.317786,51.370958
13,23,4,28,18,6,3,3,1,0,0,1,1,0,0,0,0,12.325695,51.313234
13,23,4,29,3,7,3,0,1,2,1,1,0,0,0,0,0,12.315457,51.356165
13,23,5,1,3,2,1,0,7,2,0,1,0,0,0,0,0,12.34057,51.3261
13,23,5,1,18,2,3,2,2,0,0,1,1,0,0,0,0,12.368642,51.289215
13,23,5,1,22,2,3,0,1,2,0,1,0,0,0,0,0,12.407246,51.318664
13,23,5,2,9,3,3,5,3,0,0,1,1,0,0,0,0,12.40596,51.313915
13,23,5,2,14,3,3,0,7,0,0,1,0,0,0,0,0,12.422302,51.306833
13,23,5,2,19,3,3,5,3,0,0,1,1,0,0,0,0,12.405976,51.313915
13,23,5,2,20,3,3,5,2,1,0,1,1,0,0,0,0,12.38516,51.342718
13,23,5,3,10,4,3,3,5,0,0,1,0,0,0,0,1,12.373903,51.333972
13,23,5,3,15,4,3,5,3,0,0,1,1,0,0,0,0,12.37112,51.347399
13,23,5,3,16,4,3,5,2,0,0,1,1,0,0,0,0,12.424705,51.304599
13,23,5,4,7,5,3,5,3,0,0,1,1,0,0,0,0,12.373604,51.309857
13,23,5,4,8,5,3,5,2,0,0,1,1,0,0,0,0,12.342517,51.321594
13,23,5,4,17,5,3,0,1,0,0,1,0,0,0,0,0,12.394268,51.344002
13,23,5,4,19,5,3,3,6,0,0,1,0,0,0,0,0,12.370448,51.336205
13,23,5,5,16,6,3,0,1,0,0,1,0,0,0,0,1,12.382429,51.314975
13,23,5,6,19,7,2,5,3,0,0,1,1,0,0,0,0,12.323107,51.327116
13,23,5,7,0,1,3,0,1,2,0,1,0,0,0,0,0,12.329435,51.335604
13,23,5,7,16,1,3,1,5,0,0,1,1,0,0,0,0,12.395589,51.328852
13,23,5,8,7,2,3,5,3,0,0,1,1,0,0,0,0,12.37345,51.351657
13,23,5,8,15,2,3,1,5,0,0,1,1,0,0,0,0,12.35486,51.361308
13,23,5,8,22,2,3,0,1,2,0,1,0,0,0,0,0,12.340235,51.337488
13,23,5,9,8,3,3,5,2,0,0,1,1,0,0,0,0,12.371648,51.338847
13,23,5,9,16,3,3,3,6,0,0,1,1,0,0,0,0,12.330495,51.342048
13,23,5,9,16,3,3,3,2,0,0,1,1,0,0,0,0,12.422483,51.306938
13,23,5,9,16,3,2,3,6,0,0,1,0,0,0,0,0,12.425791,51.351512
13,23,5,10,7,4,3,5,2,0,0,1,1,0,0,0,0,12.39764,51.336512
13,23,5,10,8,4,3,0,7,0,0,1,0,0,0,0,0,12.371267,51.346267
13,23,5,10,9,4,3,1,5,0,0,1,0,0,0,1,0,12.359976,51.340797
13,23,5,10,11,4,3,5,3,0,0,1,1,0,0,0,0,12.365262,51.323634
13,23,5,10,16,4,3,5,2,0,1,1,1,0,0,0,0,12.403948,51.321727
13,23,5,11,11,5,3,5,3,0,0,1,1,0,0,0,0,12.298555,51.338522
13,23,5,11,12,5,3,3,6,0,0,1,1,0,0,0,0,12.325365,51.345004
13,23,5,12,12,6,3,5,2,0,0,1,0,0,0,0,1,12.426447,51.351826
13,23,5,12,15,6,3,5,3,0,0,1,1,0,0,0,0,12.262901,51.344616
13,23,5,12,16,6,3,0,1,0,0,1,0,0,0,0,0,12.394372,51.336651
13,23,5,12,23,6,3,1,7,2,0,1,1,0,0,0,0,12.370992,51.339793
13,23,5,13,19,7,3,1,5,0,0,1,1,0,0,0,0,12.373616,51.321416
13,23,5,14,14,1,3,5,2,0,0,1,1,0,0,0,0,12.339415,51.33437
13,23,5,14,16,1,3,5,3,0,0,1,1,0,0,0,0,12.382889,51.340468
13,23,5,15,15,2,3,3,6,0,0,1,1,0,0,0,0,12.323711,51.305266
13,23,5,15,15,2,3,5,2,0,0,1,0,0,0,0,0,12.374851,51.325215
13,23,5,16,15,3,3,5,3,0,0,1,1,0,0,0,0,12.313484,51.347807
13,23,5,16,16,3,3,5,2,0,0,1,1,0,0,0,0,12.394832,51.342721
13,23,5,16,20,3,3,2,2,1,0,1,1,0,0,0,0,12.371332,51.346292
13,23,5,17,6,4,3,3,2,0,0,1,1,0,0,0,0,12.385325,51.340138
13,23,5,17,12,4,3,5,2,0,0,1,1,0,0,0,0,12.35768,51.341811
13,23,5,17,13,4,3,6,4,0,0,1,0,1,0,0,0,12.373259,51.352421
13,23,5,17,17,4,3,8,1,0,0,1,0,0,0,0,0,12.319745,51.39091
13,23,5,18,3,5,3,0,1,1,0,1,0,0,0,0,0,12.37456,51.334231
13,23,5,18,9,5,3,5,3,0,0,1,1,0,0,0,0,12.463204,51.333899
13,23,5,18,16,5,2,0,1,0,0,1,0,0,0,0,0,12.324269,51.333572
13,23,5,18,19,5,3,5,3,0,0,1,1,0,0,0,0,12.390174,51.366262
13,23,5,19,2,6,3,0,7,2,0,1,0,0,0,0,0,12.400778,51.325247
13,23,5,19,13,6,3,0,1,0,0,1,0,0,0,0,0,12.281974,51.311419
13,23,5,22,7,2,3,4,6,0,0,1,0,0,0,0,0,12.325368,51.386917
13,23,5,22,11,2,2,3,2,0,0,1,0,0,0,0,0,12.303095,51.314406
13,23,5,22,11,2,3,5,2,0,0,1,1,0,0,0,0,12.37619,51.348313
13,23,5,22,15,2,3,5,2,0,0,1,1,0,0,0,0,12.384942,51.338129
13,23,5,22,15,2,3,5,3,0,0,1,1,0,0,0,0,12.465181,51.345857
13,23,5,23,12,3,3,5,3,0,0,1,1,0,0,0,0,12.394405,51.33673
13,23,5,23,12,3,3,5,3,0,0,1,0,0,0,1,0,12.394613,51.313698
13,23,5,23,18,3,2,6,4,1,0,1,0,1,0,0,0,12.386236,51.320681
13,23,5,24,14,4,3,5,2,0,0,1,0,0,0,1,0,12.385377,51.343568
13,23,5,25,6,5,3,5,3,0,0,1,1,0,0,0,0,12.407541,51.351301
13,23,5,25,7,5,2,5,3,0,0,1,0,1,0,0,0,12.376601,51.35726
13,23,5,25,9,5,3,1,3,0,0,1,0,0,0,0,1,12.377012,51.356891
13,23,5,25,16,5,3,1,5,0,0,1,1,0,0,0,0,12.329907,51.342401
13,23,5,26,0,6,3,0,1,2,0,1,0,0,0,0,0,12.353061,51.341819
13,23,5,26,16,6,3,5,3,0,0,1,1,0,0,0,0,12.367485,51.388461
13,23,5,26,17,6,3,5,2,0,0,1,1,0,0,0,0,12.476768,51.337179
13,23,5,26,21,6,3,3,6,2,0,1,0,0,0,0,0,12.360136,51.333795
13,23,5,27,0,7,3,1,7,2,0,1,1,0,0,0,0,12.389899,51.346561
13,23,5,27,9,7,3,0,1,0,0,1,0,0,0,1,0,12.345353,51.367085
13,23,5,28,14,1,3,5,2,0,0,1,1,0,0,0,0,12.358139,51.336744
13,23,5,29,5,2,3,5,2,0,0,1,1,0,0,0,0,12.396284,51.310275
13,23,5,29,17,2,3,4,6,0,0,1,0,0,0,0,0,12.352037,51.333458
13,23,5,29,19,2,3,5,2,0,0,1,0,0,0,0,0,12.36502,51.341393
13,23,5,29,19,2,3,4,1,0,0,1,1,0,0,0,0,12.41028,51.314684
13,23,5,30,7,3,2,5,3,0,0,1,1,0,0,0,0,12.345634,51.330052
13,23,5,30,9,3,2,6,6,0,0,1,0,1,0,0,0,12.375085,51.340469
13,23,5,30,10,3,3,5,2,0,0,1,1,0,0,0,0,12.343124,51.322691
13,23,5,30,12,3,3,6,4,0,0,1,0,1,0,0,0,12.404871,51.338153
13,23,5,30,14,3,3,6,6,0,0,1,0,1,0,0,0,12.376641,51.369313
13,23,5,30,14,3,3,5,2,0,0,1,1,0,0,0,0,12.390347,51.290872
13,23,5,30,16,3,3,5,3,0,0,1,1,0,0,0,0,12.422719,51.366288
13,23,5,30,17,3,3,4,6,0,0,1,0,0,0,0,0,12.444068,51.332484
13,23,5,30,19,3,3,5,3,0,0,1,1,0,0,0,0,12.426729,51.303601
13,23,5,30,22,3,3,0,1,2,0,1,0,0,0,0,0,12.373638,51.333186
13,23,5,31,13,4,3,5,3,0,0,1,1,0,0,0,0,12.361255,51.362064
13,23,5,31,16,4,3,1,5,0,0,1,1,0,0,0,0,12.348814,51.32889
13,23,6,1,6,5,3,1,7,0,0,1,1,0,0,0,0,12.404085,51.366356
13,23,6,1,8,5,3,5,2,0,0,1,1,0,0,0,0,12.362919,51.330622
13,23,6,1,10,5,2,5,2,0,0,1,0,0,0,1,0,12.261515,51.316147
13,23,6,1,10,5,3,1,5,0,0,1,1,0,0,0,0,12.331235,51.335357
13,23,6,1,11,5,3,5,3,0,0,1,1,0,0,0,0,12.371632,51.335229
13,23,6,1,12,5,3,5,3,0,0,1,0,0,0,0,1,12.337049,51.32501
13,23,6,1,13,5,3,5,3,0,0,1,1,0,0,0,0,12.33829,51.32606
13,23,6,1,14,5,3,3,2,0,0,1,1,0,0,0,0,12.416655,51.320972
13,23,6,1,18,5,3,5,2,0,0,1,1,0,0,0,0,12.3671,51.325447
13,23,6,2,6,6,3,5,3,0,0,1,0,0,0,1,0,12.389697,51.321601
13,23,6,2,8,6,3,1,5,0,0,1,1,0,0,0,0,12.461103,51.285267
13,23,6,2,11,6,3,3,2,0,0,1,1,0,0,0,0,12.421352,51.379455
13,23,6,3,2,7,3,0,1,2,0,1,0,0,0,0,0,12.324735,51.343191
13,23,6,3,20,7,3,2,2,1,0,1,1,0,0,0,0,12.36472,51.343134
13,23,6,4,13,1,2,0,1,0,0,1,0,0,0,0,0,12.327291,51.338469
13,23,6,4,15,1,2,6,6,0,0,1,0,1,0,0,0,12.363082,51.308518
13,23,6,4,18,1,3,1,5,0,0,1,1,0,0,0,0,12.343335,51.323086
13,23,6,4,19,1,3,0,1,0,0,1,0,0,0,0,0,12.44567,51.347372
13,23,6,5,13,2,3,1,5,0,0,1,1,0,0,0,0,12.384621,51.329338
13,23,6,5,18,2,3,5,2,0,0,1,1,0,0,0,0,12.344941,51.375176
13,23,6,5,18,2,3,5,3,0,0,1,1,0,0,0,0,12.367738,51.35847
13,23,6,6,7,3,3,5,3,0,1,1,1,0,0,0,0,12.371256,51.332652
13,23,6,6,7,3,3,0,1,0,1,1,0,0,0,0,0,12.416472,51.323742
13,23,6,6,8,3,3,0,1,0,1,1,0,0,0,0,0,12.416153,51.356755
13,23,6,6,13,3,3,5,2,0,0,1,1,0,0,0,0,12.372929,51.34959
13,23,6,6,15,3,3,0,1,0,1,1,0,0,0,0,0,12.387098,51.309739
13,23,6,6,17,3,3,6,6,0,1,1,0,1,0,0,0,12.381931,51.338825
13,23,6,7,7,4,3,0,1,0,0,1,0,0,0,0,0,12.330765,51.337429
13,23,6,7,8,4,3,0,3,0,1,1,1,0,0,0,0,12.37133,51.31854
13,23,6,7,15,4,3,5,3,0,0,1,1,0,0,0,0,12.364531,51.371077
13,23,6,7,18,4,2,5,2,0,0,1,1,0,0,0,0,12.384343,51.360154
13,23,6,8,10,5,3,5,2,0,0,1,1,0,0,0,0,12.371145,51.344433
13,23,6,8,10,5,3,5,3,0,1,1,1,0,0,0,0,12.38486,51.378867
13,23,6,8,11,5,3,5,3,0,0,1,1,0,0,0,0,12.381535,51.336678
13,23,6,8,12,5,3,5,3,0,0,1,1,0,0,0,0,12.365608,51.33207
13,23,6,8,17,5,3,1,5,0,1,1,1,0,0,0,0,12.37159,51.356645
13,23,6,9,6,6,3,4,6,0,0,1,0,0,0,0,0,12.349713,51.32916
13,23,6,9,10,6,3,5,3,0,0,1,1,0,0,0,0,12.308379,51.274016
13,23,6,9,14,6,3,5,3,0,0,1,0,0,0,0,1,12.399957,51.32759
13,23,6,9,21,6,3,3,6,1,0,1,0,0,0,0,0,12.401538,51.324107
13,23,6,10,11,7,3,0,1,0,0,1,0,0,0,0,0,12.325692,51.313213
13,23,6,10,11,7,3,1,3,0,0,1,1,0,0,0,0,12.389484,51.309243
13,23,6,10,13,7,3,5,3,0,0,1,1,0,0,0,0,12.353946,51.382188
13,23,6,10,17,7,3,0,1,0,0,1,0,0,0,0,0,12.375242,51.309117
13,23,6,10,18,7,2,5,3,0,0,1,1,0,0,0,0,12.386666,51.337292
13,23,6,11,10,1,2,5,2,0,0,1,0,0,0,0,1,12.373737,51.326835
13,23,6,11,17,1,3,5,2,0,0,1,1,0,0,0,0,12.460857,51.36723
13,23,6,12,9,2,3,1,5,0,0,1,1,0,0,0,0,12.269535,51.304049
13,23,6,12,11,2,2,0,1,0,0,1,0,0,0,0,0,12.277703,51.319049
13,23,6,12,13,2,3,0,7,0,0,1,1,0,0,0,0,12.377574,51.338161
13,23,6,12,17,2,2,1,7,0,0,1,0,0,0,0,1,12.345719,51.366233
13,23,6,12,17,2,2,0,1,0,0,1,0,0,0,0,0,12.37553,51.309018
13,23,6,12,18,2,3,5,2,0,0,1,0,0,0,0,1,12.430523,51.351364
13,23,6,13,13,3,3,5,3,0,0,1,1,0,0,0,0,12.386935,51.358619
13,23,6,13,15,3,3,5,3,0,0,1,1,0,0,0,0,12.407626,51.351299
13,23,6,13,17,3,3,5,2,0,0,1,1,0,0,0,0,12.378442,51.335817
13,23,6,14,6,4,2,5,3,0,0,1,1,0,0,0,0,12.383504,51.343432
13,23,6,14,7,4,3,5,3,0,0,1,1,0,0,0,0,12.388674,51.341158
13,23,6,14,14,4,2,5,3,0,0,1,1,0,0,0,0,12.461217,51.367358
13,23,6,14,14,4,3,5,3,0,0,1,1,0,0,0,0,12.482518,51.270912
13,23,6,14,16,4,3,3,5,0,0,1,1,0,0,0,0,12.373158,51.338484
13,23,6,14,17,4,3,0,1,0,0,1,0,0,0,0,0,12.339411,51.334229
13,23,6,15,7,5,3,1,5,0,0,1,0,0,0,0,1,12.406505,51.356426
13,23,6,15,11,5,2,1,5,0,0,1,1,0,0,0,0,12.328341,51.391799
13,23,6,15,12,5,3,0,1,0,0,1,0,0,0,0,0,12.376681,51.308439
13,23,6,15,14,5,3,5,2,0,0,1,1,0,0,0,0,12.451367,51.363715
13,23,6,15,15,5,3,3,6,0,0,1,0,0,0,0,0,12.376902,51.357064
13,23,6,15,16,5,3,5,2,0,0,1,0,0,0,0,1,12.370889,51.337388
13,23,6,15,17,5,3,6,4,0,0,1,0,1,0,0,0,12.333783,51.324693
13,23,6,15,17,5,3,0,7,0,0,1,0,0,0,0,0,12.337361,51.314054
13,23,6,15,19,5,3,0,1,0,0,1,0,0,0,0,0,12.346558,51.328946
13,23,6,16,9,6,3,5,3,0,0,1,1,0,0,0,0,12.479435,51.350605
13,23,6,16,14,6,3,3,5,0,0,1,1,0,0,0,0,12.401521,51.340551
13,23,6,16,15,6,3,5,3,0,0,1,1,0,0,0,0,12.397988,51.329965
13,23,6,16,16,6,2,5,3,0,0,1,1,0,0,0,0,12.383534,51.343493
13,23,6,16,18,6,3,5,2,0,0,1,1,0,0,0,0,12.405717,51.35156
13,23,6,16,21,6,3,1,5,2,0,1,1,0,0,0,0,12.373358,51.318379
13,23,6,16,23,6,3,6,4,2,0,1,0,1,0,0,0,12.339477,51.334352
13,23,6,17,23,7,2,5,3,2,0,1,0,0,0,0,0,12.339934,51.335341
13,23,6,18,9,1,3,0,7,0,0,1,0,0,0,0,0,12.308362,51.274017
13,23,6,18,14,1,3,5,3,0,0,1,0,0,0,0,1,12.247314,51.318157