UKREIS,UJAHR,UMONAT,UTAG,USTUNDE,UWOCHENTAG,UKATEGORIE,UART,UTYP,LICHT,USTRZUSTAND,IstRad,IstPKW,IstFuss,IstKrad,IstGkfz,IstSonstige,@lon,@lat
13,23,6,18,20,1,3,0,7,1,0,1,0,0,0,0,0,12.363219,51.36914
13,23,6,18,21,1,3,5,3,1,0,1,0,0,0,0,1,12.384871,51.37884
13,23,6,19,11,2,2,4,6,0,0,1,0,0,0,0,0,12.355108,51.32997
13,23,6,19,16,2,3,3,6,0,0,1,1,0,0,0,0,12.371007,51.332597
13,23,6,20,7,3,3,5,3,0,0,1,1,0,0,0,0,12.305527,51.351805
13,23,6,20,15,3,3,5,3,0,0,1,1,0,0,0,0,12.384986,51.298894
13,23,6,20,15,3,3,7,1,0,0,1,0,0,0,0,0,12.464515,51.368691
13,23,6,20,23,3,3,0,7,1,0,1,0,0,0,0,0,12.385313,51.343539
13,23,6,21,7,4,3,0,7,0,1,1,0,0,0,0,0,12.373653,51.325406
13,23,6,21,14,4,3,3,5,0,0,1,1,0,0,0,0,12.379402,51.307999
13,23,6,21,16,4,3,5,2,0,0,1,1,0,0,0,0,12.369358,51.344181
13,23,6,22,0,5,3,3,6,2,0,1,1,0,0,0,0,12.352467,51.33322
13,23,6,22,10,5,2,1,5,0,0,1,1,0,0,0,0,12.342749,51.314096
13,23,6,22,11,5,3,6,4,0,0,1,0,1,0,0,0,12.373669,51.332796
13,23,6,22,12,5,2,0,1,0,0,1,0,0,0,0,0,12.380928,51.342053
13,23,6,22,15,5,3,5,2,0,0,1,1,0,0,0,0,12.392704,51.330627
13,23,6,22,16,5,3,5,2,0,1,1,1,0,0,0,0,12.385775,51.372612
13,23,6,22,17,5,3,0,5,0,0,1,1,0,0,0,0,12.435699,51.358862
13,23,6,22,23,5,3,5,3,1,1,1,1,0,0,0,0,12.37354,51.34409
13,23,6,23,1,6,3,7,7,2,1,1,0,0,0,0,0,12.373474,51.316398
13,23,6,23,15,6,3,0,1,0,1,1,0,0,0,0,0,12.375282,51.309098
13,23,6,23,16,6,3,0,1,0,1,1,0,0,0,0,0,12.377944,51.310264
13,23,6,23,17,6,3,4,7,0,1,1,1,0,0,0,0,12.37474,51.353154
13,23,6,24,0,7,3,5,3,2,0,1,1,0,0,0,0,12.459199,51.401933
13,23,6,24,18,7,3,3,6,0,0,1,1,0,0,0,0,12.350769,51.340561
13,23,6,25,15,1,3,5,3,0,0,1,0,0,0,0,1,12.378729,51.345651
13,23,6,25,21,1,3,1,5,0,0,1,1,0,0,0,0,12.330318,51.342165
13,23,6,26,8,2,2,5,2,0,0,1,1,0,0,0,0,12.275096,51.323203
13,23,6,26,9,2,3,2,6,0,0,1,1,0,0,0,0,12.371123,51.347447
13,23,6,26,18,2,3,5,3,0,0,1,1,0,0,0,0,12.35255,51.349223
13,23,6,27,7,3,3,3,6,0,0,1,1,0,0,0,0,12.443366,51.331423
13,23,6,27,15,3,3,0,1,0,0,1,0,0,0,0,0,12.36048,51.340376
13,23,6,28,5,4,2,5,3,0,0,1,1,0,0,0,0,12.446997,51.350385
13,23,6,28,6,4,3,5,3,0,0,1,1,0,0,0,0,12.387461,51.357008
13,23,6,28,8,4,3,3,6,0,0,1,0,0,0,1,0,12.379129,51.359359
13,23,6,28,13,4,3,3,6,0,0,1,1,0,0,0,0,12.330326,51.372288
13,23,6,28,17,4,3,5,3,0,0,1,0,0,0,0,0,12.386258,51.360497
13,23,6,28,22,4,2,5,3,2,0,1,1,0,0,0,0,12.309904,51.32834
13,23,6,29,14,5,3,3,2,0,0,1,1,0,0,0,0,12.318616,51.331442
13,23,6,29,14,5,3,5,2,0,0,1,1,0,0,0,0,12.373648,51.33302
13,23,6,29,15,5,3,1,5,0,0,1,1,0,0,0,0,12.364571,51.370976
13,23,6,29,17,5,3,0,7,0,0,1,0,0,0,0,0,12.378963,51.343527
13,23,6,30,6,6,2,5,3,0,0,1,0,0,0,0,1,12.308362,51.274017
13,23,6,30,7,6,3,5,2,0,0,1,1,0,0,0,0,12.352041,51.343633
13,23,6,30,7,6,2,0,7,0,0,1,0,0,0,0,0,12.368549,51.314671
13,23,6,30,7,6,3,0,7,0,0,1,0,0,0,0,0,12.41909,51.356525
13,23,6,30,14,6,3,5,2,0,1,1,0,0,0,0,1,12.443897,51.291498
13,23,6,30,16,6,3,4,6,0,0,1,0,0,0,0,0,12.39958,51.334396
13,23,6,30,16,6,3,5,2,0,0,1,1,0,0,0,0,12.406074,51.346866
13,23,6,30,16,6,3,5,3,0,1,1,1,0,0,0,0,12.408195,51.330435
13,23,7,1,16,7,3,1,5,0,0,1,1,0,0,0,0,12.428136,51.328061
13,23,7,1,21,7,2,0,1,2,1,1,0,0,0,0,0,12.338815,51.332423
13,23,7,2,17,1,3,7,1,0,0,1,0,0,0,0,0,12.309706,51.32083
13,23,7,3,7,2,3,5,3,0,0,1,1,0,0,0,0,12.40248,51.338969
13,23,7,3,9,2,2,5,7,0,0,1,0,0,0,0,0,12.379021,51.349379
13,23,7,3,10,2,3,6,1,0,0,1,0,1,0,0,0,12.272305,51.320544
13,23,7,3,15,2,3,3,6,0,0,1,0,0,0,0,0,12.413563,51.313388
13,23,7,3,16,2,3,5,2,0,0,1,1,0,0,0,0,12.338364,51.331613
13,23,7,3,17,2,3,6,4,0,0,1,0,1,0,0,0,12.373431,51.314983
13,23,7,4,7,3,3,3,2,0,0,1,1,0,0,0,0,12.358102,51.379376
13,23,7,4,7,3,3,5,2,0,0,1,1,0,0,0,0,12.479339,51.345825
13,23,7,4,9,3,3,1,6,0,0,1,1,0,0,0,0,12.374638,51.347881
13,23,7,4,17,3,3,5,2,0,0,1,0,0,0,0,1,12.362429,51.338919
13,23,7,4,19,3,3,5,3,0,0,1,1,0,0,0,0,12.385001,51.298895
13,23,7,4,20,3,3,0,7,0,0,1,0,0,0,0,0,12.344929,51.375176
13,23,7,5,17,4,3,5,2,0,0,1,1,0,0,0,0,12.303139,51.314381
13,23,7,5,17,4,3,4,2,0,0,1,1,0,0,0,0,12.335529,51.32172
13,23,7,5,17,4,2,0,1,0,0,1,0,0,0,0,0,12.46543,51.368883
13,23,7,5,21,4,3,3,6,2,0,1,1,0,0,0,0,12.405914,51.313819
13,23,7,6,11,5,3,3,2,0,0,1,1,0,0,0,0,12.376185,51.348311
13,23,7,6,13,5,3,2,6,0,0,1,0,0,0,1,0,12.330206,51.320283
13,23,7,6,13,5,3,0,1,0,0,1,0,0,0,0,0,12.340112,51.337436
13,23,7,6,15,5,3,1,2,0,0,1,1,0,0,0,0,12.381674,51.331775
13,23,7,6,15,5,2,0,1,0,0,1,0,0,0,0,0,12.445223,51.340115
13,23,7,7,8,6,3,1,5,0,0,1,1,0,0,0,0,12.450432,51.386684
13,23,7,7,9,6,3,5,3,0,0,1,1,0,0,0,0,12.301696,51.343501
13,23,7,7,12,6,3,0,1,0,0,1,0,0,0,0,0,12.39046,51.346976
13,23,7,7,17,6,3,0,3,0,0,1,0,0,0,0,0,12.403178,51.345679
13,23,7,8,9,7,3,5,3,0,0,1,1,0,0,0,0,12.427255,51.3083
13,23,7,8,15,7,3,0,6,0,0,1,1,0,0,0,0,12.392699,51.348539
13,23,7,8,15,7,3,5,2,0,0,1,0,0,0,0,1,12.396238,51.30357
13,23,7,9,16,1,3,0,1,0,0,1,0,0,0,0,0,12.338808,51.33241
13,23,7,10,10,2,3,5,6,0,0,1,0,0,0,0,0,12.370129,51.340013
13,23,7,10,16,2,3,3,2,0,0,1,1,0,0,0,0,12.340569,51.332326
13,23,7,11,8,3,2,1,5,0,0,1,1,0,0,0,0,12.383736,51.395395
13,23,7,11,17,3,3,5,2,0,0,1,1,0,0,0,0,12.408259,51.34007
13,23,7,11,20,3,3,1,1,0,0,1,1,0,0,0,0,12.398848,51.346707
13,23,7,12,8,4,3,5,3,0,0,1,1,0,0,0,0,12.371135,51.335737
13,23,7,12,10,4,3,5,3,0,0,1,1,0,0,0,0,12.393173,51.336933
13,23,7,12,13,4,3,5,2,0,0,1,1,0,0,0,0,12.357708,51.341815
13,23,7,12,14,4,2,0,7,0,0,1,0,0,0,0,0,12.371874,51.339626
13,23,7,12,17,4,3,4,2,0,0,1,1,0,0,0,0,12.272519,51.344462
13,23,7,13,9,5,3,3,6,0,0,1,1,0,0,0,1,12.387001,51.33151
13,23,7,13,10,5,3,5,3,0,0,1,1,0,0,0,0,12.409133,51.345361
13,23,7,13,16,5,3,1,5,0,0,1,1,0,0,0,0,12.3321,51.379538
13,23,7,13,16,5,3,1,5,0,0,1,1,0,0,0,0,12.334558,51.319973
13,23,7,14,10,6,3,5,2,0,0,1,1,0,0,0,0,12.426462,51.351808
13,23,7,14,19,6,3,4,6,0,0,1,0,0,0,0,0,12.299291,51.313822
13,23,7,14,21,6,3,0,7,2,0,1,0,0,0,0,0,12.339303,51.333555
13,23,7,15,11,7,3,5,3,0,0,1,1,0,0,0,0,12.296819,51.313598
13,23,7,15,12,7,3,4,2,0,0,1,0,0,0,0,0,12.371764,51.339642
13,23,7,15,18,7,3,1,5,0,0,1,1,0,0,0,0,12.326172,51.315461
13,23,7,15,19,7,3,5,3,0,0,1,1,0,0,0,0,12.261722,51.316178
13,23,7,15,23,7,3,0,1,2,1,1,0,0,0,0,0,12.416693,51.323701
13,23,7,16,19,1,3,1,7,0,0,1,1,0,0,0,0,12.383499,51.302902
13,23,7,17,7,2,3,5,3,0,0,1,1,0,0,0,0,12.37699,51.344561
13,23,7,17,16,2,3,5,2,0,0,1,1,0,0,0,0,12.261693,51.316174
13,23,7,18,9,3,3,2,6,0,0,1,1,0,0,0,0,12.332668,51.291776
13,23,7,18,14,3,2,5,2,0,0,1,1,0,0,0,0,12.421331,51.352915
13,23,7,18,18,3,2,5,3,0,0,1,0,0,0,0,0,12.330192,51.335708
13,23,7,19,7,4,3,1,5,0,0,1,1,0,0,0,0,12.369035,51.319853
13,23,7,19,11,4,3,0,1,0,0,1,0,0,0,0,0,12.317202,51.30718
13,23,7,19,12,4,2,5,2,0,0,1,0,0,0,0,1,12.332017,51.322437
13,23,7,19,13,4,3,5,3,0,0,1,1,0,0,0,0,12.448344,51.383012
13,23,7,19,20,4,3,0,1,2,0,1,0,0,0,0,0,12.394354,51.285063
13,23,7,19,23,4,3,0,7,2,1,1,0,0,0,0,0,12.339485,51.324111
13,23,7,20,17,5,3,6,4,0,0,1,0,1,0,0,0,12.373441,51.322016
13,23,7,21,12,6,3,2,7,0,1,1,0,0,0,0,1,12.40444,51.344898
13,23,7,21,15,6,3,3,1,0,1,1,0,0,1,0,0,12.373692,51.333437
13,23,7,21,15,6,3,5,2,0,0,1,1,0,0,0,0,12.386,51.363075
13,23,7,21,16,6,3,0,7,0,0,1,1,0,0,0,0,12.308861,51.333867
13,23,7,22,0,7,3,0,6,2,0,1,0,0,0,0,0,12.370807,51.344103
13,23,7,22,16,7,3,6,6,0,0,1,0,1,0,0,0,12.321221,51.332445
13,23,7,22,20,7,3,6,4,2,0,1,0,1,0,0,0,12.378821,51.343563
13,23,7,22,23,7,3,0,1,2,0,1,0,0,0,0,0,12.407643,51.339302
13,23,7,24,6,2,3,5,3,0,0,1,1,0,0,0,0,12.358065,51.341861
13,23,7,24,9,2,3,5,2,0,0,1,1,0,0,0,0,12.393296,51.322885
13,23,7,25,13,3,2,0,5,0,0,1,1,0,0,0,0,12.341703,51.320112
13,23,7,25,15,3,3,5,2,0,0,1,1,0,0,0,0,12.327691,51.341326
13,23,7,26,15,4,3,5,3,0,0,1,0,0,0,1,0,12.459057,51.401944
13,23,7,27,0,5,3,5,3,2,0,1,1,0,0,0,0,12.394444,51.354679
13,23,7,27,7,5,3,4,3,0,0,1,0,0,0,0,0,12.372865,51.343177
13,23,7,27,17,5,3,5,2,0,1,1,1,0,0,0,0,12.392837,51.337022
13,23,7,28,0,6,3,0,1,2,1,1,0,0,0,0,0,12.348097,51.328801
13,23,7,28,4,6,2,0,7,2,1,1,0,0,0,0,0,12.360689,51.331994
13,23,7,28,15,6,2,5,7,0,0,1,0,0,0,0,0,12.354877,51.33047
13,23,7,29,10,7,2,5,2,0,0,1,1,0,0,0,0,12.334103,51.31936
13,23,7,29,12,7,3,5,2,0,0,1,1,0,0,0,0,12.393389,51.322923
13,23,7,29,21,7,3,5,3,2,0,1,1,0,0,0,0,12.389921,51.346562
13,23,7,30,15,1,2,3,2,0,1,1,0,0,0,0,0,12.384897,51.338155
13,23,7,30,17,1,2,4,6,0,1,1,0,0,0,0,0,12.470278,51.345745
13,23,7,31,6,2,3,0,1,0,1,1,0,0,0,0,0,12.37931,51.326376
13,23,7,31,15,2,3,5,3,0,0,1,1,0,0,0,0,12.389899,51.346561
13,23,8,1,0,3,2,0,7,2,1,1,0,0,0,0,0,12.373673,51.332753
13,23,8,1,13,3,2,0,1,0,1,1,0,0,0,0,0,12.37108,51.344028
13,23,8,1,15,3,3,3,6,0,0,1,0,0,0,0,0,12.370852,51.344102
13,23,8,2,5,4,3,5,3,1,0,1,0,0,0,0,1,12.445647,51.347309
13,23,8,2,7,4,2,3,2,0,0,1,1,0,0,0,0,12.342507,51.338528
13,23,8,2,12,4,3,5,3,0,0,1,1,0,0,0,0,12.399502,51.33929
13,23,8,2,16,4,3,5,2,0,1,1,1,0,0,0,0,12.447132,51.350266
13,23,8,4,7,6,3,5,3,0,1,1,1,0,0,0,0,12.271309,51.303232
13,23,8,4,15,6,3,1,5,0,0,1,0,0,0,0,1,12.37397,51.343111
13,23,8,5,10,7,3,0,1,0,0,1,0,0,0,0,0,12.327364,51.304712
13,23,8,6,19,1,3,5,3,0,0,1,1,0,0,0,0,12.38316,51.343623
13,23,8,6,20,1,2,0,1,2,1,1,0,0,0,0,0,12.392143,51.338832
13,23,8,7,9,2,3,5,3,0,0,1,1,0,0,0,0,12.480816,51.33285
13,23,8,8,17,3,3,3,2,0,0,1,0,0,0,0,1,12.368893,51.32125
13,23,8,9,11,4,3,1,7,0,0,1,1,0,0,0,0,12.385058,51.339018
13,23,8,9,11,4,2,6,4,0,0,1,0,1,0,0,0,12.423543,51.350414
13,23,8,10,10,5,3,5,3,0,0,1,1,0,0,0,0,12.321079,51.302933
13,23,8,10,10,5,3,3,2,0,0,1,1,0,0,0,0,12.407978,51.318052
13,23,8,10,11,5,3,5,2,0,0,1,1,0,0,0,0,12.371369,51.346278
13,23,8,10,11,5,2,3,5,0,0,1,1,0,0,0,0,12.41539,51.323939
13,23,8,10,16,5,3,3,6,0,0,1,0,0,0,0,0,12.378604,51.358826
13,23,8,10,18,5,3,1,5,0,0,1,1,0,0,0,0,12.481708,51.323078
13,23,8,11,10,6,3,0,1,0,0,1,0,0,0,0,0,12.324453,51.328916
13,23,8,11,12,6,3,1,3,0,0,1,1,0,0,0,0,12.302976,51.356573
13,23,8,11,12,6,3,1,5,0,0,1,1,0,0,0,0,12.377354,51.372156
13,23,8,11,12,6,3,5,3,0,0,1,1,0,0,0,0,12.422133,51.319624
13,23,8,11,16,6,3,5,2,0,0,1,1,0,0,0,0,12.36914,51.320941
13,23,8,12,0,7,3,4,6,2,0,1,0,0,0,0,0,12.36521,51.320985
13,23,8,12,14,7,3,0,1,0,0,1,0,0,0,0,0,12.378859,51.34577
13,23,8,12,19,7,3,1,5,0,1,1,1,0,0,0,0,12.43229,51.374992
13,23,8,14,8,2,3,5,3,0,0,1,1,0,0,0,0,12.336348,51.319066
13,23,8,14,11,2,3,5,3,0,0,1,1,0,0,0,0,12.371161,51.336493
13,23,8,14,16,2,3,5,2,0,0,1,1,0,0,0,0,12.479173,51.342786
13,23,8,14,17,2,3,2,6,0,0,1,1,0,0,0,0,12.358658,51.343205
13,23,8,15,17,3,3,3,6,0,1,1,0,0,0,0,0,12.405675,51.345543
13,23,8,15,23,3,3,5,3,2,0,1,1,0,0,0,0,12.372986,51.30139
13,23,8,16,16,4,3,5,3,0,0,1,1,0,0,0,0,12.309421,51.31528
13,23,8,16,16,4,3,1,5,0,0,1,1,0,0,0,0,12.39366,51.342209
13,23,8,17,8,5,3,0,1,0,1,1,0,0,0,0,0,12.360593,51.342235
13,23,8,17,11,5,3,3,6,0,1,1,0,0,0,1,0,12.357161,51.336208
13,23,8,17,16,5,3,5,3,0,0,1,1,0,0,0,0,12.439122,51.294849
13,23,8,17,17,5,3,0,7,0,0,1,0,1,0,0,0,12.478113,51.341404
13,23,8,18,8,6,3,5,3,0,1,1,1,0,0,0,0,12.358031,51.341869
13,23,8,18,14,6,3,6,4,0,0,1,0,1,0,0,0,12.380292,51.343013
13,23,8,19,15,7,3,5,3,0,0,1,0,0,0,0,0,12.358972,51.356907
13,23,8,19,19,7,3,5,2,1,0,1,1,0,0,0,0,12.333374,51.331299
13,23,8,19,19,7,3,1,5,1,0,1,1,0,0,0,0,12.37366,51.330842
13,23,8,20,22,1,3,0,1,2,0,1,0,0,0,0,0,12.46454,51.305702
13,23,8,21,7,2,3,4,6,0,0,1,0,0,0,0,0,12.357012,51.320487
13,23,8,21,7,2,3,0,7,0,0,1,0,0,0,1,0,12.363666,51.357102
13,23,8,21,8,2,3,3,6,0,0,1,1,0,0,0,0,12.373712,51.33134
13,23,8,21,8,2,3,1,5,0,0,1,1,0,0,0,0,12.374517,51.366925
13,23,8,21,11,2,2,6,4,0,0,1,0,1,0,0,0,12.396216,51.309589
13,23,8,21,13,2,3,3,2,0,0,1,1,0,0,0,0,12.38065,51.306544
13,23,8,21,16,2,3,2,6,0,0,1,1,0,1,0,0,12.413924,51.314855
13,23,8,21,18,2,3,5,3,0,0,1,1,0,0,0,0,12.474795,51.33812
13,23,8,22,10,3,3,5,3,0,0,1,1,0,0,0,0,12.394591,51.314529
13,23,8,22,11,3,3,2,6,0,0,1,0,0,0,0,0,12.373399,51.352536
13,23,8,22,15,3,3,5,3,0,0,1,1,0,0,0,0,12.367551,51.320964
13,23,8,22,16,3,3,3,2,0,0,1,1,0,0,0,0,12.385484,51.37614
13,23,8,22,21,3,3,5,3,2,0,1,0,0,0,0,1,12.405371,51.319927
13,23,8,23,8,4,3,5,3,0,0,1,1,0,0,0,0,12.432531,51.379564
13,23,8,23,10,4,3,0,1,0,0,1,0,0,0,0,0,12.375032,51.309212
13,23,8,23,13,4,2,1,5,0,0,1,1,0,0,0,0,12.374331,51.349844
13,23,8,23,14,4,3,6,6,0,0,1,0,1,0,0,0,12.357304,51.336283
13,23,8,23,17,4,3,5,2,0,0,1,1,0,0,0,0,12.406004,51.335936
13,23,8,24,9,5,3,1,5,0,0,1,1,0,0,0,0,12.403013,51.339963
13,23,8,24,15,5,3,5,3,0,0,1,1,0,0,0,0,12.411153,51.317695
13,23,8,24,15,5,2,3,6,0,0,1,1,0,0,0,0,12.441505,51.380606
13,23,8,24,16,5,3,5,3,0,0,1,1,0,0,0,0,12.378297,51.375843
13,23,8,24,21,5,3,0,3,1,0,1,1,0,0,0,0,12.32179,51.328845
13,23,8,25,15,6,3,2,2,0,0,1,1,0,0,0,0,12.395308,51.33216
13,23,8,25,16,6,2,3,2,0,0,1,1,0,0,0,0,12.390466,51.34698
13,23,8,25,17,6,3,5,3,0,0,1,1,0,0,0,0,12.281158,51.383417
13,23,8,25,17,6,3,5,3,0,0,1,1,0,0,0,0,12.385454,51.376213
13,23,8,25,23,6,2,0,1,2,1,1,0,0,0,0,0,12.280465,51.360946
13,23,8,28,12,2,3,0,1,0,0,1,0,0,0,0,0,12.371158,51.347201
13,23,8,28,18,2,3,5,7,0,0,1,1,0,0,0,0,12.27075,51.310393
13,23,8,29,4,3,3,5,3,2,1,1,1,0,0,0,0,12.361587,51.363318
13,23,8,29,7,3,3,1,5,0,1,1,1,0,0,0,0,12.380025,51.306295
13,23,8,29,7,3,3,5,3,0,1,1,1,0,0,0,0,12.395375,51.332116
13,23,8,29,9,3,3,5,3,0,1,1,0,0,0,0,1,12.365669,51.321017
13,23,8,29,13,3,3,5,2,0,0,1,1,0,0,0,0,12.35768,51.341811
13,23,8,29,14,3,3,3,2,0,0,1,1,0,0,0,0,12.36967,51.324524
13,23,8,29,17,3,3,1,5,0,0,1,1,0,0,0,0,12.403964,51.345637
13,23,8,30,7,4,3,5,3,0,0,1,1,0,0,0,0,12.385088,51.342744
13,23,8,31,9,5,3,5,2,0,0,1,1,0,0,0,0,12.377577,51.348826
13,23,8,31,19,5,3,5,7,0,0,1,1,0,0,0,0,12.373915,51.363404
13,23,9,1,5,6,3,5,3,1,0,1,0,0,0,0,0,12.465577,51.312665
13,23,9,1,11,6,3,1,3,0,0,1,1,0,0,0,0,12.305723,51.326043
13,23,9,1,22,6,3,4,6,2,1,1,0,0,0,0,0,12.314968,51.358434
13,23,9,2,12,7,3,5,3,0,0,1,1,0,0,0,0,12.377661,51.373324
13,23,9,3,12,1,2,5,3,0,0,1,1,0,0,0,0,12.394295,51.346152
13,23,9,3,19,1,3,5,3,0,0,1,1,0,0,0,0,12.42528,51.304884
13,23,9,4,7,2,3,5,3,0,0,1,0,0,0,0,0,12.375879,51.358472
13,23,9,4,7,2,2,0,1,0,0,1,0,0,0,0,0,12.402079,51.327688
13,23,9,4,8,2,3,5,3,0,0,1,1,0,0,0,0,12.373663,51.332857
13,23,9,4,13,2,2,5,2,0,0,1,1,0,0,0,0,12.309327,51.349844
13,23,9,4,19,2,3,1,5,1,0,1,1,0,0,0,0,12.385688,51.341169
13,23,9,4,21,2,3,5,3,2,0,1,0,0,0,0,0,12.328799,51.319215
13,23,9,5,0,3,3,1,1,2,0,1,1,0,0,0,0,12.407632,51.326244
13,23,9,5,5,3,3,3,5,2,0,1,1,0,0,0,0,12.291956,51.400263
13,23,9,5,7,3,3,4,2,0,0,1,1,0,0,0,0,12.372693,51.353647
13,23,9,5,22,3,3,6,4,2,0,1,0,1,0,0,0,12.373685,51.332583
13,23,9,6,8,4,3,1,2,0,0,1,1,0,0,0,0,12.339063,51.335331
13,23,9,6,13,4,3,5,2,0,0,1,1,0,0,0,0,12.368254,51.314658
13,23,9,6,16,4,3,5,3,0,0,1,1,0,0,0,0,12.367516,51.320956
13,23,9,6,17,4,3,5,2,0,0,1,1,0,0,0,0,12.38067,51.331008
13,23,9,7,7,5,3,3,2,0,0,1,1,0,0,0,0,12.357975,51.37947
13,23,9,7,7,5,3,3,2,0,0,1,0,0,0,0,1,12.392635,51.334146
13,23,9,7,7,5,3,3,6,0,0,1,1,0,0,0,0,12.441089,51.333428
13,23,9,7,23,5,2,8,1,2,0,1,1,0,0,0,0,12.470117,51.361351
13,23,9,8,10,6,3,5,3,0,0,1,1,0,0,0,0,12.399428,51.376405
13,23,9,8,11,6,3,5,3,0,0,1,0,0,0,0,1,12.432556,51.365698
13,23,9,8,13,6,3,5,2,0,0,1,1,0,0,0,0,12.385385,51.365731
13,23,9,8,15,6,3,5,2,0,0,1,1,0,0,0,0,12.404136,51.363652
13,23,9,8,15,6,3,3,6,0,0,1,1,0,0,0,0,12.40932,51.366895
13,23,9,8,16,6,3,5,3,0,0,1,1,0,0,0,0,12.448386,51.383039
13,23,9,8,17,6,3,5,3,0,0,1,0,0,0,0,1,12.373279,51.316599
13,23,9,8,20,6,3,1,5,2,0,1,1,0,0,0,0,12.376094,51.358097
13,23,9,9,8,7,3,3,6,0,0,1,1,0,0,0,0,12.449596,51.345572
13,23,9,9,14,7,3,6,4,0,0,1,0,1,0,0,0,12.351912,51.33357
13,23,9,9,18,7,3,5,3,0,0,1,0,0,1,0,0,12.378296,51.375843
13,23,9,9,19,7,3,0,1,0,0,1,0,0,0,0,0,12.429625,51.286231
13,23,9,9,20,7,3,0,7,2,1,1,0,0,0,0,0,12.397418,51.330431
13,23,9,10,14,1,3,5,3,0,0,1,1,0,0,0,0,12.392579,51.333898
13,23,9,10,15,1,3,5,3,0,0,1,1,0,0,0,0,12.38538,51.343556
13,23,9,10,20,1,2,0,7,2,0,1,0,0,0,0,0,12.376959,51.333083
13,23,9,11,6,2,3,5,2,0,0,1,1,0,0,0,0,12.313758,51.300789
13,23,9,11,12,2,3,2,6,0,0,1,1,0,0,0,0,12.40384,51.338469
13,23,9,11,17,2,3,0,6,0,0,1,0,0,0,0,1,12.462227,51.351314
13,23,9,12,7,3,3,0,3,0,0,1,1,0,0,0,0,12.37337,51.352423
13,23,9,12,7,3,3,0,1,0,0,1,0,0,0,0,0,12.392228,51.288573
13,23,9,12,8,3,3,0,5,0,0,1,1,0,0,0,0,12.319082,51.354402
13,23,9,12,17,3,3,0,1,0,0,1,0,0,0,0,0,12.343061,51.35083
13,23,9,13,9,4,3,3,6,0,0,1,1,0,0,0,0,12.402585,51.338908
13,23,9,13,19,4,3,5,3,1,1,1,1,0,0,0,0,12.336186,51.332052
13,23,9,13,22,4,3,0,3,2,1,1,1,0,0,0,0,12.324881,51.340886
13,23,9,14,8,5,3,6,4,0,0,1,0,1,0,0,0,12.376724,51.356499
13,23,9,14,8,5,3,5,3,0,0,1,1,0,0,0,0,12.396204,51.308911
13,23,9,14,16,5,3,1,5,0,0,1,1,0,0,0,0,12.293786,51.359079
13,23,9,14,17,5,3,3,2,0,0,1,1,0,0,0,0,12.359206,51.334491
13,23,9,15,13,6,3,3,2,0,0,1,1,0,0,0,0,12.357689,51.341791
13,23,9,15,13,6,3,3,6,0,0,1,1,0,0,0,0,12.373696,51.326113
13,23,9,15,14,6,3,5,2,0,0,1,1,0,0,0,0,12.394302,51.336809
13,23,9,15,19,6,3,1,5,1,0,1,1,0,0,0,0,12.3735,51.328085
13,23,9,16,16,7,3,5,3,0,0,1,1,0,0,0,0,12.378608,51.349187
13,23,9,16,16,7,3,5,3,0,0,1,1,0,0,0,0,12.475381,51.345626
13,23,9,17,16,1,3,0,7,0,0,1,0,0,0,0,0,12.308902,51.328215
13,23,9,17,18,1,3,0,1,0,0,1,0,0,0,0,0,12.338616,51.332371
13,23,9,17,20,1,3,0,1,2,0,1,0,0,0,0,0,12.369695,51.360365
13,23,9,18,14,2,3,5,3,0,1,1,1,0,0,0,0,12.3884,51.354155
13,23,9,18,18,2,3,5,3,0,0,1,1,0,0,0,0,12.463206,51.333891
13,23,9,18,19,2,3,0,1,0,1,1,0,0,0,0,0,12.379381,51.359417
13,23,9,19,7,3,3,5,3,0,0,1,1,0,0,0,0,12.488573,51.346493
13,23,9,19,13,3,3,1,5,0,0,1,1,0,0,0,0,12.369683,51.315899
13,23,9,19,14,3,3,5,3,0,0,1,1,0,0,0,0,12.373378,51.363067
13,23,9,19,15,3,2,2,7,0,0,1,0,0,0,0,1,12.359255,51.36193
13,23,9,20,10,4,3,4,2,0,0,1,0,0,1,0,0,12.371361,51.346277
13,23,9,20,19,4,3,5,3,1,0,1,1,0,0,0,0,12.458022,51.313448
13,23,9,21,19,5,2,3,2,2,0,1,0,0,0,0,1,12.482008,51.346043
13,23,9,21,20,5,2,0,5,2,0,1,1,0,0,0,0,12.377733,51.328746
13,23,9,22,13,6,3,5,2,0,0,1,1,0,0,0,0,12.373496,51.329688
13,23,9,22,17,6,3,0,1,0,0,1,0,0,0,0,0,12.338852,51.332366
13,23,9,23,9,7,3,5,3,0,0,1,1,0,0,0,0,12.473951,51.316671
13,23,9,24,12,1,3,0,1,0,0,1,0,0,0,0,0,12.338907,51.332365
13,23,9,25,6,2,3,5,3,2,0,1,1,0,0,0,0,12.362791,51.314257
13,23,9,25,7,2,3,5,3,0,0,1,1,0,0,0,0,12.368204,51.334764
13,23,9,25,16,2,3,5,3,0,0,1,0,0,1,0,0,12.319835,51.320417
13,23,9,26,14,3,3,4,6,0,0,1,0,0,0,0,0,12.38413,51.338181
13,23,9,26,20,3,3,5,3,2,0,1,0,0,1,0,0,12.341578,51.327822
13,23,9,27,7,4,3,5,3,0,0,1,1,0,0,0,0,12.365066,51.376148