UKREIS,UJAHR,UMONAT,UTAG,USTUNDE,UWOCHENTAG,UKATEGORIE,UART,UTYP,LICHT,USTRZUSTAND,IstRad,IstPKW,IstFuss,IstKrad,IstGkfz,IstSonstige,@lon,@lat
13,23,9,28,17,5,3,3,2,0,0,1,1,0,0,0,0,12.39635,51.310237
13,23,9,28,18,5,3,0,1,0,0,1,0,0,0,0,0,12.337167,51.329792
13,23,9,29,4,6,3,0,1,2,0,1,0,0,0,0,0,12.297045,51.413262
13,23,9,29,7,6,3,5,2,0,0,1,1,0,0,0,0,12.323021,51.302605
13,23,9,29,12,6,3,6,4,0,0,1,0,1,0,0,0,12.368695,51.361828
13,23,9,29,20,6,2,9,1,2,0,1,0,0,0,0,0,12.474991,51.338102
13,23,9,30,0,7,3,0,1,2,0,1,0,0,0,0,0,12.325696,51.313236
13,23,9,30,17,7,3,5,3,0,0,1,0,0,0,0,0,12.394235,51.346158
13,23,9,30,19,7,2,5,3,1,0,1,1,0,0,0,0,12.3806,51.42145
13,23,10,2,8,2,3,0,6,0,0,1,0,0,0,0,0,12.383073,51.342529
13,23,10,2,9,2,3,3,2,0,0,1,1,0,0,0,0,12.38167,51.331775
13,23,10,2,12,2,3,5,3,0,0,1,1,0,0,0,0,12.370726,51.355252
13,23,10,2,13,2,3,5,2,0,0,1,0,0,0,0,1,12.33336,51.331296
13,23,10,2,16,2,2,5,2,0,0,1,1,0,0,0,0,12.427337,51.294866
13,23,10,3,14,3,3,5,3,0,0,1,1,0,0,0,0,12.344692,51.339466
13,23,10,3,21,3,2,0,1,2,1,1,0,0,0,0,0,12.405943,51.34556
13,23,10,4,16,4,3,4,6,0,0,1,0,0,0,0,0,12.473286,51.351379
13,23,10,4,17,4,3,5,7,0,0,1,0,0,0,0,0,12.375118,51.340906
13,23,10,4,18,4,3,3,2,1,0,1,0,0,1,0,0,12.425511,51.343585
13,23,10,5,13,5,3,5,2,0,0,1,1,0,0,0,0,12.381607,51.331761
13,23,10,6,7,6,2,5,2,0,0,1,1,0,0,0,0,12.409091,51.34073
13,23,10,6,12,6,3,5,3,0,0,1,1,0,0,0,0,12.370902,51.336333
13,23,10,6,15,6,3,6,6,0,0,1,0,1,0,0,0,12.378602,51.34492
13,23,10,7,15,7,3,5,3,0,0,1,1,0,0,0,0,12.308022,51.332007
13,23,10,7,17,7,3,5,3,0,0,1,1,0,0,0,0,12.376791,51.320515
13,23,10,8,5,1,3,5,3,2,1,1,1,0,0,0,0,12.353484,51.341169
13,23,10,9,14,2,3,3,5,0,1,1,1,0,0,0,0,12.375953,51.308771
13,23,10,10,6,3,3,3,3,1,1,1,1,0,0,0,0,12.39389,51.351276
13,23,10,10,12,3,3,5,3,0,0,1,1,0,0,0,0,12.34489,51.339194
13,23,10,11,8,4,3,1,5,0,0,1,1,0,0,0,0,12.38802,51.333922
13,23,10,11,12,4,3,3,2,0,0,1,1,0,0,0,0,12.357714,51.341816
13,23,10,11,12,4,3,5,2,0,0,1,1,0,0,0,0,12.373501,51.317732
13,23,10,11,13,4,3,4,1,0,0,1,1,0,0,0,0,12.305118,51.341948
13,23,10,11,16,4,2,4,6,0,0,1,0,0,0,0,0,12.433798,51.344385
13,23,10,11,18,4,3,5,2,2,0,1,1,0,0,0,0,12.31318,51.329656
13,23,10,12,8,5,3,4,3,1,1,1,1,0,0,0,0,12.277897,51.319067
13,23,10,12,10,5,3,0,1,0,1,1,0,0,0,0,0,12.332786,51.319685
13,23,10,12,12,5,3,1,1,0,1,1,1,0,0,0,0,12.373275,51.309849
13,23,10,12,16,5,2,5,3,0,1,1,1,0,0,0,0,12.439157,51.294824
13,23,10,13,17,6,3,3,5,0,0,1,1,0,0,0,0,12.373047,51.30945
13,23,10,13,18,6,3,5,3,1,0,1,0,0,0,0,0,12.371059,51.344001
13,23,10,14,15,7,3,6,6,0,0,1,0,1,0,0,0,12.328006,51.366741
13,23,10,14,22,7,2,5,3,2,0,1,1,0,0,0,0,12.399675,51.352269
13,23,10,16,6,2,3,4,6,0,0,1,0,0,0,0,0,12.335434,51.361222
13,23,10,16,8,2,3,6,6,0,0,1,0,1,0,0,0,12.38525,51.338318
13,23,10,16,11,2,3,3,6,0,0,1,1,0,0,0,0,12.362918,51.333625
13,23,10,16,13,2,3,5,3,0,0,1,1,0,0,0,0,12.368741,51.31253
13,23,10,16,14,2,3,5,3,0,0,1,1,0,0,0,0,12.463203,51.333905
13,23,10,17,8,3,3,3,5,0,0,1,0,0,0,0,1,12.328952,51.340351
13,23,10,17,8,3,3,3,6,0,0,1,1,0,0,0,0,12.340563,51.332326
13,23,10,17,10,3,2,0,1,0,0,1,0,0,0,0,0,12.370951,51.334033
13,23,10,17,15,3,3,1,5,0,0,1,1,0,0,0,0,12.377647,51.328445
13,23,10,17,15,3,3,5,3,0,0,1,1,0,0,0,0,12.393551,51.299146
13,23,10,17,18,3,2,5,2,1,0,1,1,0,0,0,0,12.461229,51.367362
13,23,10,18,14,4,2,3,6,0,0,1,0,0,0,0,1,12.518848,51.313741
13,23,10,18,16,4,3,5,3,0,0,1,1,0,0,0,0,12.338359,51.396574
13,23,10,18,19,4,3,3,2,1,0,1,0,0,0,0,1,12.369352,51.34416
13,23,10,19,7,5,3,5,3,1,1,1,0,0,0,0,1,12.369463,51.342434
13,23,10,19,11,5,3,5,3,0,1,1,0,0,0,1,0,12.40598,51.342087
13,23,10,20,7,6,3,5,3,1,1,1,1,0,0,0,0,12.417481,51.316068
13,23,10,20,7,6,3,1,6,1,1,1,1,0,0,0,0,12.468287,51.278167
13,23,10,21,10,7,3,0,1,0,1,1,0,0,0,0,0,12.333395,51.337975
13,23,10,21,13,7,2,5,2,0,0,1,1,0,0,0,0,12.342575,51.321619
13,23,10,21,21,7,3,3,2,2,0,1,0,0,0,0,0,12.336556,51.328816
13,23,10,23,15,2,3,5,3,0,0,1,1,0,0,0,0,12.361071,51.360551
13,23,10,23,15,2,3,3,6,0,0,1,0,0,1,0,0,12.373734,51.305515
13,23,10,23,20,2,3,0,1,2,0,1,0,0,0,0,0,12.396979,51.33918
13,23,10,24,8,3,3,3,2,0,1,1,1,0,0,0,0,12.33298,51.336049
13,23,10,24,13,3,3,4,2,0,1,1,1,0,0,0,0,12.390857,51.33867
13,23,10,24,16,3,2,5,3,1,1,1,1,0,0,0,0,12.359194,51.34144
13,23,10,24,16,3,3,5,3,1,1,1,0,0,0,0,0,12.373649,51.333009
13,23,10,24,19,3,3,2,2,2,1,1,1,0,0,0,0,12.305366,51.314737
13,23,10,25,7,4,3,5,3,0,1,1,1,0,0,0,0,12.360816,51.344726
13,23,10,25,7,4,3,5,3,0,1,1,0,0,0,0,0,12.387945,51.353412
13,23,10,25,7,4,3,2,6,0,1,1,1,0,0,0,1,12.417239,51.359295
13,23,10,25,9,4,3,1,5,0,0,1,1,0,0,0,0,12.387247,51.332126
13,23,10,25,9,4,3,3,3,0,0,1,1,0,0,0,0,12.389835,51.34456
13,23,10,25,14,4,3,1,5,0,0,1,1,0,0,0,0,12.35998,51.343495
13,23,10,25,14,4,3,2,6,0,0,1,1,0,0,0,0,12.360251,51.343555
13,23,10,25,14,4,3,2,6,0,0,1,1,0,0,0,0,12.371358,51.346159
13,23,10,25,17,4,3,0,2,2,1,1,1,0,0,0,0,12.439483,51.350827
13,23,10,25,18,4,3,5,2,2,1,1,1,0,0,0,0,12.325644,51.312115
13,23,10,26,15,5,3,4,2,0,0,1,1,0,0,0,0,12.307322,51.355642
13,23,10,26,17,5,3,5,3,0,0,1,1,0,0,0,0,12.42172,51.322353
13,23,10,27,7,6,3,4,2,1,1,1,1,0,0,0,0,12.363328,51.342815
13,23,10,27,12,6,3,5,2,0,1,1,1,0,0,0,0,12.368667,51.318849
13,23,10,27,13,6,3,5,3,0,1,1,1,0,0,0,0,12.367781,51.34548
13,23,10,27,19,6,3,3,2,2,0,1,1,0,0,0,0,12.399818,51.319193
13,23,10,28,15,7,3,3,2,0,0,1,1,0,0,0,0,12.398253,51.330072
13,23,10,28,18,7,2,5,2,2,0,1,1,0,0,0,0,12.408254,51.340073
13,23,10,30,11,2,3,4,2,0,0,1,1,0,0,0,0,12.33849,51.335377
13,23,10,31,10,3,3,1,5,0,1,1,1,0,0,0,0,12.344281,51.324887
13,23,11,1,12,4,3,5,3,0,0,1,1,0,0,0,0,12.275512,51.322562
13,23,11,1,12,4,3,6,4,0,0,1,0,1,0,0,0,12.3653,51.343348
13,23,11,2,6,5,3,5,3,0,0,1,1,0,0,0,0,12.433435,51.390368
13,23,11,2,11,5,3,0,1,0,0,1,0,0,0,0,0,12.349383,51.386015
13,23,11,2,12,5,3,5,3,0,0,1,1,0,0,0,0,12.368727,51.345763
13,23,11,2,13,5,3,5,2,0,0,1,0,0,0,0,0,12.368299,51.31466
13,23,11,2,17,5,3,1,5,1,0,1,1,0,0,0,0,12.376727,51.324193
13,23,11,2,18,5,3,0,6,2,1,1,0,0,1,0,0,12.325875,51.307085
13,23,11,3,8,6,3,4,6,0,0,1,0,0,0,0,0,12.371589,51.344958
13,23,11,3,14,6,3,4,6,0,0,1,1,0,0,0,0,12.337913,51.328464
13,23,11,5,11,1,3,3,2,0,0,1,0,0,1,0,0,12.268241,51.307906
13,23,11,6,13,2,3,5,3,0,0,1,1,0,0,0,0,12.405948,51.345594
13,23,11,6,14,2,3,6,4,0,0,1,0,1,0,0,0,12.391639,51.351655
13,23,11,7,14,3,3,5,3,0,0,1,1,0,0,0,0,12.323872,51.320391
13,23,11,7,17,3,3,3,2,1,0,1,1,0,0,0,0,12.436088,51.326239
13,23,11,7,19,3,3,6,4,2,0,1,0,1,0,0,0,12.371606,51.314846
13,23,11,8,7,4,3,5,3,0,0,1,1,0,0,0,0,12.364174,51.344474
13,23,11,8,11,4,2,3,6,0,0,1,0,0,0,0,1,12.373887,51.302911
13,23,11,8,11,4,2,4,6,0,0,1,0,0,0,0,0,12.516982,51.340368
13,23,11,8,14,4,3,5,3,0,0,1,1,0,0,0,0,12.345693,51.330035
13,23,11,8,22,4,3,5,3,2,0,1,1,0,0,0,0,12.376997,51.344504
13,23,11,9,18,5,2,5,3,2,0,1,1,0,0,0,0,12.394654,51.410233
13,23,11,10,7,6,3,3,2,0,0,1,1,0,0,0,0,12.376216,51.348317
13,23,11,10,11,6,3,5,3,0,1,1,1,0,0,0,0,12.368625,51.334761
13,23,11,10,18,6,2,0,1,2,0,1,0,0,0,0,0,12.368528,51.315166
13,23,11,12,16,1,3,5,2,2,0,1,1,0,0,0,0,12.333009,51.33605
13,23,11,12,18,1,3,5,3,2,0,1,1,0,0,0,0,12.387794,51.293454
13,23,11,13,13,2,2,5,3,0,1,1,1,0,0,0,0,12.361115,51.358939
13,23,11,15,8,4,3,1,5,0,1,1,0,0,0,1,0,12.392597,51.381391
13,23,11,15,9,4,3,1,7,0,0,1,1,0,0,0,0,12.373851,51.343122
13,23,11,15,10,4,3,5,3,0,1,1,1,0,0,0,0,12.263063,51.344599
13,23,11,15,13,4,3,1,5,0,1,1,1,0,0,0,0,12.362882,51.340844
13,23,11,15,14,4,3,5,3,0,1,1,1,0,0,0,0,12.393135,51.33696
13,23,11,19,14,1,3,0,5,0,1,1,1,0,0,0,0,12.386602,51.363123
13,23,11,20,13,2,3,5,3,0,1,1,1,0,0,0,0,12.382084,51.332583
13,23,11,20,15,2,3,5,3,0,0,1,1,0,0,0,0,12.465829,51.312542
13,23,11,20,16,2,3,5,3,0,1,1,0,0,0,0,0,12.368445,51.334962
13,23,11,20,17,2,3,5,3,2,0,1,1,0,0,0,0,12.387292,51.332467
13,23,11,21,6,3,3,4,2,1,1,1,1,0,0,0,0,12.413276,51.359414
13,23,11,21,8,3,3,0,1,0,1,1,0,0,0,0,0,12.313039,51.286467
13,23,11,21,17,3,3,3,2,1,1,1,1,0,0,0,0,12.353529,51.341179
13,23,11,23,13,5,3,5,2,0,0,1,1,0,0,0,0,12.400605,51.323993
13,23,11,23,14,5,3,5,2,0,0,1,0,0,0,0,1,12.373731,51.33117
13,23,11,23,15,5,3,5,2,0,0,1,1,0,0,0,0,12.447715,51.345807
13,23,11,23,16,5,3,3,2,2,0,1,1,0,0,0,0,12.371128,51.347354
13,23,11,24,10,6,3,1,7,0,1,1,1,0,0,0,0,12.341604,51.318544
13,23,11,24,14,6,3,1,3,0,1,1,1,0,0,0,0,12.385844,51.327689
13,23,11,24,15,6,2,2,6,0,1,1,1,0,0,0,0,12.419683,51.361078
13,23,11,25,16,7,2,0,7,1,1,1,0,0,0,0,0,12.375055,51.335411
13,23,11,27,8,2,3,5,2,0,1,1,1,0,0,0,0,12.308306,51.27402
13,23,11,28,9,3,3,1,5,0,1,1,1,0,0,0,0,12.391057,51.30125
13,23,11,28,13,3,2,5,3,0,1,1,1,0,0,0,0,12.361307,51.343787
13,23,11,28,16,3,3,5,2,2,1,1,1,0,0,0,0,12.325989,51.315472
13,23,11,29,6,4,3,5,3,1,2,1,0,0,0,0,1,12.392781,51.333938
13,23,11,29,8,4,3,5,2,0,2,1,1,0,0,0,0,12.381018,51.330855
13,23,11,30,21,5,2,5,3,2,2,1,0,0,0,0,1,12.382809,51.341062
13,23,12,4,16,2,3,5,2,2,2,1,0,0,0,0,1,12.336186,51.332052
13,23,12,5,5,3,3,5,3,2,1,1,1,0,0,0,0,12.392501,51.287424
13,23,12,6,19,4,3,5,2,2,1,1,1,0,0,0,0,12.33201,51.322428
13,23,12,8,2,6,2,1,5,2,0,1,1,0,0,0,0,12.404614,51.345601
13,23,12,8,9,6,3,0,5,0,0,1,1,0,0,0,0,12.32913,51.336899
13,23,12,8,13,6,3,0,1,0,1,1,0,0,0,0,0,12.37855,51.323132
13,23,12,9,14,7,3,5,3,0,0,1,1,0,0,0,0,12.39945,51.376403
13,23,12,9,14,7,3,5,3,0,0,1,1,0,0,0,0,12.406104,51.346828
13,23,12,9,21,7,2,5,3,2,1,1,1,0,0,0,0,12.391454,51.289472
13,23,12,10,21,1,3,5,3,2,0,1,1,0,0,0,0,12.405919,51.342995
13,23,12,11,7,2,3,5,2,0,0,1,1,0,0,0,0,12.378238,51.375845
13,23,12,11,11,2,3,5,2,0,0,1,1,0,0,0,0,12.302968,51.353154
13,23,12,11,23,2,3,0,1,2,0,1,0,0,0,0,0,12.382788,51.340477
13,23,12,12,11,3,3,8,1,0,1,1,0,0,0,0,0,12.37848,51.321088
13,23,12,12,15,3,3,5,3,0,0,1,1,0,0,0,0,12.40754,51.342814
13,23,12,13,7,4,3,5,2,1,1,1,1,0,0,0,0,12.373741,51.331778
13,23,12,13,7,4,3,5,3,1,1,1,1,0,0,0,0,12.479168,51.342772
13,23,12,13,13,4,3,4,2,0,1,1,1,0,0,0,0,12.365964,51.339917
13,23,12,13,16,4,3,0,2,2,0,1,1,0,0,0,0,12.494555,51.337205
13,23,12,14,6,5,3,1,5,2,1,1,1,0,0,0,0,12.333072,51.34057
13,23,12,14,13,5,3,5,3,0,1,1,1,0,0,0,0,12.40595,51.313915
13,23,12,14,15,5,3,5,3,0,1,1,1,0,0,0,0,12.405995,51.313925
13,23,12,14,16,5,3,0,6,1,1,1,1,0,0,0,0,12.373327,51.317032
13,23,12,14,18,5,3,3,2,2,1,1,0,0,1,0,0,12.37318,51.362939
13,23,12,15,6,6,3,1,1,2,2,1,1,0,0,0,0,12.302664,51.353488
13,23,12,15,8,6,3,0,1,0,2,1,0,0,0,0,0,12.266737,51.317796
13,23,12,15,19,6,3,0,5,1,0,1,1,0,0,0,0,12.39938,51.345882
13,23,12,16,13,7,3,6,4,0,0,1,0,1,0,0,0,12.373699,51.32428
13,23,12,18,6,2,3,5,2,2,0,1,1,0,0,0,0,12.349864,51.366103
13,23,12,18,7,2,3,5,3,1,0,1,1,0,0,0,0,12.382132,51.326046
13,23,12,18,7,2,3,5,2,1,0,1,1,0,0,0,0,12.395335,51.332143
13,23,12,18,17,2,3,5,2,1,0,1,1,0,0,0,0,12.376937,51.343736
13,23,12,18,17,2,3,0,7,2,0,1,1,0,0,0,0,12.380878,51.341876
13,23,12,20,4,4,3,5,3,2,1,1,1,0,0,0,0,12.389874,51.346561
13,23,12,20,8,4,3,1,5,0,0,1,1,0,0,0,0,12.367286,51.341198
13,23,12,20,19,4,3,1,5,2,1,1,1,0,0,0,0,12.377985,51.329624
13,23,12,21,7,5,3,2,6,2,0,1,1,0,0,0,0,12.303251,51.314492
13,23,12,21,7,5,3,3,2,0,0,1,1,0,0,0,0,12.381993,51.332623
13,23,12,21,8,5,3,5,3,1,1,1,1,0,0,0,0,12.367795,51.345471
13,23,12,21,9,5,3,1,5,0,1,1,1,0,0,0,0,12.363886,51.340381
13,23,12,21,10,5,3,1,1,0,1,1,1,0,0,0,0,12.336757,51.329135
13,23,12,21,18,5,3,5,2,2,1,1,1,0,0,0,0,12.376522,51.353187
13,23,12,22,7,6,3,0,7,2,1,1,0,0,0,0,0,12.393485,51.344592
13,23,12,22,17,6,3,5,3,2,1,1,1,0,0,0,0,12.364751,51.334226
13,23,12,26,0,3,3,1,1,2,1,1,1,0,0,0,0,12.390156,51.331101
13,23,12,27,15,4,3,3,2,0,0,1,1,0,0,0,0,12.369337,51.344157
13,23,12,31,14,1,3,0,1,0,0,1,0,0,0,0,0,12.36953,51.396631
13,24,1,1,0,2,3,0,1,2,0,1,0,0,0,0,0,12.315512,51.370911
13,24,1,2,8,3,3,1,5,1,1,1,1,0,0,0,0,12.369131,51.356713
13,24,1,2,18,3,3,5,3,2,1,1,1,0,0,0,0,12.405992,51.313915
13,24,1,3,17,4,3,1,6,2,0,1,1,0,0,0,0,12.373782,51.324216
13,24,1,3,18,4,2,5,2,2,0,1,1,0,0,0,0,12.392162,51.338835
13,24,1,4,4,5,3,0,1,2,1,1,0,0,0,0,0,12.377156,51.333197
13,24,1,4,10,5,3,1,5,0,1,1,1,0,0,0,0,12.362829,51.333546
13,24,1,4,10,5,3,0,1,0,1,1,0,0,0,0,0,12.379638,51.327585
13,24,1,4,13,5,3,2,6,0,0,1,1,0,0,0,0,12.359046,51.387202
13,24,1,6,9,7,3,4,2,0,0,1,1,0,0,0,0,12.460857,51.36723
13,24,1,7,10,1,3,1,5,0,0,1,1,0,0,0,0,12.373456,51.315979
13,24,1,8,6,2,3,4,2,2,0,1,1,0,0,0,0,12.520416,51.31678
13,24,1,9,15,3,3,5,2,0,0,1,1,0,0,0,0,12.337718,51.33538
13,24,1,10,5,4,3,4,6,2,0,1,0,0,0,0,0,12.455622,51.365345
13,24,1,10,16,4,3,6,1,1,0,1,0,1,0,0,0,12.370933,51.336636
13,24,1,11,8,5,3,4,2,0,0,1,1,0,0,0,0,12.356444,51.346932
13,24,1,11,17,5,3,5,2,2,0,1,1,0,0,0,0,12.333001,51.336015
13,24,1,11,20,5,3,0,1,2,1,1,0,0,0,0,0,12.325683,51.313166
13,24,1,12,10,6,3,0,1,0,2,1,0,0,0,0,0,12.411396,51.389204
13,24,1,12,15,6,3,0,1,0,2,1,0,0,0,0,0,12.32612,51.315719
13,24,1,16,2,3,3,0,1,2,1,1,0,0,0,0,0,12.281193,51.383406
13,24,1,16,5,3,3,5,3,2,1,1,0,0,0,0,1,12.315335,51.379953
13,24,1,16,7,3,3,5,3,2,1,1,1,0,0,0,0,12.34026,51.330361
13,24,1,16,9,3,2,0,1,0,2,1,0,0,0,0,0,12.355223,51.360973
13,24,1,16,10,3,3,4,2,0,2,1,1,0,0,0,0,12.40453,51.345605
13,24,1,16,15,3,2,1,6,0,0,1,0,0,0,0,1,12.37464,51.347865
13,24,1,18,10,5,3,0,1,0,2,1,0,0,0,0,0,12.283577,51.32567
13,24,1,18,11,5,3,2,6,0,2,1,1,0,0,0,0,12.390684,51.361866
13,24,1,18,17,5,3,5,3,2,2,1,1,0,0,0,0,12.345673,51.330024
13,24,1,19,7,6,3,5,3,0,2,1,1,0,0,0,0,12.4394,51.294649
13,24,1,19,16,6,3,0,1,1,2,1,0,0,0,0,0,12.371642,51.364777
13,24,1,19,21,6,3,5,3,2,2,1,1,0,0,0,0,12.387802,51.352897
13,24,1,21,17,1,3,1,1,1,2,1,1,0,0,0,0,12.357545,51.344949
13,24,1,22,16,2,3,5,2,1,1,1,1,0,0,0,0,12.385386,51.340447
13,24,1,23,17,3,3,5,3,2,0,1,1,0,0,0,0,12.376929,51.343697
13,24,1,24,5,4,3,5,3,2,1,1,1,0,0,0,0,12.449421,51.345584
13,24,1,25,9,5,3,4,6,0,0,1,0,0,0,0,0,12.354438,51.34206
13,24,1,25,11,5,3,1,3,0,0,1,1,0,0,0,0,12.343932,51.351104
13,24,1,25,17,5,3,5,3,1,0,1,1,0,0,0,0,12.377143,51.333175
13,24,1,25,17,5,3,0,1,2,0,1,0,0,0,0,0,12.478116,51.341407
13,24,1,25,21,5,3,5,3,2,0,1,0,0,0,0,1,12.40665,51.380514
13,24,1,26,7,6,3,4,2,0,1,1,0,0,0,0,1,12.389341,51.291774
13,24,1,27,18,7,3,0,1,1,0,1,0,0,0,0,0,12.348195,51.339901
13,24,1,29,5,2,3,5,2,2,0,1,1,0,0,0,0,12.344972,51.375176
13,24,1,29,15,2,3,5,2,0,0,1,1,0,0,0,0,12.433452,51.390356
13,24,1,30,7,3,3,5,2,0,0,1,1,0,0,0,0,12.385154,51.33814
13,24,1,30,15,3,3,1,5,0,0,1,1,0,0,0,0,12.37019,51.362979
13,24,1,31,5,4,3,5,3,2,1,1,1,0,0,0,0,12.26313,51.344629
13,24,1,31,10,4,3,5,2,0,0,1,1,0,0,0,0,12.400604,51.323997
13,24,1,31,11,4,2,5,3,0,0,1,1,0,0,0,0,12.476915,51.339824
13,24,1,31,12,4,3,6,4,0,0,1,0,1,0,0,0,12.403952,51.321722
13,24,1,31,14,4,3,4,2,0,0,1,1,0,0,0,0,12.337695,51.33538
13,24,1,31,15,4,3,8,6,0,0,1,0,0,0,0,1,12.342487,51.338436
13,24,2,1,12,5,3,5,2,0,0,1,0,0,0,0,1,12.409085,51.340734
13,24,2,1,13,5,3,5,3,0,0,1,1,0,0,0,0,12.305527,51.351805
13,24,2,1,18,5,2,2,2,2,0,1,0,0,0,0,1,12.371293,51.329985
13,24,2,2,6,6,3,5,3,2,0,1,1,0,0,0,0,12.384858,51.37887
13,24,2,2,9,6,3,5,3,0,1,1,1,0,0,0,0,12.335523,51.321707
13,24,2,2,14,6,3,2,2,0,0,1,1,0,0,0,0,12.338982,51.332804
13,24,2,2,14,6,3,3,2,0,0,1,1,0,0,0,0,12.384924,51.338359
13,24,2,2,15,6,3,3,2,0,0,1,1,0,0,0,0,12.378223,51.358438
13,24,2,2,16,6,3,5,3,0,0,1,1,0,0,0,0,12.326621,51.32305
13,24,2,2,18,6,3,1,5,2,0,1,1,0,0,0,0,12.362795,51.36765
13,24,2,2,18,6,3,3,1,2,0,1,1,0,0,0,0,12.374498,51.33579
13,24,2,3,11,7,3,5,7,0,0,1,1,0,0,0,0,12.37001,51.343088
13,24,2,3,18,7,3,0,5,2,1,1,1,0,0,0,0,12.340524,51.319591
13,24,2,4,15,1,3,0,2,0,1,1,1,0,0,0,0,12.336319,51.335426
13,24,2,5,8,2,3,0,7,0,1,1,0,0,0,0,0,12.373668,51.332808
13,24,2,5,10,2,3,3,6,0,0,1,1,0,0,0,0,12.359344,51.35756
13,24,2,5,17,2,3,5,3,0,0,1,1,0,0,0,0,12.378749,51.366492
13,24,2,6,9,3,3,5,3,0,0,1,1,0,0,0,0,12.36825,51.346971
13,24,2,7,17,4,3,3,6,2,1,1,1,0,0,0,0,12.373746,51.331164
13,24,2,7,18,4,3,5,3,2,0,1,1,0,0,0,0,12.392111,51.346415
13,24,2,8,6,5,3,5,3,0,0,1,1,0,0,0,0,12.387294,51.309253
13,24,2,9,14,6,3,3,6,0,0,1,0,0,0,1,0,12.365607,51.339531
13,24,2,9,14,6,3,5,3,0,0,1,1,0,0,0,0,12.372212,51.331381
13,24,2,10,13,7,3,3,2,0,0,1,1,0,0,0,0,12.404674,51.320944
13,24,2,10,22,7,3,1,5,2,0,1,1,0,0,0,0,12.387998,51.361031
13,24,2,11,19,1,3,6,4,2,1,1,0,1,0,0,0,12.373593,51.327645
13,24,2,12,15,2,3,5,2,0,0,1,1,0,0,0,0,12.445119,51.34261
13,24,2,12,18,2,3,6,7,2,0,1,0,1,0,0,0,12.378009,51.332656
13,24,2,13,16,3,3,1,5,1,0,1,1,0,0,0,0,12.370349,51.355066
13,24,2,14,7,4,3,0,6,0,0,1,1,0,0,0,0,12.4034,51.326986
13,24,2,15,8,5,3,5,3,0,1,1,1,0,0,0,0,12.356279,51.37235
13,24,2,15,9,5,3,6,6,0,0,1,0,1,0,0,0,12.322019,51.332669
13,24,2,17,12,7,3,5,2,0,0,1,1,0,0,0,0,12.338057,51.369608
13,24,2,17,14,7,2,0,1,0,1,1,0,0,0,0,0,12.353931,51.350919
13,24,2,18,21,1,3,5,3,2,1,1,1,0,0,0,0,12.372283,51.349605
13,24,2,19,10,2,3,5,3,0,1,1,1,0,0,0,0,12.369141,51.320952
13,24,2,19,12,2,3,3,2,0,0,1,1,0,0,0,0,12.373711,51.331225
13,24,2,20,7,3,3,0,1,1,1,1,0,0,0,0,0,12.271483,51.380515
13,24,2,20,17,3,3,5,2,2,0,1,1,0,0,0,0,12.40841,51.370754
13,24,2,21,17,4,3,5,3,2,0,1,1,0,0,0,0,12.328021,51.32836
13,24,2,21,18,4,3,0,3,2,0,1,0,0,0,0,1,12.429777,51.374145
13,24,2,22,5,5,3,5,3,2,1,1,1,0,0,0,0,12.35844,51.3792
13,24,2,23,9,6,3,5,2,0,0,1,1,0,0,0,0,12.371293,51.337753
13,24,2,23,13,6,3,3,6,0,0,1,1,0,0,0,0,12.418449,51.317142
13,24,2,25,16,1,3,0,1,0,0,1,0,0,0,0,0,12.40634,51.350881
13,24,2,25,20,1,3,7,7,2,0,1,0,0,0,0,0,12.314468,51.36063
13,24,2,26,7,2,3,5,2,0,0,1,1,0,0,0,0,12.34252,51.321599
13,24,2,26,9,2,3,1,7,0,0,1,1,0,0,0,0,12.368366,51.315974
13,24,2,26,16,2,3,3,6,0,0,1,1,0,0,0,0,12.384088,51.336253
13,24,2,27,12,3,3,5,2,0,0,1,0,0,0,0,1,12.332997,51.336021
13,24,2,28,17,4,3,3,2,1,0,1,1,0,0,0,0,12.323759,51.37944
13,24,2,28,22,4,3,5,3,2,0,1,0,0,0,0,1,12.373653,51.305651
13,24,2,29,8,5,3,4,6,0,0,1,1,0,0,0,0,12.337287,51.376003
13,24,2,29,16,5,3,4,6,0,0,1,0,0,0,0,0,12.395945,51.384196
13,24,3,1,13,6,3,3,2,0,0,1,1,0,0,0,0,12.375206,51.364375
13,24,3,1,16,6,3,3,2,0,0,1,1,0,0,0,0,12.272818,51.324659
13,24,3,2,16,7,3,0,6,0,0,1,1,0,0,0,0,12.373163,51.367116
13,24,3,2,17,7,2,0,7,0,0,1,0,0,0,0,0,12.394584,51.31462
13,24,3,3,0,1,3,0,6,2,0,1,1,0,0,0,0,12.373616,51.321401
13,24,3,3,18,1,3,0,1,2,0,1,0,0,0,0,0,12.37414,51.303451
13,24,3,4,15,2,3,4,6,0,0,1,0,0,0,0,0,12.342884,51.338645
13,24,3,4,18,2,3,1,5,2,0,1,1,0,0,0,0,12.373709,51.331502
13,24,3,4,19,2,3,5,3,2,1,1,1,0,0,0,0,12.393422,51.286183
13,24,3,5,7,3,3,5,3,0,1,1,1,0,0,0,0,12.399458,51.319383
13,24,3,5,10,3,3,1,5,0,1,1,1,0,0,0,0,12.410022,51.375513