UKREIS,UJAHR,UMONAT,UTAG,USTUNDE,UWOCHENTAG,UKATEGORIE,UART,UTYP,LICHT,USTRZUSTAND,IstRad,IstPKW,IstFuss,IstKrad,IstGkfz,IstSonstige,@lon,@lat
13,24,3,5,12,3,3,0,1,0,1,1,0,0,0,0,0,12.334948,51.329188
13,24,3,5,14,3,3,1,1,0,1,1,1,0,0,0,0,12.430847,51.34404
13,24,3,6,15,4,1,5,3,0,0,1,1,0,0,0,0,12.464442,51.350542
13,24,3,7,7,5,3,5,3,0,0,1,1,0,0,0,0,12.344868,51.339189
13,24,3,7,7,5,3,5,3,0,0,1,1,0,0,0,0,12.405996,51.313926
13,24,3,7,11,5,3,0,5,0,0,1,0,0,0,1,0,12.374336,51.360366
13,24,3,7,14,5,3,3,2,0,0,1,1,0,0,0,0,12.326831,51.298167
13,24,3,7,19,5,3,3,2,2,0,1,1,0,0,0,0,12.427085,51.345019
13,24,3,8,7,6,3,6,4,0,0,1,1,1,0,0,0,12.370476,51.327484
13,24,3,8,7,6,3,5,3,0,0,1,1,0,0,0,0,12.407763,51.337887
13,24,3,8,8,6,3,3,6,0,0,1,0,0,0,0,0,12.419349,51.347989
13,24,3,8,10,6,3,5,3,0,0,1,1,0,0,0,0,12.321033,51.302772
13,24,3,8,10,6,3,3,6,0,0,1,1,0,0,0,0,12.360537,51.342227
13,24,3,8,14,6,3,3,6,0,0,1,1,0,0,0,0,12.338156,51.331374
13,24,3,9,11,7,3,0,2,0,0,1,1,0,0,0,0,12.407303,51.345455
13,24,3,9,15,7,3,2,6,0,0,1,1,0,0,0,0,12.362484,51.360078
13,24,3,11,5,2,3,3,2,2,1,1,1,0,0,0,0,12.374118,51.303343
13,24,3,11,9,2,3,5,2,0,0,1,1,0,0,0,0,12.368865,51.317818
13,24,3,12,7,3,2,5,3,0,0,1,0,0,0,1,0,12.368609,51.315958
13,24,3,12,9,3,3,8,1,0,0,1,1,0,0,0,0,12.369189,51.34186
13,24,3,12,9,3,3,5,3,0,0,1,0,0,0,0,1,12.372307,51.349599
13,24,3,12,11,3,2,3,6,0,0,1,0,0,0,1,0,12.331999,51.335921
13,24,3,13,7,4,3,5,2,0,0,1,1,0,0,0,0,12.336326,51.335424
13,24,3,13,7,4,3,0,7,0,0,1,0,0,0,0,0,12.355122,51.33512
13,24,3,13,7,4,3,4,2,0,0,1,1,0,0,0,0,12.390131,51.346755
13,24,3,13,8,4,2,6,7,0,0,1,0,1,0,0,0,12.396167,51.353983
13,24,3,13,15,4,3,1,5,0,0,1,1,0,0,0,0,12.380614,51.341172
13,24,3,13,15,4,3,3,2,0,0,1,1,0,0,0,0,12.389384,51.33585
13,24,3,13,15,4,3,3,2,0,0,1,1,0,0,0,0,12.396028,51.31014
13,24,3,13,16,4,2,6,4,0,0,1,0,1,0,0,0,12.369675,51.308828
13,24,3,13,19,4,3,1,5,2,0,1,1,0,0,0,0,12.393283,51.333379
13,24,3,14,8,5,3,5,3,0,1,1,1,0,0,0,0,12.378349,51.332233
13,24,3,14,11,5,3,5,3,0,0,1,1,0,0,0,0,12.380562,51.310036
13,24,3,14,13,5,3,1,5,0,0,1,1,0,0,0,0,12.385338,51.340195
13,24,3,14,19,5,3,0,3,1,0,1,1,0,0,0,0,12.396651,51.353596
13,24,3,15,13,6,3,5,3,0,0,1,1,0,0,0,0,12.381521,51.336681
13,24,3,15,15,6,3,2,6,0,0,1,1,0,0,0,0,12.333587,51.337716
13,24,3,15,15,6,3,5,3,0,0,1,1,0,0,0,0,12.379087,51.394167
13,24,3,16,3,7,3,5,3,2,0,1,1,0,0,0,0,12.374428,51.335819
13,24,3,16,19,7,3,5,3,2,0,1,0,0,1,0,0,12.365447,51.320976
13,24,3,17,17,1,3,1,5,0,0,1,1,0,0,0,0,12.279491,51.386961
13,24,3,19,11,3,3,5,3,0,0,1,1,0,0,0,0,12.398349,51.339218
13,24,3,19,13,3,3,4,2,0,0,1,0,0,1,0,0,12.406017,51.36835
13,24,3,19,16,3,3,1,7,0,0,1,1,0,0,0,0,12.372171,51.331055
13,24,3,20,7,4,3,5,2,0,0,1,1,0,0,0,0,12.400261,51.344992
13,24,3,20,13,4,3,5,2,0,0,1,0,0,0,0,0,12.348628,51.332148
13,24,3,21,7,5,3,3,2,0,0,1,1,0,0,0,0,12.385593,51.376142
13,24,3,21,8,5,3,5,3,0,0,1,1,0,0,0,0,12.33192,51.340288
13,24,3,22,16,6,3,1,5,0,1,1,1,0,0,0,0,12.374957,51.309247
13,24,3,22,18,6,3,0,5,1,1,1,1,0,0,0,0,12.375047,51.341674
13,24,3,23,9,7,3,5,3,0,1,1,1,0,0,0,0,12.281989,51.357913
13,24,3,23,15,7,2,1,5,0,1,1,1,0,0,0,0,12.407146,51.338636
13,24,3,24,20,1,3,5,3,2,1,1,1,0,0,0,0,12.373669,51.330512
13,24,3,25,6,2,2,5,3,0,1,1,1,0,0,0,0,12.297671,51.31763
13,24,3,25,10,2,3,0,1,0,1,1,0,0,0,0,0,12.385928,51.364316
13,24,3,25,16,2,3,5,7,0,0,1,1,0,0,0,0,12.330811,51.335106
13,24,3,25,16,2,3,0,6,0,0,1,0,0,0,0,1,12.470764,51.32165
13,24,3,26,7,3,3,5,2,0,0,1,1,0,0,0,0,12.376522,51.353187
13,24,3,26,8,3,3,5,3,0,0,1,0,0,0,1,0,12.35305,51.347898
13,24,3,26,8,3,3,2,6,0,0,1,1,0,0,0,0,12.361612,51.332734
13,24,3,26,12,3,3,0,1,0,0,1,0,0,0,0,0,12.338817,51.332427
13,24,3,26,17,3,3,5,3,0,0,1,0,0,0,0,1,12.397393,51.369612
13,24,3,27,11,4,3,5,3,0,0,1,1,0,0,0,0,12.316293,51.30059
13,24,3,27,16,4,2,3,1,0,0,1,0,0,0,0,1,12.319256,51.375549
13,24,3,28,13,5,2,5,3,0,0,1,1,0,0,0,0,12.353172,51.332776
13,24,3,28,19,5,3,5,2,2,0,1,1,0,0,0,0,12.366653,51.329658
13,24,3,30,12,7,3,0,1,0,0,1,0,0,0,0,0,12.373685,51.332575
13,24,3,30,17,7,3,0,1,0,0,1,0,0,0,0,0,12.316288,51.346552
13,24,3,31,14,1,3,2,6,0,0,1,1,0,0,0,0,12.316417,51.349652
13,24,4,2,18,3,3,5,3,0,1,1,1,0,0,0,0,12.366191,51.343548
13,24,4,3,14,4,3,5,3,0,1,1,1,0,0,0,0,12.447893,51.303742
13,24,4,4,18,5,3,5,2,0,0,1,0,0,1,0,0,12.327356,51.325436
13,24,4,4,18,5,3,2,6,0,0,1,1,0,0,0,0,12.339667,51.329507
13,24,4,5,14,6,2,5,3,0,0,1,0,0,0,0,1,12.457668,51.350356
13,24,4,5,17,6,3,1,2,0,0,1,0,0,0,0,0,12.368329,51.357849
13,24,4,6,0,7,3,1,5,2,0,1,1,0,0,0,0,12.344663,51.325596
13,24,4,7,0,1,3,0,1,2,0,1,0,0,0,0,0,12.327713,51.336451
13,24,4,8,7,2,3,1,5,0,0,1,1,0,0,0,0,12.377985,51.327866
13,24,4,8,9,2,3,5,3,0,0,1,1,0,0,0,0,12.366012,51.33114
13,24,4,8,14,2,3,0,1,0,0,1,0,0,0,0,0,12.373579,51.330304
13,24,4,8,15,2,2,5,2,0,0,1,1,0,0,0,0,12.406576,51.314096
13,24,4,9,4,3,3,5,3,2,0,1,1,0,0,0,0,12.278862,51.414553
13,24,4,9,7,3,3,0,7,0,0,1,0,0,0,0,0,12.400524,51.363629
13,24,4,10,8,4,2,5,3,0,0,1,0,0,0,1,0,12.404845,51.330292
13,24,4,10,11,4,3,5,2,0,0,1,0,0,0,0,0,12.373579,51.355583
13,24,4,10,15,4,3,6,4,0,0,1,0,1,0,0,0,12.323037,51.318656
13,24,4,10,15,4,3,5,3,0,0,1,1,0,0,0,0,12.373003,51.309681
13,24,4,11,7,5,3,5,2,0,0,1,0,0,0,0,1,12.373647,51.333033
13,24,4,11,12,5,3,5,3,0,0,1,1,0,0,0,0,12.289074,51.323561
13,24,4,11,12,5,3,5,3,0,0,1,1,0,0,0,0,12.289083,51.323565
13,24,4,11,16,5,3,8,1,0,0,1,0,0,0,0,0,12.462748,51.346429
13,24,4,11,19,5,3,1,5,0,0,1,1,0,0,0,0,12.37878,51.312439
13,24,4,12,8,6,3,3,2,0,0,1,1,0,0,0,0,12.345932,51.375177
13,24,4,12,8,6,2,9,1,0,0,1,0,0,0,0,0,12.355721,51.341383
13,24,4,12,21,6,2,0,1,2,0,1,0,0,0,0,0,12.368692,51.312778
13,24,4,13,0,7,3,5,3,2,0,1,1,0,0,0,0,12.374632,51.347734
13,24,4,13,18,7,3,1,5,0,0,1,1,0,0,0,0,12.396464,51.306646
13,24,4,13,21,7,3,4,6,2,0,1,0,0,0,0,0,12.266829,51.316929
13,24,4,14,11,1,3,1,5,0,0,1,1,0,0,0,0,12.398156,51.344411
13,24,4,14,15,1,3,5,3,0,0,1,1,0,0,0,0,12.436375,51.305651
13,24,4,14,19,1,3,0,7,0,0,1,0,0,0,0,0,12.406018,51.350774
13,24,4,15,11,2,3,4,6,0,0,1,0,0,0,0,1,12.389012,51.335549
13,24,4,15,16,2,2,5,3,0,0,1,0,0,0,0,1,12.365617,51.339584
13,24,4,16,15,3,3,5,3,0,0,1,1,0,0,0,0,12.426194,51.319282
13,24,4,17,9,4,3,2,7,0,0,1,1,0,0,0,0,12.334343,51.321953
13,24,4,17,13,4,3,5,3,0,0,1,1,0,0,0,0,12.479418,51.350605
13,24,4,17,17,4,3,5,2,0,0,1,1,0,0,0,0,12.353512,51.341175
13,24,4,18,7,5,2,5,2,0,0,1,1,0,0,0,0,12.394846,51.342757
13,24,4,18,17,5,3,4,2,0,0,1,1,0,0,0,0,12.420451,51.31926
13,24,4,19,13,6,3,5,2,0,1,1,1,0,0,0,0,12.386594,51.335682
13,24,4,19,13,6,3,5,3,0,0,1,1,0,0,0,0,12.393454,51.398366
13,24,4,19,19,6,3,1,5,0,1,1,1,0,0,0,0,12.412047,51.332247
13,24,4,20,12,7,3,5,3,0,0,1,1,0,0,0,0,12.328683,51.322804
13,24,4,20,19,7,2,3,6,2,1,1,0,0,0,0,1,12.413696,51.324355
13,24,4,22,7,2,3,4,2,0,0,1,1,0,0,0,0,12.411369,51.331019
13,24,4,22,11,2,1,5,3,0,0,1,1,0,0,0,0,12.318195,51.381198
13,24,4,22,16,2,3,5,2,0,0,1,1,0,1,0,0,12.374875,51.344356
13,24,4,22,16,2,3,5,2,0,0,1,1,0,0,0,0,12.394342,51.336806
13,24,4,22,17,2,2,0,4,0,0,1,0,1,0,0,0,12.428384,51.342322
13,24,4,23,8,3,3,3,2,0,0,1,1,0,0,0,0,12.397968,51.329982
13,24,4,23,17,3,3,0,1,0,0,1,0,0,0,0,0,12.347131,51.339558
13,24,4,23,18,3,3,5,3,0,0,1,1,0,0,0,0,12.329559,51.339854
13,24,4,23,18,3,3,5,2,0,0,1,1,0,0,0,0,12.393131,51.33696
13,24,4,24,7,4,3,3,2,0,0,1,1,0,0,0,0,12.32381,51.320391
13,24,4,24,7,4,3,3,6,0,0,1,0,0,0,0,0,12.364005,51.34297
13,24,4,24,16,4,3,5,3,0,0,1,1,0,0,0,0,12.361576,51.332745
13,24,4,24,16,4,3,1,5,0,0,1,1,0,0,0,0,12.371663,51.376033
13,24,4,25,7,5,3,3,2,0,0,1,1,0,0,0,0,12.261321,51.315216
13,24,4,25,9,5,3,5,3,0,1,1,1,0,0,0,0,12.396115,51.339229
13,24,4,25,14,5,3,5,7,0,0,1,1,0,0,0,0,12.368069,51.371601
13,24,4,25,15,5,3,5,3,0,0,1,1,0,0,0,0,12.355041,51.344379
13,24,4,25,18,5,3,1,5,0,0,1,1,0,0,0,0,12.329708,51.335996
13,24,4,26,7,6,3,6,7,0,0,1,0,1,0,0,0,12.433466,51.301806
13,24,4,26,7,6,3,5,7,0,0,1,1,0,0,0,0,12.46473,51.306388
13,24,4,26,8,6,2,6,4,0,0,1,0,1,0,0,0,12.423877,51.318383
13,24,4,26,9,6,3,5,2,0,0,1,1,0,0,0,0,12.429788,51.379557
13,24,4,26,12,6,3,5,3,0,0,1,1,0,0,0,0,12.385377,51.343568
13,24,4,26,18,6,3,3,2,0,0,1,1,0,0,0,0,12.400369,51.345777
13,24,4,27,18,7,3,5,2,0,0,1,1,0,0,0,0,12.349934,51.36604
13,24,4,29,9,2,2,5,2,0,0,1,0,0,0,1,0,12.348686,51.332114
13,24,4,29,16,2,3,5,3,0,0,1,1,0,0,0,0,12.33715,51.372397
13,24,4,30,13,3,3,1,5,0,0,1,1,0,0,0,0,12.39329,51.303384
13,24,4,30,14,3,3,6,4,0,0,1,0,1,0,0,0,12.421393,51.377946
13,24,4,30,20,3,3,1,1,1,0,1,1,0,0,0,0,12.35774,51.344598
13,24,4,30,20,3,3,1,5,1,0,1,1,0,0,0,0,12.373706,51.333472
13,24,5,1,9,4,3,6,6,0,0,1,0,1,0,0,0,12.338855,51.33535
13,24,5,1,12,4,3,5,3,0,0,1,1,0,0,0,0,12.379091,51.346169
13,24,5,1,12,4,3,0,7,0,0,1,0,0,0,0,0,12.4197,51.310641
13,24,5,1,19,4,3,3,6,0,0,1,1,0,0,0,0,12.430008,51.331618
13,24,5,2,9,5,1,0,1,0,0,1,0,0,0,0,0,12.307519,51.341812
13,24,5,2,10,5,3,5,3,0,0,1,1,0,0,0,0,12.365668,51.321037
13,24,5,2,13,5,3,3,2,0,0,1,1,0,0,0,0,12.388404,51.327633
13,24,5,2,14,5,3,0,4,0,0,1,0,1,0,0,0,12.41263,51.324667
13,24,5,2,15,5,3,4,6,0,0,1,0,0,0,0,0,12.376425,51.351388
13,24,5,2,15,5,3,5,3,0,0,1,1,0,0,0,0,12.452152,51.30405
13,24,5,2,16,5,3,3,2,0,0,1,1,0,0,0,0,12.338113,51.327205
13,24,5,2,17,5,3,4,2,0,0,1,1,0,0,0,0,12.420523,51.319268
13,24,5,2,18,5,3,6,4,1,0,1,0,1,0,0,0,12.364862,51.364593
13,24,5,3,10,6,3,1,5,0,0,1,1,0,0,0,0,12.299696,51.349763
13,24,5,3,15,6,2,4,6,0,0,1,1,0,0,0,0,12.379762,51.34322
13,24,5,3,18,6,3,0,1,0,0,1,0,0,0,0,0,12.28729,51.387923
13,24,5,3,22,6,3,0,1,2,1,1,0,0,0,0,0,12.342499,51.34348
13,24,5,4,3,7,3,0,1,2,0,1,0,0,0,0,0,12.350528,51.332453
13,24,5,4,13,7,3,5,2,0,0,1,1,0,0,0,0,12.3927,51.330624
13,24,5,4,13,7,3,5,2,0,0,1,1,0,0,0,0,12.395376,51.341078
13,24,5,4,15,7,3,5,3,0,0,1,1,0,0,0,0,12.361893,51.332069
13,24,5,4,17,7,3,1,5,0,0,1,1,0,0,0,0,12.376865,51.343465
13,24,5,4,22,7,3,6,3,2,0,1,0,1,0,0,0,12.378395,51.314956
13,24,5,5,11,1,2,0,1,0,1,1,0,0,0,0,0,12.308835,51.267442
13,24,5,5,12,1,3,0,1,0,0,1,0,0,0,0,0,12.339003,51.332363
13,24,5,6,7,2,3,5,3,0,0,1,0,0,0,0,0,12.373681,51.323158
13,24,5,6,8,2,3,5,2,0,0,1,1,0,0,0,0,12.343653,51.32368
13,24,5,7,7,3,3,1,2,0,1,1,1,0,0,0,0,12.38654,51.335693
13,24,5,7,9,3,3,6,4,0,0,1,0,1,0,0,0,12.413457,51.342627
13,24,5,7,13,3,3,6,6,0,0,1,0,1,0,0,0,12.359262,51.338822
13,24,5,7,14,3,3,5,3,0,0,1,0,0,0,0,1,12.39261,51.33394
13,24,5,7,16,3,3,5,3,0,0,1,0,0,0,0,1,12.370877,51.337387
13,24,5,7,18,3,3,6,4,0,0,1,0,1,0,0,0,12.340874,51.337809
13,24,5,8,8,4,3,5,3,0,0,1,1,0,0,0,0,12.364081,51.337724
13,24,5,8,15,4,3,3,2,0,0,1,0,0,0,0,0,12.407313,51.31834
13,24,5,8,19,4,3,0,1,0,0,1,0,0,0,0,0,12.38097,51.338917
13,24,5,9,14,5,3,5,3,0,0,1,1,0,0,0,0,12.372561,51.370427
13,24,5,9,14,5,3,5,7,0,0,1,1,0,0,0,0,12.396293,51.301191
13,24,5,9,14,5,3,6,6,0,0,1,0,1,0,0,0,12.42209,51.307844
13,24,5,9,18,5,3,0,2,0,0,1,0,0,0,0,1,12.319615,51.331758
13,24,5,10,10,6,3,0,6,0,0,1,1,0,0,0,0,12.381622,51.317275
13,24,5,11,10,7,3,3,2,0,0,1,1,0,0,0,0,12.426372,51.351842
13,24,5,11,14,7,3,5,3,0,0,1,1,0,0,0,0,12.392015,51.347939
13,24,5,11,18,7,3,0,1,0,0,1,0,0,0,0,0,12.350699,51.346212
13,24,5,11,19,7,3,6,4,0,0,1,0,1,0,0,0,12.358706,51.364885
13,24,5,12,19,1,3,2,6,0,0,1,1,0,0,0,0,12.341775,51.338266
13,24,5,13,6,2,3,1,6,0,0,1,0,0,0,0,0,12.379352,51.326534
13,24,5,13,10,2,3,4,6,0,0,1,1,0,0,0,0,12.40259,51.323745
13,24,5,13,11,2,3,1,5,0,0,1,1,0,0,0,0,12.372597,51.334126
13,24,5,13,16,2,3,2,6,0,0,1,1,0,0,0,0,12.33433,51.306911
13,24,5,13,17,2,3,5,3,0,0,1,1,0,0,0,0,12.361532,51.338525
13,24,5,13,17,2,3,5,2,0,0,1,1,0,0,0,0,12.373381,51.311629
13,24,5,13,18,2,3,0,2,0,0,1,1,0,0,0,0,12.305212,51.326846
13,24,5,14,11,3,3,3,6,0,0,1,0,0,0,0,0,12.449573,51.350271
13,24,5,14,15,3,3,1,5,0,0,1,1,0,0,0,0,12.387076,51.328272
13,24,5,14,15,3,3,5,3,0,0,1,1,0,0,0,0,12.405997,51.31393
13,24,5,14,16,3,3,5,1,0,0,1,1,0,0,0,0,12.42451,51.304698
13,24,5,14,18,3,3,4,6,0,0,1,0,0,0,0,0,12.369912,51.331933
13,24,5,15,16,4,3,5,3,0,0,1,1,0,0,0,0,12.282342,51.320546
13,24,5,16,8,5,3,4,1,0,0,1,1,0,0,0,0,12.334274,51.325229
13,24,5,16,16,5,3,5,3,0,1,1,1,0,0,0,0,12.366275,51.337405
13,24,5,16,16,5,3,5,2,0,1,1,1,0,0,0,0,12.371551,51.345181
13,24,5,16,19,5,3,0,1,0,0,1,0,0,0,0,0,12.378404,51.346862
13,24,5,18,8,7,3,5,2,0,0,1,1,0,0,0,0,12.373372,51.32073
13,24,5,18,18,7,3,0,1,0,0,1,0,0,0,0,0,12.372976,51.349593
13,24,5,19,17,1,2,0,1,0,0,1,0,0,0,0,0,12.411396,51.389204
13,24,5,20,17,2,3,3,3,0,0,1,1,0,0,0,0,12.38457,51.33722
13,24,5,21,7,3,3,5,2,0,0,1,0,0,0,1,0,12.371129,51.347349
13,24,5,22,8,4,3,5,2,0,1,1,1,0,0,0,0,12.446136,51.361218
13,24,5,22,16,4,3,5,2,0,0,1,1,0,0,0,0,12.303183,51.314352
13,24,5,23,8,5,3,6,4,0,0,1,0,1,0,0,0,12.380159,51.330167
13,24,5,23,14,5,3,4,2,0,0,1,1,0,0,0,0,12.358009,51.344114
13,24,5,24,11,6,3,3,6,0,0,1,1,0,0,0,0,12.374026,51.334783
13,24,5,24,13,6,3,3,5,0,1,1,1,0,0,0,0,12.368095,51.367199
13,24,5,24,19,6,3,1,1,0,0,1,1,0,0,0,0,12.37436,51.322051
13,24,5,25,16,7,3,5,2,0,0,1,1,0,0,0,0,12.376215,51.348317
13,24,5,26,2,1,3,0,1,2,0,1,0,0,0,0,0,12.273303,51.327064
13,24,5,26,4,1,3,3,6,1,0,1,1,0,0,0,0,12.372298,51.305971
13,24,5,26,16,1,3,3,7,0,0,1,1,0,0,0,0,12.381652,51.331838
13,24,5,26,18,1,3,5,3,0,0,1,1,0,0,0,0,12.37318,51.314781
13,24,5,26,21,1,3,5,3,2,0,1,1,0,0,0,0,12.421353,51.352881
13,24,5,27,15,2,3,5,3,0,0,1,1,0,0,0,0,12.371739,51.394002
13,24,5,27,16,2,3,3,2,2,0,1,0,0,0,0,1,12.333977,51.319332
13,24,5,27,19,2,3,1,6,1,0,1,1,0,0,0,0,12.379333,51.310138
13,24,5,28,6,3,3,5,3,0,1,1,1,0,0,0,0,12.380881,51.343938
13,24,5,28,15,3,3,2,6,0,0,1,0,0,0,0,0,12.330238,51.330464
13,24,5,29,10,4,3,5,3,0,0,1,1,0,0,0,0,12.373444,51.351656
13,24,5,29,16,4,3,1,5,0,0,1,1,0,0,0,0,12.388722,51.361258
13,24,5,30,7,5,2,5,3,0,0,1,0,0,0,1,0,12.27667,51.320857
13,24,5,30,7,5,2,1,5,0,0,1,1,0,0,0,0,12.459732,51.281736
13,24,5,30,8,5,3,4,3,0,1,1,1,0,0,0,0,12.379506,51.342357
13,24,5,30,9,5,3,0,1,0,1,1,0,0,0,0,0,12.366229,51.36536
13,24,5,30,13,5,3,3,2,0,1,1,1,0,0,0,0,12.336177,51.319217
13,24,5,30,18,5,3,5,3,0,1,1,0,0,0,0,1,12.34469,51.318964
13,24,5,30,19,5,3,0,5,0,0,1,1,0,0,0,0,12.322291,51.319381
13,24,5,31,11,6,3,3,2,0,0,1,1,0,0,0,0,12.35768,51.341811
13,24,5,31,16,6,3,5,3,0,0,1,1,0,0,0,0,12.420068,51.357637
13,24,5,31,18,6,3,5,2,0,0,1,1,0,0,0,0,12.352092,51.343631
13,24,5,31,18,6,3,1,7,0,0,1,1,0,0,0,0,12.369031,51.336629
13,24,6,1,13,7,3,5,2,0,0,1,1,0,0,0,0,12.336802,51.335378
13,24,6,4,6,3,3,0,7,0,0,1,0,0,0,0,0,12.385305,51.376056
13,24,6,4,7,3,3,5,3,0,0,1,1,0,0,0,0,12.385237,51.338141
13,24,6,4,7,3,3,5,3,0,0,1,1,0,0,0,0,12.482122,51.334194
13,24,6,4,10,3,3,0,1,0,0,1,0,0,0,0,0,12.324419,51.320385
13,24,6,4,10,3,3,5,3,0,0,1,1,0,0,0,0,12.529431,51.327693
13,24,6,4,14,3,3,2,6,0,0,1,1,0,0,0,0,12.37969,51.342295
13,24,6,4,14,3,3,5,3,0,0,1,1,0,0,0,0,12.416747,51.329837
13,24,6,4,15,3,2,5,3,0,0,1,1,0,0,0,0,12.277953,51.361277
13,24,6,4,17,3,3,3,1,0,0,1,1,0,0,0,0,12.339934,51.337377
13,24,6,4,18,3,2,4,2,0,0,1,0,0,0,0,0,12.331805,51.28093
13,24,6,4,19,3,3,1,5,0,0,1,1,0,0,0,0,12.33506,51.332272
13,24,6,5,11,4,2,5,3,0,0,1,1,0,0,0,0,12.404442,51.366765
13,24,6,5,15,4,3,1,5,0,0,1,1,0,0,0,0,12.333805,51.332855
13,24,6,5,15,4,3,5,2,0,0,1,1,0,0,0,0,12.426455,51.35181
13,24,6,5,17,4,3,5,3,0,0,1,1,0,0,0,0,12.325675,51.317354
13,24,6,5,18,4,3,3,6,0,1,1,0,0,0,0,0,12.373606,51.320999
13,24,6,5,18,4,3,5,3,1,1,1,1,0,0,0,0,12.395075,51.332309
13,24,6,5,21,4,3,5,3,1,1,1,1,0,0,0,0,12.314985,51.370222
13,24,6,6,11,5,3,4,2,0,0,1,1,0,0,0,0,12.342533,51.321622
13,24,6,6,18,5,3,5,2,0,0,1,1,0,0,0,0,12.363307,51.342811
13,24,6,7,18,6,3,5,2,0,0,1,1,0,0,0,0,12.371286,51.344487
13,24,6,8,11,7,3,5,3,0,0,1,1,0,0,0,0,12.320958,51.302745
13,24,6,8,11,7,3,5,3,0,0,1,1,0,0,0,0,12.374118,51.303343
13,24,6,9,0,1,3,1,5,2,0,1,1,0,0,0,0,12.357878,51.369739
13,24,6,9,4,1,3,0,1,1,0,1,0,0,0,0,0,12.397044,51.353519
13,24,6,9,12,1,3,0,1,0,0,1,0,0,0,0,0,12.340165,51.301951
13,24,6,9,15,1,3,1,5,0,0,1,1,0,0,0,0,12.416831,51.329695
13,24,6,9,19,1,3,0,7,0,0,1,0,0,0,0,0,12.346368,51.309785
13,24,6,10,1,2,3,2,6,2,0,1,0,0,0,0,0,12.355626,51.330669
13,24,6,10,6,2,3,0,1,0,0,1,0,0,0,0,0,12.380436,51.344122
13,24,6,10,7,2,3,4,2,0,0,1,1,0,0,0,0,12.398279,51.33925
13,24,6,10,11,2,3,6,6,0,0,1,0,1,0,0,0,12.391563,51.347554
13,24,6,10,12,2,3,3,7,0,0,1,0,0,0,0,0,12.322544,51.332869
13,24,6,10,16,2,3,3,6,0,0,1,1,0,0,0,0,12.304215,51.343125
13,24,6,10,19,2,3,4,3,0,0,1,0,0,0,0,0,12.39181,51.34634
13,24,6,11,8,3,2,5,3,0,0,1,0,0,0,0,0,12.36692,51.335676
13,24,6,11,15,3,3,5,3,0,0,1,1,0,0,0,0,12.389846,51.325091
13,24,6,11,19,3,3,5,3,0,0,1,1,0,0,0,0,12.305526,51.351841
13,24,6,12,0,4,2,5,3,2,0,1,1,0,0,0,0,12.459052,51.397148
13,24,6,12,7,4,3,5,3,0,0,1,1,0,0,0,0,12.406152,51.346861
13,24,6,12,19,4,3,5,3,0,0,1,1,0,0,0,0,12.379988,51.328857
13,24,6,13,0,5,3,5,3,2,0,1,1,0,0,0,0,12.307179,51.323152
13,24,6,13,7,5,2,5,3,0,0,1,1,0,0,0,0,12.37137,51.344455
13,24,6,13,15,5,3,6,4,0,0,1,0,1,0,0,0,12.398576,51.333016
13,24,6,13,16,5,3,1,5,0,0,1,1,0,0,0,0,12.39857,51.332236
13,24,6,13,16,5,3,3,2,0,0,1,1,0,0,0,0,12.406142,51.348158
13,24,6,14,16,6,3,5,2,0,0,1,1,0,0,0,0,12.371965,51.306242
13,24,6,15,10,7,3,0,7,0,0,1,0,0,0,0,0,12.327385,51.304621
13,24,6,16,2,1,3,0,1,2,0,1,0,0,0,0,0,12.333032,51.336052
13,24,6,16,9,1,3,2,6,0,0,1,1,0,0,0,0,12.405899,51.331862
13,24,6,16,18,1,2,5,2,0,0,1,1,0,0,0,0,12.291196,51.324121
13,24,6,16,18,1,3,5,2,0,1,1,1,0,0,0,0,12.377001,51.344631
13,24,6,17,7,2,3,0,1,0,0,1,0,0,0,0,0,12.402682,51.343235
13,24,6,17,13,2,3,5,3,0,0,1,0,0,0,0,0,12.330178,51.335706
13,24,6,17,15,2,3,5,3,0,0,1,1,0,0,0,0,12.38126,51.305568
13,24,6,17,16,2,2,5,7,0,0,1,1,0,0,0,0,12.40425,51.375909
13,24,6,18,8,3,3,4,2,0,0,1,1,0,0,0,0,12.390857,51.338678
13,24,6,18,9,3,3,5,3,0,0,1,1,0,0,0,0,12.331293,51.332268
13,24,6,18,15,3,3,6,3,0,1,1,0,1,0,0,0,12.356528,51.373352
13,24,6,18,15,3,3,5,3,0,0,1,1,0,0,0,0,12.3878,51.352887
13,24,6,18,15,3,3,1,3,0,0,1,1,0,0,0,0,12.38963,51.321773
13,24,6,18,15,3,3,6,4,0,0,1,0,1,0,0,0,12.4,51.353874
13,24,6,18,23,3,2,0,1,2,1,1,0,0,0,0,0,12.368376,51.358926
13,24,6,19,7,4,3,5,3,0,0,1,1,0,0,0,0,12.4345,51.379363
13,24,6,19,10,4,3,5,7,0,0,1,1,0,0,0,0,12.424125,51.304355
13,24,6,19,16,4,3,4,2,0,1,1,0,0,0,0,1,12.403258,51.32702
13,24,6,20,15,5,2,4,2,0,0,1,1,0,0,0,0,12.40501,51.323001
13,24,6,21,15,6,3,5,3,0,1,1,1,0,0,0,0,12.37888,51.325033
13,24,6,21,16,6,3,6,4,0,1,1,0,1,0,0,0,12.375714,51.358757
13,24,6,21,20,6,3,0,7,0,0,1,1,0,0,0,0,12.388764,51.335355
13,24,6,23,15,1,3,3,2,0,0,1,0,0,0,0,0,12.35246,51.281031