UKREIS,UJAHR,UMONAT,UTAG,USTUNDE,UWOCHENTAG,UKATEGORIE,UART,UTYP,LICHT,USTRZUSTAND,IstRad,IstPKW,IstFuss,IstKrad,IstGkfz,IstSonstige,@lon,@lat
13,24,6,23,15,1,3,1,5,0,0,1,1,0,0,0,0,12.366753,51.346238
13,24,6,24,9,2,3,5,2,0,0,1,1,0,0,0,0,12.381595,51.331743
13,24,6,24,11,2,3,6,6,0,0,1,0,1,0,0,0,12.373539,51.3444
13,24,6,24,12,2,3,3,2,0,0,1,1,0,0,0,0,12.379976,51.328815
13,24,6,24,13,2,3,5,3,0,0,1,1,0,0,0,0,12.371194,51.335674
13,24,6,24,14,2,3,0,1,0,0,1,0,0,0,0,0,12.29265,51.359387
13,24,6,25,6,3,2,1,5,0,0,1,1,0,0,0,0,12.407273,51.333919
13,24,6,25,6,3,3,3,2,0,0,1,1,0,0,0,0,12.461185,51.367346
13,24,6,25,11,3,3,2,6,0,0,1,1,0,0,0,0,12.338155,51.369572
13,24,6,25,11,3,3,5,2,0,0,1,1,0,0,0,0,12.447204,51.350251
13,24,6,25,13,3,3,5,3,0,0,1,1,0,0,0,0,12.31026,51.317714
13,24,6,25,16,3,2,6,4,0,0,1,0,1,0,0,0,12.373702,51.331856
13,24,6,25,17,3,3,1,7,0,0,1,1,0,0,0,0,12.381694,51.362136
13,24,6,25,22,3,3,5,3,2,0,1,1,0,0,0,0,12.327027,51.341731
13,24,6,26,7,4,3,3,2,0,0,1,1,0,0,0,0,12.401843,51.351346
13,24,6,26,12,4,3,1,5,0,0,1,0,0,0,0,1,12.373899,51.302929
13,24,6,26,17,4,2,5,3,0,0,1,0,0,0,0,0,12.32145,51.318031
13,24,6,27,17,5,3,5,3,0,0,1,1,0,0,0,0,12.381972,51.3834
13,24,6,27,20,5,3,1,6,0,1,1,1,0,0,0,0,12.373646,51.322369
13,24,6,28,7,6,3,0,1,0,0,1,0,0,0,0,0,12.361539,51.332178
13,24,6,28,15,6,3,0,1,0,0,1,0,0,0,0,0,12.260255,51.299711
13,24,6,28,18,6,3,1,5,0,0,1,1,0,0,0,0,12.380756,51.306581
13,24,6,28,21,6,3,0,1,1,0,1,0,0,0,0,0,12.318753,51.386637
13,24,6,30,15,1,3,5,7,0,1,1,1,0,0,0,0,12.412529,51.333887
13,24,6,30,16,1,3,0,1,0,1,1,0,0,0,0,0,12.441002,51.304629
13,24,6,30,17,1,3,5,3,0,0,1,1,0,0,0,0,12.311091,51.328791
13,24,6,30,17,1,3,0,3,0,1,1,1,0,0,0,0,12.365165,51.361249
13,24,7,2,9,3,3,6,4,0,0,1,0,1,0,0,0,12.371267,51.332594
13,24,7,2,17,3,3,5,3,0,0,1,1,0,0,0,0,12.427279,51.295049
13,24,7,2,21,3,3,0,1,2,1,1,0,0,0,0,0,12.371197,51.335671
13,24,7,3,6,4,3,3,2,0,0,1,1,0,0,0,0,12.369254,51.376104
13,24,7,3,7,4,2,5,2,0,0,1,1,0,0,0,0,12.403951,51.321723
13,24,7,3,15,4,3,5,3,0,0,1,1,0,0,0,0,12.331409,51.349657
13,24,7,3,18,4,3,5,3,0,0,1,1,0,0,0,0,12.373597,51.320649
13,24,7,3,19,4,2,4,7,0,0,1,0,0,0,0,0,12.411138,51.332362
13,24,7,4,10,5,1,3,6,0,0,1,0,0,0,1,0,12.374238,51.334656
13,24,7,4,17,5,3,5,3,0,0,1,1,0,0,0,0,12.366666,51.340565
13,24,7,4,17,5,3,0,1,0,1,1,0,0,0,0,0,12.373507,51.324639
13,24,7,5,3,6,3,0,1,2,0,1,0,0,0,0,0,12.37637,51.350452
13,24,7,5,7,6,3,5,3,0,0,1,1,0,0,0,0,12.405996,51.313926
13,24,7,5,18,6,2,3,2,0,0,1,1,0,0,0,0,12.354407,51.365037
13,24,7,6,16,7,2,0,7,0,1,1,0,0,0,0,0,12.403475,51.327594
13,24,7,8,11,2,3,0,1,0,0,1,0,0,0,0,0,12.375055,51.341626
13,24,7,8,16,2,3,1,5,0,0,1,1,0,0,0,0,12.33072,51.339942
13,24,7,8,16,2,3,1,5,0,0,1,1,0,0,0,0,12.370361,51.355547
13,24,7,8,19,2,3,1,5,0,0,1,1,0,0,0,0,12.373451,51.31609
13,24,7,8,20,2,3,5,2,0,0,1,1,0,0,0,0,12.40395,51.321724
13,24,7,9,10,3,3,1,5,0,0,1,1,0,0,0,0,12.308284,51.312556
13,24,7,9,11,3,3,5,3,0,0,1,1,0,0,0,0,12.33821,51.327251
13,24,7,9,13,3,3,5,2,0,0,1,1,0,0,0,0,12.37826,51.375844
13,24,7,9,14,3,3,5,3,0,0,1,1,0,0,0,0,12.338343,51.327295
13,24,7,9,16,3,3,5,2,0,0,1,1,0,0,0,0,12.334532,51.325602
13,24,7,9,18,3,3,0,2,0,0,1,1,0,0,0,0,12.402143,51.332351
13,24,7,10,19,4,3,0,2,0,1,1,0,0,1,0,0,12.419986,51.383746
13,24,7,10,20,4,3,2,6,1,1,1,1,0,0,0,0,12.327466,51.304275
13,24,7,10,22,4,3,5,2,2,0,1,1,0,0,0,0,12.396636,51.353596
13,24,7,11,12,5,3,5,3,0,0,1,1,0,0,0,0,12.31282,51.30916
13,24,7,12,11,6,2,4,6,0,0,1,0,0,0,0,0,12.383781,51.36437
13,24,7,12,16,6,3,0,7,0,0,1,1,0,0,0,0,12.354134,51.334611
13,24,7,12,17,6,3,3,2,0,0,1,1,0,0,0,0,12.373552,51.329681
13,24,7,12,17,6,2,5,3,0,0,1,1,0,0,0,0,12.410136,51.354406
13,24,7,13,5,7,3,0,1,2,1,1,0,0,0,0,0,12.354012,51.319775
13,24,7,13,16,7,3,5,2,0,0,1,1,0,0,0,0,12.324756,51.374261
13,24,7,14,17,1,2,0,7,0,0,1,0,0,0,0,0,12.393853,51.333157
13,24,7,15,0,2,3,0,1,2,0,1,0,0,0,0,0,12.408029,51.339746
13,24,7,15,7,2,3,2,2,0,0,1,0,0,1,0,0,12.428678,51.358686
13,24,7,15,18,2,3,3,6,0,0,1,1,0,0,0,0,12.362334,51.359358
13,24,7,16,16,3,3,6,7,0,0,1,0,1,0,0,0,12.374117,51.393623
13,24,7,16,18,3,3,5,4,0,0,1,0,1,0,0,0,12.373309,51.310856
13,24,7,17,5,4,3,5,2,0,0,1,1,0,0,0,0,12.460833,51.367221
13,24,7,17,8,4,3,1,5,0,0,1,1,0,0,0,0,12.39118,51.325827
13,24,7,17,15,4,3,4,6,0,0,1,0,0,0,0,0,12.372135,51.343945
13,24,7,17,16,4,3,5,3,0,0,1,1,0,0,0,0,12.373708,51.305655
13,24,7,17,16,4,2,5,3,0,0,1,1,0,0,0,0,12.376976,51.325113
13,24,7,17,17,4,3,3,6,0,0,1,1,0,0,0,0,12.333214,51.297053
13,24,7,18,13,5,3,0,6,0,0,1,1,0,0,0,0,12.371348,51.361815
13,24,7,18,13,5,3,3,2,0,0,1,1,0,0,0,0,12.396043,51.310145
13,24,7,19,12,6,3,5,3,0,0,1,1,0,0,0,0,12.281989,51.357916
13,24,7,20,11,7,2,3,2,0,0,1,1,0,0,0,0,12.3267,51.307553
13,24,7,20,12,7,3,5,3,0,0,1,1,0,0,0,0,12.286291,51.331147
13,24,7,21,20,1,3,0,1,1,0,1,0,0,0,0,0,12.337783,51.338405
13,24,7,21,22,1,3,0,1,2,0,1,0,0,0,0,0,12.376961,51.390237
13,24,7,22,10,2,3,0,3,0,0,1,0,0,0,0,1,12.385807,51.364966
13,24,7,22,18,2,3,0,1,0,0,1,0,0,0,0,0,12.340297,51.332333
13,24,7,23,8,3,3,5,3,0,0,1,1,0,0,0,0,12.405974,51.313892
13,24,7,23,12,3,3,3,6,0,0,1,0,0,0,0,0,12.35143,51.329461
13,24,7,23,12,3,3,6,4,0,0,1,0,1,0,0,0,12.373509,51.329873
13,24,7,24,6,4,3,5,3,0,0,1,1,0,0,0,0,12.374835,51.344393
13,24,7,24,11,4,3,5,2,0,1,1,1,0,0,0,0,12.382079,51.332574
13,24,7,24,11,4,3,0,6,0,1,1,0,0,0,0,1,12.414464,51.345083
13,24,7,24,17,4,3,5,3,0,1,1,0,0,0,0,1,12.383669,51.343866
13,24,7,25,12,5,3,6,4,0,0,1,0,1,0,0,0,12.34791,51.331223
13,24,7,25,14,5,3,9,7,0,0,1,0,0,0,0,0,12.394616,51.354843
13,24,7,25,17,5,3,5,2,0,0,1,1,0,0,0,0,12.406317,51.368653
13,24,7,25,18,5,3,4,6,0,0,1,1,0,0,0,0,12.427881,51.359053
13,24,7,26,11,6,3,3,2,0,0,1,1,0,0,0,0,12.344385,51.332204
13,24,7,26,18,6,3,4,2,0,0,1,1,0,0,0,0,12.433509,51.355185
13,24,7,27,0,7,3,3,6,2,0,1,1,0,0,0,0,12.333872,51.319445
13,24,7,28,12,1,3,1,5,0,0,1,1,0,0,0,0,12.368494,51.31719
13,24,7,29,6,2,3,0,1,0,0,1,0,0,0,0,0,12.378619,51.34633
13,24,7,29,8,2,3,5,2,0,0,1,1,0,0,0,0,12.388507,51.325957
13,24,7,29,9,2,3,3,2,0,0,1,1,0,0,0,0,12.371075,51.33537
13,24,7,29,12,2,3,0,1,0,0,1,0,0,0,0,0,12.432626,51.37924
13,24,7,29,13,2,3,0,1,0,0,1,0,0,0,0,0,12.406782,51.361955
13,24,7,29,14,2,3,5,3,0,0,1,1,0,0,0,0,12.459088,51.401941
13,24,7,29,17,2,3,1,5,0,0,1,1,0,0,0,0,12.383856,51.300587
13,24,7,30,8,3,2,5,2,0,0,1,1,0,0,0,0,12.401831,51.351355
13,24,7,30,16,3,3,0,1,0,0,1,0,0,0,0,0,12.408855,51.359947
13,24,7,30,18,3,3,5,3,0,0,1,1,0,0,0,0,12.361202,51.361705
13,24,7,31,7,4,2,4,2,0,0,1,1,0,0,0,0,12.410238,51.331133
13,24,7,31,10,4,2,0,5,0,0,1,1,0,0,0,0,12.262513,51.301699
13,24,7,31,11,4,3,0,1,0,0,1,0,0,0,0,0,12.262771,51.344669
13,24,7,31,16,4,3,5,2,0,0,1,1,0,0,0,0,12.343473,51.36767
13,24,8,1,2,5,3,0,1,2,0,1,0,0,0,0,0,12.312694,51.326037
13,24,8,1,6,5,3,5,3,0,0,1,1,0,0,0,0,12.312905,51.309026
13,24,8,1,7,5,3,5,3,0,0,1,1,0,0,0,0,12.385462,51.376119
13,24,8,1,9,5,2,5,3,0,0,1,1,0,0,0,0,12.281876,51.344468
13,24,8,1,16,5,3,5,3,0,0,1,1,0,0,0,0,12.43344,51.390364
13,24,8,1,17,5,3,5,3,0,0,1,1,0,0,0,0,12.372972,51.301364
13,24,8,2,19,6,3,0,1,1,0,1,0,0,0,0,0,12.294483,51.343371
13,24,8,3,20,7,3,3,6,1,0,1,0,0,0,0,0,12.361497,51.342397
13,24,8,3,21,7,3,0,1,2,0,1,0,0,0,0,0,12.445957,51.33243
13,24,8,4,19,1,2,0,1,0,0,1,0,0,0,0,0,12.376534,51.353377
13,24,8,5,7,2,3,5,2,0,0,1,1,0,0,0,0,12.367059,51.325467
13,24,8,5,10,2,2,5,2,0,0,1,1,0,0,0,0,12.380638,51.306559
13,24,8,6,6,3,3,4,2,0,0,1,1,0,0,0,0,12.42005,51.379153
13,24,8,6,7,3,3,4,6,0,0,1,0,0,0,0,0,12.361679,51.332479
13,24,8,6,10,3,3,4,2,0,0,1,1,0,0,0,0,12.370826,51.336383
13,24,8,6,10,3,3,0,1,0,0,1,0,0,0,0,0,12.384448,51.352294
13,24,8,6,16,3,2,0,1,2,0,1,0,0,0,0,0,12.450288,51.366363
13,24,8,6,18,3,3,0,1,0,0,1,0,0,0,0,0,12.3624,51.361571
13,24,8,6,20,3,2,4,6,0,0,1,0,0,0,0,0,12.395329,51.31214
13,24,8,7,7,4,3,5,3,0,1,1,0,0,0,0,1,12.345569,51.323372
13,24,8,7,13,4,3,1,5,0,0,1,1,0,0,0,0,12.353745,51.36257
13,24,8,7,13,4,2,6,4,0,0,1,0,1,0,0,0,12.401037,51.328375
13,24,8,7,17,4,3,0,1,0,0,1,0,0,0,0,0,12.323722,51.384064
13,24,8,7,17,4,3,4,2,0,0,1,1,0,0,0,0,12.334743,51.320265
13,24,8,7,17,4,3,6,4,0,0,1,0,1,0,0,0,12.368111,51.353975
13,24,8,8,1,5,2,1,1,2,0,1,1,0,0,0,0,12.402543,51.340812
13,24,8,8,7,5,3,1,5,0,0,1,1,0,0,0,0,12.378559,51.377088
13,24,8,8,9,5,2,0,7,0,0,1,0,0,0,0,0,12.371622,51.361985
13,24,8,8,12,5,3,3,2,0,0,1,1,0,0,0,0,12.403946,51.321729
13,24,8,8,15,5,3,1,6,0,0,1,1,0,0,0,0,12.42495,51.352648
13,24,8,8,16,5,3,5,3,0,0,1,1,0,0,0,0,12.398343,51.339218
13,24,8,9,8,6,3,4,3,0,0,1,1,0,0,0,0,12.356909,51.360083
13,24,8,9,13,6,3,5,2,0,0,1,0,0,0,0,1,12.385459,51.376156
13,24,8,9,17,6,3,5,2,0,0,1,1,0,0,0,0,12.381677,51.338711
13,24,8,9,20,6,3,0,1,1,0,1,0,0,0,0,0,12.382171,51.338886
13,24,8,10,0,7,3,0,1,2,0,1,0,0,0,0,0,12.314365,51.348799
13,24,8,10,10,7,3,0,1,0,0,1,0,0,0,0,0,12.365667,51.321047
13,24,8,10,11,7,3,5,3,0,0,1,1,0,0,0,0,12.423679,51.319917
13,24,8,10,13,7,3,0,3,0,0,1,1,0,0,0,0,12.395912,51.310891
13,24,8,10,14,7,3,5,3,0,0,1,1,0,0,0,0,12.338419,51.327195
13,24,8,10,18,7,3,0,1,0,0,1,0,0,0,0,0,12.379437,51.326839
13,24,8,10,19,7,2,4,2,0,0,1,0,0,0,0,0,12.352457,51.281022
13,24,8,11,13,1,3,3,6,0,0,1,1,0,0,0,0,12.40801,51.335702
13,24,8,11,14,1,3,1,5,0,0,1,0,0,1,0,0,12.373639,51.322221
13,24,8,11,14,1,3,0,1,0,0,1,0,0,0,0,0,12.394992,51.3391
13,24,8,11,15,1,3,5,3,0,0,1,1,0,0,0,0,12.357788,51.379607
13,24,8,12,11,2,3,5,2,0,0,1,1,0,0,0,0,12.304807,51.333872
13,24,8,12,15,2,3,4,6,0,0,1,0,0,0,0,0,12.362157,51.303818
13,24,8,12,20,2,3,0,5,1,0,1,0,0,0,0,1,12.381158,51.305739
13,24,8,13,10,3,3,5,3,0,0,1,0,0,0,0,1,12.34273,51.35082
13,24,8,14,3,4,3,0,1,2,0,1,0,0,0,0,0,12.378537,51.346532
13,24,8,14,6,4,3,5,3,0,0,1,0,0,0,0,0,12.392451,51.345422
13,24,8,14,10,4,3,5,3,0,0,1,1,0,0,0,0,12.336471,51.319047
13,24,8,14,12,4,3,5,7,0,0,1,1,0,0,0,0,12.388098,51.338134
13,24,8,14,15,4,3,5,3,0,0,1,1,0,0,0,0,12.388183,51.353518
13,24,8,15,11,5,3,3,2,0,0,1,1,0,0,0,0,12.371487,51.32058
13,24,8,15,13,5,3,4,6,0,0,1,0,0,0,0,0,12.433577,51.34414
13,24,8,15,14,5,3,5,3,0,0,1,0,0,0,0,1,12.377962,51.334095
13,24,8,15,15,5,3,6,4,0,0,1,0,1,0,0,0,12.393137,51.34474
13,24,8,15,16,5,3,3,2,0,0,1,0,0,0,0,1,12.39927,51.363464
13,24,8,16,6,6,3,5,3,0,0,1,1,0,0,0,0,12.333265,51.393715
13,24,8,16,7,6,3,5,3,0,0,1,0,0,0,0,1,12.339728,51.336295
13,24,8,16,10,6,2,4,2,0,0,1,1,0,0,0,0,12.372306,51.349599
13,24,8,16,17,6,3,0,1,0,0,1,0,0,0,0,0,12.361626,51.342426
13,24,8,16,20,6,3,0,7,1,0,1,0,0,0,0,0,12.464172,51.350615
13,24,8,17,16,7,3,6,7,0,0,1,0,1,0,0,0,12.38507,51.338323
13,24,8,19,7,2,3,4,2,0,0,1,1,0,0,0,0,12.395678,51.323663
13,24,8,19,18,2,3,3,6,0,0,1,0,0,0,0,1,12.365847,51.362461
13,24,8,19,19,2,3,3,2,0,0,1,1,0,0,0,0,12.381146,51.343829
13,24,8,20,9,3,3,3,2,0,0,1,1,0,0,0,0,12.412398,51.333424
13,24,8,20,10,3,3,4,3,0,0,1,0,0,0,1,0,12.367786,51.345477
13,24,8,20,11,3,3,6,4,0,0,1,0,1,0,0,0,12.38945,51.335878
13,24,8,20,14,3,2,4,2,0,0,1,1,0,0,0,0,12.311724,51.347665
13,24,8,20,15,3,3,3,6,0,0,1,1,0,0,0,0,12.365471,51.362618
13,24,8,20,16,3,3,0,1,0,0,1,0,0,0,0,0,12.355115,51.364854
13,24,8,21,12,4,2,4,2,0,0,1,1,0,0,0,0,12.39429,51.336777
13,24,8,21,13,4,3,3,2,0,0,1,1,0,0,0,0,12.403941,51.321734
13,24,8,21,15,4,3,3,6,0,0,1,1,0,0,0,0,12.394607,51.29231
13,24,8,21,17,4,3,5,3,0,0,1,0,0,0,0,0,12.345956,51.309355
13,24,8,21,20,4,3,1,5,0,0,1,1,0,0,0,0,12.392516,51.381572
13,24,8,22,5,5,3,4,6,1,0,1,1,0,0,0,0,12.378845,51.381121
13,24,8,22,10,5,3,5,3,0,0,1,1,0,0,0,0,12.37833,51.334561
13,24,8,22,13,5,2,8,1,0,0,1,0,0,0,0,0,12.38977,51.351756
13,24,8,22,16,5,3,3,6,0,0,1,1,0,0,0,0,12.336157,51.335458
13,24,8,22,18,5,3,5,3,0,0,1,1,0,0,0,0,12.475389,51.345626
13,24,8,23,11,6,3,5,3,0,0,1,1,0,0,0,0,12.27671,51.320797
13,24,8,23,12,6,3,5,3,0,0,1,1,0,0,0,0,12.480882,51.334863
13,24,8,23,13,6,2,3,6,0,0,1,1,0,0,0,0,12.378967,51.31496
13,24,8,24,12,7,3,1,5,0,0,1,1,0,0,0,0,12.426906,51.343144
13,24,8,24,16,7,3,0,1,0,0,1,0,0,0,0,0,12.328063,51.301759
13,24,8,24,18,7,3,3,2,0,0,1,1,0,0,0,0,12.392334,51.345361
13,24,8,25,7,1,3,0,7,0,0,1,0,0,0,0,0,12.373426,51.329137
13,24,8,26,7,2,3,0,1,0,0,1,0,0,0,0,0,12.330223,51.335711
13,24,8,26,15,2,3,5,3,0,0,1,1,0,0,0,0,12.401437,51.324208
13,24,8,26,17,2,3,4,6,0,0,1,0,1,0,0,0,12.384534,51.337136
13,24,8,26,22,2,3,5,3,2,0,1,1,0,0,0,0,12.3601,51.333821
13,24,8,27,7,3,3,5,1,0,0,1,0,0,0,0,0,12.352109,51.333498
13,24,8,27,8,3,2,3,2,0,0,1,1,0,0,0,0,12.403937,51.32174
13,24,8,27,18,3,3,5,2,0,0,1,1,0,0,0,0,12.377317,51.375872
13,24,8,28,12,4,3,5,3,0,0,1,0,0,0,0,1,12.472182,51.382713
13,24,8,28,16,4,3,3,2,0,0,1,1,0,0,0,0,12.373689,51.320563
13,24,8,28,17,4,3,0,7,0,0,1,0,0,0,0,0,12.376963,51.343913
13,24,8,28,18,4,3,0,7,0,0,1,0,0,0,0,0,12.391535,51.289453
13,24,8,29,7,5,3,1,6,0,0,1,0,0,0,0,0,12.353936,51.382194
13,24,8,29,9,5,3,6,7,0,0,1,0,1,0,0,0,12.384728,51.36577
13,24,8,29,12,5,3,5,3,0,0,1,1,0,0,0,0,12.401746,51.340395
13,24,8,29,13,5,3,5,3,0,0,1,1,0,0,0,0,12.286266,51.331136
13,24,8,29,13,5,3,5,3,0,0,1,1,0,0,0,0,12.412784,51.341565
13,24,8,29,17,5,3,1,7,0,0,1,1,0,0,0,0,12.317601,51.332158
13,24,8,29,17,5,3,0,7,0,0,1,0,0,0,0,1,12.335458,51.33855
13,24,8,29,18,5,3,8,7,0,0,1,0,0,0,0,0,12.260844,51.306658
13,24,8,29,20,5,3,0,1,1,0,1,0,0,0,0,0,12.378412,51.34684
13,24,8,30,14,6,3,5,3,0,0,1,1,0,0,0,0,12.410206,51.314684
13,24,8,30,19,6,3,6,4,0,0,1,0,1,0,0,0,12.406783,51.338112
13,24,8,30,21,6,2,0,7,2,0,1,0,0,0,0,0,12.369066,51.331631
13,24,8,30,21,6,3,2,6,2,0,1,1,0,0,0,0,12.37128,51.34448
13,24,8,31,12,7,3,5,3,0,0,1,0,0,0,1,0,12.426682,51.343469
13,24,8,31,15,7,3,0,1,0,0,1,0,0,0,0,0,12.396122,51.29446
13,24,8,31,17,7,3,3,6,0,0,1,0,0,0,0,1,12.391985,51.346328
13,24,8,31,23,7,3,0,7,2,0,1,0,0,0,0,0,12.368257,51.346972
13,24,9,1,1,1,3,1,1,2,0,1,1,0,0,0,0,12.384071,51.328163
13,24,9,1,14,1,3,1,1,0,0,1,1,0,0,0,0,12.334881,51.320482
13,24,9,1,17,1,3,7,7,0,0,1,0,0,0,0,1,12.322395,51.349988
13,24,9,2,7,2,3,5,3,0,0,1,1,0,0,0,0,12.478227,51.341476
13,24,9,2,11,2,3,6,4,0,0,1,0,1,0,0,0,12.398353,51.301687
13,24,9,2,16,2,3,3,2,0,0,1,1,0,0,0,0,12.399367,51.363476
13,24,9,2,19,2,3,4,2,0,0,1,1,0,0,0,0,12.327171,51.329607
13,24,9,2,19,2,3,5,3,0,0,1,1,0,0,0,0,12.373673,51.330512
13,24,9,3,5,3,3,5,3,1,0,1,1,0,0,0,0,12.305982,51.325191
13,24,9,3,6,3,3,5,3,0,0,1,0,0,0,1,0,12.362816,51.31422
13,24,9,3,13,3,2,4,7,0,0,1,0,0,0,0,0,12.335981,51.336635
13,24,9,3,16,3,3,5,3,0,0,1,1,0,0,0,0,12.326395,51.307937
13,24,9,4,5,4,3,4,6,1,0,1,1,0,0,0,0,12.375106,51.332809
13,24,9,4,7,4,3,3,2,0,0,1,1,0,0,0,0,12.331938,51.340292
13,24,9,4,9,4,3,2,6,0,0,1,0,0,0,0,0,12.352656,51.333072
13,24,9,4,14,4,2,5,3,0,0,1,1,0,0,0,0,12.341173,51.332345
13,24,9,4,15,4,3,1,5,0,0,1,1,0,0,0,0,12.349837,51.368883
13,24,9,4,16,4,3,4,2,0,0,1,1,0,0,0,0,12.346549,51.328957
13,24,9,4,21,4,3,5,3,2,0,1,0,0,0,0,0,12.336685,51.324223
13,24,9,4,23,4,2,0,1,2,0,1,0,0,0,0,0,12.412103,51.345207
13,24,9,5,6,5,3,5,2,0,0,1,1,0,0,0,0,12.369657,51.324493
13,24,9,5,8,5,3,5,3,0,0,1,1,0,0,0,0,12.347379,51.350506
13,24,9,5,8,5,3,2,6,0,0,1,1,0,0,0,0,12.358668,51.341982
13,24,9,5,12,5,3,0,1,0,0,1,0,0,0,0,0,12.330364,51.328564
13,24,9,5,15,5,3,7,7,0,0,1,0,0,0,0,0,12.311825,51.329242
13,24,9,5,15,5,3,0,1,0,0,1,0,0,0,0,0,12.369367,51.344163
13,24,9,5,16,5,2,5,3,0,0,1,1,0,0,0,0,12.279601,51.314805
13,24,9,5,16,5,3,4,2,0,0,1,1,0,0,0,0,12.348686,51.332118
13,24,9,5,19,5,3,2,6,1,0,1,0,0,0,0,0,12.269509,51.308106
13,24,9,5,22,5,2,5,3,2,0,1,1,0,0,0,0,12.371139,51.328932
13,24,9,6,9,6,3,5,2,0,0,1,1,0,0,0,0,12.396463,51.305436
13,24,9,6,10,6,2,6,6,0,0,1,0,1,0,0,0,12.37993,51.344331
13,24,9,6,10,6,3,2,6,0,0,1,0,0,0,0,1,12.404212,51.341639
13,24,9,6,11,6,3,5,3,0,0,1,1,0,0,0,0,12.328234,51.333548
13,24,9,6,12,6,3,0,2,0,0,1,1,0,0,0,0,12.358462,51.379206
13,24,9,6,13,6,3,2,2,0,0,1,1,0,0,0,0,12.3769,51.371089
13,24,9,6,14,6,3,5,3,0,0,1,1,0,0,0,0,12.372979,51.301377
13,24,9,6,15,6,3,5,3,0,0,1,1,0,0,0,0,12.452166,51.310313
13,24,9,8,9,1,3,1,5,0,0,1,1,0,0,0,0,12.332773,51.30507
13,24,9,8,12,1,3,5,3,0,0,1,1,0,0,0,0,12.374648,51.347756
13,24,9,8,16,1,3,5,3,0,0,1,1,0,0,0,0,12.352605,51.319454
13,24,9,9,6,2,3,5,3,0,1,1,1,0,0,0,0,12.369215,51.356621
13,24,9,9,10,2,3,3,7,0,1,1,1,0,0,0,0,12.373687,51.325998
13,24,9,9,10,2,3,5,3,0,1,1,1,0,0,0,0,12.406047,51.346867
13,24,9,9,12,2,3,6,7,0,0,1,0,1,0,0,0,12.369346,51.344206
13,24,9,9,15,2,3,0,3,0,0,1,0,0,0,0,1,12.299632,51.31621
13,24,9,9,16,2,3,5,3,0,0,1,1,0,0,0,0,12.281989,51.357923
13,24,9,9,16,2,3,0,7,0,0,1,0,0,0,0,0,12.397414,51.347387
13,24,9,10,13,3,3,3,2,0,0,1,1,0,0,0,0,12.38208,51.332575
13,24,9,10,18,3,3,2,2,0,0,1,1,0,0,0,0,12.421621,51.343727
13,24,9,11,6,4,3,1,5,1,0,1,1,0,0,0,0,12.374053,51.365192
13,24,9,11,11,4,3,0,7,0,0,1,0,0,0,0,0,12.376164,51.336827
13,24,9,11,12,4,3,5,3,0,0,1,1,0,0,0,0,12.310251,51.317723
13,24,9,11,15,4,3,0,3,0,0,1,0,0,0,0,1,12.265906,51.307296
13,24,9,12,7,5,3,5,3,0,0,1,1,0,0,0,0,12.366727,51.367252
13,24,9,12,8,5,3,5,3,0,0,1,0,0,0,0,1,12.354979,51.349574
13,24,9,12,9,5,3,6,4,0,0,1,0,1,0,0,0,12.330392,51.335729
13,24,9,12,11,5,3,0,1,0,0,1,0,0,0,0,0,12.348299,51.328682
13,24,9,12,18,5,3,5,3,0,0,1,0,0,0,0,1,12.281477,51.311489
13,24,9,13,12,6,3,5,3,0,0,1,1,0,0,0,0,12.325512,51.386978
13,24,9,13,13,6,2,4,7,0,0,1,1,0,0,0,0,12.37155,51.369805
13,24,9,14,17,7,3,0,3,0,0,1,1,0,0,0,0,12.362145,51.345012
13,24,9,14,18,7,3,3,6,0,0,1,0,0,0,0,0,12.338783,51.328105
13,24,9,14,18,7,3,3,6,0,0,1,0,0,0,0,1,12.373929,51.334048
13,24,9,15,13,1,3,5,3,0,0,1,1,0,0,0,0,12.247327,51.31816
13,24,9,15,16,1,3,3,5,0,0,1,1,0,0,0,0,12.41669,51.343429
13,24,9,16,8,2,3,3,2,0,1,1,1,0,0,0,0,12.393121,51.336963
13,24,9,16,12,2,3,4,7,0,1,1,1,0,0,0,0,12.41996,51.343796
13,24,9,17,15,3,3,3,2,0,0,1,1,0,0,0,0,12.369359,51.344179
13,24,9,17,16,3,3,0,7,0,0,1,0,0,0,0,0,12.363538,51.362873
13,24,9,17,22,3,2,5,3,2,0,1,1,0,0,0,0,12.382003,51.338602
13,24,9,18,7,4,3,4,3,0,1,1,1,0,0,0,0,12.389873,51.346561
13,24,9,18,15,4,3,3,2,0,0,1,1,0,0,0,0,12.408633,51.351897
13,24,9,19,16,5,3,0,5,0,0,1,0,0,0,0,1,12.373289,51.308046
13,24,9,19,16,5,3,5,2,0,0,1,1,0,0,0,0,12.384925,51.338364
13,24,9,19,17,5,3,6,4,0,0,1,0,1,0,0,0,12.323107,51.342157
13,24,9,20,6,6,3,3,2,0,0,1,1,0,0,0,0,12.40664,51.314024
13,24,9,21,14,7,3,2,7,0,0,1,1,0,0,0,0,12.39476,51.376366
13,24,9,22,8,1,3,0,1,0,0,1,0,0,0,0,0,12.382773,51.375922
13,24,9,22,21,1,3,3,6,2,0,1,1,0,0,0,0,12.370859,51.335031
13,24,9,23,11,2,3,5,2,0,0,1,1,0,0,0,0,12.260837,51.301574
13,24,9,23,11,2,2,5,3,0,0,1,1,0,0,0,0,12.319132,51.330971
13,24,9,23,13,2,3,0,6,0,0,1,1,0,0,0,0,12.412889,51.341669