UKREIS,UJAHR,UMONAT,UTAG,USTUNDE,UWOCHENTAG,UKATEGORIE,UART,UTYP,LICHT,USTRZUSTAND,IstRad,IstPKW,IstFuss,IstKrad,IstGkfz,IstSonstige,@lon,@lat
13,24,9,23,14,2,3,2,6,0,0,1,1,0,0,0,0,12.300619,51.336161
13,24,9,23,15,2,2,5,3,0,0,1,1,0,0,0,0,12.378478,51.376772
13,24,9,23,17,2,3,3,2,0,0,1,1,0,0,0,0,12.382079,51.332573
13,24,9,24,7,3,3,7,7,0,1,1,0,0,0,0,0,12.393562,51.351352
13,24,9,24,8,3,3,5,3,0,1,1,1,0,0,0,0,12.385093,51.337982
13,24,9,24,18,3,3,0,1,0,1,1,0,0,0,0,0,12.346636,51.35084
13,24,9,24,19,3,3,0,1,2,0,1,0,0,0,0,0,12.414454,51.345108
13,24,9,25,8,4,3,1,5,0,0,1,1,0,0,0,0,12.39833,51.319992
13,24,9,25,11,4,3,0,4,0,0,1,0,1,0,0,0,12.387075,51.309281
13,24,9,25,15,4,3,3,3,0,0,1,0,0,0,0,1,12.344754,51.318949
13,24,9,25,19,4,3,0,1,2,0,1,0,0,0,0,0,12.331997,51.335921
13,24,9,26,5,5,2,5,3,2,1,1,1,0,0,0,0,12.417481,51.316068
13,24,9,26,10,5,3,0,3,0,1,1,1,0,0,0,0,12.41946,51.348053
13,24,9,26,11,5,3,0,1,0,1,1,0,0,0,0,0,12.376272,51.308626
13,24,9,26,15,5,2,4,3,0,0,1,1,0,0,0,0,12.404197,51.35781
13,24,9,26,16,5,2,4,2,0,0,1,1,0,0,0,0,12.411271,51.342056
13,24,9,27,9,6,3,6,6,0,1,1,0,1,0,0,0,12.352223,51.29167
13,24,9,28,15,7,3,0,1,0,1,1,1,0,0,0,0,12.298881,51.356481
13,24,9,28,16,7,3,5,3,0,0,1,1,0,0,0,0,12.326715,51.307326
13,24,9,28,17,7,3,0,7,1,0,1,0,0,0,0,0,12.366609,51.362175
13,24,9,28,17,7,2,5,2,0,0,1,0,0,0,0,0,12.371978,51.322128
13,24,9,29,19,1,3,6,6,1,0,1,0,1,0,0,0,12.378406,51.343703
13,24,9,30,11,2,3,0,7,0,0,1,0,0,0,0,0,12.359122,51.366486
13,24,9,30,14,2,3,3,2,0,0,1,1,0,0,0,0,12.394433,51.336803
13,24,10,1,6,3,3,3,2,0,1,1,1,0,0,0,0,12.354177,51.340108
13,24,10,1,6,3,2,5,3,1,1,1,1,0,0,0,0,12.376974,51.344501
13,24,10,1,14,3,3,5,2,0,0,1,1,0,0,0,0,12.430516,51.351327
13,24,10,1,18,3,3,6,4,1,0,1,0,1,0,0,0,12.381049,51.366079
13,24,10,2,7,4,3,4,6,0,0,1,0,0,0,0,0,12.367161,51.335988
13,24,10,2,11,4,3,0,1,0,0,1,0,0,0,0,0,12.394413,51.314585
13,24,10,2,17,4,3,1,2,0,0,1,1,0,0,0,0,12.369729,51.324475
13,24,10,2,17,4,3,5,2,0,0,1,1,0,0,0,0,12.384923,51.338128
13,24,10,4,16,6,3,5,3,0,0,1,1,0,0,0,0,12.39828,51.339259
13,24,10,6,14,1,3,3,3,0,0,1,1,0,0,0,0,12.352066,51.333474
13,24,10,7,15,2,3,0,1,0,1,1,0,0,0,0,0,12.360135,51.342177
13,24,10,7,16,2,2,0,1,0,0,1,0,0,0,0,0,12.375246,51.364751
13,24,10,7,17,2,3,1,7,0,1,1,1,0,0,0,0,12.338796,51.332386
13,24,10,7,17,2,3,3,7,0,1,1,0,0,0,0,1,12.351705,51.333275
13,24,10,8,4,3,3,1,7,2,1,1,1,0,0,0,0,12.354369,51.362385
13,24,10,8,7,3,3,1,1,0,1,1,1,0,0,0,0,12.379492,51.327038
13,24,10,8,8,3,3,0,1,0,0,1,0,0,0,0,0,12.298334,51.356907
13,24,10,8,15,3,3,5,2,0,0,1,1,0,0,0,0,12.281478,51.31158
13,24,10,9,5,4,3,0,1,2,1,1,0,0,0,0,0,12.339421,51.333952
13,24,10,9,11,4,3,3,2,0,1,1,1,0,0,0,0,12.37152,51.314689
13,24,10,9,16,4,3,3,6,0,0,1,0,0,0,0,0,12.341415,51.386565
13,24,10,10,17,5,3,0,1,0,0,1,0,0,0,0,0,12.405776,51.345538
13,24,10,11,18,6,3,6,4,0,0,1,0,1,0,0,0,12.318375,51.32735
13,24,10,14,15,2,3,5,3,0,0,1,1,0,0,0,0,12.368855,51.320954
13,24,10,14,16,2,3,0,7,0,0,1,0,0,0,0,0,12.370683,51.335236
13,24,10,15,8,3,3,5,3,0,1,1,1,0,0,0,0,12.367564,51.32079
13,24,10,15,9,3,3,5,3,0,0,1,0,0,0,0,0,12.328725,51.333842
13,24,10,15,9,3,3,3,6,0,0,1,1,0,0,0,0,12.403965,51.338426
13,24,10,15,15,3,3,0,1,0,0,1,0,0,0,0,0,12.378038,51.347764
13,24,10,15,16,3,2,6,4,0,0,1,0,1,0,0,0,12.290566,51.318236
13,24,10,15,16,3,3,5,2,0,0,1,1,0,0,0,0,12.430564,51.365619
13,24,10,16,11,4,3,3,3,0,0,1,1,0,0,0,0,12.3782,51.375806
13,24,10,16,11,4,3,3,2,0,0,1,1,0,0,0,0,12.385459,51.376152
13,24,10,16,17,4,3,5,3,2,0,1,1,0,0,0,0,12.394407,51.314615
13,24,10,17,14,5,3,6,4,0,0,1,0,1,0,0,0,12.330526,51.329893
13,24,10,17,14,5,3,3,2,0,0,1,1,0,0,0,0,12.334693,51.349843
13,24,10,17,18,5,3,3,6,1,0,1,1,0,0,0,0,12.373519,51.329932
13,24,10,18,9,6,3,0,6,0,0,1,0,0,0,0,1,12.323927,51.260132
13,24,10,18,14,6,3,0,1,0,0,1,0,0,0,0,0,12.34654,51.328968
13,24,10,19,13,7,2,1,5,0,0,1,1,0,0,0,0,12.378134,51.371222
13,24,10,20,12,1,3,0,1,0,0,1,0,0,0,0,0,12.406664,51.357271
13,24,10,21,1,2,3,0,1,2,0,1,0,0,0,0,0,12.32885,51.32527
13,24,10,21,15,2,3,5,2,0,0,1,1,0,0,0,0,12.381719,51.320438
13,24,10,21,18,2,2,0,7,2,0,1,0,0,0,0,0,12.36013,51.301073
13,24,10,22,6,3,3,5,3,2,0,1,1,0,0,0,0,12.31997,51.330279
13,24,10,22,17,3,3,3,2,0,0,1,1,0,0,0,0,12.39133,51.347421
13,24,10,22,22,3,3,0,2,2,0,1,0,0,0,0,1,12.369027,51.359678
13,24,10,23,8,4,3,5,2,0,0,1,1,0,0,0,0,12.370855,51.336381
13,24,10,23,15,4,3,6,4,0,0,1,0,1,0,0,0,12.374454,51.3399
13,24,10,23,15,4,3,5,3,0,0,1,1,0,0,0,0,12.413909,51.316965
13,24,10,23,20,4,3,0,7,2,0,1,0,0,0,0,0,12.383922,51.335928
13,24,10,24,6,5,3,4,6,2,0,1,0,0,0,0,0,12.388974,51.309217
13,24,10,24,8,5,3,5,3,0,0,1,0,0,0,0,1,12.329399,51.332975
13,24,10,24,11,5,3,5,3,0,0,1,1,0,0,0,0,12.372979,51.301377
13,24,10,24,12,5,3,5,3,0,0,1,1,0,0,0,0,12.366734,51.340535
13,24,10,24,12,5,3,9,6,0,0,1,1,0,0,0,0,12.368674,51.357335
13,24,10,24,18,5,3,5,2,2,0,1,1,0,0,0,0,12.380078,51.339216
13,24,10,25,7,6,3,5,3,1,0,1,1,0,0,0,0,12.455758,51.39215
13,24,10,25,10,6,3,2,6,0,0,1,0,0,0,0,0,12.388172,51.338179
13,24,10,25,16,6,3,0,1,0,0,1,0,0,0,0,0,12.457871,51.345618
13,24,10,25,17,6,3,0,7,0,0,1,0,1,0,0,0,12.347443,51.334488
13,24,10,26,9,7,3,0,1,0,0,1,0,0,0,0,0,12.306283,51.33404
13,24,10,26,12,7,3,4,2,0,0,1,0,0,0,0,1,12.339972,51.337297
13,24,10,26,12,7,3,5,3,0,0,1,1,0,0,0,0,12.401349,51.318956
13,24,10,26,15,7,3,1,5,0,0,1,1,0,0,0,0,12.37679,51.343252
13,24,10,26,16,7,3,3,6,0,0,1,1,0,0,0,1,12.398447,51.322453
13,24,10,26,17,7,3,1,3,0,0,1,1,0,0,0,0,12.371201,51.33263
13,24,10,26,17,7,2,5,3,0,0,1,0,0,0,0,1,12.380937,51.342032
13,24,10,27,17,1,3,0,1,1,0,1,0,0,0,0,0,12.380864,51.342064
13,24,10,27,19,1,3,5,2,2,1,1,1,0,0,0,0,12.409649,51.32642
13,24,10,28,7,2,3,0,1,0,1,1,0,0,0,0,0,12.332443,51.337851
13,24,10,28,7,2,3,0,6,0,1,1,1,0,0,0,0,12.419238,51.323139
13,24,10,28,19,2,3,0,1,2,0,1,0,0,0,0,0,12.300478,51.269301
13,24,10,29,13,3,3,2,6,0,0,1,0,0,0,0,0,12.378978,51.392942
13,24,10,29,17,3,3,3,2,2,0,1,1,0,0,0,0,12.377886,51.333978
13,24,10,29,18,3,2,4,6,2,0,1,0,0,1,0,0,12.464461,51.304839
13,24,10,30,7,4,3,1,5,0,1,1,1,0,0,0,0,12.379166,51.340261
13,24,10,30,7,4,3,9,1,0,1,1,0,0,0,0,0,12.409592,51.332625
13,24,10,30,16,4,3,5,3,2,1,1,1,0,0,0,0,12.464376,51.350538
13,24,10,30,17,4,3,6,4,2,1,1,0,1,0,0,0,12.334265,51.319513
13,24,10,30,17,4,3,3,6,2,1,1,1,0,0,0,0,12.373703,51.331759
13,24,10,30,22,4,3,3,2,2,1,1,1,0,0,0,0,12.395684,51.346075
13,24,11,1,9,6,3,5,3,0,0,1,1,0,0,0,0,12.40038,51.345864
13,24,11,1,9,6,3,5,3,0,0,1,0,0,0,0,1,12.404126,51.332106
13,24,11,2,18,7,3,5,3,2,0,1,1,0,0,0,0,12.379645,51.327613
13,24,11,3,8,1,3,0,1,0,0,1,0,0,0,0,0,12.338454,51.327159
13,24,11,4,11,2,3,1,5,0,1,1,0,0,0,0,1,12.424158,51.312406
13,24,11,4,13,2,3,3,2,0,0,1,1,0,0,0,0,12.373648,51.333029
13,24,11,5,7,3,3,4,3,0,0,1,0,0,0,0,0,12.376686,51.341337
13,24,11,5,9,3,3,5,3,0,1,1,0,0,0,0,0,12.317345,51.320876
13,24,11,5,15,3,3,0,7,0,0,1,0,0,0,0,0,12.307768,51.274046
13,24,11,5,21,3,3,0,7,2,0,1,0,0,0,0,0,12.394633,51.3547
13,24,11,7,16,5,3,0,1,2,0,1,0,0,0,0,0,12.369593,51.360258
13,24,11,8,19,6,3,5,3,0,0,1,1,0,0,0,0,12.382719,51.343462
13,24,11,11,6,2,3,1,7,1,1,1,1,0,0,0,0,12.322016,51.350567
13,24,11,11,7,2,3,5,3,2,1,1,1,0,0,0,0,12.347375,51.350472
13,24,11,11,8,2,3,0,1,0,1,1,0,0,0,0,0,12.345403,51.34515
13,24,11,12,6,3,3,0,6,1,0,1,0,0,0,0,1,12.422579,51.303619
13,24,11,12,19,3,3,3,6,2,1,1,0,0,0,0,0,12.36679,51.34051
13,24,11,13,0,4,3,6,6,2,0,1,0,1,0,0,0,12.427688,51.343697
13,24,11,13,14,4,2,5,3,0,0,1,1,0,0,0,0,12.315115,51.354729
13,24,11,13,18,4,3,3,2,2,0,1,1,0,0,0,0,12.331426,51.349658
13,24,11,14,8,5,3,3,2,0,1,1,1,0,0,0,0,12.403105,51.365402
13,24,11,14,16,5,3,0,1,1,1,1,0,0,0,0,0,12.332653,51.337898
13,24,11,14,17,5,3,5,3,2,1,1,1,0,0,0,0,12.374631,51.347967
13,24,11,15,7,6,3,5,3,0,1,1,1,0,0,0,0,12.373422,51.351655
13,24,11,15,13,6,3,5,3,0,0,1,1,0,0,0,0,12.38729,51.332457
13,24,11,15,17,6,3,4,6,2,0,1,0,0,0,0,0,12.376427,51.351422
13,24,11,16,15,7,3,5,3,0,0,1,1,0,0,0,0,12.392464,51.345406
13,24,11,16,17,7,3,4,2,2,0,1,1,0,0,0,0,12.373697,51.332289
13,24,11,17,11,1,3,5,2,0,1,1,1,0,0,0,0,12.309069,51.315244
13,24,11,18,7,2,3,0,1,0,1,1,0,0,0,0,0,12.378567,51.330699
13,24,11,18,11,2,3,0,1,0,1,1,0,0,0,0,0,12.311849,51.347679
13,24,11,18,15,2,3,0,7,0,0,1,0,0,0,0,0,12.361017,51.361235
13,24,11,19,14,3,3,5,3,0,1,1,1,0,0,0,0,12.395229,51.332211
13,24,11,19,16,3,2,5,3,1,1,1,1,0,0,0,0,12.411245,51.325034
13,24,11,20,19,4,3,5,2,2,1,1,1,0,0,0,0,12.36273,51.33898
13,24,11,21,8,5,3,1,5,0,0,1,1,0,0,0,0,12.326246,51.342257
13,24,11,21,15,5,3,5,2,0,0,1,0,0,0,0,1,12.40135,51.324202
13,24,11,21,15,5,3,6,6,0,0,1,0,1,0,0,0,12.477718,51.272796
13,24,11,21,17,5,3,5,3,2,0,1,1,0,0,0,0,12.366743,51.340531
13,24,11,22,14,6,3,5,3,0,0,1,1,0,0,0,0,12.389734,51.344625
13,24,11,22,15,6,3,4,5,0,1,1,1,0,0,0,0,12.385098,51.331751
13,24,11,22,20,6,2,4,2,2,0,1,1,0,0,0,0,12.373738,51.331167
13,24,11,26,7,3,3,0,1,0,1,1,0,0,0,0,0,12.409336,51.399596
13,24,11,26,13,3,3,3,2,0,1,1,1,0,0,0,0,12.382075,51.332566
13,24,11,26,17,3,3,5,3,2,0,1,1,0,0,0,0,12.376783,51.353274
13,24,11,27,5,4,3,3,2,2,0,1,0,0,0,0,0,12.412367,51.393214
13,24,11,27,6,4,2,5,3,0,0,1,1,0,0,0,0,12.376841,51.324192
13,24,11,27,9,4,3,1,7,0,0,1,1,0,0,0,0,12.323433,51.343883
13,24,11,27,14,4,3,5,3,0,0,1,0,0,0,0,0,12.329235,51.33557
13,24,11,27,16,4,3,4,2,1,1,1,0,0,0,0,0,12.342727,51.350819
13,24,11,27,19,4,3,4,6,2,0,1,0,0,0,0,0,12.428024,51.35155
13,24,11,29,7,6,3,0,7,1,1,1,1,0,0,0,0,12.403897,51.328354
13,24,12,1,17,1,2,5,2,2,0,1,1,0,0,0,0,12.290938,51.324177
13,24,12,3,7,3,3,0,1,1,2,1,0,0,0,0,0,12.377645,51.373263
13,24,12,3,7,3,3,3,2,2,1,1,1,0,0,0,0,12.399638,51.361862
13,24,12,3,7,3,3,5,2,1,1,1,1,0,0,0,0,12.455985,51.365474
13,24,12,3,14,3,3,5,3,0,1,1,1,0,0,0,0,12.327297,51.325443
13,24,12,3,17,3,3,5,3,2,1,1,1,0,0,0,0,12.344385,51.332203
13,24,12,3,17,3,3,4,6,2,1,1,0,0,0,0,0,12.411687,51.314601
13,24,12,4,8,4,3,0,1,0,1,1,0,0,0,0,0,12.314251,51.348679
13,24,12,4,8,4,3,3,2,0,1,1,1,0,0,0,0,12.388799,51.322303
13,24,12,4,21,4,3,5,2,2,1,1,1,0,0,0,0,12.369657,51.324493
13,24,12,5,17,5,3,3,2,2,0,1,1,0,0,0,0,12.372062,51.342257
13,24,12,5,19,5,3,0,1,2,0,1,0,0,0,0,0,12.323642,51.318593
13,24,12,5,19,5,3,5,3,2,0,1,1,0,0,0,0,12.438231,51.380131
13,24,12,5,23,5,3,0,1,2,0,1,0,0,0,0,0,12.365706,51.357342
13,24,12,6,16,6,3,5,2,2,1,1,1,0,0,0,0,12.334277,51.319294
13,24,12,6,16,6,3,5,3,2,1,1,0,0,0,0,1,12.374135,51.304096
13,24,12,7,11,7,3,3,2,0,1,1,1,0,0,0,0,12.411425,51.331014
13,24,12,7,15,7,3,5,3,0,1,1,1,0,0,0,0,12.420513,51.319243
13,24,12,7,18,7,3,2,2,2,1,1,1,0,0,0,0,12.371291,51.329963
13,24,12,7,20,7,3,3,2,2,1,1,1,0,0,0,0,12.40762,51.339309
13,24,12,8,13,1,3,0,1,0,0,1,0,0,0,0,0,12.333462,51.371199
13,24,12,9,9,2,3,3,2,0,0,1,1,0,0,0,0,12.358061,51.344125
13,24,12,10,8,3,3,5,3,0,1,1,1,0,0,0,0,12.371117,51.34443
13,24,12,10,9,3,3,6,6,0,1,1,0,1,0,0,0,12.377915,51.374289
13,24,12,11,13,4,2,5,2,0,1,1,1,0,0,0,0,12.421447,51.379272
13,24,12,11,17,4,3,5,3,1,1,1,0,0,0,0,0,12.376648,51.357178
13,24,12,12,9,5,3,3,6,0,0,1,1,0,0,0,0,12.409603,51.345337
13,24,12,13,10,6,3,5,3,0,0,1,1,0,0,0,0,12.385071,51.337996
13,24,12,13,11,6,3,1,2,0,0,1,1,0,0,0,0,12.427952,51.357472
13,24,12,15,15,1,3,0,1,0,1,1,0,0,0,0,0,12.33022,51.337239
13,24,12,15,18,1,3,5,2,2,1,1,1,0,0,0,0,12.352955,51.341992
13,24,12,15,22,1,3,0,1,2,1,1,0,0,0,0,0,12.355022,51.349496
13,24,12,16,17,2,3,3,6,2,0,1,1,0,0,0,0,12.362373,51.332894
13,24,12,17,7,3,3,5,3,1,0,1,1,0,0,0,0,12.405992,51.313915
13,24,12,18,6,4,3,2,2,2,0,1,1,0,0,0,0,12.373716,51.305614
13,24,12,18,6,4,2,5,3,2,0,1,1,0,0,0,0,12.430563,51.365463
13,24,12,18,7,4,3,1,5,2,0,1,1,0,0,0,0,12.370289,51.326238
13,24,12,18,16,4,3,3,3,1,0,1,0,0,0,0,1,12.388373,51.344084
13,24,12,18,22,4,3,4,2,2,0,1,1,0,0,0,0,12.392384,51.330402
13,24,12,19,2,5,2,0,7,2,0,1,0,0,0,0,0,12.356986,51.345954
13,24,12,19,17,5,3,8,1,2,1,1,0,0,0,0,0,12.310998,51.413533
13,24,12,23,7,2,3,0,1,1,1,1,0,0,0,0,0,12.326069,51.30727
13,24,12,23,8,2,3,0,1,0,2,1,0,0,0,0,0,12.362155,51.332091
13,24,12,23,8,2,3,0,1,0,1,1,0,0,0,0,0,12.370355,51.361052
13,24,12,23,8,2,3,0,1,0,2,1,0,0,0,0,0,12.396576,51.308906
13,24,12,25,18,4,2,0,7,2,0,1,0,0,0,0,0,12.405038,51.323036
13,24,12,28,14,7,3,3,6,0,0,1,1,0,0,0,0,12.364892,51.362676
13,24,12,30,13,2,3,3,6,0,0,1,1,0,0,0,0,12.388663,51.342542
13,24,12,30,18,2,3,5,7,2,0,1,1,0,0,0,0,12.295699,51.317772
13,24,12,31,13,3,3,1,5,0,0,1,1,0,0,0,0,12.350861,51.36524
13,25,1,2,14,5,3,6,4,0,0,1,0,1,0,0,0,12.39114,51.324243
13,25,1,2,19,5,3,0,7,2,1,1,0,0,0,0,0,12.372271,51.307158
13,25,1,3,5,6,3,5,3,2,1,1,1,0,0,0,0,12.445079,51.342587
13,25,1,3,11,6,3,5,2,0,0,1,1,0,0,0,0,12.405988,51.335938
13,25,1,3,19,6,3,3,6,2,2,1,1,0,0,0,0,12.379325,51.326434
13,25,1,5,9,1,3,0,7,0,0,1,0,0,0,0,0,12.46835,51.36263
13,25,1,6,9,2,3,5,2,0,0,1,1,0,0,0,0,12.380667,51.306522
13,25,1,6,11,2,3,5,2,0,0,1,1,0,0,0,0,12.367738,51.35847
13,25,1,6,15,2,3,2,6,0,0,1,0,0,0,0,0,12.407412,51.318255
13,25,1,6,18,2,3,5,2,2,0,1,1,0,0,0,0,12.480435,51.332768
13,25,1,7,7,3,3,1,7,2,0,1,0,0,0,0,1,12.413191,51.323515
13,25,1,7,12,3,3,5,3,0,0,1,1,0,0,0,0,12.445696,51.350694
13,25,1,7,15,3,3,3,2,0,0,1,1,0,0,0,0,12.378155,51.375847
13,25,1,8,7,4,3,0,7,0,2,1,0,0,0,0,0,12.270975,51.308668
13,25,1,8,8,4,3,0,1,0,2,1,0,0,0,0,0,12.395024,51.342737
13,25,1,8,9,4,3,0,1,0,2,1,0,0,0,0,0,12.370481,51.327908
13,25,1,8,10,4,2,0,1,0,2,1,0,0,0,0,0,12.359976,51.332118
13,25,1,8,12,4,3,3,6,0,0,1,1,0,0,0,0,12.412791,51.375222
13,25,1,8,18,4,3,5,2,2,0,1,1,0,0,0,0,12.368473,51.314696
13,25,1,9,14,5,3,0,3,0,1,1,1,0,0,0,0,12.371545,51.336596
13,25,1,9,16,5,2,5,3,1,1,1,1,0,0,0,0,12.362934,51.330625
13,25,1,9,23,5,2,5,3,2,2,1,0,0,0,0,1,12.373574,51.319644
13,25,1,11,13,7,3,1,5,0,0,1,1,0,0,0,0,12.336843,51.324572
13,25,1,11,18,7,3,0,1,2,1,1,0,0,0,0,0,12.420891,51.325575
13,25,1,13,15,2,3,5,2,0,0,1,1,0,0,0,0,12.448876,51.325842
13,25,1,14,7,3,3,5,3,1,0,1,1,0,0,0,0,12.441681,51.326699
13,25,1,14,12,3,3,5,3,0,0,1,1,0,0,0,0,12.361594,51.332739
13,25,1,14,13,3,3,1,5,0,0,1,1,0,0,0,0,12.387266,51.332235
13,25,1,14,16,3,3,5,2,2,0,1,1,0,0,0,0,12.349314,51.348486
13,25,1,14,16,3,3,3,2,2,0,1,1,0,0,0,0,12.373666,51.330512
13,25,1,15,19,4,3,5,3,2,1,1,1,0,0,0,0,12.37336,51.353062
13,25,1,16,7,5,3,5,3,0,1,1,1,0,0,0,0,12.363547,51.329157
13,25,1,16,7,5,3,5,3,1,1,1,1,0,0,0,0,12.369135,51.320892
13,25,1,16,18,5,3,4,2,1,1,1,1,0,0,0,0,12.39519,51.33904
13,25,1,17,7,6,3,6,6,0,0,1,0,1,0,0,0,12.302466,51.324403
13,25,1,17,9,6,3,5,3,0,0,1,1,0,0,0,0,12.374118,51.303343
13,25,1,17,11,6,3,5,3,0,0,1,0,0,0,0,0,12.3987,51.332208
13,25,1,20,6,2,2,5,2,2,0,1,1,0,0,0,0,12.394854,51.342722
13,25,1,20,9,2,3,3,2,0,0,1,1,0,0,0,0,12.395376,51.34106
13,25,1,20,12,2,3,1,7,0,0,1,0,0,0,0,1,12.393452,51.322856
13,25,1,20,17,2,3,0,1,2,0,1,0,0,0,0,0,12.374604,51.347729
13,25,1,21,7,3,3,5,2,2,1,1,1,0,0,0,0,12.301818,51.342658
13,25,1,23,7,5,3,5,3,1,1,1,0,0,0,0,1,12.373569,51.319583
13,25,1,23,8,5,2,5,3,0,1,1,1,0,0,0,0,12.38696,51.358544
13,25,1,26,11,1,3,3,5,0,0,1,1,0,0,0,0,12.364319,51.34129
13,25,1,28,7,3,3,3,2,0,0,1,1,0,0,0,0,12.356575,51.364517
13,25,1,28,9,3,3,0,1,0,0,1,0,0,0,0,0,12.324726,51.323254
13,25,1,28,9,3,3,5,3,0,0,1,1,0,0,0,0,12.407489,51.351308
13,25,1,28,13,3,3,4,2,0,1,1,0,0,0,0,1,12.411168,51.342105
13,25,1,31,7,6,3,1,5,0,1,1,1,0,0,0,0,12.39634,51.33216
13,25,1,31,8,6,3,1,5,0,1,1,1,0,0,0,0,12.399164,51.348059
13,25,2,3,7,2,3,5,3,1,0,1,1,0,0,0,0,12.387455,51.357024
13,25,2,4,7,3,3,5,3,0,2,1,1,0,0,0,0,12.454258,51.30927
13,25,2,4,14,3,3,7,1,0,0,1,0,0,0,0,0,12.456653,51.409543
13,25,2,4,16,3,2,3,2,0,0,1,1,0,0,0,0,12.395024,51.342737
13,25,2,5,11,4,2,0,1,0,1,1,0,0,0,0,0,12.313091,51.312292
13,25,2,6,13,5,3,3,2,0,0,1,1,0,0,0,0,12.38215,51.338853
13,25,2,6,14,5,3,5,2,0,0,1,1,0,0,0,0,12.461222,51.36736
13,25,2,6,15,5,3,2,2,0,0,1,1,0,0,0,0,12.410681,51.335027
13,25,2,7,12,6,3,6,7,0,0,1,0,1,0,0,0,12.273836,51.321801
13,25,2,7,15,6,3,5,3,0,0,1,0,0,0,0,1,12.373318,51.353079
13,25,2,7,18,6,3,3,2,2,0,1,1,0,0,0,0,12.357034,51.320491
13,25,2,7,21,6,3,2,6,2,0,1,1,0,0,0,0,12.504476,51.303895
13,25,2,8,11,7,3,1,5,0,0,1,1,0,0,0,0,12.413779,51.319195
13,25,2,8,14,7,3,0,7,0,0,1,0,0,0,0,0,12.383292,51.329361
13,25,2,9,15,1,3,0,6,0,0,1,1,0,0,0,0,12.36129,51.339777
13,25,2,9,18,1,2,1,5,2,0,1,1,0,0,0,0,12.333315,51.332753
13,25,2,12,7,4,3,4,2,0,0,1,1,0,0,0,0,12.371338,51.34626
13,25,2,12,16,4,3,5,2,0,0,1,1,0,0,0,0,12.381818,51.320654
13,25,2,12,18,4,3,2,6,2,1,1,1,0,0,0,0,12.369367,51.344163
13,25,2,12,22,4,3,0,1,2,0,1,0,0,0,0,0,12.372806,51.337664
13,25,2,13,10,5,2,5,2,0,0,1,0,0,0,0,0,12.399577,51.334394
13,25,2,13,18,5,3,5,3,2,2,1,1,0,0,0,0,12.393168,51.336923
13,25,2,14,11,6,3,4,2,0,1,1,1,0,0,0,0,12.371378,51.346279
13,25,2,14,13,6,3,5,3,0,2,1,1,0,0,0,0,12.3652,51.361245
13,25,2,14,20,6,3,5,3,2,2,1,1,0,0,0,0,12.431553,51.351303
13,25,2,18,8,3,3,5,2,0,0,1,1,0,0,0,0,12.422302,51.351688
13,25,2,19,13,4,3,5,3,0,0,1,1,0,0,0,0,12.305711,51.326066
13,25,2,20,13,5,3,3,2,0,0,1,1,0,0,0,0,12.373648,51.333021
13,25,2,21,8,6,3,4,2,0,1,1,1,0,0,0,0,12.386001,51.327036
13,25,2,21,11,6,3,5,3,0,0,1,1,0,0,0,0,12.279539,51.314826
13,25,2,23,8,1,3,5,3,0,0,1,1,0,0,0,0,12.47809,51.336474
13,25,2,23,11,1,3,1,7,0,0,1,1,0,0,0,0,12.375807,51.366022
13,25,2,24,11,2,3,0,1,0,0,1,0,0,0,0,0,12.326862,51.298157
13,25,2,24,17,2,3,0,6,0,0,1,0,0,0,0,0,12.401694,51.363783
13,25,2,25,11,3,2,0,1,0,1,1,0,0,0,0,0,12.315455,51.356154
13,25,2,25,18,3,3,5,3,1,0,1,1,0,0,0,0,12.372308,51.349599
13,25,2,26,17,4,3,3,2,2,1,1,0,0,0,0,1,12.380129,51.330243
13,25,2,26,17,4,3,4,7,1,1,1,1,0,0,0,0,12.400679,51.336207
13,25,2,26,21,4,3,3,2,2,1,1,1,0,0,0,0,12.429808,51.379587
13,25,2,27,20,5,3,5,2,2,1,1,1,0,0,0,0,12.380631,51.306536
13,25,3,1,19,7,3,5,3,2,0,1,1,0,0,0,0,12.436407,51.305658
13,25,3,2,5,1,3,0,1,2,1,1,0,0,0,0,0,12.410099,51.352841
13,25,3,2,18,1,3,3,2,1,0,1,1,0,0,0,0,12.33189,51.335908
13,25,3,3,19,2,3,5,3,2,0,1,1,0,0,0,0,12.392746,51.33704
13,25,3,3,21,2,3,5,3,2,0,1,0,0,0,1,0,12.283582,51.401112
13,25,3,4,9,3,3,5,2,0,0,1,1,0,0,0,0,12.385152,51.339459
13,25,3,4,13,3,3,4,2,0,0,1,0,0,0,0,0,12.411231,51.332358
13,25,3,4,15,3,2,5,3,0,0,1,1,0,0,0,0,12.378382,51.332214
13,25,3,5,14,4,3,6,4,0,0,1,0,1,0,0,0,12.374274,51.363635
13,25,3,5,17,4,3,5,7,0,0,1,1,0,0,0,0,12.334856,51.320443
13,25,3,5,19,4,3,0,1,2,0,1,0,0,0,0,0,12.396972,51.336546
13,25,3,6,16,5,3,5,2,0,0,1,1,0,0,0,0,12.333964,51.335991
13,25,3,7,11,6,3,5,3,0,0,1,1,0,0,0,0,12.398366,51.339219