UKREIS,UJAHR,UMONAT,UTAG,USTUNDE,UWOCHENTAG,UKATEGORIE,UART,UTYP,LICHT,USTRZUSTAND,IstRad,IstPKW,IstFuss,IstKrad,IstGkfz,IstSonstige,@lon,@lat
13,25,3,7,13,6,3,1,5,0,0,1,1,0,0,0,0,12.390279,51.335329
13,25,3,7,16,6,3,5,3,0,0,1,1,0,0,0,0,12.371458,51.338134
13,25,3,7,18,6,3,5,3,1,0,1,1,0,0,0,0,12.391857,51.32368
13,25,3,8,9,7,3,5,3,0,0,1,1,0,0,0,0,12.387853,51.355848
13,25,3,8,13,7,3,0,6,0,0,1,0,0,0,0,1,12.323357,51.328466
13,25,3,9,12,1,3,5,3,0,0,1,0,0,0,0,0,12.389771,51.34458
13,25,3,10,5,2,3,5,3,1,0,1,1,0,0,0,0,12.309437,51.33076
13,25,3,10,12,2,3,0,1,0,0,1,0,0,0,0,0,12.468537,51.337948
13,25,3,10,13,2,3,4,2,0,0,1,1,0,0,0,0,12.373195,51.347497
13,25,3,10,16,2,3,0,7,0,0,1,1,0,0,0,0,12.36846,51.316886
13,25,3,10,18,2,3,5,3,2,0,1,1,0,0,0,0,12.410154,51.354405
13,25,3,11,12,3,3,1,5,0,0,1,1,0,0,0,0,12.386237,51.381071
13,25,3,11,14,3,3,6,4,0,0,1,0,1,0,0,0,12.38093,51.330599
13,25,3,11,18,3,3,3,5,2,0,1,1,0,0,0,0,12.384962,51.338537
13,25,3,12,6,4,3,3,2,0,1,1,1,0,0,0,0,12.385336,51.365571
13,25,3,12,7,4,3,2,2,0,1,1,1,0,0,0,0,12.417759,51.358429
13,25,3,13,19,5,2,3,2,2,0,1,1,0,0,0,0,12.387189,51.33692
13,25,3,14,11,6,2,5,3,0,1,1,1,0,0,0,0,12.405996,51.313927
13,25,3,14,12,6,3,5,3,0,1,1,1,0,0,0,0,12.376785,51.320709
13,25,3,15,9,7,3,0,3,0,0,1,0,0,0,0,1,12.330351,51.320223
13,25,3,15,14,7,3,2,2,0,0,1,1,0,0,0,0,12.439228,51.345892
13,25,3,15,20,7,2,0,7,2,0,1,0,0,0,0,0,12.445107,51.344231
13,25,3,17,8,2,3,5,3,0,0,1,1,0,0,0,0,12.371331,51.346295
13,25,3,17,9,2,3,3,5,0,0,1,0,0,0,0,1,12.413625,51.34463
13,25,3,17,11,2,3,5,2,0,0,1,1,0,0,0,0,12.425679,51.30404
13,25,3,17,13,2,3,5,2,0,0,1,0,0,0,0,1,12.357019,51.336134
13,25,3,17,15,2,3,5,3,0,0,1,1,0,0,0,0,12.37064,51.361378
13,25,3,18,13,3,3,1,2,0,0,1,1,0,0,0,0,12.367887,51.33858
13,25,3,18,13,3,3,8,7,0,0,1,0,0,0,0,0,12.36923,51.338132
13,25,3,18,15,3,3,6,4,0,0,1,0,1,0,0,0,12.413361,51.345139
13,25,3,19,7,4,3,0,7,0,0,1,0,0,0,0,0,12.374363,51.335221
13,25,3,19,11,4,3,5,2,0,0,1,1,0,0,0,0,12.38414,51.380654
13,25,3,19,13,4,3,5,2,0,0,1,1,0,0,0,0,12.357062,51.336157
13,25,3,19,16,4,3,5,2,0,0,1,1,0,0,0,0,12.325643,51.312122
13,25,3,20,11,5,2,5,3,0,0,1,1,0,0,0,0,12.480126,51.338094
13,25,3,20,15,5,3,5,3,0,0,1,1,0,0,0,0,12.454115,51.383945
13,25,3,20,16,5,3,5,2,0,0,1,1,0,0,0,0,12.422217,51.351669
13,25,3,20,20,5,3,0,1,2,0,1,0,0,0,0,0,12.263516,51.309698
13,25,3,21,8,6,2,1,7,0,0,1,1,0,0,0,0,12.376745,51.343124
13,25,3,21,17,6,3,0,7,0,0,1,0,0,0,0,0,12.267028,51.316959
13,25,3,21,17,6,3,3,2,0,0,1,1,0,0,0,0,12.368873,51.361827
13,25,3,22,7,7,3,7,7,0,0,1,0,0,0,0,0,12.361925,51.321151
13,25,3,22,13,7,3,5,3,0,0,1,1,0,0,0,0,12.342845,51.332274
13,25,3,23,18,1,3,0,1,1,0,1,0,0,0,0,0,12.411826,51.351151
13,25,3,24,17,2,3,0,7,1,1,1,0,0,0,0,1,12.341459,51.399045
13,25,3,25,7,3,3,5,3,0,0,1,1,0,0,0,0,12.35614,51.343598
13,25,3,25,10,3,2,0,5,0,0,1,1,0,0,0,0,12.388133,51.338713
13,25,3,26,4,4,3,0,1,2,1,1,0,0,0,0,0,12.406174,51.347628
13,25,3,26,11,4,3,3,6,0,0,1,1,0,0,0,0,12.373684,51.323891
13,25,3,27,13,5,3,5,3,0,0,1,0,0,0,0,0,12.401768,51.296472
13,25,3,27,15,5,3,3,2,0,0,1,1,0,0,0,0,12.376213,51.348317
13,25,3,28,9,6,3,5,3,0,0,1,1,0,0,0,0,12.387316,51.309251
13,25,3,28,10,6,3,0,1,0,0,1,0,0,0,0,0,12.373925,51.304751
13,25,3,28,12,6,3,5,3,0,0,1,0,0,0,0,0,12.378907,51.378381
13,25,3,28,16,6,2,0,1,0,0,1,0,0,0,0,0,12.293151,51.359283
13,25,3,29,10,7,3,5,2,0,0,1,1,0,0,0,0,12.371138,51.336465
13,25,3,29,13,7,3,1,5,0,0,1,1,0,0,0,0,12.334362,51.370089
13,25,3,30,5,1,2,8,1,2,0,1,0,0,0,0,0,12.491435,51.353317
13,25,3,31,15,2,3,0,1,0,1,1,0,0,0,0,0,12.320965,51.375232
13,25,3,31,15,2,3,3,2,0,1,1,1,0,0,0,0,12.327301,51.337505
13,25,4,1,7,3,3,5,3,0,0,1,1,0,0,0,0,12.368752,51.316863
13,25,4,1,7,3,2,2,2,0,0,1,1,0,0,0,0,12.451642,51.313973
13,25,4,1,13,3,3,0,7,0,0,1,0,0,0,0,0,12.459785,51.349725
13,25,4,1,16,3,3,5,3,0,0,1,1,0,0,0,0,12.366724,51.340539
13,25,4,2,13,4,3,1,5,0,0,1,1,0,0,0,0,12.321667,51.375876
13,25,4,2,15,4,2,5,3,0,0,1,1,0,0,0,0,12.301524,51.31521
13,25,4,2,18,4,3,0,1,0,0,1,0,0,0,0,0,12.359953,51.342154
13,25,4,2,20,4,3,5,3,2,0,1,1,0,0,0,0,12.404116,51.336091
13,25,4,3,9,5,3,4,3,0,0,1,1,0,0,0,0,12.37341,51.314792
13,25,4,3,15,5,3,0,7,0,0,1,0,0,0,0,0,12.303713,51.332394
13,25,4,3,15,5,3,0,1,0,0,1,0,0,0,0,0,12.338873,51.332366
13,25,4,3,15,5,3,4,6,0,0,1,1,0,0,0,0,12.373328,51.336691
13,25,4,4,5,6,3,5,3,1,0,1,1,0,0,0,0,12.34736,51.350484
13,25,4,6,14,1,3,5,2,0,0,1,1,0,0,0,0,12.38065,51.306544
13,25,4,7,7,2,2,5,3,0,0,1,0,0,0,0,0,12.356019,51.362321
13,25,4,7,14,2,1,5,3,0,0,1,0,0,0,0,0,12.371272,51.337762
13,25,4,7,14,2,3,2,6,0,0,1,1,0,0,0,0,12.405932,51.349726
13,25,4,7,16,2,3,5,3,0,0,1,1,0,0,0,0,12.347374,51.350473
13,25,4,8,11,3,3,3,7,0,0,1,1,0,0,0,0,12.342645,51.321586
13,25,4,8,14,3,3,5,3,0,0,1,1,0,0,0,0,12.421325,51.379247
13,25,4,8,15,3,3,5,3,0,0,1,0,0,0,0,1,12.386003,51.368515
13,25,4,9,16,4,3,5,3,0,0,1,1,0,0,0,0,12.262867,51.347866
13,25,4,9,17,4,2,2,2,0,0,1,1,0,0,0,0,12.371128,51.347357
13,25,4,10,7,5,3,5,3,0,0,1,1,0,0,0,0,12.315121,51.354729
13,25,4,10,17,5,3,6,4,0,0,1,0,1,0,0,0,12.400559,51.33928
13,25,4,11,7,6,2,5,3,0,0,1,1,0,0,0,0,12.313772,51.304551
13,25,4,11,12,6,3,6,6,0,0,1,0,1,0,0,0,12.37314,51.338571
13,25,4,11,15,6,3,1,3,0,0,1,1,0,0,0,0,12.283756,51.344325
13,25,4,11,15,6,3,5,3,0,0,1,1,0,0,0,0,12.298962,51.316009
13,25,4,11,21,6,2,0,1,2,0,1,0,0,0,0,0,12.356755,51.364476
13,25,4,12,2,7,3,0,1,2,0,1,0,0,0,0,0,12.42053,51.344794
13,25,4,12,16,7,3,0,1,0,0,1,0,0,0,0,1,12.385378,51.297562
13,25,4,13,8,1,3,1,7,0,0,1,1,0,0,0,0,12.358675,51.341965
13,25,4,13,17,1,2,0,7,0,0,1,0,0,0,0,0,12.465326,51.353085
13,25,4,13,23,1,3,0,1,2,1,1,0,0,0,0,0,12.373367,51.353063
13,25,4,14,8,2,3,1,7,0,0,1,1,0,0,0,0,12.333817,51.330453
13,25,4,14,12,2,3,5,3,0,0,1,0,0,0,0,1,12.405996,51.313927
13,25,4,14,16,2,3,5,3,0,0,1,1,0,0,0,0,12.413728,51.33769
13,25,4,14,20,2,3,5,2,1,0,1,1,0,0,0,0,12.350093,51.364114
13,25,4,15,6,3,3,5,3,0,0,1,1,0,0,0,0,12.348687,51.33212
13,25,4,15,7,3,3,5,3,0,0,1,1,0,0,0,0,12.346545,51.328962
13,25,4,15,8,3,3,5,2,0,0,1,1,0,0,0,0,12.399146,51.345895
13,25,4,15,11,3,3,5,3,0,0,1,0,0,0,1,0,12.336229,51.332063
13,25,4,15,15,3,3,6,7,0,0,1,0,1,0,0,0,12.41608,51.378931
13,25,4,15,17,3,3,5,2,0,0,1,1,0,0,0,0,12.452026,51.34557
13,25,4,16,7,4,3,5,3,0,0,1,1,0,0,0,0,12.433913,51.301167
13,25,4,16,8,4,3,5,3,0,0,1,1,0,0,0,0,12.377447,51.327944
13,25,4,16,9,4,3,0,1,0,0,1,0,0,0,0,0,12.407946,51.335663
13,25,4,16,10,4,3,0,1,0,0,1,0,0,0,0,0,12.379505,51.344505
13,25,4,16,15,4,3,5,3,0,0,1,1,0,0,0,0,12.304994,51.344315
13,25,4,16,15,4,3,5,3,0,0,1,1,0,0,0,0,12.334887,51.331704
13,25,4,16,16,4,3,5,3,0,0,1,1,0,0,0,0,12.328438,51.336683
13,25,4,16,16,4,3,5,2,0,0,1,1,0,0,0,0,12.372576,51.362564
13,25,4,16,18,4,3,4,2,0,0,1,1,0,0,0,0,12.341233,51.33231
13,25,4,16,20,4,3,5,7,1,0,1,1,0,0,0,0,12.384288,51.300717
13,25,4,17,7,5,3,5,2,0,0,1,1,0,0,0,0,12.333329,51.331264
13,25,4,17,15,5,3,5,2,0,0,1,1,0,0,0,0,12.445215,51.34558
13,25,4,18,17,6,3,5,3,0,1,1,1,0,0,0,0,12.390086,51.365726
13,25,4,20,12,1,3,3,3,0,0,1,1,0,0,0,0,12.332607,51.373532
13,25,4,20,17,1,3,0,1,0,0,1,0,0,0,0,0,12.323579,51.299423
13,25,4,23,10,4,3,3,2,0,0,1,1,0,0,0,0,12.409043,51.318212
13,25,4,23,18,4,3,3,6,0,0,1,1,0,0,0,0,12.328681,51.320346
13,25,4,25,8,6,3,0,1,0,1,1,0,0,0,0,0,12.430267,51.358731
13,25,4,25,12,6,3,5,3,0,0,1,1,0,0,0,0,12.373331,51.317145
13,25,4,25,15,6,3,0,7,0,0,1,0,0,0,0,0,12.286023,51.331028
13,25,4,25,16,6,3,1,5,0,0,1,1,0,0,0,0,12.396273,51.306696
13,25,4,25,20,6,3,2,6,0,0,1,1,0,0,0,0,12.350541,51.319097
13,25,4,26,10,7,3,5,3,0,0,1,1,0,0,0,0,12.310761,51.282193
13,25,4,26,18,7,3,1,5,0,0,1,1,0,0,0,0,12.390743,51.361884
13,25,4,26,20,7,3,3,6,2,0,1,1,0,0,0,0,12.373505,51.317685
13,25,4,27,16,1,3,1,6,0,0,1,1,0,0,0,0,12.407625,51.345439
13,25,4,27,17,1,3,0,1,0,0,1,0,0,0,0,0,12.373693,51.324121
13,25,4,28,5,2,2,4,1,1,0,1,0,0,0,0,0,12.428311,51.398286
13,25,4,28,12,2,3,1,5,0,0,1,1,0,0,0,0,12.397866,51.345965
13,25,4,28,14,2,3,3,2,0,0,1,1,0,0,0,0,12.313327,51.347869
13,25,4,28,15,2,2,3,6,0,0,1,0,0,0,0,0,12.391247,51.334755
13,25,4,28,16,2,3,5,3,0,0,1,0,0,0,0,0,12.347237,51.323417
13,25,4,28,17,2,3,4,3,0,0,1,0,0,0,0,0,12.362323,51.342588
13,25,4,28,17,2,3,5,3,0,0,1,1,0,0,0,0,12.376532,51.314954
13,25,4,28,18,2,3,3,2,0,0,1,1,0,0,0,0,12.369355,51.344187
13,25,4,29,8,3,3,3,6,0,0,1,1,0,0,0,0,12.379186,51.359421
13,25,4,29,9,3,3,5,3,0,0,1,0,0,0,0,0,12.380879,51.342061
13,25,4,29,11,3,3,3,2,0,0,1,1,0,0,0,0,12.421614,51.343745
13,25,4,29,18,3,2,5,2,0,0,1,1,0,0,0,0,12.332015,51.322409
13,25,4,29,18,3,2,0,1,0,0,1,0,0,0,0,0,12.338888,51.332365
13,25,4,29,21,3,3,0,1,2,0,1,0,0,0,0,0,12.326493,51.316178
13,25,4,29,22,3,3,6,6,2,0,1,0,1,0,0,0,12.286769,51.31243
13,25,4,30,7,4,2,5,7,0,0,1,0,0,0,0,0,12.347385,51.332172
13,25,4,30,7,4,3,6,6,0,0,1,0,1,0,0,0,12.350502,51.332629
13,25,4,30,9,4,3,5,3,0,0,1,1,0,0,0,0,12.365268,51.32364
13,25,4,30,15,4,3,5,3,0,0,1,1,0,0,0,0,12.281391,51.327014
13,25,4,30,15,4,3,3,2,0,0,1,0,0,0,0,0,12.395467,51.339674
13,25,4,30,15,4,2,5,3,0,0,1,0,0,0,1,0,12.437423,51.395806
13,25,5,1,11,5,3,3,5,0,0,1,1,0,0,0,0,12.373707,51.331589
13,25,5,1,12,5,2,4,6,0,0,1,0,0,0,0,1,12.355798,51.369733
13,25,5,1,13,5,3,6,4,0,0,1,0,1,0,0,0,12.253161,51.306423
13,25,5,1,13,5,2,6,6,0,0,1,0,1,0,0,0,12.356765,51.326543
13,25,5,1,13,5,3,1,5,0,0,1,1,0,0,0,0,12.414459,51.324125
13,25,5,2,12,6,3,6,4,0,0,1,0,1,0,0,0,12.392057,51.345291
13,25,5,3,12,7,3,5,3,0,0,1,1,0,0,0,0,12.307196,51.323119
13,25,5,3,18,7,3,6,4,0,1,1,0,1,0,0,0,12.362632,51.342658
13,25,5,4,22,1,3,4,6,2,0,1,1,0,0,0,0,12.430831,51.368837
13,25,5,5,6,2,3,0,1,0,0,1,0,0,0,0,0,12.360237,51.34219
13,25,5,5,6,2,3,5,3,0,0,1,1,0,0,0,0,12.386545,51.335664
13,25,5,5,6,2,3,1,5,0,0,1,1,0,0,0,0,12.411228,51.373599
13,25,5,5,7,2,3,3,2,0,0,1,0,0,0,0,1,12.382015,51.332618
13,25,5,5,14,2,3,0,1,0,0,1,0,0,0,0,0,12.378462,51.346718
13,25,5,5,17,2,3,1,5,0,0,1,1,0,0,0,0,12.374878,51.353646
13,25,5,6,7,3,3,1,5,0,0,1,0,0,0,1,0,12.307233,51.311441
13,25,5,6,8,3,3,5,3,0,0,1,0,0,0,0,0,12.358112,51.331322
13,25,5,6,10,3,3,5,3,0,0,1,1,0,0,0,0,12.344386,51.332222
13,25,5,6,15,3,3,4,2,0,0,1,1,0,0,0,0,12.33581,51.327632
13,25,5,6,16,3,3,2,6,0,0,1,0,0,0,0,0,12.383108,51.320634
13,25,5,6,17,3,3,3,2,0,0,1,1,0,0,0,0,12.362726,51.338955
13,25,5,6,17,3,3,5,3,0,0,1,1,0,0,0,0,12.367532,51.320965
13,25,5,7,8,4,3,1,1,0,0,1,1,0,0,0,0,12.35421,51.33463
13,25,5,7,11,4,3,5,3,0,0,1,0,0,0,0,0,12.369553,51.331776
13,25,5,7,11,4,3,6,6,0,0,1,0,1,0,0,0,12.3697,51.336103
13,25,5,7,11,4,3,3,6,0,0,1,1,0,0,0,0,12.413754,51.316707
13,25,5,7,12,4,3,3,2,0,0,1,1,0,0,0,0,12.363437,51.362896
13,25,5,7,20,4,3,4,2,1,0,1,1,0,0,0,0,12.410679,51.335027
13,25,5,7,21,4,3,5,3,1,0,1,0,0,0,0,0,12.330188,51.317
13,25,5,8,14,5,3,5,3,0,0,1,1,0,0,0,0,12.389762,51.344591
13,25,5,8,15,5,3,0,4,0,0,1,0,1,0,0,0,12.371619,51.320791
13,25,5,8,16,5,3,3,2,0,0,1,1,0,0,0,0,12.371291,51.344493
13,25,5,8,17,5,3,0,1,0,0,1,0,0,0,0,0,12.416565,51.323762
13,25,5,9,7,6,3,6,6,0,0,1,0,1,0,0,0,12.311543,51.357105
13,25,5,9,17,6,3,1,5,0,0,1,1,0,0,0,0,12.363388,51.329395
13,25,5,10,10,7,3,0,2,0,0,1,1,0,0,0,0,12.407588,51.351285
13,25,5,10,11,7,3,1,5,0,0,1,1,0,0,0,0,12.36128,51.364959
13,25,5,10,17,7,3,2,6,0,0,1,1,0,0,0,0,12.327296,51.305004
13,25,5,10,17,7,3,0,1,0,0,1,0,0,0,0,0,12.332376,51.290597
13,25,5,10,20,7,3,0,1,2,0,1,0,0,0,0,0,12.394541,51.284766
13,25,5,11,12,1,3,3,2,0,0,1,1,0,0,0,0,12.385981,51.295895
13,25,5,12,6,2,3,3,2,0,0,1,1,0,0,0,0,12.396331,51.310231
13,25,5,12,9,2,3,5,3,0,0,1,1,0,0,0,0,12.412657,51.359563
13,25,5,12,11,2,3,5,2,0,0,1,1,0,0,0,0,12.381573,51.314982
13,25,5,12,17,2,3,5,7,0,0,1,0,0,0,0,0,12.38084,51.331043
13,25,5,12,17,2,3,5,3,0,0,1,1,0,0,0,0,12.388639,51.298333
13,25,5,12,23,2,3,1,1,2,0,1,1,0,0,0,0,12.409926,51.352731
13,25,5,13,9,3,3,4,7,0,0,1,1,0,0,0,0,12.395077,51.363655
13,25,5,13,11,3,3,4,3,0,0,1,0,0,0,0,0,12.366191,51.334986
13,25,5,13,14,3,3,5,2,0,0,1,0,0,0,0,0,12.261698,51.316175
13,25,5,13,15,3,3,3,6,0,0,1,1,0,0,0,0,12.385848,51.36762
13,25,5,13,15,3,2,3,6,0,0,1,0,0,1,0,1,12.396271,51.305064
13,25,5,13,16,3,3,4,6,0,0,1,0,0,0,0,0,12.394875,51.332178
13,25,5,13,16,3,3,5,3,0,0,1,1,0,0,0,0,12.402902,51.318126
13,25,5,14,7,4,3,5,3,0,0,1,0,0,0,0,0,12.398175,51.334672
13,25,5,14,7,4,3,4,2,0,0,1,1,0,0,0,0,12.399501,51.339281
13,25,5,14,11,4,3,3,5,0,0,1,1,0,0,0,0,12.405759,51.345539
13,25,5,14,12,4,3,6,4,0,0,1,0,1,0,0,0,12.373602,51.32083
13,25,5,14,14,4,2,1,3,0,0,1,0,0,0,0,0,12.381177,51.342698
13,25,5,14,16,4,3,5,3,0,0,1,1,0,0,0,0,12.450521,51.296121
13,25,5,14,18,4,3,1,1,0,0,1,0,0,1,0,0,12.298979,51.277271
13,25,5,15,6,5,3,4,2,0,0,1,1,0,0,0,0,12.453608,51.383928
13,25,5,15,6,5,3,4,2,0,0,1,1,0,0,0,0,12.473536,51.34569
13,25,5,15,16,5,3,5,3,0,0,1,0,0,0,0,0,12.319768,51.294015
13,25,5,15,16,5,3,5,3,0,0,1,0,0,0,0,0,12.404428,51.333134
13,25,5,15,17,5,3,2,7,0,0,1,1,0,0,0,0,12.333127,51.331232
13,25,5,15,21,5,3,0,1,2,1,1,0,0,0,0,0,12.368591,51.315793
13,25,5,16,9,6,3,0,1,0,0,1,0,0,0,0,0,12.406763,51.338111
13,25,5,16,19,6,3,0,1,0,0,1,0,0,0,0,0,12.394403,51.284997
13,25,5,17,9,7,3,0,1,0,0,1,0,0,0,0,0,12.336512,51.328747
13,25,5,17,10,7,3,3,3,0,0,1,1,0,0,0,0,12.391309,51.347419
13,25,5,17,14,7,3,0,1,0,0,1,0,0,0,0,0,12.423498,51.325451
13,25,5,17,17,7,3,5,3,0,1,1,1,0,0,0,0,12.353431,51.34121
13,25,5,17,20,7,3,5,3,1,1,1,1,0,0,0,0,12.474819,51.338109
13,25,5,17,22,7,3,5,3,2,1,1,1,0,0,0,0,12.362241,51.332056
13,25,5,18,12,1,3,0,1,0,1,1,0,0,0,0,0,12.305421,51.351863
13,25,5,18,15,1,3,0,1,0,1,1,0,0,0,0,0,12.353775,51.340597
13,25,5,19,7,2,3,5,2,0,0,1,1,0,0,0,0,12.376926,51.343689
13,25,5,19,11,2,3,5,3,0,0,1,1,0,0,0,0,12.376857,51.355699
13,25,5,19,11,2,3,4,2,0,0,1,0,0,0,0,0,12.379094,51.340034
13,25,5,20,8,3,3,5,2,0,0,1,1,0,0,0,0,12.366343,51.336302
13,25,5,20,11,3,3,5,3,0,0,1,1,0,0,0,0,12.376985,51.344557
13,25,5,21,10,4,3,0,1,0,0,1,0,0,0,0,0,12.429649,51.28614
13,25,5,21,13,4,3,5,3,0,0,1,1,0,0,0,0,12.331903,51.340284
13,25,5,21,13,4,3,1,5,0,0,1,1,0,0,0,0,12.394939,51.334304
13,25,5,21,16,4,3,1,3,0,0,1,1,0,0,0,0,12.381572,51.314971
13,25,5,21,17,4,3,1,5,0,0,1,1,0,0,0,0,12.392375,51.38188
13,25,5,22,7,5,3,5,2,0,0,1,1,0,0,0,0,12.373626,51.320722
13,25,5,22,8,5,3,1,1,0,0,1,1,0,0,0,0,12.3669,51.359276
13,25,5,22,8,5,3,5,3,0,0,1,1,0,0,0,0,12.395203,51.312898
13,25,5,22,16,5,3,1,5,0,0,1,1,0,0,0,0,12.406176,51.347598
13,25,5,22,16,5,3,5,3,0,0,1,0,0,1,0,0,12.474846,51.3381
13,25,5,22,18,5,2,5,3,0,0,1,1,0,0,0,0,12.456972,51.31352
13,25,5,22,20,5,3,5,3,2,0,1,1,0,0,0,0,12.464415,51.35054
13,25,5,23,8,6,3,5,3,0,0,1,1,0,0,0,0,12.322451,51.299819
13,25,5,23,12,6,3,3,2,0,0,1,0,0,0,0,1,12.40448,51.345608
13,25,5,23,13,6,3,0,3,0,1,1,1,0,0,0,0,12.375051,51.318665
13,25,5,23,16,6,3,3,2,0,0,1,0,0,0,0,0,12.332973,51.338648
13,25,5,23,19,6,3,4,2,0,1,1,1,0,0,0,0,12.405939,51.34553
13,25,5,24,9,7,3,3,6,0,0,1,0,0,0,0,0,12.387694,51.345914
13,25,5,24,12,7,3,0,1,0,0,1,0,0,0,0,0,12.31994,51.384898
13,25,5,24,13,7,3,4,2,0,0,1,1,0,0,0,0,12.382094,51.3326
13,25,5,24,13,7,3,1,5,0,0,1,1,0,0,0,0,12.421774,51.333599
13,25,5,25,19,1,3,3,6,0,0,1,1,0,0,0,0,12.380133,51.311693
13,25,5,25,21,1,3,6,4,0,0,1,0,1,0,0,0,12.401774,51.345754
13,25,5,25,22,1,3,5,3,2,0,1,1,0,0,0,0,12.406182,51.347493
13,25,5,26,8,2,3,0,1,0,0,1,0,0,0,0,0,12.405926,51.342834
13,25,5,26,13,2,3,3,6,0,0,1,0,0,0,0,0,12.373505,51.328064
13,25,5,26,15,2,3,1,6,0,0,1,1,0,0,0,0,12.365566,51.36298
13,25,5,26,16,2,3,4,6,0,0,1,0,0,0,0,0,12.352109,51.333498
13,25,5,26,16,2,3,5,3,0,0,1,1,0,0,0,0,12.367519,51.320985
13,25,5,26,16,2,3,5,3,0,0,1,1,0,0,0,0,12.392471,51.333953
13,25,5,27,8,3,3,5,3,0,0,1,1,0,0,0,0,12.362746,51.356541
13,25,5,27,9,3,3,5,2,0,0,1,1,0,0,0,0,12.381691,51.331774
13,25,5,27,13,3,3,1,7,0,0,1,1,0,0,0,0,12.341874,51.332295
13,25,5,27,15,3,2,3,2,0,0,1,1,0,0,0,0,12.346542,51.328903
13,25,5,27,21,3,3,5,3,2,0,1,0,0,0,0,0,12.329143,51.375733
13,25,5,29,17,5,2,1,5,0,0,1,1,0,0,0,0,12.418458,51.315811
13,25,5,29,22,5,3,4,6,2,1,1,0,0,0,0,0,12.310733,51.328657
13,25,5,30,16,6,3,1,5,0,0,1,1,0,0,0,0,12.407525,51.346187
13,25,5,30,22,6,3,0,1,2,0,1,0,0,0,0,0,12.366204,51.32085
13,25,5,31,11,7,3,4,2,0,0,1,1,0,0,0,0,12.430507,51.359329
13,25,5,31,14,7,3,0,1,0,0,1,0,0,0,0,0,12.418624,51.375748
13,25,5,31,15,7,3,5,3,0,0,1,1,0,0,0,0,12.372815,51.305628
13,25,6,1,9,1,3,5,3,0,1,1,1,0,0,0,0,12.373293,51.316756
13,25,6,2,8,2,3,2,5,0,0,1,1,0,0,0,0,12.344245,51.324821
13,25,6,2,9,2,3,5,3,0,0,1,1,0,0,0,0,12.340225,51.322168
13,25,6,2,13,2,3,1,5,0,0,1,1,0,0,0,0,12.375592,51.358966
13,25,6,2,15,2,3,4,6,0,0,1,0,0,0,0,0,12.451948,51.321618
13,25,6,2,18,2,3,5,3,0,0,1,1,0,0,0,0,12.286292,51.331147
13,25,6,2,21,2,3,3,2,1,0,1,1,0,0,0,0,12.395345,51.339214
13,25,6,3,9,3,3,8,2,0,0,1,0,0,0,1,0,12.404605,51.321015
13,25,6,3,12,3,3,5,3,0,0,1,1,0,0,0,0,12.376753,51.320515
13,25,6,3,13,3,3,5,3,0,0,1,1,0,0,0,0,12.358038,51.335369
13,25,6,3,13,3,2,5,3,0,0,1,1,0,0,0,0,12.381239,51.309977
13,25,6,3,13,3,3,5,2,0,0,1,1,0,0,0,0,12.405891,51.331767
13,25,6,4,9,4,3,3,2,0,0,1,1,0,0,0,0,12.368752,51.316863
13,25,6,4,14,4,3,1,5,0,0,1,1,0,0,0,0,12.430803,51.344041
13,25,6,4,15,4,3,4,2,0,1,1,1,0,0,0,0,12.382094,51.3326
13,25,6,4,16,4,3,6,4,0,1,1,0,1,0,0,0,12.435946,51.35639
13,25,6,4,18,4,3,0,1,0,0,1,0,0,0,0,0,12.379027,51.339569
13,25,6,5,10,5,2,5,3,0,0,1,1,0,0,0,0,12.376824,51.320688
13,25,6,6,5,6,3,3,2,0,1,1,1,0,0,0,0,12.325519,51.372828
13,25,6,6,17,6,3,3,2,0,0,1,1,0,0,0,0,12.413977,51.345108
13,25,6,6,18,6,3,1,5,0,0,1,1,0,0,0,0,12.373338,51.317341
13,25,6,7,14,7,3,3,2,0,0,1,0,0,0,0,0,12.366324,51.343578
13,25,6,7,19,7,3,5,3,1,0,1,1,0,0,0,0,12.304653,51.315808
13,25,6,8,19,1,3,0,1,0,0,1,0,0,0,0,0,12.385567,51.297016
13,25,6,10,7,3,3,5,3,0,1,1,1,0,0,0,0,12.26286,51.347867
13,25,6,10,7,3,3,0,1,0,0,1,0,0,0,0,0,12.46336,51.306407
13,25,6,10,23,3,3,5,3,2,1,1,1,0,0,0,0,12.45914,51.401937
13,25,6,11,6,4,3,5,3,0,0,1,1,0,0,0,0,12.394142,51.314541
13,25,6,11,8,4,3,5,3,0,0,1,1,0,0,0,0,12.385681,51.36678
13,25,6,11,12,4,3,0,7,0,0,1,0,0,0,0,0,12.44299,51.301323
13,25,6,11,15,4,3,0,1,0,0,1,0,0,0,0,0,12.395985,51.343218
13,25,6,11,15,4,3,4,2,0,0,1,0,0,1,0,0,12.39616,51.301188
13,25,6,11,16,4,3,5,2,0,0,1,1,0,0,0,0,12.335512,51.321682
13,25,6,11,16,4,3,4,2,0,0,1,1,0,0,0,0,12.408241,51.340079
13,25,6,11,19,4,3,0,1,0,0,1,0,0,0,0,0,12.402142,51.339765
13,25,6,11,21,4,3,0,1,1,0,1,0,0,0,0,0,12.375879,51.367076
13,25,6,12,12,5,3,5,2,0,0,1,1,0,0,0,0,12.341738,51.31854
13,25,6,12,18,5,3,3,2,0,0,1,1,0,0,0,0,12.386791,51.345745
13,25,6,13,7,6,3,0,3,0,0,1,1,0,0,0,0,12.364188,51.344442