UKREIS,UJAHR,UMONAT,UTAG,USTUNDE,UWOCHENTAG,UKATEGORIE,UART,UTYP,LICHT,USTRZUSTAND,IstRad,IstPKW,IstFuss,IstKrad,IstGkfz,IstSonstige,@lon,@lat
13,25,6,13,9,6,3,6,4,0,0,1,0,1,0,0,0,12.371655,51.338693
13,25,6,13,9,6,3,2,6,0,0,1,1,0,0,0,0,12.373435,51.314456
13,25,6,13,10,6,3,0,1,0,0,1,0,0,0,0,0,12.370552,51.36126
13,25,6,13,11,6,3,5,3,0,0,1,1,0,0,0,0,12.459057,51.401944
13,25,6,13,14,6,3,5,3,0,0,1,1,0,0,0,0,12.352039,51.333459
13,25,6,13,14,6,3,4,2,0,0,1,1,0,0,0,0,12.417099,51.346669
13,25,6,13,18,6,2,3,6,0,0,1,0,0,0,0,0,12.355106,51.329973
13,25,6,15,15,1,3,3,2,0,0,1,1,0,0,0,0,12.323537,51.378502
13,25,6,16,11,2,3,3,5,0,0,1,1,0,0,0,0,12.362777,51.333499
13,25,6,16,17,2,3,5,3,0,0,1,1,0,0,0,0,12.448386,51.383039
13,25,6,17,8,3,3,5,3,0,0,1,1,0,0,0,0,12.267854,51.345705
13,25,6,17,8,3,3,3,2,0,0,1,1,0,0,0,0,12.407432,51.32599
13,25,6,17,17,3,3,3,2,0,0,1,1,0,0,0,0,12.369359,51.344179
13,25,6,17,19,3,2,0,1,0,0,1,0,0,0,0,0,12.395046,51.332328
13,25,6,17,20,3,2,5,3,1,0,1,1,0,0,0,0,12.359159,51.375239
13,25,6,18,8,4,3,5,3,0,0,1,1,0,0,0,0,12.460216,51.332339
13,25,6,18,13,4,3,7,7,0,0,1,0,0,0,0,0,12.326319,51.380634
13,25,6,18,16,4,2,5,3,0,0,1,1,0,0,0,0,12.347347,51.320442
13,25,6,18,16,4,2,0,1,0,0,1,0,0,0,0,0,12.403219,51.327121
13,25,6,18,17,4,3,9,1,0,0,1,0,0,0,0,0,12.275079,51.384406
13,25,6,18,18,4,3,4,6,0,0,1,0,0,0,0,0,12.386457,51.352948
13,25,6,18,22,4,3,5,3,2,0,1,0,0,0,0,1,12.402571,51.343654
13,25,6,19,13,5,3,5,3,0,0,1,0,0,0,0,1,12.381593,51.331739
13,25,6,19,14,5,3,5,3,0,0,1,0,0,0,0,0,12.254539,51.324744
13,25,6,19,17,5,3,5,3,0,0,1,1,0,0,0,0,12.383713,51.344003
13,25,6,19,17,5,2,2,6,0,0,1,1,0,0,0,0,12.384903,51.307985
13,25,6,19,18,5,3,4,2,0,0,1,1,0,0,0,0,12.369987,51.324448
13,25,6,20,14,6,3,5,3,0,0,1,1,0,0,0,0,12.247296,51.318153
13,25,6,20,15,6,3,5,2,0,0,1,1,0,0,0,0,12.36971,51.32448
13,25,6,20,19,6,3,3,2,0,0,1,1,0,0,0,0,12.391329,51.347421
13,25,6,20,23,6,3,0,1,2,0,1,0,0,0,0,0,12.3056,51.351766
13,25,6,21,19,7,3,3,2,0,0,1,1,0,0,0,0,12.404544,51.30375
13,25,6,22,18,1,3,5,3,0,0,1,1,0,0,0,0,12.322631,51.327225
13,25,6,23,6,2,3,5,3,0,0,1,1,0,0,0,0,12.374122,51.303364
13,25,6,23,10,2,3,0,7,0,0,1,0,0,0,0,0,12.39066,51.368303
13,25,6,23,14,2,3,5,2,0,0,1,1,0,0,0,0,12.386523,51.309356
13,25,6,23,15,2,3,2,7,0,0,1,1,0,0,0,0,12.367881,51.338576
13,25,6,23,19,2,3,0,3,0,0,1,0,0,0,0,1,12.43195,51.299761
13,25,6,24,11,3,3,3,2,0,0,1,1,0,0,0,0,12.391321,51.34742
13,25,6,24,15,3,3,5,2,0,0,1,1,0,0,0,0,12.368326,51.314661
13,25,6,24,15,3,3,3,2,0,0,1,1,0,0,0,0,12.376404,51.310398
13,25,6,24,15,3,3,2,2,0,0,1,0,0,0,0,0,12.459082,51.400437
13,25,6,24,17,3,3,5,3,0,0,1,1,0,0,0,0,12.342497,51.332281
13,25,6,25,9,4,3,0,1,0,0,1,0,0,0,0,0,12.387021,51.358357
13,25,6,25,10,4,3,5,3,0,0,1,1,0,0,0,0,12.314874,51.308209
13,25,6,25,14,4,3,0,1,0,0,1,0,0,0,0,0,12.300246,51.351868
13,25,6,26,9,5,3,1,5,0,0,1,1,0,0,0,0,12.339177,51.326884
13,25,6,26,9,5,3,5,3,0,0,1,1,0,0,0,0,12.407819,51.351395
13,25,6,26,11,5,3,0,1,0,0,1,0,0,0,0,0,12.359488,51.342347
13,25,6,26,13,5,3,0,1,0,0,1,0,0,0,0,0,12.458058,51.345629
13,25,6,26,14,5,3,5,3,0,0,1,1,0,0,0,0,12.415201,51.352547
13,25,6,27,7,6,2,2,2,0,0,1,0,0,0,0,0,12.359327,51.328129
13,25,6,27,9,6,3,1,5,0,0,1,1,0,0,0,0,12.357726,51.359595
13,25,6,27,14,6,3,5,2,0,0,1,1,0,0,0,0,12.332972,51.336072
13,25,6,27,14,6,3,5,3,0,0,1,0,0,0,0,0,12.352109,51.333498
13,25,6,27,16,6,3,5,3,0,1,1,1,0,0,0,0,12.337363,51.336932
13,25,6,27,19,6,3,5,3,0,0,1,1,0,0,0,0,12.439154,51.294826
13,25,6,27,23,6,3,1,5,2,0,1,1,0,0,0,0,12.362629,51.331217
13,25,6,28,19,7,3,0,4,0,0,1,0,1,0,0,0,12.335631,51.321954
13,25,6,28,20,7,3,4,6,0,0,1,0,1,0,0,0,12.376613,51.343024
13,25,6,29,2,1,3,8,1,2,0,1,0,0,0,0,0,12.338764,51.374579
13,25,6,29,9,1,3,5,2,0,0,1,1,0,0,0,0,12.261377,51.320331
13,25,6,30,7,2,3,5,3,0,0,1,1,0,0,0,0,12.439436,51.350828
13,25,6,30,15,2,2,6,4,0,1,1,0,1,0,0,0,12.372229,51.322724
13,25,6,30,16,2,3,5,3,0,0,1,1,0,0,0,0,12.309219,51.34742
13,25,6,30,16,2,3,3,2,0,0,1,1,0,0,0,0,12.401692,51.32429
13,25,6,30,18,2,3,4,6,0,0,1,0,0,0,0,0,12.373625,51.321761
13,25,7,1,6,3,3,0,1,0,0,1,0,0,0,0,0,12.392673,51.345512
13,25,7,1,7,3,3,4,6,0,0,1,0,0,0,0,0,12.525624,51.342632
13,25,7,1,10,3,3,3,6,0,0,1,1,0,0,0,0,12.322831,51.338582
13,25,7,1,14,3,2,5,2,0,0,1,1,0,0,0,0,12.447201,51.35024
13,25,7,1,15,3,2,5,2,0,0,1,1,0,0,0,0,12.42048,51.319263
13,25,7,1,16,3,3,5,3,0,0,1,0,0,0,0,0,12.269856,51.318056
13,25,7,3,17,5,3,5,2,0,0,1,1,0,0,0,0,12.309706,51.310847
13,25,7,3,19,5,3,0,1,0,0,1,0,0,0,0,0,12.373645,51.333055
13,25,7,4,1,6,3,5,3,2,0,1,1,0,0,0,0,12.369069,51.320731
13,25,7,4,12,6,3,0,1,0,0,1,0,0,0,0,1,12.336412,51.328592
13,25,7,4,13,6,3,5,3,0,0,1,1,0,0,0,0,12.390857,51.338686
13,25,7,5,8,7,3,0,7,0,0,1,0,0,0,0,0,12.317028,51.312296
13,25,7,5,14,7,2,5,3,0,0,1,1,0,0,0,0,12.290056,51.321738
13,25,7,7,13,2,3,5,3,0,0,1,1,0,0,0,0,12.367517,51.388467
13,25,7,7,14,2,3,5,3,0,0,1,0,0,0,0,0,12.326472,51.344374
13,25,7,7,14,2,3,5,3,0,1,1,1,0,0,0,0,12.396097,51.343177
13,25,7,8,5,3,3,5,3,0,0,1,0,0,0,0,0,12.398959,51.329376
13,25,7,10,14,5,2,4,6,0,0,1,1,0,0,0,0,12.459972,51.369377
13,25,7,10,16,5,3,5,2,0,0,1,1,0,0,0,0,12.391466,51.289474
13,25,7,10,17,5,3,1,1,0,0,1,1,0,0,0,0,12.441618,51.350055
13,25,7,11,5,6,3,5,3,0,0,1,0,0,0,0,0,12.365685,51.320877
13,25,7,12,13,7,2,0,1,0,1,1,0,0,0,0,0,12.382546,51.343467
13,25,7,13,14,1,3,5,3,0,0,1,0,0,0,0,0,12.357971,51.359477
13,25,7,14,5,2,3,5,3,0,0,1,1,0,0,0,0,12.408407,51.335999
13,25,7,14,11,2,3,5,3,0,0,1,1,0,0,0,0,12.371217,51.332632
13,25,7,14,15,2,3,4,2,0,0,1,1,0,0,0,0,12.389777,51.344573
13,25,7,14,16,2,3,4,7,0,0,1,1,0,0,0,0,12.326305,51.330872
13,25,7,14,20,2,3,0,1,2,0,1,0,0,0,0,0,12.40933,51.357245
13,25,7,15,17,3,3,3,2,0,1,1,1,0,0,0,0,12.39133,51.347421
13,25,7,15,18,3,3,1,5,0,0,1,1,0,0,0,0,12.369809,51.340139
13,25,7,16,20,4,3,1,5,0,0,1,1,0,0,0,0,12.383649,51.329733
13,25,7,17,13,5,3,4,2,0,0,1,1,0,0,0,0,12.45005,51.383316
13,25,7,17,19,5,3,0,7,1,1,1,0,0,0,0,0,12.341838,51.344688
13,25,7,18,14,6,3,2,2,0,0,1,1,0,0,0,0,12.365455,51.362512
13,25,7,18,15,6,3,5,3,0,0,1,0,0,0,0,0,12.326734,51.334768
13,25,7,20,17,1,3,1,5,0,0,1,1,0,0,0,0,12.389706,51.344658
13,25,7,21,6,2,3,0,1,0,1,1,0,0,0,0,0,12.384355,51.360156
13,25,7,21,7,2,3,0,1,0,0,1,0,0,0,0,0,12.39466,51.343716
13,25,7,21,10,2,3,5,3,0,1,1,1,0,0,0,0,12.409133,51.345361
13,25,7,22,11,3,3,5,3,0,0,1,1,0,0,0,0,12.389778,51.344571
13,25,7,22,21,3,3,0,1,2,1,1,0,0,0,0,0,12.373434,51.363105
13,25,7,23,6,4,3,5,3,0,1,1,1,0,0,0,0,12.342724,51.37236
13,25,7,23,11,4,3,5,2,0,0,1,1,0,0,0,0,12.452166,51.310313
13,25,7,23,14,4,3,4,2,0,0,1,1,0,0,0,0,12.322412,51.373196
13,25,7,23,14,4,3,6,7,0,0,1,0,1,0,0,0,12.367052,51.335924
13,25,7,23,17,4,3,6,4,0,0,1,0,1,0,0,0,12.360104,51.377314
13,25,7,24,7,5,3,4,6,0,0,1,0,0,0,0,0,12.377955,51.332468
13,25,7,24,9,5,3,3,2,0,0,1,0,0,0,0,1,12.394746,51.376404
13,25,7,24,15,5,3,5,3,0,0,1,0,0,0,0,0,12.273836,51.321801
13,25,7,24,16,5,3,3,6,0,0,1,1,0,0,0,0,12.417943,51.328517
13,25,7,24,17,5,3,0,4,0,0,1,0,1,0,0,0,12.376558,51.342243
13,25,7,25,13,6,3,3,6,0,0,1,1,0,0,0,0,12.447045,51.349776
13,25,7,25,14,6,3,5,3,0,0,1,1,0,0,0,0,12.433442,51.390423
13,25,7,25,18,6,3,5,3,0,0,1,1,0,0,0,0,12.286263,51.331134
13,25,7,26,12,7,3,1,5,0,0,1,1,0,0,0,0,12.36901,51.316853
13,25,7,26,13,7,3,1,5,0,0,1,1,0,0,0,0,12.359581,51.344457
13,25,7,26,13,7,3,5,3,0,0,1,1,0,0,0,0,12.367789,51.345424
13,25,7,26,17,7,3,3,2,0,0,1,1,0,0,0,0,12.373708,51.344418
13,25,7,26,18,7,3,0,1,0,0,1,0,0,0,0,0,12.354131,51.334587
13,25,7,26,20,7,2,3,5,0,0,1,0,0,0,0,1,12.37288,51.360819
13,25,7,26,20,7,3,0,1,0,0,1,0,0,0,0,0,12.378245,51.343749
13,25,7,27,13,1,3,5,3,0,0,1,1,0,0,0,0,12.383569,51.302784
13,25,7,27,14,1,2,5,3,0,0,1,0,0,1,0,0,12.331705,51.298791
13,25,7,28,17,2,3,3,6,0,0,1,1,0,0,0,0,12.362219,51.338934
13,25,7,28,22,2,2,3,2,2,0,1,1,0,0,0,0,12.348688,51.332147
13,25,7,30,21,4,3,1,3,2,0,1,1,0,0,0,0,12.35382,51.382267
13,25,7,30,22,4,2,2,6,2,0,1,1,0,0,0,0,12.408908,51.352075
13,25,8,1,11,6,2,6,7,0,0,1,0,1,0,0,0,12.374666,51.368639
13,25,8,1,14,6,3,5,3,0,0,1,1,0,0,0,0,12.45565,51.365355
13,25,8,1,22,6,3,0,1,2,0,1,0,0,0,0,0,12.40626,51.350856
13,25,8,2,9,7,3,5,6,0,0,1,1,0,0,0,0,12.429469,51.285995
13,25,8,2,16,7,3,5,3,0,0,1,1,0,0,0,0,12.378247,51.375882
13,25,8,2,18,7,3,5,2,0,0,1,1,0,0,0,0,12.301965,51.301761
13,25,8,3,0,1,3,0,6,2,0,1,1,0,0,0,0,12.45211,51.310458
13,25,8,3,10,1,3,0,1,0,0,1,0,0,0,0,0,12.323098,51.376756
13,25,8,4,7,2,3,5,2,0,0,1,1,0,0,0,0,12.386544,51.335661
13,25,8,4,8,2,3,5,3,0,1,1,1,0,0,0,0,12.365684,51.320881
13,25,8,4,16,2,3,6,3,0,0,1,0,1,0,0,0,12.365538,51.362529
13,25,8,4,17,2,3,5,2,0,0,1,1,0,0,0,0,12.386577,51.326666
13,25,8,5,6,3,3,0,1,0,1,1,0,0,0,0,0,12.40608,51.341688
13,25,8,5,6,3,3,0,1,0,1,1,0,0,0,0,0,12.406083,51.341682
13,25,8,5,9,3,3,3,2,0,1,1,1,0,0,0,0,12.38497,51.344359
13,25,8,5,15,3,3,6,6,0,1,1,0,1,0,0,0,12.344732,51.308023
13,25,8,5,15,3,3,1,3,0,1,1,1,0,0,0,0,12.37696,51.343928
13,25,8,5,16,3,3,0,1,0,1,1,0,0,0,0,0,12.356283,51.335745
13,25,8,6,9,4,3,3,2,0,0,1,1,0,0,0,0,12.377067,51.357324
13,25,8,6,17,4,3,0,1,0,0,1,0,0,0,0,0,12.340623,51.346891
13,25,8,6,18,4,3,0,1,0,0,1,0,0,0,0,0,12.358635,51.342083
13,25,8,6,19,4,3,3,6,0,0,1,0,0,0,0,0,12.406071,51.348839
13,25,8,7,5,5,3,0,1,0,0,1,0,0,0,0,0,12.330102,51.335697
13,25,8,7,10,5,2,5,3,0,0,1,1,0,0,0,0,12.362815,51.314227
13,25,8,7,12,5,3,3,2,0,0,1,1,0,0,0,0,12.407454,51.326017
13,25,8,7,13,5,3,5,2,0,0,1,1,0,0,0,0,12.332436,51.337829
13,25,8,8,2,6,2,5,3,2,0,1,1,0,0,0,0,12.376504,51.350033
13,25,8,8,21,6,3,0,1,2,0,1,0,0,0,0,0,12.361392,51.350749
13,25,8,8,21,6,3,4,6,2,0,1,0,0,0,0,0,12.423161,51.387846
13,25,8,8,22,6,3,5,3,2,0,1,1,0,0,0,0,12.383013,51.334231
13,25,8,10,13,1,3,5,3,0,0,1,1,0,0,0,0,12.366725,51.34689
13,25,8,10,14,1,3,0,1,0,0,1,0,0,0,0,0,12.324277,51.320386
13,25,8,11,7,2,3,3,2,0,0,1,1,0,0,0,0,12.394907,51.343085
13,25,8,11,14,2,3,5,3,0,0,1,1,0,0,0,0,12.376616,51.314764
13,25,8,11,15,2,3,3,2,0,0,1,0,0,0,1,0,12.394211,51.314671
13,25,8,11,16,2,3,2,6,0,0,1,1,0,0,0,0,12.330531,51.342002
13,25,8,11,17,2,3,5,2,0,0,1,1,0,0,0,0,12.433504,51.355183
13,25,8,11,18,2,2,3,2,0,0,1,1,0,0,0,0,12.376193,51.348313
13,25,8,11,18,2,3,3,2,0,0,1,1,0,0,0,0,12.406523,51.319243
13,25,8,11,20,2,3,0,1,1,0,1,0,0,0,0,0,12.384746,51.378713
13,25,8,11,20,2,3,4,2,0,0,1,1,0,0,0,0,12.399367,51.363476
13,25,8,12,7,3,3,5,2,0,0,1,1,0,0,0,0,12.370061,51.32551
13,25,8,12,7,3,3,3,2,0,0,1,1,0,0,0,0,12.387978,51.355439
13,25,8,12,12,3,3,3,2,0,0,1,0,0,1,0,0,12.400024,51.341921
13,25,8,12,13,3,3,2,6,0,0,1,0,0,0,0,0,12.373669,51.332798
13,25,8,12,13,3,3,5,3,0,0,1,1,0,0,0,0,12.386423,51.360541
13,25,8,12,15,3,3,1,5,0,0,1,1,0,0,0,0,12.329606,51.316357
13,25,8,12,15,3,3,5,3,0,0,1,0,0,0,0,0,12.359528,51.327877
13,25,8,12,16,3,3,2,2,0,0,1,1,0,0,0,0,12.374757,51.393085
13,25,8,12,18,3,3,5,3,0,0,1,0,0,1,0,0,12.302207,51.287985
13,25,8,12,18,3,2,5,3,0,0,1,1,0,0,0,0,12.475386,51.345626
13,25,8,13,8,4,3,5,2,0,0,1,1,0,0,0,0,12.379401,51.375811
13,25,8,13,12,4,3,1,7,0,0,1,1,0,0,0,0,12.403557,51.332987
13,25,8,13,14,4,3,0,6,0,0,1,1,0,0,0,0,12.439546,51.350825
13,25,8,13,19,4,2,5,2,0,0,1,1,0,0,0,0,12.313382,51.347864
13,25,8,14,10,5,3,6,7,0,0,1,0,1,0,0,0,12.295211,51.3246
13,25,8,14,12,5,2,3,2,0,0,1,1,0,0,0,0,12.394749,51.376396
13,25,8,14,13,5,3,1,5,0,0,1,1,0,0,0,0,12.404785,51.341779
13,25,8,14,14,5,3,5,2,0,0,1,1,0,0,0,0,12.368473,51.314694
13,25,8,14,15,5,3,1,5,0,0,1,1,0,0,0,0,12.460387,51.333486
13,25,8,14,18,5,3,5,3,0,0,1,0,0,0,0,0,12.373175,51.315755
13,25,8,15,7,6,3,1,5,0,0,1,1,0,0,0,0,12.41459,51.330574
13,25,8,15,12,6,3,5,2,0,0,1,1,0,0,0,0,12.374088,51.335762
13,25,8,15,20,6,3,5,3,1,0,1,1,0,0,0,0,12.459162,51.355433
13,25,8,15,23,6,2,5,3,2,0,1,0,0,0,0,1,12.305243,51.326761
13,25,8,16,20,7,3,5,3,0,0,1,0,0,0,0,1,12.474773,51.338133
13,25,8,18,9,2,3,2,6,0,0,1,1,0,0,0,0,12.381743,51.362194
13,25,8,18,9,2,2,5,3,0,0,1,1,0,0,0,0,12.413869,51.316988
13,25,8,18,15,2,3,5,2,0,0,1,1,0,0,0,0,12.303873,51.342516
13,25,8,19,6,3,3,5,3,0,0,1,1,0,0,0,0,12.367581,51.331385
13,25,8,19,7,3,3,3,2,0,0,1,0,0,0,0,0,12.274783,51.344617
13,25,8,19,7,3,3,5,2,0,0,1,1,0,0,0,0,12.326599,51.323052
13,25,8,19,7,3,2,5,3,0,0,1,1,0,0,0,0,12.433547,51.341412
13,25,8,19,9,3,3,5,3,0,0,1,1,0,0,0,0,12.405644,51.351543
13,25,8,19,10,3,3,5,3,0,0,1,0,0,0,0,1,12.354856,51.34973
13,25,8,19,13,3,3,5,2,0,0,1,0,0,0,0,1,12.385211,51.338141
13,25,8,19,13,3,3,5,3,0,0,1,1,0,0,0,0,12.425057,51.388765
13,25,8,19,14,3,3,5,2,0,0,1,1,0,0,0,0,12.439132,51.294841
13,25,8,20,7,4,3,5,3,0,0,1,1,0,0,0,0,12.367532,51.38847
13,25,8,20,8,4,3,5,3,0,0,1,0,0,0,0,1,12.380025,51.339279
13,25,8,20,8,4,3,2,6,0,0,1,0,0,0,0,1,12.408871,51.343334
13,25,8,20,16,4,3,0,1,0,0,1,0,0,0,0,0,12.375257,51.30911
13,25,8,20,17,4,2,3,6,0,0,1,1,0,0,0,0,12.374617,51.367076
13,25,8,21,7,5,3,4,2,0,0,1,1,0,0,0,0,12.320995,51.302775
13,25,8,21,13,5,3,5,3,0,0,1,1,0,0,0,0,12.286313,51.331156
13,25,8,21,13,5,3,0,1,0,0,1,0,0,0,0,0,12.377405,51.375869
13,25,8,21,14,5,3,5,2,0,0,1,0,0,0,0,1,12.344385,51.332199
13,25,8,21,15,5,2,2,6,0,0,1,1,0,0,0,0,12.303607,51.352856
13,25,8,21,15,5,3,3,2,0,0,1,0,0,0,0,0,12.373392,51.32862
13,25,8,21,17,5,3,0,2,0,0,1,1,0,0,0,0,12.350503,51.33254
13,25,8,21,17,5,2,2,2,0,0,1,0,0,1,0,0,12.372355,51.296335
13,25,8,22,7,6,3,2,6,0,0,1,0,0,0,0,0,12.381466,51.331547
13,25,8,22,10,6,3,5,3,0,0,1,0,0,0,0,1,12.314401,51.340604
13,25,8,24,19,1,2,0,1,0,0,1,0,0,0,0,0,12.375054,51.343028
13,25,8,25,7,2,3,5,2,0,0,1,1,0,0,0,0,12.369721,51.324477
13,25,8,25,9,2,3,5,3,0,0,1,1,0,0,0,0,12.358646,51.342036
13,25,8,25,10,2,2,6,7,0,0,1,0,1,0,0,0,12.415405,51.318911
13,25,8,25,11,2,3,5,3,0,0,1,1,0,0,0,0,12.457326,51.332804
13,25,8,25,17,2,3,5,3,0,0,1,1,0,0,0,0,12.283781,51.344323
13,25,8,26,7,3,3,5,2,0,0,1,1,0,0,0,0,12.435289,51.356076
13,25,8,26,8,3,3,0,7,0,0,1,0,0,0,0,0,12.351281,51.33537
13,25,8,26,8,3,3,7,7,0,0,1,0,0,0,0,0,12.424198,51.324251
13,25,8,26,10,3,3,3,6,0,0,1,1,0,0,0,0,12.284058,51.313737
13,25,8,26,13,3,3,5,2,0,0,1,1,0,0,0,0,12.421904,51.32106
13,25,8,26,13,3,2,5,2,0,0,1,1,0,0,0,0,12.485067,51.346264
13,25,8,26,16,3,3,1,5,0,0,1,1,0,0,0,0,12.324217,51.343423
13,25,8,27,7,4,3,1,5,0,1,1,1,0,0,0,0,12.375385,51.332801
13,25,8,27,8,4,3,8,1,0,1,1,1,0,0,0,0,12.390701,51.343566
13,25,8,27,9,4,3,4,2,0,0,1,1,0,0,0,0,12.327712,51.326723
13,25,8,27,10,4,3,5,3,0,0,1,1,0,0,0,0,12.423778,51.355101
13,25,8,27,15,4,3,3,3,0,0,1,1,0,0,0,0,12.304791,51.344011
13,25,8,27,15,4,3,1,5,0,0,1,1,0,0,0,0,12.345094,51.329726
13,25,8,28,7,5,3,3,6,0,1,1,1,0,0,0,0,12.368647,51.315935
13,25,8,28,17,5,3,0,1,0,1,1,0,0,0,0,0,12.385719,51.371573
13,25,8,28,19,5,3,6,4,1,1,1,0,1,0,0,0,12.384287,51.328701
13,25,8,29,11,6,3,2,2,0,1,1,1,0,0,0,0,12.330776,51.37213
13,25,8,29,14,6,3,3,2,0,0,1,0,0,0,0,0,12.418908,51.371654
13,25,8,29,21,6,3,3,6,2,0,1,1,0,0,0,0,12.370404,51.326643
13,25,8,29,21,6,3,5,2,2,0,1,1,0,0,0,0,12.381913,51.30699
13,25,8,30,12,7,3,5,3,0,0,1,1,0,0,0,0,12.385379,51.343558
13,25,8,30,20,7,3,0,1,1,0,1,0,0,0,0,0,12.394767,51.376349
13,25,8,31,9,1,3,5,3,0,0,1,1,0,0,0,0,12.399367,51.363476
13,25,8,31,13,1,3,5,3,0,0,1,0,0,0,0,1,12.38126,51.33745
13,25,8,31,13,1,2,6,4,0,0,1,0,1,0,0,0,12.414806,51.343455
13,25,8,31,20,1,3,0,7,1,0,1,0,0,0,0,0,12.475396,51.336094
13,25,9,1,8,2,2,5,2,0,0,1,1,0,0,0,0,12.401573,51.324073
13,25,9,1,9,2,3,1,6,0,0,1,1,0,0,0,0,12.360299,51.337907
13,25,9,1,11,2,3,6,6,0,0,1,0,1,0,0,0,12.376287,51.338188
13,25,9,1,13,2,2,0,1,0,0,1,0,0,0,0,0,12.291032,51.357119
13,25,9,1,14,2,3,6,6,0,0,1,0,1,0,0,0,12.27643,51.31046
13,25,9,1,18,2,3,1,1,0,0,1,1,0,0,0,0,12.365641,51.35743
13,25,9,1,19,2,3,5,3,0,0,1,0,0,0,0,1,12.394413,51.28498
13,25,9,1,21,2,3,0,7,2,1,1,0,0,0,0,0,12.37414,51.303665
13,25,9,2,11,3,2,3,2,0,0,1,0,0,0,1,0,12.353638,51.340838
13,25,9,2,18,3,3,4,6,0,0,1,0,0,0,0,0,12.375153,51.335668
13,25,9,3,7,4,3,5,3,0,0,1,1,0,0,0,0,12.490225,51.339721
13,25,9,3,16,4,3,3,2,0,0,1,1,0,0,0,0,12.38546,51.37614
13,25,9,3,17,4,3,6,4,0,0,1,0,1,0,0,0,12.424703,51.3046
13,25,9,3,20,4,3,7,7,1,0,1,0,0,0,0,1,12.398349,51.294821
13,25,9,3,21,4,2,0,1,2,0,1,0,0,0,0,0,12.373633,51.322075
13,25,9,4,7,5,3,5,3,0,0,1,1,0,0,0,0,12.328777,51.320346
13,25,9,4,17,5,3,5,3,0,0,1,1,0,0,0,0,12.305001,51.344325
13,25,9,5,5,6,3,5,3,1,1,1,1,0,0,0,0,12.281989,51.357924
13,25,9,5,9,6,3,6,4,0,0,1,0,1,0,0,0,12.421959,51.319585
13,25,9,5,16,6,3,5,3,0,0,1,1,0,0,0,0,12.417088,51.356823
13,25,9,5,19,6,3,5,3,1,0,1,1,0,1,0,0,12.368985,51.341924
13,25,9,6,7,7,2,5,3,0,0,1,1,0,0,0,0,12.38128,51.305533
13,25,9,6,10,7,3,3,2,0,0,1,1,0,0,0,0,12.383643,51.335452
13,25,9,6,12,7,3,1,5,0,0,1,1,0,0,0,0,12.413535,51.34513
13,25,9,6,16,7,3,5,3,0,0,1,1,0,0,0,0,12.399329,51.376415
13,25,9,6,18,7,3,0,7,0,0,1,0,0,0,0,0,12.358461,51.331504
13,25,9,6,21,7,3,3,7,2,0,1,0,0,0,0,0,12.39085,51.290047
13,25,9,7,13,1,3,5,2,0,0,1,1,0,0,0,0,12.318537,51.331545
13,25,9,7,14,1,3,1,5,0,0,1,1,0,0,0,0,12.372537,51.360899
13,25,9,8,7,2,3,5,3,0,0,1,1,0,0,0,0,12.291643,51.322504
13,25,9,8,8,2,3,5,3,0,0,1,1,0,0,0,0,12.310235,51.317716
13,25,9,8,12,2,2,0,1,0,0,1,0,0,0,0,0,12.269696,51.326521
13,25,9,8,16,2,3,5,2,0,0,1,1,0,0,0,0,12.26514,51.326306
13,25,9,8,19,2,3,5,3,0,0,1,1,0,0,0,0,12.385358,51.341195
13,25,9,9,6,3,2,5,3,1,0,1,0,0,0,0,1,12.381166,51.342667
13,25,9,9,14,3,3,3,3,0,0,1,1,0,0,0,0,12.442041,51.360689
13,25,9,9,16,3,3,5,3,0,0,1,0,0,0,0,0,12.376407,51.344446
13,25,9,9,16,3,3,1,5,0,0,1,1,0,0,0,0,12.408515,51.345393
13,25,9,10,7,4,2,0,1,0,0,1,0,0,0,0,0,12.31135,51.328889
13,25,9,10,8,4,3,5,2,0,0,1,0,0,0,0,0,12.275157,51.313308
13,25,9,10,9,4,3,3,2,0,0,1,0,0,0,0,0,12.418122,51.377639
13,25,9,10,12,4,3,3,6,0,0,1,0,0,0,0,1,12.344234,51.324801
13,25,9,10,16,4,3,0,6,0,0,1,1,0,0,0,0,12.306421,51.351339
13,25,9,10,21,4,3,0,1,2,1,1,0,0,0,0,0,12.337328,51.336866
13,25,9,11,7,5,2,5,3,0,0,1,1,0,0,0,0,12.373944,51.334088
13,25,9,11,8,5,3,5,3,0,0,1,1,0,0,0,0,12.373063,51.311626
13,25,9,11,17,5,3,5,3,0,0,1,1,0,0,0,0,12.364199,51.344417
13,25,9,12,11,6,3,5,2,0,0,1,1,0,0,0,0,12.370064,51.344373
13,25,9,12,13,6,3,3,6,0,0,1,1,0,0,0,0,12.301877,51.342653
13,25,9,12,15,6,3,3,6,0,0,1,1,0,0,0,0,12.427823,51.29305
13,25,9,12,17,6,3,5,2,0,0,1,1,0,0,0,0,12.422415,51.306568
13,25,9,12,17,6,3,5,3,0,0,1,0,0,0,0,0,12.48046,51.345904
13,25,9,13,17,7,3,4,1,0,0,1,0,0,0,0,0,12.349108,51.338402
13,25,9,13,20,7,2,5,3,1,0,1,1,0,0,0,0,12.366362,51.336318
13,25,9,13,20,7,3,0,1,2,0,1,0,0,0,0,0,12.464459,51.304427
13,25,9,13,22,7,3,0,1,2,0,1,0,0,0,0,0,12.327217,51.329649