UKREIS,UJAHR,UMONAT,UTAG,USTUNDE,UWOCHENTAG,UKATEGORIE,UART,UTYP,LICHT,USTRZUSTAND,IstRad,IstPKW,IstFuss,IstKrad,IstGkfz,IstSonstige,@lon,@lat
13,25,9,14,12,1,3,6,4,0,0,1,0,1,0,0,0,12.36998,51.305395
13,25,9,14,14,1,3,1,5,0,0,1,1,0,0,0,0,12.3061,51.352518
13,25,9,15,7,2,3,3,2,0,1,1,1,0,0,0,0,12.386047,51.370048
13,25,9,15,8,2,3,2,6,0,1,1,1,0,0,0,0,12.362304,51.33245
13,25,9,15,11,2,3,5,3,0,1,1,1,0,0,0,0,12.402143,51.333261
13,25,9,15,14,2,3,5,3,0,1,1,1,0,0,0,0,12.369475,51.323314
13,25,9,15,18,2,3,5,3,0,0,1,0,0,1,0,0,12.374548,51.335865
13,25,9,16,14,3,3,3,6,0,0,1,0,0,0,0,0,12.353979,51.319767
13,25,9,16,22,3,3,5,3,2,1,1,1,0,0,0,0,12.331926,51.34028
13,25,9,17,8,4,3,5,3,0,0,1,1,0,0,0,0,12.374545,51.33586
13,25,9,17,9,4,3,5,3,0,0,1,1,0,0,0,0,12.475393,51.345626
13,25,9,17,22,4,3,2,6,2,0,1,1,0,0,0,0,12.411694,51.330991
13,25,9,18,5,5,3,5,2,2,1,1,1,0,0,0,0,12.426648,51.370717
13,25,9,18,5,5,3,4,6,1,1,1,0,0,0,0,0,12.45781,51.350462
13,25,9,18,9,5,3,5,3,0,1,1,1,0,0,0,0,12.368666,51.318839
13,25,9,18,15,5,3,5,3,0,0,1,0,0,0,0,0,12.270023,51.321012
13,25,9,18,15,5,3,5,3,0,0,1,1,0,0,0,0,12.383391,51.334893
13,25,9,18,15,5,3,1,5,0,0,1,1,0,0,0,0,12.459644,51.348728
13,25,9,19,8,6,3,0,7,0,0,1,0,1,0,0,0,12.26567,51.330601
13,25,9,19,12,6,3,1,1,0,0,1,1,0,0,0,0,12.396947,51.342924
13,25,9,19,16,6,3,1,3,0,0,1,1,0,0,0,0,12.32472,51.323235
13,25,9,19,18,6,3,5,3,0,0,1,1,0,0,0,0,12.408328,51.317478
13,25,9,19,20,6,2,5,2,2,0,1,1,0,0,0,0,12.373653,51.326019
13,25,9,19,21,6,3,0,1,2,0,1,0,0,0,0,0,12.397312,51.345994
13,25,9,20,15,7,3,3,6,0,0,1,0,1,0,0,0,12.414655,51.331974
13,25,9,20,16,7,3,0,1,0,0,1,0,0,0,0,0,12.285836,51.330967
13,25,9,20,17,7,3,3,6,0,0,1,1,0,0,0,0,12.379724,51.344416
13,25,9,20,22,7,3,0,7,2,0,1,0,0,0,0,0,12.328406,51.336801
13,25,9,22,7,2,3,3,2,0,1,1,1,0,0,0,0,12.373636,51.32675
13,25,9,22,8,2,3,5,3,0,1,1,1,0,0,0,0,12.365262,51.323634
13,25,9,22,8,2,3,0,1,0,1,1,0,0,0,0,0,12.371354,51.316669
13,25,9,22,15,2,3,6,3,0,1,1,0,1,0,0,0,12.326354,51.30795
13,25,9,22,17,2,3,5,3,0,1,1,1,0,0,0,0,12.376761,51.354196
13,25,9,23,6,3,3,5,2,2,0,1,1,0,0,0,0,12.378436,51.335742
13,25,9,23,7,3,3,2,6,0,0,1,1,0,0,0,0,12.396137,51.301188
13,25,9,23,14,3,3,6,7,0,0,1,0,1,0,0,0,12.370745,51.336386
13,25,9,23,17,3,3,5,3,0,0,1,1,0,0,0,0,12.389358,51.291802
13,25,9,24,7,4,3,5,3,0,0,1,0,0,0,0,0,12.357034,51.320491
13,25,9,24,16,4,2,0,7,0,0,1,0,0,0,0,0,12.349937,51.321303
13,25,9,24,17,4,3,8,7,1,0,1,0,0,0,0,1,12.37018,51.307038
13,25,9,25,6,5,3,3,2,1,1,1,1,0,0,0,0,12.49253,51.335294
13,25,9,25,7,5,3,5,3,1,1,1,1,0,0,0,0,12.424241,51.304484
13,25,9,25,10,5,3,4,6,0,1,1,0,0,0,0,0,12.281967,51.347566
13,25,9,25,15,5,3,3,6,0,1,1,1,0,0,0,0,12.368458,51.316864
13,25,9,26,10,6,3,5,3,0,0,1,1,0,0,0,0,12.316483,51.300575
13,25,9,26,13,6,3,5,3,0,0,1,1,0,0,0,0,12.371191,51.335678
13,25,9,26,16,6,3,1,7,0,1,1,1,0,0,0,0,12.375789,51.318585
13,25,9,27,12,7,3,5,3,0,0,1,1,0,0,0,0,12.389812,51.344529
13,25,9,28,10,1,3,5,2,0,0,1,1,0,0,0,0,12.374086,51.304051
13,25,9,28,11,1,3,0,1,0,0,1,0,0,0,0,0,12.280763,51.383535
13,25,9,29,7,2,3,6,3,0,0,1,0,1,0,0,0,12.336872,51.336784
13,25,9,29,12,2,3,5,3,0,0,1,1,0,0,0,0,12.338339,51.327288
13,25,9,29,16,2,3,0,1,0,0,1,0,0,0,0,0,12.417198,51.323607
13,25,9,30,8,3,3,7,7,1,0,1,0,0,0,0,0,12.343207,51.342187
13,25,9,30,8,3,3,5,3,0,0,1,1,0,0,0,0,12.421441,51.308291
13,25,9,30,11,3,3,1,5,0,0,1,0,0,0,1,0,12.375081,51.34148
13,25,10,1,6,4,3,5,2,0,0,1,1,0,0,0,0,12.37086,51.336381
13,25,10,1,14,4,3,4,2,0,0,1,1,0,0,0,0,12.405795,51.350738
13,25,10,1,14,4,3,5,3,0,0,1,1,0,0,0,0,12.426723,51.320769
13,25,10,2,7,5,3,0,5,0,0,1,0,1,0,0,1,12.372924,51.332918
13,25,10,2,11,5,2,5,3,0,0,1,1,0,0,0,0,12.407424,51.351316
13,25,10,2,15,5,3,6,2,0,0,1,0,1,0,0,0,12.401321,51.31897
13,25,10,2,15,5,3,3,2,0,0,1,1,0,0,0,0,12.42593,51.320086
13,25,10,2,15,5,3,5,2,0,0,1,1,0,0,0,0,12.479219,51.34272
13,25,10,2,20,5,3,3,2,2,0,1,1,0,0,0,0,12.336771,51.335379
13,25,10,2,20,5,3,5,3,2,0,1,1,0,0,0,0,12.380103,51.330251
13,25,10,3,8,6,2,0,7,0,0,1,0,0,0,0,0,12.311202,51.341122
13,25,10,3,13,6,2,1,1,0,0,1,1,0,0,0,0,12.394114,51.351332
13,25,10,5,16,1,3,5,2,0,1,1,1,0,0,0,0,12.406005,51.313952
13,25,10,6,14,2,3,4,2,0,1,1,1,0,0,0,0,12.307867,51.346895
13,25,10,6,14,2,3,4,2,0,0,1,1,0,0,0,0,12.30845,51.347182
13,25,10,6,15,2,3,4,6,0,1,1,0,0,0,0,0,12.383084,51.342554
13,25,10,6,16,2,3,3,2,1,1,1,1,0,0,0,0,12.369367,51.344163
13,25,10,6,16,2,3,6,6,0,1,1,0,1,0,0,0,12.391266,51.347414
13,25,10,6,20,2,3,0,1,2,1,1,0,0,0,0,0,12.309062,51.35601
13,25,10,6,21,2,3,5,3,2,1,1,1,0,0,0,0,12.329288,51.340074
13,25,10,7,13,3,3,2,7,0,1,1,1,0,0,0,0,12.300924,51.354882
13,25,10,7,19,3,3,0,5,0,0,1,0,0,0,0,1,12.373203,51.308547
13,25,10,8,8,4,2,5,3,0,1,1,1,0,0,0,0,12.308318,51.349578
13,25,10,8,9,4,3,5,3,0,1,1,1,0,0,0,0,12.38988,51.346561
13,25,10,9,17,5,3,1,5,0,0,1,1,0,0,0,0,12.336955,51.332255
13,25,10,10,16,6,3,0,7,0,0,1,0,0,0,0,1,12.479235,51.346663
13,25,10,10,22,6,3,2,2,2,1,1,1,0,0,0,0,12.407408,51.32596
13,25,10,11,14,7,3,5,3,0,0,1,1,0,0,0,0,12.345691,51.330033
13,25,10,11,18,7,3,3,7,1,0,1,1,0,0,0,0,12.434714,51.380182
13,25,10,11,19,7,3,0,1,2,0,1,0,0,0,0,0,12.366379,51.368009
13,25,10,14,5,3,3,5,3,2,0,1,0,0,0,0,1,12.384945,51.298889
13,25,10,14,15,3,3,5,2,0,1,1,1,0,0,0,0,12.403716,51.321643
13,25,10,14,17,3,2,0,1,1,1,1,0,0,0,0,0,12.473445,51.345693
13,25,10,14,19,3,3,5,3,2,1,1,1,0,0,0,0,12.374633,51.347978
13,25,10,14,19,3,3,6,4,2,1,1,0,1,0,0,0,12.414698,51.337941
13,25,10,15,4,4,3,5,3,2,1,1,1,0,0,0,0,12.405696,51.37578
13,25,10,15,5,4,3,5,2,2,1,1,1,0,0,0,0,12.460534,51.367253
13,25,10,15,15,4,3,1,5,0,0,1,1,0,0,0,0,12.327297,51.339199
13,25,10,15,16,4,3,3,2,0,0,1,1,0,0,0,0,12.375221,51.392452
13,25,10,15,18,4,3,1,3,1,0,1,1,0,0,0,0,12.341196,51.368492
13,25,10,17,11,6,3,2,6,0,0,1,1,0,0,0,0,12.430399,51.349951
13,25,10,17,19,6,3,1,5,2,0,1,1,0,0,0,0,12.354113,51.340199
13,25,10,18,10,7,3,4,2,0,0,1,1,0,0,0,0,12.323045,51.302603
13,25,10,18,17,7,3,5,3,0,0,1,1,0,0,0,0,12.359153,51.320908
13,25,10,20,0,2,3,0,7,2,0,1,0,0,0,0,0,12.401623,51.363954
13,25,10,20,7,2,3,4,2,0,0,1,1,0,0,0,0,12.365669,51.321014
13,25,10,20,7,2,3,5,3,0,0,1,1,0,0,0,0,12.47692,51.33978
13,25,10,20,9,2,3,0,7,0,0,1,0,0,0,0,0,12.30783,51.311985
13,25,10,20,17,2,3,5,3,1,1,1,1,0,0,0,0,12.345673,51.330024
13,25,10,20,18,2,3,4,6,1,0,1,0,0,0,0,0,12.405902,51.350703
13,25,10,21,6,3,3,5,3,2,0,1,1,0,0,0,0,12.367502,51.320774
13,25,10,21,13,3,3,5,3,0,0,1,1,0,0,0,0,12.333399,51.337977
13,25,10,21,15,3,1,3,2,0,0,1,0,0,0,1,0,12.373163,51.314929
13,25,10,23,7,5,3,1,5,1,1,1,1,0,0,0,0,12.371954,51.312401
13,25,10,23,18,5,3,0,1,2,1,1,0,0,0,0,0,12.369333,51.338528
13,25,10,23,22,5,3,5,3,2,0,1,1,0,0,0,0,12.39329,51.336936
13,25,10,24,7,6,3,5,3,0,0,1,1,0,0,0,0,12.440513,51.332497
13,25,10,24,13,6,3,6,4,0,0,1,0,1,0,0,0,12.380633,51.341227
13,25,10,24,21,6,3,5,3,2,1,1,1,0,0,0,0,12.343052,51.322693
13,25,10,24,23,6,3,5,3,2,0,1,1,0,0,0,0,12.386102,51.343199
13,25,10,25,3,7,3,8,1,2,0,1,0,0,0,0,0,12.309498,51.327842
13,25,10,25,11,7,3,3,2,0,0,1,1,0,0,0,0,12.367445,51.341169
13,25,10,25,21,7,3,0,1,2,1,1,0,0,0,0,0,12.395943,51.346831
13,25,10,26,10,1,3,0,1,0,1,1,0,0,0,0,0,12.338901,51.332365
13,25,10,27,16,2,3,3,6,1,0,1,1,0,0,0,0,12.371585,51.336649
13,25,10,27,16,2,3,0,1,0,1,1,0,0,0,0,0,12.415087,51.321842
13,25,10,28,16,3,3,1,3,1,0,1,1,0,0,0,0,12.366874,51.335709
13,25,10,28,19,3,3,3,2,2,1,1,1,0,0,0,0,12.370537,51.335216
13,25,10,29,7,4,3,6,6,1,1,1,0,1,0,0,0,12.332813,51.330183
13,25,10,29,9,4,3,5,3,0,0,1,0,0,1,0,0,12.380989,51.330566
13,25,10,29,15,4,3,2,6,0,1,1,1,0,0,0,0,12.309841,51.323749
13,25,10,29,22,4,3,0,1,2,1,1,0,0,0,0,0,12.349869,51.366603
13,25,10,30,9,5,2,5,3,0,1,1,1,0,0,0,0,12.356889,51.320464
13,25,10,30,9,5,3,5,3,0,1,1,0,0,0,0,1,12.385145,51.339428
13,25,10,31,18,6,3,0,1,2,0,1,0,0,0,0,0,12.394445,51.315323
13,25,11,1,9,7,3,1,5,0,0,1,1,0,0,0,0,12.328174,51.319275
13,25,11,2,13,1,3,3,2,0,0,1,1,0,0,0,0,12.403991,51.321677
13,25,11,3,8,2,3,3,2,0,1,1,1,0,0,0,0,12.363253,51.342867
13,25,11,3,8,2,3,5,3,0,1,1,1,0,0,0,0,12.365668,51.321032
13,25,11,3,14,2,3,1,5,0,0,1,1,0,0,0,0,12.271601,51.3206
13,25,11,3,17,2,3,5,3,2,0,1,1,0,0,0,0,12.33277,51.336749
13,25,11,4,5,3,3,5,3,2,0,1,1,0,0,0,0,12.309447,51.330763
13,25,11,4,7,3,3,4,2,0,0,1,1,0,0,0,0,12.337641,51.33538
13,25,11,4,17,3,3,1,5,2,0,1,1,0,0,0,0,12.410316,51.338084
13,25,11,4,19,3,3,5,2,2,0,1,1,0,0,0,0,12.371566,51.344467
13,25,11,5,7,4,3,5,3,0,1,1,0,0,0,0,0,12.32688,51.332269
13,25,11,5,7,4,3,5,3,0,0,1,1,0,0,0,0,12.383068,51.343579
13,25,11,5,7,4,3,1,5,1,0,1,1,0,0,0,0,12.425742,51.358613
13,25,11,5,7,4,3,1,7,0,0,1,1,0,0,0,0,12.456683,51.386265
13,25,11,5,8,4,3,5,3,0,0,1,0,0,0,0,0,12.397444,51.33407
13,25,11,5,14,4,3,1,6,0,0,1,1,0,0,0,0,12.388748,51.353667
13,25,11,5,14,4,3,5,3,0,0,1,1,0,0,0,0,12.399364,51.376385
13,25,11,5,16,4,2,0,1,1,0,1,0,0,0,0,0,12.321802,51.344837
13,25,11,7,9,6,3,3,2,0,0,1,1,0,0,0,0,12.381168,51.342672
13,25,11,7,17,6,3,5,3,2,0,1,1,0,0,0,0,12.383076,51.334217
13,25,11,7,20,6,3,5,2,2,0,1,1,0,0,0,0,12.41124,51.342046
13,25,11,8,12,7,3,5,3,0,0,1,0,0,0,0,1,12.339376,51.334564
13,25,11,8,20,7,3,1,7,2,0,1,1,0,0,0,0,12.372154,51.342452
13,25,11,10,11,2,3,0,7,0,0,1,1,0,0,0,0,12.353969,51.3345
13,25,11,10,11,2,3,5,3,0,0,1,1,0,0,0,0,12.36576,51.339518
13,25,11,10,13,2,3,5,2,0,0,1,1,0,0,0,0,12.373737,51.326841
13,25,11,10,15,2,3,4,6,0,0,1,0,0,0,0,0,12.376636,51.343024
13,25,11,11,7,3,3,1,5,0,0,1,1,0,0,0,0,12.344225,51.324784
13,25,11,11,8,3,3,3,2,0,1,1,1,0,0,0,0,12.381597,51.331745
13,25,11,11,16,3,3,5,3,0,0,1,0,0,0,0,1,12.409395,51.325168
13,25,11,11,17,3,3,5,2,1,0,1,1,0,0,0,0,12.30386,51.34249
13,25,11,11,18,3,3,6,4,0,0,1,0,1,0,0,0,12.413649,51.342655
13,25,11,12,6,4,3,5,3,1,0,1,1,0,0,0,0,12.420498,51.319265
13,25,11,12,8,4,3,3,2,0,0,1,1,0,0,0,0,12.394775,51.339093
13,25,11,12,9,4,3,5,2,0,0,1,1,0,0,0,0,12.37373,51.332854
13,25,11,12,9,4,3,5,3,0,0,1,1,0,0,0,0,12.397444,51.33407
13,25,11,12,12,4,3,5,3,0,0,1,1,0,0,0,0,12.273494,51.384694
13,25,11,12,14,4,3,0,7,0,0,1,0,0,0,0,0,12.368114,51.334873
13,25,11,12,14,4,3,0,7,0,0,1,1,0,0,0,0,12.450296,51.34552
13,25,11,13,7,5,3,5,2,0,0,1,1,0,0,0,0,12.393389,51.410394
13,25,11,13,15,5,3,0,1,0,0,1,0,0,0,0,0,12.338686,51.37025
13,25,11,13,15,5,3,0,1,0,0,1,0,0,0,0,0,12.338688,51.370252
13,25,11,13,19,5,2,6,6,2,0,1,0,1,0,0,0,12.336299,51.365015
13,25,11,13,19,5,2,0,1,2,0,1,0,0,0,0,0,12.338827,51.332367
13,25,11,14,9,6,3,5,3,0,0,1,1,0,0,0,0,12.414698,51.356735
13,25,11,14,23,6,3,0,1,2,1,1,0,0,0,0,0,12.341112,51.33243
13,25,11,15,11,7,3,5,3,0,1,1,1,0,0,0,0,12.358665,51.341989
13,25,11,15,17,7,3,2,6,2,1,1,1,0,0,0,0,12.369106,51.320531
13,25,11,15,19,7,3,5,3,2,1,1,1,0,0,0,0,12.371329,51.337765
13,25,11,16,4,1,3,0,1,2,1,1,0,0,0,0,0,12.337194,51.336134
13,25,11,17,9,2,3,5,3,0,1,1,1,0,0,0,0,12.383603,51.338275
13,25,11,17,13,2,3,5,2,0,1,1,1,0,0,0,0,12.323859,51.379407
13,25,11,17,15,2,3,3,3,0,1,1,1,0,0,0,0,12.376798,51.343276
13,25,11,17,16,2,3,5,3,2,1,1,1,0,0,0,0,12.376791,51.320515
13,25,11,17,18,2,3,0,1,2,1,1,0,0,0,0,0,12.372337,51.353953
13,25,11,17,18,2,3,2,6,1,1,1,1,0,0,0,0,12.382123,51.304446
13,25,11,18,7,3,3,2,2,0,2,1,1,0,0,0,0,12.332447,51.337807
13,25,11,18,7,3,3,4,2,1,1,1,1,0,0,0,0,12.450832,51.302549
13,25,11,18,12,3,3,5,3,0,0,1,1,0,0,0,0,12.405062,51.338122
13,25,11,18,14,3,3,3,6,0,0,1,1,0,0,0,0,12.373997,51.331116
13,25,11,19,12,4,2,0,7,0,1,1,0,0,0,0,0,12.409185,51.36764
13,25,11,19,12,4,3,1,5,0,1,1,1,0,0,0,0,12.417958,51.328492
13,25,11,20,9,5,3,1,5,0,0,1,1,0,0,0,0,12.369617,51.340198
13,25,11,20,18,5,3,5,3,2,0,1,1,0,0,0,0,12.342566,51.321622
13,25,11,21,17,6,3,0,1,2,0,1,0,0,0,0,0,12.445507,51.346234
13,25,11,22,14,7,3,0,1,0,0,1,0,0,0,0,0,12.323842,51.305373
13,25,11,22,15,7,3,5,3,0,0,1,1,0,0,0,0,12.325884,51.314469
13,25,11,23,12,1,3,4,2,0,0,1,1,0,0,0,0,12.450865,51.30255
13,25,11,23,20,1,3,0,1,2,1,1,0,0,0,0,0,12.371414,51.331209
13,25,11,23,23,1,3,0,1,2,1,1,0,0,0,0,0,12.315182,51.349357
13,25,11,24,18,2,3,3,2,2,0,1,1,0,0,0,0,12.381687,51.331774
13,25,11,25,15,3,3,5,3,0,0,1,1,0,0,0,0,12.480097,51.335274
13,25,11,26,14,4,2,5,3,0,1,1,1,0,0,0,0,12.395725,51.363324
13,25,11,26,17,4,3,2,2,2,0,1,1,0,0,0,0,12.306122,51.325242
13,25,11,26,18,4,3,3,7,2,1,1,1,0,0,0,0,12.393004,51.380439
13,25,11,27,16,5,3,5,3,2,0,1,1,0,0,0,0,12.338183,51.327042
13,25,11,27,16,5,3,3,2,2,0,1,1,0,0,0,0,12.362954,51.330628
13,25,11,27,17,5,3,3,2,2,0,1,1,0,0,0,0,12.336201,51.319214
13,25,11,27,18,5,3,0,6,2,0,1,1,0,0,0,0,12.400692,51.34581
13,25,11,29,0,7,3,6,7,2,1,1,0,1,0,0,0,12.343057,51.338683
13,25,11,29,12,7,3,0,1,0,1,1,0,0,0,0,0,12.315036,51.354109
13,25,11,29,17,7,3,5,2,2,0,1,1,0,0,0,0,12.40728,51.331477
13,25,11,29,18,7,3,3,2,2,0,1,1,0,0,0,0,12.401889,51.345748
13,25,11,29,20,7,3,5,3,2,0,1,1,0,0,0,0,12.371769,51.339678
13,25,12,1,15,2,2,5,3,0,0,1,1,0,0,0,0,12.455171,51.350297
13,25,12,1,16,2,3,0,7,2,0,1,0,0,0,0,0,12.313188,51.308184
13,25,12,2,7,3,3,3,2,0,0,1,1,0,0,0,0,12.404156,51.33211
13,25,12,2,11,3,3,5,3,0,0,1,0,0,0,0,1,12.380486,51.330653
13,25,12,2,13,3,3,5,3,0,0,1,1,0,0,0,0,12.335116,51.349867
13,25,12,2,13,3,2,5,2,0,0,1,1,0,0,0,0,12.34176,51.318503
13,25,12,2,18,3,3,6,4,2,0,1,0,1,0,0,0,12.339184,51.370591
13,25,12,4,7,5,3,5,3,2,0,1,0,0,1,0,0,12.333027,51.298739
13,25,12,5,7,6,3,1,5,0,1,1,1,0,0,0,0,12.367884,51.325277
13,25,12,5,11,6,3,5,2,0,0,1,1,0,0,0,0,12.354865,51.349784
13,25,12,5,11,6,3,1,6,0,0,1,1,0,0,0,0,12.380063,51.329164
13,25,12,5,14,6,3,1,5,0,0,1,1,0,0,0,0,12.373643,51.33325
13,25,12,6,8,7,3,1,5,0,0,1,1,0,0,0,0,12.373482,51.322721
13,25,12,6,10,7,3,3,2,0,0,1,1,0,0,0,0,12.404547,51.345604
13,25,12,6,13,7,3,3,2,0,0,1,0,0,0,0,1,12.406007,51.345526
13,25,12,6,17,7,3,5,2,2,0,1,1,0,0,0,0,12.330775,51.37213
13,25,12,7,14,1,3,4,6,0,1,1,1,0,0,0,0,12.486471,51.346593
13,25,12,8,6,2,3,4,6,2,1,1,0,0,0,0,0,12.374283,51.336693
13,25,12,8,7,2,3,5,3,1,1,1,1,0,0,0,0,12.381558,51.336673
13,25,12,8,7,2,3,2,6,0,1,1,1,0,0,0,0,12.411211,51.330835
13,25,12,8,11,2,3,4,2,0,1,1,1,0,0,0,0,12.394143,51.368991
13,25,12,8,15,2,3,0,6,0,1,1,0,0,0,0,0,12.366595,51.335335
13,25,12,8,20,2,3,3,5,2,1,1,1,0,0,0,0,12.405499,51.367829
13,25,12,9,6,3,3,5,3,2,1,1,1,0,0,0,0,12.372979,51.301377
13,25,12,9,10,3,3,5,3,0,0,1,0,0,0,0,1,12.339662,51.335316
13,25,12,9,11,3,3,6,7,0,0,1,1,1,0,0,0,12.372249,51.391678
13,25,12,9,12,3,3,5,3,0,0,1,1,0,0,0,0,12.337901,51.330965
13,25,12,9,17,3,3,5,2,2,0,1,1,0,0,0,0,12.464076,51.282953
13,25,12,10,15,4,2,5,2,0,1,1,1,0,0,0,0,12.421729,51.322376
13,25,12,10,16,4,3,1,5,1,1,1,1,0,0,0,0,12.366226,51.339304
13,25,12,11,10,5,3,6,3,0,1,1,0,1,0,0,0,12.411264,51.342207
13,25,12,11,19,5,3,5,2,2,0,1,0,0,0,0,1,12.370335,51.361449
13,25,12,12,13,6,3,5,3,0,0,1,1,0,0,0,0,12.280683,51.326605
13,25,12,12,17,6,3,5,3,2,1,1,1,0,0,0,0,12.435863,51.345412
13,25,12,13,10,7,3,0,1,0,0,1,0,0,0,0,0,12.34139,51.321866
13,25,12,13,20,7,3,0,1,2,1,1,0,0,0,0,0,12.444493,51.31235
13,25,12,15,15,2,2,3,6,0,0,1,0,0,0,1,0,12.405721,51.3318
13,25,12,16,7,3,3,5,3,0,0,1,0,0,0,0,1,12.370554,51.361262
13,25,12,16,13,3,3,5,2,0,0,1,1,0,0,0,0,12.356649,51.364456
13,25,12,16,17,3,3,0,1,0,0,1,0,0,0,0,0,12.392223,51.33432
13,25,12,17,9,4,3,3,7,0,0,1,1,0,0,0,0,12.364588,51.337352
13,25,12,17,11,4,3,3,2,0,0,1,1,0,0,0,0,12.373606,51.330483
13,25,12,17,17,4,3,5,3,2,0,1,1,0,0,0,0,12.373542,51.351661
13,25,12,18,10,5,3,3,5,0,0,1,1,0,0,0,0,12.370143,51.355719
13,25,12,18,16,5,3,3,2,1,0,1,1,0,0,0,0,12.318587,51.331433
13,25,12,19,14,6,3,1,7,0,0,1,1,0,0,0,0,12.383626,51.341154
13,25,12,19,15,6,3,1,5,0,0,1,1,0,0,0,0,12.328321,51.339511
13,25,12,19,16,6,3,6,6,2,0,1,0,1,0,0,0,12.37253,51.394844
13,25,12,19,21,6,3,6,4,2,1,1,0,1,0,0,0,12.336533,51.334815
13,25,12,20,10,7,3,0,1,0,1,1,0,0,0,0,0,12.327413,51.304501
13,25,12,22,10,2,3,0,1,0,0,1,0,0,0,0,0,12.390745,51.351717
13,25,12,23,8,3,3,5,3,0,0,1,1,0,0,0,0,12.324797,51.374267
13,25,12,28,17,1,3,9,1,2,2,1,1,0,0,0,0,12.376227,51.34832
13,25,12,28,18,1,3,0,1,2,0,1,0,0,0,0,0,12.366711,51.367162
13,25,12,30,7,3,3,1,5,0,1,1,1,0,0,0,0,12.446224,51.346151
13,25,12,30,23,3,2,5,3,2,0,1,1,0,0,0,0,12.327915,51.327638
29,16,3,3,8,5,3,0,3,0,0,1,1,0,0,0,0,12.655101,51.142262
29,16,4,3,11,1,3,5,3,0,0,1,1,0,0,0,0,12.654607,51.142095
29,16,5,4,18,4,3,5,3,0,0,1,1,0,0,0,0,12.653573,51.143667
29,16,6,7,10,3,2,5,3,0,0,1,1,0,0,0,0,12.654607,51.142095
29,16,11,2,18,4,3,5,3,2,1,1,1,0,0,0,0,12.64859,51.141279
29,17,3,5,1,1,3,8,1,2,0,1,0,0,0,0,0,12.640341,51.14268
29,17,5,20,23,7,2,6,6,2,0,1,0,1,0,0,0,12.658933,51.143553
29,17,9,28,16,5,3,5,3,0,0,1,1,0,0,0,0,12.646705,51.144315
29,18,4,3,13,3,3,5,3,0,0,1,1,0,0,0,0,12.651758,51.141522
29,18,5,1,6,3,3,5,2,0,0,1,1,0,0,0,0,12.6387,51.146134
29,18,5,3,11,5,2,5,3,0,0,1,1,0,0,0,0,12.690512,51.135107
29,18,7,1,14,1,2,5,3,0,0,1,1,0,0,0,0,12.642402,51.142222
29,18,8,2,10,5,2,5,2,0,0,1,0,0,0,0,0,12.64337,51.154718
29,18,8,5,13,1,3,4,6,0,0,1,0,0,0,0,0,12.698919,51.158188
29,19,4,5,14,6,3,5,3,0,0,1,1,0,0,0,0,12.634279,51.152444
29,19,4,5,16,6,2,3,1,0,0,1,1,0,0,0,0,12.637271,51.149718
29,19,6,1,19,7,3,3,6,0,0,1,1,0,0,0,0,12.608166,51.149688
29,19,10,3,10,5,3,0,6,0,0,1,1,0,0,0,1,12.657472,51.147769
29,20,1,29,18,4,2,5,2,2,1,1,1,0,0,0,0,12.648611,51.141279
29,20,4,4,13,7,3,1,7,0,0,1,1,0,0,0,0,12.64715,51.141867
29,20,5,23,23,7,3,9,1,2,0,1,0,0,0,0,0,12.717932,51.103867
29,20,7,3,22,6,2,0,1,2,0,1,0,0,0,0,0,12.638513,51.150913
29,20,9,16,17,4,2,2,6,0,0,1,0,0,1,0,0,12.672675,51.118011
29,21,2,2,20,3,3,3,1,2,1,1,1,0,0,0,0,12.65508,51.1493
29,21,9,13,17,2,3,4,6,0,0,1,1,0,0,0,0,12.686957,51.144311
29,21,11,16,9,3,3,5,3,0,0,1,1,0,0,0,0,12.650605,51.138555
29,22,9,12,16,2,3,2,2,0,0,1,0,0,0,0,1,12.670938,51.161449
29,23,2,8,16,4,3,1,7,0,0,1,1,0,0,0,0,12.644062,51.142959
29,23,4,14,14,6,3,6,3,0,1,1,0,1,0,0,0,12.641514,51.143583
29,23,8,5,8,7,3,0,7,0,0,1,0,0,0,0,0,12.65488,51.142187
29,24,3,30,11,7,3,4,2,0,0,1,1,0,0,0,0,12.644606,51.1436
29,24,5,1,0,4,2,8,1,2,0,1,0,0,0,0,0,12.65886,51.132906
29,24,8,31,15,7,2,0,1,0,0,1,0,0,0,0,0,12.657915,51.143199
29,24,12,2,16,2,3,5,3,1,0,1,0,0,0,0,1,12.649686,51.14091
29,25,1,23,14,5,3,0,5,0,0,1,0,0,0,0,1,12.646314,51.142432
29,25,2,22,17,7,3,5,3,1,0,1,1,0,0,0,0,12.648611,51.14128
29,25,4,30,8,4,3,5,3,0,0,1,1,0,0,0,0,12.652257,51.141165
29,25,6,26,4,5,3,3,6,1,0,1,1,0,0,0,0,12.62133,51.175716
29,25,10,14,14,3,3,5,3,0,0,1,0,0,0,0,0,12.653569,51.143297
29,25,10,14,19,3,3,6,4,2,1,1,0,1,0,0,0,12.644105,51.142945
29,25,11,26,11,4,2,5,3,0,0,1,1,0,0,0,0,12.651638,51.140708