UKREIS,UJAHR,UMONAT,UTAG,USTUNDE,UWOCHENTAG,UKATEGORIE,UART,UTYP,LICHT,USTRZUSTAND,IstRad,IstPKW,IstFuss,IstKrad,IstGkfz,IstSonstige,@lon,@lat
29,25,12,2,6,3,1,5,3,2,1,1,0,0,0,0,1,12.639223,51.143028
29,19,10,7,12,2,2,3,2,0,0,1,1,0,0,0,0,12.549547,51.235466
29,22,4,27,6,4,2,5,3,0,0,1,1,0,0,0,0,12.548388,51.235646
29,22,4,29,18,6,2,5,3,0,0,1,1,0,0,0,0,12.575186,51.250654
29,22,9,30,17,6,3,5,2,1,0,1,1,0,0,0,0,12.55238,51.238772
29,22,11,15,7,3,3,5,3,0,1,1,1,0,0,0,0,12.546002,51.2329
29,22,12,27,11,3,3,3,2,0,0,1,1,0,0,0,0,12.568393,51.25187
29,25,3,14,14,6,3,5,2,0,1,1,1,0,0,0,0,12.547286,51.232397
29,25,7,27,15,1,3,4,6,0,0,1,0,0,0,0,0,12.555996,51.245036
29,16,4,4,8,2,2,0,3,0,0,1,1,0,0,0,0,12.707899,51.361793
29,16,5,5,6,5,2,5,3,0,0,1,1,0,0,0,0,12.703843,51.351861
29,17,5,4,17,5,2,5,3,0,0,1,0,0,0,0,0,12.705193,51.353221
29,17,9,4,16,2,2,6,6,0,0,1,0,1,0,0,0,12.710566,51.375895
29,17,9,28,14,5,3,3,6,0,0,1,1,0,0,0,0,12.719888,51.351856
29,17,11,4,15,7,2,5,2,0,0,1,1,0,0,0,0,12.711473,51.357628
29,17,11,30,6,5,3,5,3,2,0,1,1,0,0,0,0,12.696273,51.36208
29,18,5,4,18,6,3,0,1,0,0,1,0,0,0,0,0,12.691809,51.360636
29,19,2,6,7,4,3,8,5,0,0,1,1,0,0,0,0,12.690307,51.352493
29,19,4,7,16,1,3,3,6,0,0,1,1,0,0,0,0,12.705701,51.362112
29,19,6,2,15,1,3,5,3,0,0,1,1,0,0,0,0,12.694533,51.366962
29,19,7,5,17,6,3,3,6,0,0,1,1,0,0,0,0,12.64305,51.340445
29,19,8,7,7,4,3,5,3,0,0,1,1,0,0,0,0,12.707542,51.355288
29,19,11,4,12,2,1,2,6,0,0,1,1,0,0,0,0,12.66131,51.359698
29,19,12,6,9,6,2,4,2,0,1,1,1,0,0,0,0,12.705501,51.362113
29,20,1,15,11,4,2,0,1,0,0,1,0,0,0,0,0,12.71028,51.356419
29,21,4,30,14,6,2,5,3,0,0,1,1,0,0,0,0,12.683448,51.354466
29,21,7,6,15,3,3,5,3,0,1,1,1,0,0,0,0,12.740167,51.324165
29,21,7,21,15,4,3,5,3,0,0,1,1,0,0,0,0,12.70819,51.35426
29,21,10,25,6,2,2,2,6,2,0,1,1,0,0,0,0,12.737014,51.322269
29,21,12,27,6,2,3,5,3,2,1,1,1,0,0,0,0,12.711588,51.35769
29,22,10,7,17,6,3,5,3,0,0,1,1,0,0,0,0,12.713057,51.360444
29,22,11,21,15,2,3,5,3,0,1,1,1,0,0,0,0,12.696285,51.362083
29,23,2,1,17,4,2,2,6,0,1,1,0,0,0,0,1,12.733201,51.339037
29,23,9,22,17,6,2,2,6,0,0,1,1,0,0,0,0,12.730255,51.342161
29,24,1,30,5,3,3,5,3,2,0,1,1,0,0,0,0,12.658636,51.345612
29,24,5,16,6,5,3,3,3,0,0,1,1,0,0,0,0,12.712216,51.358238
29,24,12,27,11,6,3,5,3,0,0,1,1,0,0,0,0,12.708653,51.358988
29,25,5,29,13,5,2,3,6,0,0,1,0,0,0,0,0,12.704304,51.373363
29,25,9,28,17,1,3,1,5,0,0,1,1,0,0,0,0,12.692366,51.352093
29,16,5,5,17,5,2,4,1,0,0,1,0,0,0,0,0,12.385584,51.218122
29,16,7,1,17,6,3,5,3,0,0,1,1,0,0,0,0,12.384156,51.202106
29,16,7,1,17,6,2,4,6,0,0,1,1,0,0,0,0,12.38499,51.235636
29,16,8,7,12,1,3,0,3,0,0,1,1,0,0,0,0,12.385651,51.227536
29,16,9,3,15,7,3,5,3,0,0,1,1,0,0,0,0,12.38568,51.227557
29,17,3,8,7,4,3,0,1,0,1,1,0,0,0,0,0,12.396404,51.198849
29,17,6,20,12,3,3,2,6,0,0,1,0,0,0,0,0,12.385459,51.216541
29,17,10,24,10,3,3,3,2,0,0,1,1,0,0,0,0,12.386288,51.224311
29,17,11,27,6,2,2,7,7,2,0,1,0,0,0,0,0,12.386178,51.22368
29,17,12,13,17,4,2,5,3,2,1,1,1,0,0,0,0,12.385417,51.216017
29,18,7,4,8,4,3,0,7,2,0,1,0,1,0,0,0,12.397652,51.187756
29,18,7,5,12,5,3,0,6,0,0,1,0,0,0,0,0,12.385391,51.200882
29,18,7,5,19,5,3,3,6,0,0,1,1,0,0,0,0,12.384347,51.233388
29,18,8,2,15,5,3,5,1,0,0,1,1,0,0,0,0,12.389338,51.200389
29,18,10,5,18,6,3,5,3,2,0,1,1,0,0,0,0,12.391751,51.199311
29,19,6,6,12,5,3,5,3,0,0,1,0,0,0,0,1,12.384658,51.234257
29,19,8,1,16,5,3,6,6,0,0,1,0,1,0,0,0,12.392312,51.205498
29,19,8,3,18,7,3,4,2,0,0,1,1,0,0,0,0,12.383313,51.20538
29,19,9,6,17,6,2,5,3,0,0,1,0,0,0,0,1,12.38964,51.198406
29,19,9,7,14,7,3,4,2,0,0,1,1,0,0,0,0,12.385536,51.241022
29,20,6,19,14,6,3,5,3,0,0,1,1,0,0,0,0,12.385968,51.204794
29,20,9,10,14,5,2,0,7,0,0,1,0,0,0,0,0,12.385566,51.216015
29,20,10,27,18,3,2,6,1,2,0,1,0,1,0,0,0,12.384943,51.236255
29,21,5,6,17,5,3,1,6,0,0,1,1,0,0,0,0,12.385673,51.227474
29,21,5,24,14,2,3,4,3,0,0,1,0,0,0,0,0,12.386334,51.231453
29,22,1,25,10,3,2,0,7,0,1,1,0,0,0,0,0,12.384746,51.238873
29,22,2,24,16,5,1,5,3,0,0,1,0,0,0,0,0,12.383625,51.202104
29,22,5,2,19,2,3,4,6,0,0,1,1,0,0,0,0,12.389059,51.199138
29,22,6,3,17,6,2,5,3,0,0,1,1,0,0,0,0,12.381196,51.202006
29,22,8,12,15,6,2,5,3,0,0,1,0,0,0,0,1,12.383517,51.202441
29,22,10,7,14,6,3,0,7,0,0,1,0,0,0,0,0,12.380271,51.196065
29,22,12,6,17,3,3,4,3,2,1,1,1,0,0,0,0,12.386068,51.197163
29,22,12,7,15,4,3,5,3,0,0,1,1,0,0,0,0,12.384046,51.198993
29,23,8,25,12,6,3,0,7,0,0,1,0,0,0,0,0,12.38549,51.216909
29,23,10,4,11,4,3,5,2,0,0,1,0,0,0,0,1,12.385018,51.197913
29,24,7,24,10,4,2,5,3,0,0,1,0,0,0,0,0,12.391022,51.201086
29,24,10,2,21,4,3,1,3,2,0,1,0,0,0,0,0,12.382746,51.201867
29,25,6,10,9,3,3,5,2,0,0,1,1,0,0,0,0,12.385348,51.206871
29,25,8,8,7,6,2,5,3,0,0,1,0,0,0,1,0,12.386276,51.225335
29,25,12,5,11,6,3,3,3,0,0,1,1,0,0,0,0,12.38661,51.202419
29,16,1,5,14,3,2,8,1,0,0,1,0,0,0,0,0,12.492695,51.121246
29,16,2,6,9,7,3,5,3,0,0,1,1,0,0,0,0,12.49812,51.124536
29,16,3,3,13,5,3,5,3,0,0,1,1,0,0,0,0,12.508832,51.128835
29,16,3,3,15,5,3,5,3,0,0,1,1,0,0,0,0,12.507062,51.121808
29,16,3,4,7,6,3,5,3,0,0,1,1,0,0,0,0,12.499268,51.131609
29,16,4,1,10,6,2,9,1,0,1,1,0,0,0,0,0,12.500384,51.125265
29,16,4,5,15,3,3,5,3,0,0,1,1,0,0,0,0,12.492201,51.124482
29,16,4,6,10,4,3,5,3,0,0,1,0,0,0,0,1,12.503318,51.127399
29,16,4,7,15,5,3,5,3,0,0,1,1,0,0,0,0,12.488541,51.121683
29,16,5,1,16,1,3,1,3,0,0,1,1,0,0,0,0,12.493842,51.120817
29,16,5,2,18,2,3,5,3,0,0,1,0,0,0,0,0,12.500023,51.123899
29,16,5,3,10,3,3,5,2,0,0,1,1,0,0,0,0,12.491335,51.127998
29,16,5,4,7,4,3,5,3,0,0,1,1,0,0,0,0,12.492893,51.114043
29,16,6,7,9,3,3,5,3,0,0,1,1,0,0,0,0,12.492189,51.124475
29,16,6,7,16,3,3,0,7,0,0,1,0,1,0,0,0,12.496041,51.122676
29,16,7,6,19,4,3,0,3,0,0,1,0,0,1,0,0,12.494734,51.124714
29,16,8,1,14,2,3,4,7,0,0,1,0,0,0,0,1,12.514052,51.151271
29,16,8,2,7,3,3,5,3,0,0,1,1,0,0,0,0,12.492642,51.124683
29,16,8,2,10,3,3,0,7,0,0,1,1,0,0,0,0,12.496623,51.123286
29,16,8,3,13,4,3,5,3,0,0,1,1,0,0,0,0,12.492201,51.124482
29,16,8,4,18,5,3,5,3,0,0,1,0,0,0,0,0,12.530276,51.086413
29,16,8,7,13,1,3,3,6,0,0,1,1,0,0,0,0,12.498877,51.124923
29,16,9,2,9,6,3,5,3,0,0,1,1,0,0,0,0,12.505101,51.130064
29,16,9,3,9,7,3,5,3,0,0,1,1,0,0,0,0,12.505097,51.130052
29,16,9,5,19,2,3,5,3,0,0,1,1,0,0,0,0,12.505834,51.123517
29,16,9,6,11,3,2,3,6,0,0,1,1,0,0,0,0,12.5156,51.102758
29,16,9,7,9,4,3,5,3,0,0,1,1,0,0,0,0,12.48908,51.11027
29,16,10,3,15,2,2,3,6,0,0,1,1,0,0,0,0,12.489783,51.134643
29,16,11,3,6,5,2,5,3,1,1,1,1,0,0,0,0,12.498767,51.134128
29,16,11,4,9,6,3,5,2,0,0,1,1,0,0,0,0,12.493356,51.124994
29,16,11,4,13,6,3,5,3,0,0,1,1,0,0,0,0,12.492654,51.124688
29,17,1,4,16,4,3,5,3,1,1,1,1,0,0,0,0,12.499107,51.132053
29,17,2,23,16,5,3,5,3,0,0,1,1,0,0,0,0,12.492201,51.124482
29,17,3,3,16,6,3,7,7,0,0,1,0,0,0,0,0,12.494567,51.122093
29,17,4,11,10,3,2,5,3,0,0,1,1,0,0,0,0,12.492201,51.124482
29,17,5,2,7,3,3,5,3,0,1,1,1,0,0,0,0,12.492901,51.114228
29,17,5,20,16,7,3,5,3,0,0,1,1,0,0,0,0,12.473817,51.124401
29,17,6,6,14,3,3,5,3,0,0,1,1,0,0,0,0,12.488239,51.121327
29,17,6,9,13,6,3,5,3,0,0,1,1,0,0,0,0,12.488543,51.121605
29,17,6,14,7,4,3,1,7,0,0,1,1,0,0,0,0,12.483643,51.120143
29,17,7,7,15,6,3,5,3,0,0,1,1,0,0,0,0,12.494106,51.117893
29,17,8,12,19,7,3,5,3,1,0,1,1,0,0,0,0,12.490478,51.121612
29,17,8,14,13,2,3,5,2,0,0,1,1,0,0,0,0,12.486602,51.115749
29,17,8,15,9,3,2,5,3,0,0,1,1,0,0,0,0,12.506104,51.123723
29,17,8,15,10,3,3,5,3,0,0,1,1,0,0,0,0,12.492654,51.124688
29,17,9,18,13,2,3,5,3,0,0,1,1,0,0,0,0,12.493975,51.11978
29,17,10,19,7,5,3,0,3,0,0,1,1,0,0,0,0,12.50541,51.124096
29,17,11,14,18,3,3,4,6,2,0,1,1,0,0,0,0,12.500321,51.126887
29,17,11,15,7,4,2,5,3,1,1,1,1,0,0,0,0,12.493894,51.116944
29,17,11,21,9,3,3,3,2,0,1,1,1,0,0,0,0,12.495218,51.123915
29,17,11,27,18,2,3,4,6,2,1,1,0,1,0,0,0,12.495693,51.122621
29,17,12,10,12,1,3,5,3,0,0,1,1,0,0,0,0,12.505325,51.130699
29,17,12,14,6,5,3,1,3,2,1,1,1,0,0,0,0,12.505785,51.132007
29,18,1,1,7,2,3,2,6,2,1,1,1,0,0,0,0,12.500459,51.125339
29,18,1,1,17,2,2,4,2,2,1,1,1,0,0,0,0,12.493368,51.124998
29,18,1,5,11,6,3,5,2,0,1,1,1,0,0,0,0,12.500571,51.125381
29,18,2,5,9,2,2,2,2,0,0,1,1,0,0,0,0,12.5083,51.135879
29,18,3,6,16,3,2,5,3,0,2,1,1,0,0,0,0,12.496008,51.122783
29,18,5,3,13,5,2,5,2,0,0,1,1,0,0,0,0,12.494714,51.125488
29,18,6,7,9,5,3,5,2,0,0,1,0,0,0,0,1,12.502571,51.118086
29,18,7,7,20,7,3,8,1,1,0,1,0,0,0,0,0,12.48442,51.119797
29,18,8,2,0,5,3,3,6,2,0,1,1,0,0,0,0,12.455919,51.122649
29,18,8,3,15,6,2,5,3,0,0,1,1,0,0,0,0,12.50882,51.128831
29,18,8,7,13,3,3,6,6,0,0,1,0,1,0,0,0,12.494801,51.125514
29,18,9,3,8,2,3,5,3,0,1,1,1,0,0,0,0,12.5083,51.135879
29,18,9,4,18,3,1,2,6,0,0,1,1,0,0,0,0,12.513731,51.104177
29,18,9,5,12,4,3,1,7,0,0,1,1,0,0,0,0,12.501821,51.124432
29,18,9,5,14,4,3,5,2,0,0,1,0,0,0,0,1,12.491299,51.120769
29,18,9,6,13,5,3,6,7,0,0,1,0,1,0,0,0,12.496742,51.123156
29,18,9,7,15,6,3,5,3,0,0,1,0,0,0,0,1,12.489113,51.122308
29,18,10,1,13,2,3,5,2,0,0,1,1,0,0,0,0,12.494789,51.125511
29,18,10,7,15,1,3,3,6,0,0,1,1,0,0,0,0,12.521772,51.098999
29,18,11,2,8,6,2,5,3,0,0,1,1,0,0,0,0,12.488035,51.122858
29,18,11,5,15,2,3,4,2,0,0,1,1,0,0,0,0,12.493833,51.121743
29,18,12,3,14,2,2,3,6,0,0,1,0,0,0,0,0,12.492798,51.113931
29,19,2,1,13,6,2,5,3,0,0,1,1,0,0,0,0,12.489152,51.110316
29,19,2,1,18,6,3,5,3,2,0,1,1,0,0,0,0,12.499957,51.124609
29,19,2,6,14,4,2,4,2,0,0,1,1,0,0,0,0,12.493842,51.121748
29,19,2,6,15,4,3,5,2,0,0,1,1,0,0,0,0,12.490873,51.12354
29,19,3,6,15,4,3,5,3,0,0,1,1,0,0,0,0,12.491791,51.127479
29,19,4,5,14,6,3,3,7,0,0,1,1,0,0,0,0,12.497091,51.124669
29,19,4,6,5,7,2,5,2,1,0,1,1,0,0,0,0,12.492654,51.124691
29,19,4,6,9,7,3,5,3,0,0,1,1,0,0,0,0,12.516907,51.151512
29,19,5,1,8,4,2,3,6,0,0,1,1,0,0,0,0,12.491046,51.125094
29,19,5,6,7,2,3,5,3,0,0,1,0,0,1,0,0,12.504332,51.12767
29,19,5,7,7,3,3,5,3,0,0,1,1,0,0,0,0,12.495535,51.114674
29,19,6,1,6,7,2,1,5,0,0,1,1,0,0,0,0,12.50261,51.126157
29,19,6,1,19,7,3,4,6,0,0,1,0,0,0,0,0,12.50944,51.124939
29,19,6,2,15,1,2,8,1,0,0,1,0,0,0,0,0,12.50401,51.137573
29,19,6,4,6,3,3,4,2,0,0,1,1,0,0,0,0,12.494039,51.117573
29,19,6,7,7,6,3,5,3,0,0,1,1,0,0,0,0,12.492201,51.124482
29,19,7,5,8,6,3,5,3,0,0,1,1,0,0,0,0,12.479677,51.123668
29,19,8,3,20,7,3,5,3,1,0,1,1,0,0,0,0,12.496699,51.123203
29,19,8,4,15,1,3,5,3,0,0,1,1,0,0,0,0,12.507963,51.152017
29,19,8,5,18,2,3,1,7,0,0,1,1,0,0,0,0,12.506731,51.123582
29,19,8,6,9,3,3,3,2,0,0,1,0,0,0,0,1,12.494102,51.117854
29,19,8,7,13,4,3,3,2,0,0,1,1,0,0,0,0,12.494064,51.119033
29,19,9,2,13,2,3,0,3,0,1,1,0,0,0,0,1,12.508416,51.135753
29,19,9,2,18,2,3,5,3,0,0,1,1,0,0,0,0,12.49268,51.124701
29,19,9,5,7,5,3,5,3,0,0,1,1,0,0,0,0,12.505098,51.130054
29,19,10,1,11,3,3,5,2,0,0,1,1,0,0,0,0,12.494743,51.125497
29,19,11,1,15,6,3,5,3,0,0,1,1,0,0,0,0,12.492322,51.111556
29,19,11,4,16,2,3,3,2,0,0,1,1,0,0,0,0,12.481722,51.069473
29,19,11,4,16,2,3,5,3,0,0,1,1,0,0,0,0,12.505101,51.130064
29,19,12,3,9,3,3,5,3,0,0,1,1,0,0,0,0,12.493842,51.121748
29,19,12,6,9,6,2,5,3,0,0,1,1,0,0,0,0,12.486947,51.121477
29,20,1,9,7,5,3,5,3,2,1,1,1,0,0,0,0,12.500027,51.12942
29,20,2,4,15,3,3,5,3,0,0,1,1,0,0,0,0,12.499681,51.124847
29,20,2,18,0,3,3,5,3,2,0,1,1,0,0,0,0,12.513534,51.143188
29,20,3,17,17,3,3,0,7,0,0,1,0,0,0,0,0,12.499401,51.12623
29,20,3,27,15,6,3,5,3,0,0,1,1,0,0,0,0,12.492646,51.124687
29,20,5,20,13,4,3,4,1,0,0,1,0,0,0,0,0,12.495012,51.125578
29,20,6,19,16,6,3,0,1,0,0,1,0,0,0,0,0,12.506428,51.127915
29,20,6,20,10,7,3,3,3,0,0,1,1,0,0,0,0,12.498283,51.134634
29,20,7,22,19,4,3,5,2,0,0,1,0,0,0,0,1,12.494641,51.125466
29,20,7,28,17,3,3,5,3,0,0,1,1,0,0,0,0,12.498751,51.134124
29,20,9,1,9,3,3,5,3,0,0,1,1,0,0,0,0,12.489732,51.120265
29,20,9,1,18,3,2,5,3,0,0,1,1,0,0,0,0,12.492341,51.111553
29,20,9,8,13,3,1,0,7,0,0,1,0,0,0,0,0,12.494899,51.115773
29,20,9,29,13,3,3,5,3,0,0,1,1,0,0,0,0,12.490482,51.123214
29,20,10,28,20,4,2,3,6,2,0,1,1,0,0,0,0,12.455862,51.122648
29,20,10,29,10,5,3,0,1,0,1,1,0,0,0,0,0,12.499151,51.125046
29,21,2,28,13,1,3,0,7,0,0,1,0,0,0,0,0,12.491055,51.124687
29,21,3,8,15,2,3,5,3,0,0,1,1,0,0,0,0,12.485493,51.12305
29,21,3,16,13,3,3,5,3,0,0,1,1,0,0,0,0,12.507601,51.134567
29,21,4,15,13,5,3,5,3,0,0,1,1,0,0,0,0,12.495956,51.122758
29,21,4,19,14,2,3,5,3,0,0,1,1,0,0,0,0,12.493952,51.120008
29,21,5,6,14,5,3,4,6,0,0,1,1,0,0,0,0,12.507097,51.132881
29,21,5,14,18,6,3,1,5,0,0,1,1,0,0,0,0,12.509788,51.126605
29,21,5,16,9,1,2,8,7,0,0,1,1,0,0,0,0,12.447505,51.121522
29,21,5,22,10,7,3,6,6,0,0,1,0,1,0,0,0,12.490205,51.120419
29,21,5,25,19,3,3,0,7,0,1,1,0,0,0,0,0,12.500255,51.123294
29,21,5,31,17,2,3,5,3,0,0,1,1,0,0,0,0,12.506136,51.132661
29,21,6,3,10,5,3,5,3,0,0,1,1,0,0,0,0,12.500492,51.125352
29,21,6,5,16,7,2,5,3,0,0,1,1,0,0,0,0,12.48462,51.123343
29,21,6,11,15,6,3,5,3,0,0,1,1,0,0,0,0,12.491891,51.124303
29,21,6,14,7,2,2,3,3,0,0,1,0,0,0,0,1,12.47738,51.122585
29,21,6,16,15,4,3,5,2,0,0,1,1,0,0,0,0,12.489152,51.122288
29,21,6,28,14,2,3,5,3,0,0,1,1,0,0,0,0,12.492712,51.124715
29,21,7,2,8,6,3,5,3,0,0,1,1,0,0,0,0,12.497437,51.122356
29,21,7,6,14,3,3,5,3,0,0,1,1,0,0,0,0,12.500603,51.123985
29,21,7,10,13,7,3,4,7,0,0,1,1,0,0,0,0,12.491786,51.133182
29,21,7,30,16,6,3,5,3,0,0,1,0,0,0,0,0,12.507164,51.128195
29,21,8,6,9,6,2,5,3,0,0,1,1,0,0,0,0,12.498801,51.134136
29,21,8,17,16,3,3,5,3,0,0,1,1,0,0,0,0,12.499902,51.124656
29,21,9,1,17,4,3,5,3,0,0,1,1,0,0,0,0,12.504655,51.125341
29,21,9,13,21,2,2,8,1,2,0,1,0,0,0,0,0,12.520748,51.081215
29,21,9,28,17,3,3,5,3,0,0,1,1,0,0,0,0,12.492364,51.11155
29,21,10,28,10,5,3,5,3,0,0,1,1,0,0,0,0,12.506304,51.136822
29,21,11,1,13,2,3,5,2,0,1,1,1,0,0,0,0,12.494675,51.125476
29,21,11,9,12,3,1,6,6,0,0,1,0,1,0,0,1,12.492975,51.124826
29,21,11,11,9,5,3,4,2,0,0,1,1,0,0,0,0,12.494063,51.119045
29,21,12,8,14,4,3,5,3,0,0,1,1,0,0,0,0,12.499116,51.131845
29,22,2,10,11,5,3,0,3,0,0,1,0,0,0,0,0,12.489076,51.120072
29,22,2,21,18,2,2,5,3,2,1,1,1,0,0,0,0,12.499098,51.132095
29,22,5,1,16,1,3,5,3,0,0,1,1,0,0,0,0,12.507589,51.134549
29,22,5,18,17,4,3,5,3,0,0,1,1,0,0,0,0,12.507578,51.134533
29,22,6,1,9,4,3,5,3,0,1,1,1,0,0,0,0,12.506626,51.133132
29,22,6,16,11,5,3,5,3,0,0,1,1,0,0,0,0,12.492646,51.124687
29,22,6,23,9,5,3,5,2,0,0,1,0,0,1,0,0,12.499868,51.129966
29,22,7,6,11,4,3,5,3,0,0,1,1,0,0,0,0,12.49269,51.124706
29,22,7,13,20,4,3,5,2,0,0,1,1,0,0,0,0,12.491285,51.120764
29,22,8,8,14,2,3,5,3,0,0,1,1,0,0,0,0,12.505101,51.130065
29,22,8,11,8,5,3,0,1,0,0,1,0,0,0,0,0,12.488042,51.122855
29,22,8,19,6,6,3,5,3,0,1,1,1,0,0,0,0,12.505634,51.123792
29,22,8,31,6,4,3,5,3,0,0,1,1,0,0,0,0,12.506634,51.133143
29,22,9,8,10,5,3,5,2,0,0,1,1,0,0,0,0,12.494784,51.125509
29,22,9,25,14,1,2,5,3,0,0,1,1,0,0,0,0,12.465349,51.081139
29,22,9,30,12,6,3,6,7,0,0,1,0,1,0,0,0,12.48624,51.122306
29,22,10,4,10,3,3,5,3,0,0,1,1,0,0,0,0,12.488195,51.121287
29,22,10,10,17,2,3,1,5,0,0,1,1,0,0,0,0,12.527536,51.086523
29,22,10,14,17,6,3,5,3,0,0,1,1,0,0,0,0,12.498797,51.134135
29,22,10,18,15,3,3,5,3,0,0,1,1,0,0,0,0,12.495618,51.123343
29,22,11,17,7,5,3,6,1,0,0,1,0,1,0,0,0,12.494167,51.118987
29,22,11,21,18,2,3,5,3,2,1,1,1,0,0,0,0,12.504025,51.127559
29,22,11,23,6,4,2,6,6,2,0,1,0,1,0,0,0,12.509853,51.113146
29,22,12,28,19,4,3,1,5,2,1,1,1,0,0,0,0,12.491723,51.120192
29,22,12,30,13,6,3,5,3,0,0,1,1,0,0,0,0,12.486881,51.113139
29,23,1,18,15,4,3,4,6,0,1,1,0,0,0,0,0,12.503114,51.159747
29,23,2,4,15,7,3,6,6,0,0,1,0,1,0,0,0,12.509963,51.083208
29,23,2,9,11,5,3,3,6,0,0,1,1,0,0,0,0,12.495343,51.123738
29,23,2,17,7,6,3,1,5,0,1,1,1,0,0,0,0,12.497652,51.135023
29,23,3,7,12,3,2,0,1,0,0,1,0,0,0,0,0,12.492821,51.121541
29,23,3,10,11,6,3,5,3,0,1,1,1,0,0,0,0,12.505099,51.130058
29,23,3,18,9,7,3,5,3,0,0,1,1,0,0,0,0,12.49269,51.124706
29,23,4,14,10,6,3,2,6,0,1,1,1,0,0,0,0,12.493772,51.12171
29,23,4,27,17,5,2,6,7,0,0,1,1,1,0,0,0,12.496665,51.123278
29,23,5,2,13,3,3,3,2,0,0,1,1,0,0,0,0,12.499282,51.12509
29,23,5,11,17,5,2,5,3,0,0,1,1,0,0,0,0,12.50183,51.129664
29,23,5,31,7,4,3,5,3,0,0,1,1,0,0,0,0,12.506633,51.133143
29,23,6,6,17,3,3,0,1,0,1,1,0,0,0,0,0,12.494506,51.12465
29,23,6,10,12,7,3,0,1,0,0,1,0,0,0,0,0,12.495869,51.123019
29,23,6,13,15,3,3,5,3,0,0,1,1,0,0,0,0,12.48554,51.123025
29,23,6,15,20,5,2,4,6,0,0,1,1,0,0,0,0,12.502072,51.123932
29,23,6,16,11,6,2,0,1,0,0,1,0,0,0,0,0,12.500453,51.125337
29,23,6,21,12,4,3,5,3,0,0,1,1,0,0,0,0,12.504008,51.127556
29,23,6,21,17,4,3,0,7,0,0,1,0,0,0,0,0,12.495887,51.129219
29,23,6,27,7,3,2,5,3,0,0,1,1,0,0,0,0,12.506627,51.133133
29,23,8,2,18,4,3,0,1,0,0,1,0,0,0,0,0,12.493772,51.121396
29,23,8,10,13,5,3,5,3,0,0,1,1,0,0,0,0,12.507589,51.134548
29,23,8,10,13,5,3,5,3,0,0,1,1,0,0,0,0,12.507598,51.134562
29,23,8,21,18,2,3,0,7,0,0,1,1,0,0,0,0,12.493063,51.124002
29,23,8,29,17,3,3,5,3,0,0,1,0,0,1,0,0,12.508808,51.128844
29,23,9,6,11,4,3,5,2,0,0,1,1,0,0,0,0,12.495929,51.122946
29,23,9,10,18,1,3,3,6,0,0,1,1,0,0,0,0,12.49923,51.133093
29,23,9,11,17,2,3,0,3,0,0,1,1,0,0,0,0,12.503954,51.127408
29,23,9,27,20,4,3,3,6,2,0,1,0,0,1,0,0,12.511907,51.107603
29,23,10,5,14,5,3,0,6,0,0,1,0,1,0,0,0,12.504402,51.124419
29,23,10,9,9,2,3,5,3,0,1,1,1,0,0,0,0,12.489398,51.110247
29,23,10,18,8,4,3,3,6,0,0,1,1,0,0,0,0,12.513967,51.103959
29,23,10,26,12,5,3,4,2,0,0,1,1,0,0,0,0,12.491258,51.120756
29,24,2,13,9,3,3,1,6,0,0,1,1,0,0,0,0,12.493818,51.121735
29,24,3,6,7,4,3,5,2,0,0,1,1,0,0,0,0,12.497976,51.126089
29,24,3,8,15,6,3,5,3,0,0,1,1,0,0,0,0,12.484122,51.119673
29,24,3,12,14,3,3,6,6,0,0,1,0,1,0,0,0,12.507721,51.128468
29,24,3,15,14,6,3,5,3,0,0,1,1,0,0,0,0,12.515599,51.10277
29,24,3,21,9,5,3,5,3,0,0,1,1,0,0,0,0,12.503644,51.127479
29,24,3,28,17,5,3,5,3,0,0,1,0,0,0,0,0,12.497037,51.124733
29,24,4,23,15,3,2,4,6,0,0,1,0,0,0,0,0,12.48757,51.120823
29,24,5,2,1,5,3,0,2,2,0,1,1,0,0,0,0,12.493104,51.134999
29,24,5,15,16,4,2,5,3,0,0,1,1,0,0,0,0,12.489215,51.112445
29,24,5,17,4,6,3,7,7,2,0,1,0,0,0,0,1,12.494125,51.118117
29,24,5,18,17,7,3,4,6,0,0,1,0,0,0,0,0,12.500023,51.126361
29,24,6,17,10,2,2,5,2,0,1,1,0,0,1,0,0,12.494819,51.12552
29,24,7,3,14,4,2,5,3,0,0,1,0,0,0,0,0,12.525333,51.098333
29,24,7,31,16,4,3,0,1,0,0,1,0,0,0,0,0,12.470701,51.131124
29,24,8,3,17,7,3,5,3,0,0,1,0,0,0,0,0,12.500029,51.123923
29,24,8,7,17,4,3,0,1,0,0,1,0,0,0,0,0,12.48577,51.120399
29,24,8,13,7,3,3,5,3,0,0,1,1,0,0,0,0,12.470617,51.131254
29,24,8,15,7,5,3,9,1,0,0,1,0,0,0,0,0,12.498283,51.123647
29,24,8,15,18,5,3,5,3,0,0,1,1,0,0,0,0,12.49992,51.123168
29,24,9,17,14,3,3,5,3,0,0,1,1,0,0,0,0,12.493844,51.121749
29,24,9,30,9,2,3,5,3,0,0,1,1,0,0,0,0,12.464521,51.07769
29,24,10,23,6,4,3,5,3,2,0,1,1,0,0,0,0,12.49052,51.123196
29,24,11,5,13,3,3,6,6,0,0,1,0,1,0,0,0,12.488387,51.120495
29,24,11,13,17,4,3,5,3,2,1,1,0,0,0,0,0,12.507167,51.128192