UKREIS,UJAHR,UMONAT,UTAG,USTUNDE,UWOCHENTAG,UKATEGORIE,UART,UTYP,LICHT,USTRZUSTAND,IstRad,IstPKW,IstFuss,IstKrad,IstGkfz,IstSonstige,@lon,@lat
29,24,11,17,14,1,3,5,3,0,1,1,1,0,0,0,0,12.505091,51.130032
29,24,11,21,19,5,3,0,1,2,2,1,0,0,0,0,0,12.509182,51.128877
29,24,11,25,12,2,3,5,3,0,0,1,1,0,0,0,0,12.492684,51.124703
29,24,11,30,10,7,3,6,6,0,0,1,0,1,0,0,0,12.503462,51.117312
29,24,12,2,13,2,3,5,3,0,0,1,0,0,0,0,0,12.489702,51.122589
29,24,12,12,13,5,3,5,3,0,0,1,1,0,0,0,0,12.498482,51.134346
29,24,12,16,7,2,3,5,3,0,0,1,1,0,0,0,0,12.503659,51.127483
29,25,1,8,18,4,3,0,7,2,0,1,0,0,0,0,0,12.497055,51.12792
29,25,1,8,20,4,3,4,2,2,0,1,1,0,0,0,0,12.493025,51.121366
29,25,3,29,22,7,3,0,1,2,0,1,0,0,0,0,0,12.532727,51.082939
29,25,4,10,14,5,3,5,3,0,0,1,1,0,0,0,0,12.496054,51.122805
29,25,4,14,10,2,2,9,1,0,0,1,0,0,0,0,0,12.499803,51.154823
29,25,4,15,11,3,2,0,7,0,0,1,1,0,0,0,0,12.466806,51.123291
29,25,4,23,15,4,3,5,3,0,0,1,1,0,0,0,0,12.503584,51.127467
29,25,5,13,11,3,3,2,6,0,0,1,1,0,0,0,0,12.48409,51.123368
29,25,5,26,10,2,3,5,3,0,0,1,1,0,0,0,0,12.500456,51.125338
29,25,5,29,15,5,2,8,1,0,0,1,0,0,0,0,0,12.582861,51.000519
29,25,6,5,8,5,3,0,1,0,0,1,0,0,0,0,0,12.504956,51.124395
29,25,6,10,13,3,2,0,1,0,0,1,0,0,0,0,0,12.506356,51.127883
29,25,6,11,15,4,3,5,3,0,0,1,1,0,0,0,0,12.495336,51.123748
29,25,6,26,7,5,3,5,3,0,0,1,1,0,0,0,0,12.492635,51.122661
29,25,6,28,9,7,2,4,6,0,0,1,0,0,0,0,0,12.533644,51.089104
29,25,7,4,19,6,3,4,6,0,0,1,0,0,0,0,0,12.485705,51.122893
29,25,7,18,17,6,2,5,3,0,0,1,1,0,0,0,0,12.489213,51.107047
29,25,7,24,18,5,2,4,6,0,0,1,0,0,0,0,0,12.496687,51.126409
29,25,8,1,14,6,3,1,5,0,0,1,1,0,0,0,0,12.495496,51.12467
29,25,8,4,12,2,3,5,3,0,0,1,1,0,0,0,0,12.477509,51.123798
29,25,8,13,21,4,3,5,3,2,0,1,1,0,0,0,0,12.506651,51.133045
29,25,8,19,10,3,3,5,3,0,0,1,1,0,0,0,0,12.503666,51.127484
29,25,8,31,11,1,3,5,3,0,0,1,0,0,0,0,0,12.505182,51.123337
29,25,9,4,17,5,3,6,6,0,0,1,0,1,0,0,0,12.486685,51.118226
29,25,9,16,12,3,2,0,1,0,0,1,0,0,0,0,0,12.499534,51.125167
29,25,9,25,15,5,3,2,6,0,1,1,0,0,0,0,0,12.503903,51.127534
29,25,10,16,9,5,3,5,2,0,1,1,1,0,0,0,0,12.493799,51.121725
29,25,11,5,16,4,3,1,7,0,0,1,1,0,0,0,0,12.49555,51.116648
29,25,11,6,13,5,2,1,5,0,0,1,1,0,0,0,0,12.494969,51.168427
29,25,12,12,17,6,3,5,3,2,0,1,1,0,0,0,0,12.492415,51.111543
29,25,12,16,15,3,3,5,3,0,0,1,1,0,0,0,0,12.494261,51.133449
29,25,12,22,19,2,3,5,3,2,0,1,1,0,0,0,0,12.500056,51.124506
29,16,5,6,19,6,2,1,5,1,0,1,0,0,0,1,0,12.537206,51.347067
29,16,9,6,14,3,3,5,3,0,0,1,1,0,0,0,0,12.54211,51.354031
29,17,1,11,6,4,2,6,7,1,0,1,0,1,0,0,0,12.526619,51.358922
29,17,2,15,8,4,3,5,3,0,1,1,1,0,0,0,0,12.539721,51.357624
29,17,5,15,17,2,2,4,2,0,0,1,1,0,0,0,0,12.534167,51.347787
29,17,6,11,20,1,3,0,5,1,0,1,1,0,0,0,0,12.52123,51.3617
29,17,6,13,17,3,3,5,3,0,0,1,0,0,0,0,1,12.542104,51.354041
29,17,9,1,19,6,3,5,3,1,0,1,1,0,0,0,0,12.542112,51.354029
29,17,11,2,17,5,3,5,3,2,0,1,1,0,0,0,0,12.522465,51.349256
29,18,1,2,6,3,3,5,3,2,1,1,1,0,0,0,0,12.533922,51.347793
29,18,2,3,12,7,3,5,3,0,0,1,1,0,0,0,0,12.556681,51.334695
29,18,5,3,17,5,3,5,3,0,0,1,0,0,0,0,1,12.53986,51.34432
29,18,6,6,19,4,3,5,3,0,0,1,1,0,0,0,0,12.542104,51.354041
29,18,7,3,18,3,2,6,7,0,0,1,0,1,0,0,0,12.54561,51.34993
29,18,9,3,16,2,3,1,3,0,0,1,1,0,0,0,0,12.542196,51.348301
29,18,11,6,16,3,3,5,3,0,0,1,1,0,0,0,0,12.537575,51.360219
29,19,4,3,16,4,2,5,3,0,0,1,1,0,0,0,0,12.556576,51.334746
29,19,6,3,6,2,2,3,6,0,0,1,1,0,0,0,0,12.53483,51.344669
29,19,7,2,5,3,3,4,2,0,0,1,1,0,0,0,0,12.52757,51.364416
29,19,7,4,11,5,3,5,3,0,0,1,1,0,0,0,0,12.544325,51.348639
29,19,10,1,10,3,3,5,3,0,0,1,0,0,1,0,0,12.544422,51.351707
29,19,12,2,10,2,3,5,3,0,1,1,1,0,0,0,0,12.536658,51.343833
29,19,12,6,12,6,2,5,3,0,0,1,1,0,0,0,0,12.540397,51.347183
29,20,1,10,12,6,3,5,3,0,0,1,1,0,0,0,0,12.542104,51.354041
29,20,1,10,12,6,3,5,3,0,0,1,1,0,0,0,0,12.54335,51.354389
29,20,5,9,14,7,2,0,7,0,0,1,0,0,0,0,0,12.555809,51.349727
29,20,5,21,19,5,3,0,1,0,0,1,0,0,0,0,0,12.521889,51.349312
29,20,5,30,17,7,3,5,3,0,0,1,1,0,0,0,0,12.546646,51.348253
29,20,6,9,9,3,3,5,3,0,0,1,1,0,0,0,0,12.542104,51.354041
29,20,6,29,13,2,3,0,7,0,0,1,1,0,0,0,0,12.543406,51.354399
29,20,7,28,18,3,3,5,7,0,0,1,1,0,0,0,0,12.543445,51.354407
29,20,9,2,7,4,2,5,3,0,0,1,0,0,0,0,1,12.549166,51.335578
29,20,9,3,9,5,3,5,3,0,0,1,1,0,0,0,0,12.542097,51.354053
29,20,9,11,17,6,3,5,2,0,0,1,1,0,0,0,0,12.527557,51.364415
29,21,5,6,18,5,3,5,3,0,0,1,1,0,0,0,0,12.542093,51.354059
29,21,10,29,14,6,3,0,1,0,0,1,0,0,0,0,0,12.547204,51.347474
29,22,5,27,19,6,3,1,5,0,0,1,1,0,0,0,0,12.539543,51.344328
29,22,10,24,17,2,3,5,3,0,0,1,1,0,0,0,0,12.547892,51.346406
29,23,4,7,13,6,3,0,7,0,0,1,0,0,0,0,0,12.547905,51.346384
29,23,4,8,13,7,3,5,3,0,0,1,1,0,0,0,0,12.542029,51.354167
29,23,9,8,8,6,3,3,6,0,0,1,1,0,0,0,0,12.537292,51.346398
29,23,11,1,7,4,3,4,2,0,0,1,1,0,0,0,0,12.540072,51.34807
29,23,12,6,13,4,3,5,3,0,1,1,1,0,0,0,0,12.521921,51.358891
29,24,5,31,7,6,3,5,3,0,0,1,1,0,0,0,0,12.543067,51.354338
29,24,6,4,6,3,3,5,2,0,0,1,0,0,0,0,1,12.536865,51.36227
29,24,7,30,16,3,2,5,3,0,0,1,1,0,0,0,0,12.539769,51.35764
29,24,8,5,17,2,3,5,3,0,0,1,0,0,0,0,0,12.528811,51.362284
29,25,3,6,8,5,3,3,3,0,0,1,1,0,0,0,0,12.512094,51.353442
29,25,5,7,14,4,3,5,3,0,0,1,1,0,0,0,0,12.546965,51.347787
29,25,5,29,15,5,2,1,5,0,0,1,1,0,0,0,0,12.530511,51.343337
29,25,6,11,6,4,3,3,6,0,0,1,1,0,0,0,0,12.525835,51.348934
29,25,6,17,7,3,3,0,7,0,0,1,0,0,0,0,0,12.529231,51.362687
29,25,6,28,12,7,3,5,3,0,0,1,1,0,0,0,0,12.540067,51.35721
29,25,8,23,20,7,3,5,3,0,0,1,1,0,0,0,0,12.542022,51.354178
29,25,8,26,16,3,3,5,3,0,0,1,0,0,0,0,1,12.538639,51.358959
29,25,9,16,15,3,3,0,2,0,0,1,0,0,0,0,1,12.535907,51.362112
29,25,10,20,5,2,3,1,5,2,0,1,1,0,0,0,0,12.54267,51.348358
29,25,11,28,14,6,3,4,6,0,0,1,1,0,0,0,0,12.543829,51.346982
29,16,5,3,7,3,3,5,3,0,0,1,1,0,0,0,0,12.570876,51.330484
29,16,5,3,19,3,3,5,3,0,0,1,1,0,0,0,0,12.563,51.320473
29,16,9,6,12,3,1,2,5,0,0,1,0,0,0,0,1,12.615338,51.331886
29,16,11,1,7,3,3,5,3,0,0,1,1,0,0,0,0,12.590963,51.329086
29,16,12,1,7,5,3,5,3,2,0,1,1,0,0,0,0,12.588728,51.328817
29,17,3,23,9,5,3,4,6,0,0,1,0,0,0,0,0,12.610121,51.333931
29,17,6,16,7,6,3,3,6,0,0,1,0,0,0,0,1,12.611113,51.340922
29,17,6,18,10,1,2,4,2,0,0,1,1,0,0,0,0,12.610534,51.336662
29,17,6,19,13,2,2,5,3,0,0,1,0,0,0,0,0,12.610098,51.333799
29,17,8,23,15,4,3,0,6,0,0,1,1,0,0,0,0,12.608445,51.338002
29,17,10,13,11,6,2,5,3,0,0,1,1,0,0,0,0,12.597216,51.344339
29,18,5,5,22,7,3,0,1,2,0,1,0,0,0,0,0,12.562273,51.326979
29,18,8,3,14,6,3,5,3,0,0,1,1,0,0,0,0,12.578313,51.329947
29,18,8,5,0,1,2,4,6,2,0,1,0,0,0,0,0,12.587343,51.328552
29,18,8,7,16,3,3,5,3,0,0,1,1,0,0,0,0,12.551619,51.32142
29,18,10,3,5,4,2,7,7,2,1,1,0,0,0,0,0,12.592931,51.32963
29,19,2,3,0,1,3,0,7,2,1,1,0,0,0,0,0,12.5862,51.331153
29,19,5,1,13,4,2,5,3,0,1,1,1,0,0,0,0,12.595958,51.327032
29,19,5,3,12,6,3,5,3,0,0,1,1,0,0,0,0,12.556665,51.312823
29,19,6,7,17,6,3,0,1,0,0,1,0,0,0,0,0,12.611778,51.335889
29,19,7,4,21,5,3,5,3,1,0,1,1,0,0,0,0,12.570797,51.33049
29,19,8,1,16,5,3,0,7,0,0,1,0,0,0,0,0,12.597511,51.33089
29,19,9,1,7,1,2,5,3,0,0,1,1,0,0,0,0,12.592442,51.329529
29,19,10,5,8,7,3,5,3,0,0,1,1,0,0,0,0,12.608316,51.337898
29,19,12,2,7,2,3,5,3,2,1,1,1,0,0,0,0,12.606593,51.338815
29,20,1,21,11,3,2,4,2,0,0,1,1,0,0,0,0,12.610516,51.336668
29,20,1,29,16,4,3,0,7,0,0,1,0,0,0,0,0,12.61526,51.331961
29,20,5,18,10,2,3,5,3,0,0,1,0,0,0,0,1,12.573626,51.332495
29,20,6,19,10,6,3,8,7,0,1,1,0,0,0,0,0,12.618873,51.32968
29,20,7,21,14,3,3,0,7,0,0,1,0,0,0,0,0,12.562993,51.318067
29,20,7,28,15,3,3,5,2,0,0,1,1,0,0,0,0,12.590991,51.329047
29,20,9,5,14,7,3,4,2,0,0,1,1,0,0,0,0,12.604438,51.329097
29,21,4,6,16,3,3,8,1,0,0,1,0,0,0,0,0,12.629304,51.327005
29,21,5,21,16,6,3,6,4,0,0,1,0,1,0,0,0,12.612731,51.333401
29,21,5,22,11,7,2,6,4,0,0,1,0,1,0,0,0,12.612826,51.333385
29,21,6,21,7,2,2,5,2,0,0,1,0,0,0,1,0,12.570829,51.330488
29,21,8,24,7,3,3,5,3,0,0,1,1,0,0,0,0,12.592412,51.329523
29,21,9,10,20,6,3,0,1,2,0,1,0,0,0,0,0,12.597566,51.310515
29,21,10,23,17,7,3,5,3,1,0,1,0,0,0,0,1,12.611402,51.332101
29,21,12,1,13,4,3,5,3,0,1,1,1,0,0,0,0,12.608517,51.333949
29,22,5,19,11,5,3,5,3,0,0,1,1,0,0,0,0,12.580227,51.316078
29,22,6,9,10,5,3,5,3,0,0,1,0,0,0,0,1,12.599958,51.331101
29,22,9,6,18,3,3,5,3,0,0,1,1,0,0,0,0,12.610971,51.333695
29,22,9,12,15,2,3,4,6,0,0,1,0,0,0,0,0,12.594635,51.319788
29,22,9,29,17,5,2,5,3,0,1,1,1,0,0,0,0,12.613972,51.333288
29,22,10,14,11,6,3,5,3,0,0,1,1,0,0,0,0,12.58121,51.326326
29,23,3,28,13,3,3,5,3,0,0,1,1,0,0,0,0,12.588458,51.328767
29,23,6,20,11,3,3,0,7,0,1,1,1,0,0,0,0,12.564003,51.322292
29,23,7,4,17,3,2,5,3,0,0,1,1,0,0,0,0,12.597227,51.344315
29,23,9,11,7,2,3,4,2,0,0,1,1,0,0,0,0,12.583038,51.32956
29,24,4,25,11,5,3,5,3,0,0,1,1,0,0,0,0,12.565742,51.32254
29,24,6,19,9,4,3,5,3,0,0,1,1,0,0,0,0,12.611372,51.330519
29,24,8,22,19,5,2,0,1,1,0,1,0,0,0,0,0,12.572082,51.316141
29,24,8,30,16,6,3,8,1,0,0,1,0,0,0,0,0,12.568599,51.316942
29,24,9,3,13,3,3,4,2,0,0,1,0,0,0,0,1,12.606531,51.338857
29,24,9,9,5,2,3,3,2,2,0,1,1,0,0,0,0,12.578317,51.329965
29,24,11,27,15,4,3,5,3,0,0,1,1,0,0,0,0,12.590985,51.32907
29,25,5,12,16,2,3,5,3,0,0,1,1,0,0,0,0,12.607188,51.335393
29,25,5,24,18,7,3,1,5,0,0,1,1,0,0,0,0,12.578739,51.316143
29,25,9,20,15,7,3,5,3,0,0,1,1,0,0,0,0,12.588478,51.32877
29,25,10,21,12,3,2,4,2,0,0,1,1,0,0,0,0,12.583711,51.330821
29,16,8,6,18,7,3,0,7,0,0,1,0,0,0,0,0,12.79254,51.160411
29,16,10,1,9,7,3,6,4,0,1,1,0,1,0,0,0,12.809193,51.126061
29,17,6,9,18,6,3,5,3,0,0,1,1,0,0,0,0,12.799289,51.129049
29,17,7,23,1,1,2,0,1,2,0,1,0,0,0,0,0,12.794403,51.122168
29,17,9,11,19,2,1,2,6,0,0,1,1,0,0,0,0,12.88076,51.120155
29,18,1,5,17,6,2,5,3,2,1,1,1,0,0,0,0,12.809186,51.126073
29,18,3,3,17,7,1,0,7,1,0,1,0,0,0,0,0,12.849078,51.152935
29,18,7,1,1,1,2,0,1,2,0,1,0,0,0,0,0,12.841757,51.10797
29,18,8,2,10,5,2,3,2,0,0,1,1,0,0,0,0,12.884526,51.120185
29,19,4,2,17,3,2,4,2,0,0,1,1,0,0,0,0,12.798729,51.124104
29,19,5,1,14,4,3,3,2,0,1,1,1,0,0,0,0,12.821766,51.119989
29,19,6,5,17,4,2,5,3,0,0,1,1,0,0,0,0,12.808376,51.127026
29,19,8,1,11,5,2,0,1,0,0,1,0,0,0,0,0,12.813117,51.101928
29,20,4,12,18,1,3,5,3,0,0,1,1,0,0,0,0,12.803882,51.130481
29,20,7,6,7,2,3,4,2,0,0,1,1,0,0,0,0,12.822024,51.136445
29,20,8,26,17,4,3,3,6,0,0,1,1,0,0,0,0,12.798689,51.133762
29,20,12,4,14,6,2,5,2,0,0,1,1,0,0,0,0,12.81212,51.124459
29,21,3,4,12,5,2,4,6,0,1,1,1,0,0,0,0,12.80098,51.132307
29,21,8,12,13,5,3,5,3,0,0,1,1,0,0,0,0,12.802495,51.126355
29,21,9,23,8,5,2,0,7,0,0,1,0,0,0,0,0,12.80487,51.128159
29,22,11,12,8,7,3,0,1,0,0,1,0,0,0,0,0,12.800318,51.132282
29,23,5,29,13,2,3,0,7,0,0,1,0,0,0,0,0,12.800197,51.124333
29,23,7,13,11,5,3,1,2,0,0,1,0,0,0,0,1,12.817654,51.138195
29,23,7,20,14,5,3,5,3,0,0,1,1,0,0,0,0,12.830487,51.118085
29,25,5,4,21,1,3,5,3,2,0,1,1,0,0,0,0,12.803882,51.130481
29,25,5,8,10,5,3,5,3,0,0,1,1,0,0,0,0,12.791644,51.131029
29,25,5,12,7,2,2,4,6,0,0,1,1,0,0,0,0,12.79918,51.145323
29,25,5,17,11,7,3,2,2,0,0,1,1,0,0,0,0,12.833704,51.155751
29,25,9,1,15,2,3,2,6,0,0,1,1,0,0,0,0,12.834864,51.116695
29,25,9,19,10,6,2,4,6,0,0,1,1,0,0,0,0,12.683646,51.117292
29,18,9,5,6,4,3,5,3,0,0,1,1,0,0,0,0,12.231375,51.140645
29,21,11,9,19,3,3,7,7,2,0,1,0,0,0,0,1,12.239975,51.151537
29,22,6,3,19,6,3,5,3,0,0,1,0,0,0,0,0,12.233951,51.148427
29,22,10,7,14,6,3,4,6,0,0,1,1,0,0,0,0,12.22979,51.141154
29,23,8,4,5,6,3,0,7,1,1,1,1,0,0,0,0,12.233693,51.148113
29,16,6,2,11,5,3,5,3,0,0,1,1,0,0,0,0,12.64852,51.082676
29,16,8,7,16,1,3,5,3,0,0,1,1,0,0,0,0,12.559347,51.056312
29,16,9,2,13,6,3,5,3,0,0,1,0,0,0,0,1,12.55625,51.0612
29,16,11,5,16,7,2,4,6,1,1,1,1,0,0,0,0,12.657097,51.103575
29,16,11,7,15,2,3,5,3,0,0,1,1,0,0,0,0,12.56661,51.061638
29,17,4,1,19,7,3,0,1,0,0,1,0,0,0,0,0,12.556683,51.060835
29,18,3,3,16,7,2,5,3,0,0,1,1,0,0,0,0,12.54629,51.054065
29,18,3,5,18,2,2,0,7,0,0,1,0,0,0,0,0,12.557652,51.058655
29,18,4,1,13,1,2,5,3,0,0,1,0,0,0,0,1,12.536026,51.068986
29,18,5,3,15,5,2,4,6,0,0,1,1,0,0,0,0,12.580985,51.017047
29,18,5,5,16,7,3,5,3,0,0,1,1,0,0,0,0,12.558033,51.098794
29,18,6,1,13,6,3,5,3,0,0,1,1,0,0,0,0,12.556219,51.061226
29,18,6,2,12,7,2,2,2,0,0,1,1,0,0,0,0,12.534923,51.048851
29,18,7,7,14,7,2,0,1,0,0,1,0,0,0,0,0,12.543302,51.053606
29,18,8,2,21,5,2,8,7,1,0,1,0,0,0,0,0,12.552846,51.059269
29,18,9,4,7,3,3,3,3,1,0,1,1,0,0,0,0,12.584408,51.057703
29,18,9,7,12,6,3,5,2,0,1,1,1,0,0,0,0,12.556196,51.061192
29,18,10,4,9,5,3,4,6,0,0,1,1,0,0,0,0,12.566833,51.058215
29,18,11,2,9,6,2,0,7,0,2,1,0,0,0,0,0,12.553807,51.059913
29,18,11,2,9,6,2,0,7,0,2,1,0,0,0,0,0,12.55409,51.060025
29,19,2,5,19,3,3,6,7,2,0,1,0,1,0,0,0,12.624887,51.110467
29,19,4,2,10,3,2,2,6,0,0,1,0,0,0,0,0,12.555622,51.023061
29,19,5,2,16,5,2,2,6,0,0,1,0,0,0,0,0,12.577222,51.042584
29,19,7,7,17,1,2,0,7,0,0,1,0,0,0,0,0,12.604006,51.020979
29,19,9,7,0,7,2,2,6,2,0,1,0,0,0,0,0,12.604386,51.134401
29,20,2,19,16,4,2,5,3,0,1,1,1,0,0,0,0,12.55621,51.061212
29,20,4,22,9,4,2,7,7,0,0,1,0,0,0,0,1,12.610478,51.048686
29,20,7,19,13,1,2,5,3,0,0,1,0,0,1,0,0,12.552656,51.05788
29,20,8,5,19,4,3,9,7,0,0,1,0,0,0,0,0,12.555259,51.060475
29,20,9,20,13,1,3,5,3,0,0,1,1,0,0,0,0,12.633258,51.0483
29,22,1,30,20,1,2,2,6,2,0,1,1,0,0,0,0,12.521492,51.04505
29,22,4,13,14,4,3,1,6,0,0,1,0,0,0,0,0,12.598628,50.995171
29,22,5,27,8,6,2,8,1,0,1,1,0,0,0,0,0,12.675728,51.091171
29,22,7,20,6,4,2,0,7,0,1,1,0,0,0,0,1,12.608162,51.017172
29,22,7,24,19,1,2,0,7,0,0,1,0,0,0,0,0,12.556962,51.04631
29,22,9,16,20,6,2,4,6,2,0,1,1,0,0,0,0,12.566671,51.061364
29,23,5,10,10,4,3,3,6,0,1,1,1,0,0,0,0,12.601429,51.024945
29,23,6,12,15,2,2,4,1,0,0,1,1,0,0,0,0,12.573432,51.039122
29,23,7,8,8,7,3,5,3,0,0,1,1,0,0,0,0,12.610493,51.105804
29,23,7,23,9,1,3,5,3,0,0,1,1,0,0,0,0,12.60826,51.023032
29,23,9,3,11,1,3,4,2,0,0,1,0,0,0,0,1,12.556792,51.067318
29,23,9,23,22,7,3,5,3,2,0,1,1,0,0,0,0,12.595321,51.060425
29,23,10,13,16,6,2,5,3,0,0,1,0,0,0,0,1,12.64236,50.995239
29,23,10,18,10,4,3,6,4,0,0,1,0,1,0,0,0,12.556673,51.064398
29,23,11,24,15,6,3,5,3,0,0,1,1,0,0,0,0,12.555963,51.055087
29,23,12,13,16,4,2,5,3,0,0,1,0,0,0,0,0,12.56006,51.05045
29,24,4,12,18,6,2,0,1,0,0,1,0,0,0,0,0,12.558343,51.068113
29,24,4,13,15,7,2,4,2,0,0,1,1,0,0,0,0,12.565567,51.057975
29,24,4,28,14,1,3,0,6,0,0,1,1,0,0,0,0,12.540796,51.080248
29,24,8,7,18,4,2,0,7,0,0,1,0,0,0,0,0,12.554481,51.054433
29,24,10,25,15,6,3,8,1,0,0,1,0,0,0,0,0,12.558306,51.058206
29,24,10,26,23,7,3,0,1,2,0,1,0,0,0,0,0,12.582042,51.017181
29,24,10,27,21,1,2,0,1,2,1,1,0,0,0,0,0,12.554939,51.053915
29,24,11,17,14,1,3,0,1,0,1,1,0,0,0,0,0,12.544606,51.054002
29,25,1,3,13,6,3,4,6,0,1,1,1,0,0,0,0,12.558254,51.0538
29,25,5,25,13,1,3,0,1,0,1,1,0,0,0,0,0,12.566777,50.994168
29,25,5,29,18,5,2,4,1,0,0,1,1,0,0,0,0,12.597212,51.017323
29,25,5,29,18,5,3,0,1,0,0,1,0,0,0,0,0,12.636343,51.048927
29,25,7,14,19,2,3,3,6,0,0,1,1,0,0,0,0,12.711397,51.08713
29,25,11,18,11,3,3,9,7,0,0,1,0,0,0,0,0,12.557,51.057637
29,16,9,2,17,6,3,0,6,0,0,1,1,0,0,0,0,12.661948,51.056453
29,18,1,2,7,3,3,3,6,1,0,1,0,0,0,0,1,12.700268,51.056512
29,18,7,5,10,5,3,8,7,0,0,1,0,0,0,0,1,12.679112,51.06606
29,18,9,6,13,5,3,3,6,0,0,1,1,0,0,0,0,12.717756,51.044025
29,18,11,5,17,2,3,1,5,1,0,1,1,0,0,0,0,12.69552,51.055454
29,19,7,1,14,2,3,3,2,0,0,1,1,0,0,0,0,12.647339,51.05483
29,19,8,7,12,4,2,0,7,0,1,1,0,0,0,0,1,12.688631,51.058548
29,19,9,6,6,6,3,5,3,1,0,1,1,0,0,0,0,12.701091,51.051022
29,19,9,7,8,7,3,0,1,0,1,1,0,0,0,0,0,12.662896,51.024194
29,19,10,1,18,3,3,5,3,1,0,1,1,0,0,0,0,12.699922,51.055588
29,19,12,2,7,2,2,5,3,0,1,1,1,0,0,0,0,12.694466,51.054577
29,19,12,3,10,3,3,1,7,0,0,1,1,0,0,0,0,12.692661,51.054572
29,20,2,28,13,6,3,9,1,0,0,1,1,0,0,0,0,12.690737,51.056196
29,20,12,29,17,3,2,4,2,2,1,1,1,0,0,0,0,12.694498,51.05457
29,22,6,5,16,1,3,3,6,0,0,1,1,0,0,0,0,12.690437,51.065691
29,22,7,11,13,2,3,5,3,0,0,1,1,0,0,0,0,12.696902,51.058009
29,22,7,18,20,2,2,3,6,0,0,1,1,0,0,0,0,12.669449,51.017835
29,22,10,21,7,6,3,5,3,0,1,1,1,0,0,0,0,12.690642,51.060269
29,22,11,5,14,7,3,4,2,0,0,1,1,0,0,0,0,12.700734,51.053832
29,23,7,23,17,1,3,8,1,0,0,1,0,0,0,0,0,12.695525,51.055465
29,23,8,16,17,4,3,0,1,0,0,1,0,0,0,0,0,12.691052,51.051845
29,23,9,4,15,2,3,5,3,0,0,1,1,0,0,0,0,12.733728,51.090766
29,23,9,28,14,5,3,5,2,0,0,1,0,0,0,1,0,12.708087,51.064329
29,23,12,18,14,2,2,3,6,0,0,1,0,0,0,0,1,12.699889,51.052821
29,24,3,10,19,1,3,5,3,2,0,1,1,0,0,0,0,12.695596,51.050278
29,24,7,8,15,2,3,5,3,0,0,1,1,0,0,0,0,12.690225,51.057433
29,24,9,23,13,2,3,5,3,0,0,1,1,0,0,0,0,12.694825,51.056484
29,25,3,19,10,4,1,5,3,0,0,1,1,0,0,0,0,12.690463,51.067896
29,25,5,30,23,6,2,0,1,2,0,1,0,0,0,0,0,12.697005,51.051213
29,25,9,7,1,1,2,0,1,2,0,1,0,0,0,0,0,12.692061,51.054599
29,25,9,28,15,1,3,3,6,0,0,1,1,0,0,0,0,12.677908,51.064598
29,16,2,5,14,6,3,5,3,0,0,1,1,0,0,0,0,12.717635,51.228313
29,16,3,7,13,2,3,0,2,0,0,1,1,0,0,0,0,12.751972,51.186908
29,16,4,1,15,6,2,4,2,0,1,1,1,0,0,0,0,12.73044,51.255595
29,16,4,1,18,6,3,8,1,0,0,1,0,0,0,0,0,12.744516,51.19202
29,16,5,4,20,4,3,5,3,0,0,1,1,0,0,0,0,12.712891,51.235792
29,16,5,5,15,5,3,5,3,0,0,1,1,0,0,0,0,12.719786,51.232446
29,16,5,7,13,7,3,9,1,0,0,1,0,0,0,0,0,12.782646,51.180892
29,16,5,7,17,7,3,4,2,0,0,1,0,0,0,0,1,12.886661,51.263268
29,16,6,1,19,4,2,4,2,0,0,1,1,0,0,0,0,12.717673,51.235934
29,16,7,1,22,6,2,0,7,2,1,1,0,0,0,0,0,12.753624,51.186933
29,16,7,5,19,3,2,4,2,0,0,1,1,0,0,0,0,12.717673,51.235934
29,16,8,3,17,4,3,1,6,0,0,1,1,0,0,0,0,12.70939,51.238254
29,16,9,3,18,7,2,5,2,0,0,1,1,0,0,0,0,12.716209,51.226589
29,16,10,1,20,7,3,6,7,2,1,1,0,1,0,0,0,12.784898,51.272817
29,17,1,3,14,3,3,5,3,0,1,1,1,0,0,0,0,12.729832,51.234779
29,17,3,8,18,4,2,4,6,1,0,1,1,0,0,0,0,12.74101,51.252459
29,17,5,5,12,6,3,0,7,0,0,1,0,0,0,0,1,12.727121,51.237521
29,17,5,11,10,5,2,3,6,0,0,1,1,0,0,0,0,12.722254,51.235887
29,17,5,14,14,1,3,5,3,0,0,1,1,0,0,0,0,12.721618,51.221606
29,17,5,23,7,3,3,5,3,0,0,1,1,0,0,0,0,12.718385,51.228651
29,17,6,6,7,3,3,5,3,0,0,1,0,0,1,0,0,12.721985,51.233435
29,17,6,14,16,4,2,5,3,0,0,1,1,0,0,0,0,12.830193,51.204263
29,17,7,8,7,7,2,5,3,0,0,1,1,0,0,0,0,12.708516,51.236776
29,17,7,29,22,7,3,0,1,2,0,1,0,0,0,0,0,12.919084,51.256617
29,17,8,24,6,5,3,5,2,0,0,1,1,0,0,0,0,12.792266,51.261735
29,17,9,13,14,4,3,4,2,0,0,1,1,0,0,0,0,12.716629,51.23134
29,17,9,13,20,4,3,0,6,2,0,1,1,0,0,0,0,12.722264,51.235895
29,17,9,14,7,5,3,0,1,0,1,1,0,0,0,0,0,12.723119,51.233186
29,17,9,18,21,2,3,0,1,2,0,1,0,0,0,0,0,12.7246,51.226552
29,17,9,19,14,3,3,5,3,0,0,1,1,0,0,0,0,12.710907,51.232634
29,17,9,30,21,7,2,8,7,2,0,1,0,0,0,0,0,12.708555,51.230853
29,17,10,3,16,3,3,0,7,0,1,1,0,1,0,0,0,12.734922,51.238951