UKREIS,UJAHR,UMONAT,UTAG,USTUNDE,UWOCHENTAG,UKATEGORIE,UART,UTYP,LICHT,USTRZUSTAND,IstRad,IstPKW,IstFuss,IstKrad,IstGkfz,IstSonstige,@lon,@lat
29,17,10,8,12,1,3,4,6,0,1,1,1,0,0,0,0,12.719386,51.229052
29,17,10,22,16,1,3,1,5,0,1,1,1,0,0,0,0,12.782771,51.24821
29,17,11,7,14,3,3,5,3,0,1,1,1,0,0,0,0,12.728853,51.237184
29,17,12,18,10,2,3,5,3,0,1,1,1,0,0,0,0,12.712617,51.237374
29,18,4,2,9,2,3,1,3,0,0,1,1,0,0,0,0,12.709325,51.230829
29,18,4,2,11,2,2,6,4,0,0,1,0,1,0,0,0,12.786958,51.243345
29,18,4,4,9,4,3,3,6,0,0,1,1,0,0,0,0,12.726674,51.252256
29,18,4,4,16,4,3,0,7,0,0,1,0,0,0,0,0,12.723344,51.218804
29,18,4,7,18,7,3,0,6,0,0,1,0,0,0,0,1,12.68693,51.260368
29,18,5,2,13,4,3,1,3,0,0,1,1,0,0,0,0,12.722445,51.238119
29,18,5,3,16,5,2,0,7,0,0,1,0,1,0,0,0,12.863008,51.210124
29,18,5,5,13,7,2,4,6,0,0,1,1,0,0,0,0,12.712613,51.237819
29,18,6,3,20,1,3,0,1,0,0,1,0,0,0,0,0,12.723172,51.238033
29,18,7,2,10,2,2,5,2,0,0,1,1,0,0,0,0,12.859405,51.21191
29,18,7,5,19,5,3,5,3,0,0,1,1,0,0,0,0,12.725099,51.2513
29,18,8,5,23,1,2,3,6,2,0,1,0,0,0,0,0,12.721084,51.239235
29,18,8,6,9,2,3,5,3,0,0,1,1,0,0,0,0,12.709489,51.236658
29,18,8,6,13,2,3,0,1,0,0,1,1,0,0,0,0,12.722195,51.229985
29,18,9,2,17,1,3,0,7,0,0,1,0,0,0,0,0,12.72664,51.232176
29,18,10,5,6,6,2,5,3,2,0,1,1,0,0,0,0,12.718639,51.231905
29,19,2,6,14,4,2,5,3,0,0,1,1,0,0,0,0,12.695938,51.205016
29,19,4,7,14,1,3,1,3,0,0,1,1,0,0,0,0,12.742671,51.187603
29,19,6,2,18,1,2,0,1,0,0,1,0,0,0,0,0,12.759609,51.23209
29,19,6,3,16,2,3,4,2,0,0,1,1,0,0,0,0,12.72646,51.235741
29,19,6,3,17,2,2,5,3,0,0,1,1,0,0,0,0,12.758884,51.241948
29,19,6,5,6,4,3,5,3,0,0,1,1,0,0,0,0,12.722368,51.232479
29,19,6,5,16,4,3,3,2,0,0,1,1,0,0,0,0,12.742198,51.189898
29,19,8,6,15,3,1,9,7,0,0,1,0,0,0,0,0,12.877045,51.214235
29,19,9,1,11,1,2,3,6,0,0,1,0,1,0,0,0,12.735062,51.239072
29,19,9,5,17,5,3,5,3,0,0,1,1,0,0,0,0,12.710816,51.234683
29,19,10,1,8,3,3,5,3,0,0,1,1,0,0,0,0,12.715361,51.228029
29,19,12,4,17,4,3,5,3,2,0,1,1,0,0,0,0,12.792657,51.261973
29,20,1,4,15,7,2,5,3,0,1,1,1,0,0,0,0,12.723786,51.235635
29,20,5,2,19,7,3,6,7,0,0,1,0,0,0,0,1,12.729629,51.238719
29,20,5,28,23,5,3,0,7,2,0,1,0,0,0,0,0,12.729576,51.241702
29,20,6,18,6,5,3,4,6,0,0,1,0,0,0,0,0,12.728227,51.241437
29,20,7,14,10,3,3,3,6,0,0,1,1,0,0,0,0,12.71875,51.22599
29,20,7,18,16,7,3,5,3,0,0,1,1,0,0,0,0,12.715615,51.229377
29,20,7,25,21,7,3,8,1,1,0,1,0,0,0,0,0,12.898684,51.260452
29,20,8,31,15,2,3,5,3,0,0,1,1,0,0,0,0,12.721863,51.22061
29,20,9,10,19,5,2,5,3,1,0,1,0,0,0,0,1,12.724993,51.237953
29,20,10,6,12,3,2,5,3,0,0,1,1,0,0,0,0,12.735449,51.237186
29,20,10,16,19,6,3,6,7,2,0,1,0,1,0,0,0,12.735694,51.241926
29,20,11,9,6,2,3,0,1,2,0,1,0,0,0,0,0,12.757182,51.186719
29,20,12,15,12,3,2,5,3,0,0,1,1,0,0,0,0,12.71193,51.236128
29,21,1,27,6,4,3,5,3,2,0,1,1,0,0,0,0,12.712665,51.237393
29,21,2,23,15,3,3,5,3,0,0,1,1,0,0,0,0,12.718144,51.25883
29,21,4,11,17,1,3,7,7,0,0,1,0,0,0,0,0,12.772753,51.247285
29,21,4,21,7,4,3,8,1,0,0,1,0,0,0,0,0,12.729468,51.242169
29,21,6,16,23,4,3,5,3,2,0,1,1,0,0,0,0,12.891763,51.261102
29,21,6,23,18,4,3,5,3,0,0,1,1,0,0,0,0,12.719535,51.235696
29,21,6,26,11,7,3,1,7,0,0,1,1,0,0,0,0,12.8603,51.187895
29,21,7,30,12,6,3,8,7,0,0,1,0,0,0,0,0,12.789582,51.200377
29,21,8,12,11,5,3,1,6,0,0,1,1,0,0,0,0,12.710374,51.234224
29,21,8,13,11,6,3,0,7,0,0,1,0,0,0,0,0,12.72529,51.228498
29,21,8,15,12,1,2,0,7,0,0,1,0,0,0,0,0,12.672332,51.187863
29,21,8,26,7,5,2,0,3,0,1,1,1,0,0,0,0,12.729269,51.24214
29,21,9,8,14,4,3,8,1,0,0,1,0,0,0,0,0,12.727175,51.224308
29,21,9,10,19,6,3,5,3,0,0,1,1,0,0,0,0,12.729248,51.238695
29,21,9,27,15,2,3,5,3,0,0,1,1,0,0,0,0,12.720498,51.232794
29,21,11,3,7,4,1,3,6,0,0,1,0,0,0,0,1,12.673402,51.182702
29,21,11,3,10,4,3,0,1,0,0,1,0,0,0,0,0,12.864421,51.17412
29,21,11,6,11,7,3,3,2,0,0,1,1,0,0,0,0,12.721658,51.220594
29,22,2,21,6,2,3,3,6,2,1,1,1,0,0,0,0,12.724502,51.235607
29,22,3,10,13,5,3,3,6,0,0,1,1,0,0,0,0,12.831483,51.237572
29,22,4,11,12,2,2,5,3,0,0,1,1,0,0,0,0,12.717395,51.238267
29,22,5,1,18,1,3,0,1,0,0,1,0,0,0,0,0,12.720551,51.231829
29,22,5,26,22,5,3,1,1,2,0,1,1,0,0,0,0,12.716979,51.220893
29,22,5,26,23,5,3,0,1,2,0,1,0,0,0,0,0,12.718973,51.2194
29,22,6,8,8,4,3,1,1,0,0,1,1,0,0,0,0,12.714824,51.235784
29,22,6,14,7,3,3,5,3,0,0,1,1,0,0,0,0,12.715852,51.23021
29,22,6,24,22,6,2,0,6,2,0,1,1,0,0,0,0,12.709007,51.247456
29,22,7,30,10,7,2,0,7,0,1,1,0,0,0,0,0,12.714742,51.221893
29,22,8,10,17,4,3,5,3,0,0,1,1,0,0,0,0,12.723968,51.247287
29,22,8,10,18,4,3,5,3,0,0,1,1,0,0,0,0,12.786128,51.275045
29,22,8,10,19,4,3,0,7,0,0,1,0,0,0,0,0,12.753738,51.237869
29,22,9,14,0,4,3,7,7,2,0,1,0,0,0,0,0,12.726108,51.238674
29,22,10,7,12,6,3,5,3,0,0,1,1,0,0,0,0,12.725359,51.229308
29,22,11,11,9,6,3,5,3,0,0,1,1,0,0,0,0,12.717718,51.226604
29,23,3,13,10,2,3,5,3,0,1,1,1,0,0,0,0,12.71768,51.235918
29,23,4,21,19,6,3,0,1,0,0,1,0,0,0,0,0,12.694418,51.23419
29,23,5,11,17,5,3,5,3,0,0,1,1,0,0,0,0,12.721984,51.233454
29,23,5,12,19,6,2,4,2,0,0,1,1,0,0,0,0,12.723212,51.238777
29,23,5,16,9,3,3,0,1,0,0,1,0,0,0,0,0,12.723392,51.230505
29,23,5,23,13,3,2,5,2,0,0,1,0,0,0,0,1,12.729588,51.241286
29,23,5,31,1,4,3,8,1,2,0,1,0,0,0,0,0,12.727537,51.238641
29,23,6,3,14,7,3,5,3,0,0,1,1,0,0,0,0,12.731743,51.238546
29,23,6,11,19,1,3,0,1,0,0,1,0,0,0,0,0,12.729024,51.247988
29,23,7,28,13,6,3,5,3,0,0,1,1,0,0,0,0,12.720666,51.229558
29,23,8,5,17,7,3,1,5,0,0,1,1,0,0,0,0,12.730353,51.238621
29,23,8,20,8,1,3,5,3,0,0,1,1,0,0,0,0,12.712728,51.237347
29,23,9,5,14,3,2,5,3,0,0,1,0,0,0,1,0,12.715384,51.228413
29,23,9,21,16,5,2,5,3,0,0,1,1,0,0,0,0,12.711556,51.230932
29,23,9,26,9,3,3,5,3,0,0,1,1,0,0,0,0,12.706479,51.233638
29,23,10,28,11,7,3,0,1,0,1,1,0,0,0,0,1,12.785754,51.268404
29,23,12,11,16,2,1,2,6,1,0,1,1,0,0,0,0,12.691601,51.206671
29,24,1,11,6,5,3,5,3,1,0,1,1,0,0,0,0,12.701339,51.20407
29,24,3,12,13,3,3,3,2,0,0,1,1,0,0,0,0,12.917605,51.259689
29,24,3,16,14,7,3,5,3,0,1,1,1,0,0,0,0,12.723379,51.233978
29,24,4,6,9,7,3,8,1,0,1,1,0,0,0,0,0,12.715199,51.225043
29,24,4,8,9,2,2,5,3,0,0,1,1,0,0,0,0,12.804216,51.277914
29,24,4,9,13,3,3,3,2,0,0,1,0,0,0,0,1,12.729847,51.25402
29,24,4,19,12,6,3,5,3,0,1,1,0,0,1,0,0,12.725011,51.237993
29,24,5,14,7,3,2,3,6,0,0,1,1,0,0,0,0,12.712763,51.237338
29,24,6,3,17,2,3,0,1,0,0,1,0,0,0,0,0,12.738781,51.253177
29,24,6,19,15,4,2,5,2,0,0,1,1,0,0,0,0,12.716053,51.236541
29,24,6,20,6,5,3,5,3,0,0,1,1,0,0,0,0,12.710007,51.238068
29,24,7,8,0,2,3,0,2,2,0,1,0,0,0,0,1,12.755267,51.244328
29,24,7,19,7,6,3,5,3,0,0,1,1,0,0,0,0,12.712983,51.224664
29,24,8,16,17,6,2,0,7,0,0,1,0,0,0,0,0,12.702485,51.20604
29,24,9,22,16,1,1,7,1,0,0,1,0,0,0,0,0,12.780003,51.19245
29,24,12,23,8,2,3,0,1,0,2,1,0,0,0,0,0,12.719053,51.220823
29,25,1,8,10,4,3,0,1,0,2,1,0,0,0,0,0,12.723374,51.230537
29,25,3,9,14,1,2,5,3,0,0,1,0,0,0,0,0,12.723708,51.215414
29,25,3,31,9,2,2,1,5,0,1,1,1,0,0,0,0,12.716857,51.237474
29,25,4,17,16,5,3,4,6,0,0,1,1,0,0,0,0,12.755021,51.18679
29,25,4,17,17,5,3,3,3,0,0,1,0,0,0,0,1,12.71342,51.237181
29,25,4,29,7,3,3,1,3,0,0,1,1,0,0,0,0,12.716133,51.231298
29,25,5,27,7,3,3,5,3,0,0,1,1,0,0,0,0,12.818587,51.232472
29,25,5,29,13,5,2,0,1,0,0,1,0,0,0,0,0,12.714739,51.221441
29,25,5,29,16,5,3,0,1,0,0,1,0,0,0,0,0,12.79646,51.175453
29,25,6,11,15,4,2,0,1,0,0,1,0,0,0,0,0,12.727827,51.250797
29,25,6,26,20,5,3,1,1,1,1,1,1,0,0,0,0,12.722364,51.219605
29,25,7,6,16,1,3,5,6,1,0,1,0,0,0,0,0,12.784586,51.26858
29,25,7,17,11,5,3,5,3,0,0,1,1,0,0,0,0,12.721806,51.221614
29,25,7,27,17,1,3,3,6,0,0,1,0,0,0,0,0,12.759274,51.206353
29,25,7,31,15,5,3,5,3,0,0,1,1,0,0,0,0,12.709355,51.230829
29,25,8,1,10,6,3,5,3,0,0,1,1,0,0,0,0,12.729676,51.238973
29,25,8,1,15,6,2,8,1,0,0,1,0,0,0,0,0,12.710992,51.232417
29,25,9,6,11,7,3,0,1,0,0,1,0,0,0,0,0,12.714739,51.221415
29,25,9,13,5,7,2,5,3,2,0,1,1,0,0,0,0,12.717516,51.228318
29,25,9,24,7,4,3,4,1,0,0,1,1,0,0,0,0,12.722742,51.224329
29,25,10,16,10,5,2,0,1,0,1,1,0,0,0,0,0,12.714742,51.221871
29,16,2,1,6,2,3,5,2,2,1,1,1,0,0,0,0,12.280235,51.154614
29,16,2,5,10,6,3,1,7,0,1,1,1,0,0,0,0,12.280368,51.153108
29,16,3,2,8,4,2,5,3,0,1,1,1,0,0,0,0,12.287112,51.149988
29,16,10,2,10,1,3,3,6,0,0,1,1,0,0,0,0,12.285207,51.151674
29,16,12,5,14,2,2,0,6,0,0,1,0,1,0,0,0,12.283403,51.153852
29,17,2,15,15,4,2,3,6,0,0,1,1,0,0,0,0,12.334497,51.121149
29,17,3,23,17,5,3,0,3,1,0,1,1,0,0,0,0,12.276325,51.15639
29,17,3,30,17,5,3,5,3,0,0,1,0,0,0,0,0,12.283469,51.155648
29,17,4,14,14,6,3,2,7,0,0,1,1,0,0,0,0,12.288423,51.169445
29,17,8,4,12,6,3,1,7,0,0,1,1,0,0,0,0,12.284952,51.151933
29,17,11,8,15,4,3,5,3,0,0,1,0,0,0,0,1,12.288111,51.15844
29,18,4,5,14,5,3,0,2,0,0,1,0,0,0,0,1,12.281195,51.156399
29,18,9,1,10,7,3,0,7,0,0,1,1,0,0,0,0,12.283415,51.154211
29,18,9,2,16,1,3,5,2,0,0,1,1,0,0,0,0,12.281192,51.156393
29,18,11,1,10,5,3,0,7,0,0,1,0,0,0,0,0,12.275644,51.158491
29,19,3,7,14,5,3,2,6,0,0,1,0,0,1,0,0,12.283422,51.1545
29,19,9,1,16,1,3,0,7,0,0,1,1,0,0,0,0,12.285808,51.15361
29,19,9,3,12,3,3,1,5,0,0,1,1,0,0,0,0,12.282254,51.156326
29,20,4,16,16,5,2,3,6,0,0,1,1,0,0,0,0,12.302714,51.163852
29,20,4,17,13,6,3,5,2,0,0,1,0,0,0,0,0,12.283503,51.156262
29,20,6,1,12,2,2,3,6,0,0,1,0,0,0,0,0,12.367881,51.137357
29,20,6,29,9,2,3,0,7,0,0,1,0,0,0,0,0,12.286073,51.150521
29,20,8,7,19,6,3,5,3,0,0,1,1,0,0,0,0,12.286874,51.151163
29,21,5,11,16,3,3,5,3,0,0,1,1,0,0,0,0,12.290378,51.172474
29,21,6,9,18,4,3,5,3,0,0,1,1,0,0,0,0,12.280446,51.15304
29,22,3,19,10,7,3,5,2,0,0,1,0,0,0,0,1,12.282901,51.153679
29,22,5,9,12,2,3,5,3,0,0,1,1,0,0,0,0,12.281275,51.156413
29,22,10,14,11,6,2,5,3,0,0,1,0,0,0,0,1,12.286834,51.151395
29,22,10,28,9,6,3,0,7,0,0,1,1,0,0,0,0,12.295305,51.145759
29,23,2,2,12,5,3,5,2,0,0,1,1,0,0,0,0,12.280457,51.15304
29,23,3,10,13,6,3,5,3,0,1,1,1,0,0,0,0,12.280214,51.154618
29,23,6,16,15,6,3,3,2,0,0,1,1,0,0,0,0,12.28024,51.154666
29,23,7,4,19,3,2,0,1,0,0,1,0,0,0,0,0,12.299454,51.144184
29,23,10,5,16,5,2,0,7,0,0,1,0,0,0,0,0,12.257855,51.127613
29,23,11,13,17,2,3,4,2,2,1,1,1,0,0,0,0,12.286835,51.151388
29,24,1,29,12,2,2,9,1,0,0,1,0,0,0,0,0,12.286012,51.149797
29,24,2,7,15,4,2,5,3,0,1,1,1,0,0,0,0,12.275392,51.155384
29,24,3,6,9,4,3,3,6,0,0,1,1,0,0,0,0,12.294987,51.13804
29,24,4,29,13,2,3,5,3,0,0,1,1,0,0,0,0,12.28683,51.151414
29,24,5,4,18,7,3,1,5,0,0,1,1,0,0,0,0,12.249466,51.121324
29,24,6,15,4,7,3,8,1,1,0,1,0,0,0,0,0,12.237621,51.108562
29,24,10,12,14,7,2,2,6,0,0,1,1,0,0,0,0,12.293413,51.13956
29,25,3,31,15,2,3,4,2,0,1,1,1,0,0,0,0,12.287109,51.149999
29,25,5,1,1,5,3,6,6,2,0,1,0,1,0,0,0,12.287438,51.148756
29,25,5,1,1,5,2,6,6,2,0,1,0,1,0,0,0,12.287629,51.14876
29,25,5,26,11,2,3,7,7,0,0,1,0,0,0,0,0,12.292618,51.146864
29,25,5,26,12,2,3,0,1,0,0,1,0,0,0,0,0,12.293761,51.144522
29,25,8,11,21,2,3,0,7,0,0,1,1,0,0,0,0,12.286116,51.149316
29,25,8,16,13,7,3,1,7,0,0,1,0,0,0,0,1,12.282716,51.153724
29,25,8,19,9,3,2,5,3,0,0,1,1,0,0,0,0,12.287116,51.149971
29,25,8,21,13,5,3,5,3,0,0,1,1,0,0,0,0,12.283973,51.15626
29,16,9,2,18,6,3,5,3,0,0,1,1,0,0,0,0,12.521048,51.299325
29,16,9,3,14,7,2,3,6,0,0,1,0,0,0,0,0,12.446667,51.215905
29,17,4,14,11,6,3,5,3,0,0,1,1,0,0,0,0,12.455238,51.216482
29,17,8,14,11,2,2,0,1,0,0,1,0,0,0,0,0,12.461546,51.222534
29,17,9,3,19,1,3,3,6,1,0,1,0,0,0,0,0,12.498987,51.27207
29,18,4,1,10,1,2,5,3,0,0,1,0,0,1,0,0,12.481909,51.227453
29,18,5,3,14,5,3,4,6,0,0,1,1,0,0,0,0,12.482101,51.241909
29,18,5,7,16,2,3,4,2,0,0,1,1,0,0,0,0,12.489954,51.267834
29,18,9,5,15,4,3,5,3,0,0,1,1,0,0,0,0,12.508933,51.274159
29,18,12,1,11,7,3,5,2,0,0,1,1,0,0,0,0,12.445936,51.216956
29,18,12,7,17,6,2,5,3,2,1,1,1,0,0,0,0,12.506074,51.262937
29,19,2,6,10,4,3,4,6,0,0,1,0,0,0,0,0,12.427314,51.227509
29,19,5,5,14,1,3,2,2,0,0,1,0,0,1,0,0,12.518966,51.29461
29,19,5,6,14,2,3,3,2,0,0,1,0,0,0,0,1,12.447752,51.225393
29,19,6,2,5,1,3,6,7,1,0,1,0,1,0,0,0,12.496266,51.270388
29,19,6,5,17,4,3,5,3,0,0,1,1,0,0,0,0,12.502552,51.262385
29,20,3,14,13,7,2,0,6,0,0,1,1,0,0,0,0,12.49934,51.265019
29,20,4,14,12,3,3,6,6,0,0,1,0,1,0,0,0,12.48338,51.237091
29,20,8,9,15,1,3,4,3,0,0,1,1,0,0,0,0,12.461018,51.221953
29,20,9,9,15,4,2,0,7,0,0,1,0,0,0,0,0,12.437978,51.225496
29,21,4,10,18,7,3,4,6,1,1,1,0,0,0,0,0,12.504714,51.25966
29,21,6,30,18,4,2,5,1,0,0,1,1,0,0,0,0,12.506014,51.262945
29,21,9,19,11,1,3,5,2,0,0,1,1,0,0,0,0,12.449575,51.225925
29,22,1,28,14,6,3,2,6,0,0,1,1,0,0,0,0,12.503707,51.292788
29,22,2,23,13,4,3,5,3,0,0,1,1,0,0,0,0,12.489971,51.267827
29,22,7,3,16,1,3,5,3,0,0,1,1,0,0,0,0,12.49594,51.271172
29,22,7,25,12,2,3,0,7,0,0,1,1,0,0,0,0,12.499477,51.265761
29,22,8,21,17,1,3,6,6,0,0,1,0,1,0,0,0,12.453372,51.216036
29,23,2,6,8,2,3,3,6,0,1,1,0,0,0,0,1,12.498699,51.271843
29,23,3,24,17,6,2,7,7,0,0,1,0,1,0,0,0,12.481932,51.235353
29,23,5,13,18,7,2,0,1,0,0,1,0,0,0,0,0,12.483129,51.236029
29,23,6,17,0,7,3,1,1,2,0,1,1,0,0,0,0,12.49705,51.271479
29,23,7,19,16,4,2,4,6,0,0,1,0,0,0,0,0,12.427372,51.220841
29,24,3,30,13,7,3,0,1,0,0,1,0,0,0,0,0,12.436,51.255368
29,24,6,23,12,1,3,4,6,0,0,1,0,0,0,0,0,12.417294,51.231659
29,24,7,13,14,7,3,4,6,0,0,1,0,0,0,0,0,12.486721,51.267752
29,24,7,30,6,3,3,5,3,0,0,1,1,0,0,0,0,12.467781,51.258932
29,24,8,21,7,4,3,5,3,0,0,1,1,0,0,0,0,12.508312,51.271083
29,24,9,1,17,1,3,4,6,0,0,1,0,0,0,0,0,12.439225,51.229471
29,24,9,15,8,1,3,0,1,0,0,1,0,0,0,0,0,12.449599,51.212265
29,24,9,29,11,1,3,4,6,0,0,1,0,0,0,0,0,12.425115,51.247981
29,25,4,10,10,5,3,5,2,0,0,1,1,0,0,0,0,12.518179,51.260924
29,25,4,21,19,2,3,0,6,0,0,1,1,0,0,0,0,12.49949,51.229295
29,25,4,22,16,3,3,5,2,0,0,1,1,0,0,0,0,12.47184,51.245491
29,25,5,15,14,5,3,0,7,0,0,1,0,0,0,0,0,12.420416,51.244466
29,25,5,29,16,5,3,6,6,0,0,1,0,1,0,0,0,12.459064,51.222266
29,25,8,7,10,5,3,4,6,0,0,1,0,0,0,0,0,12.441265,51.22393
29,25,9,23,23,3,3,9,1,2,0,1,0,0,0,0,0,12.462428,51.256023
29,16,4,2,13,7,3,0,1,0,0,1,0,0,0,0,0,12.556809,51.163481
29,16,8,3,17,4,3,5,3,0,0,1,1,0,0,0,0,12.55395,51.163316
29,17,6,13,6,3,3,0,6,0,0,1,0,0,0,0,1,12.523923,51.170248
29,17,7,16,19,1,3,5,3,0,0,1,1,0,0,0,0,12.5604,51.194019
29,17,8,7,18,2,3,0,3,0,0,1,1,0,0,0,0,12.549156,51.173826
29,17,8,14,9,2,2,5,3,0,0,1,1,0,0,0,0,12.546179,51.164245
29,19,10,6,17,1,3,8,1,2,1,1,0,0,0,0,0,12.547456,51.164357
29,19,11,2,19,7,3,0,1,2,0,1,0,0,0,0,0,12.556698,51.158326
29,20,5,20,18,4,2,5,3,0,0,1,1,0,0,0,0,12.542926,51.164401
29,20,7,5,13,1,3,5,3,0,0,1,1,0,0,0,0,12.550563,51.171544
29,21,9,29,7,4,3,9,1,0,0,1,1,0,0,0,0,12.556797,51.163692
29,22,3,19,20,7,2,5,3,2,0,1,1,0,0,0,0,12.553235,51.165471
29,22,4,23,18,7,2,5,2,0,0,1,1,0,0,0,0,12.567205,51.165744
29,22,10,22,14,7,3,3,6,0,0,1,1,0,0,0,0,12.559161,51.18589
29,23,11,3,7,6,3,5,3,0,0,1,1,0,0,0,0,12.558563,51.186955
29,24,3,18,15,2,3,4,2,0,0,1,1,0,0,0,0,12.554211,51.161371
29,25,9,13,20,7,3,3,6,2,0,1,0,0,0,0,0,12.531573,51.177363
29,16,3,4,13,6,2,0,1,0,0,1,0,0,0,0,0,12.630321,50.995701
29,16,1,5,14,3,1,0,7,0,0,1,0,0,0,0,0,12.875066,51.399577
29,16,3,4,20,6,3,1,5,2,0,1,1,0,0,0,0,12.765866,51.410702
29,16,4,7,19,5,2,3,6,0,0,1,0,0,0,0,1,12.865554,51.403629
29,16,8,6,16,7,2,5,3,0,0,1,1,0,0,0,0,12.86862,51.397433
29,17,6,12,16,2,1,2,6,0,0,1,1,0,0,0,0,12.934069,51.363716
29,17,6,28,9,4,3,1,1,0,0,1,0,0,0,0,1,12.801008,51.370322
29,17,7,18,16,3,3,5,3,0,0,1,0,0,0,0,1,12.862192,51.369854
29,17,7,27,9,5,2,5,3,0,0,1,1,0,0,0,0,12.883898,51.407506
29,18,7,2,11,2,3,0,7,0,0,1,0,0,1,0,0,12.866563,51.396378
29,18,10,3,13,4,3,0,6,0,0,1,1,0,0,0,0,12.816841,51.403739
29,18,11,6,8,3,2,5,3,0,0,1,1,0,0,0,0,12.80449,51.411532
29,20,3,17,15,3,2,5,2,0,0,1,1,0,0,0,0,12.757559,51.412499
29,20,5,16,17,7,3,5,3,0,0,1,1,0,0,0,0,12.805628,51.370284
29,20,12,9,6,4,3,3,6,2,1,1,1,0,0,0,0,12.740586,51.399493
29,21,5,20,16,5,3,5,3,0,0,1,1,0,0,0,0,12.755407,51.411575
29,21,5,27,20,5,2,0,7,2,0,1,0,0,0,0,1,12.861223,51.42079
29,21,6,1,13,3,2,1,6,0,0,1,1,0,0,0,0,12.873683,51.397394
29,23,5,9,18,3,3,5,3,0,0,1,1,0,0,0,0,12.77358,51.393544
29,23,7,31,15,2,3,5,3,0,0,1,1,0,0,0,0,12.804253,51.370272
29,24,3,21,16,5,3,4,2,0,0,1,1,0,0,0,0,12.853116,51.427574
29,24,11,23,9,7,2,5,3,0,1,1,1,0,0,0,0,12.866755,51.371585
29,24,12,20,15,6,3,5,3,0,0,1,1,0,0,0,0,12.875111,51.392717
29,25,6,1,13,1,3,0,1,0,0,1,0,0,0,0,0,12.804467,51.411559
29,25,6,25,15,4,3,5,3,0,0,1,1,0,0,0,0,12.892185,51.407783
29,25,6,25,16,4,3,5,3,0,0,1,1,0,0,0,0,12.774628,51.393493
29,16,8,3,14,4,3,5,3,0,1,1,1,0,0,0,0,12.570441,51.354099
29,16,9,5,17,2,2,4,6,0,0,1,0,0,0,0,0,12.628877,51.358417
29,18,8,7,18,3,3,5,3,0,0,1,1,0,0,0,0,12.572505,51.354536
29,19,5,1,10,4,3,5,7,0,0,1,1,0,0,0,0,12.649837,51.395809
29,19,12,6,6,6,3,4,6,2,1,1,0,0,0,0,0,12.59255,51.348857
29,21,1,20,16,4,2,1,6,0,1,1,0,0,0,0,0,12.643433,51.354446
29,21,3,10,15,4,2,5,3,0,0,1,0,0,0,1,0,12.572504,51.354536
29,21,9,2,16,5,3,5,3,0,0,1,1,0,0,0,0,12.596615,51.359318
29,21,9,15,15,4,2,5,3,0,0,1,1,0,0,0,0,12.584049,51.355839
29,21,10,18,14,2,3,0,1,0,0,1,1,0,0,0,0,12.587488,51.352916
29,21,12,22,17,4,2,5,3,2,0,1,1,0,0,0,0,12.567996,51.360466
29,22,4,9,10,7,3,5,2,0,0,1,1,0,0,0,0,12.628092,51.360319
29,22,6,10,15,6,3,5,3,0,0,1,1,0,0,0,0,12.641191,51.358728
29,22,8,21,19,1,3,1,1,0,0,1,1,0,0,0,0,12.635864,51.358799
29,23,4,4,16,3,3,1,7,0,0,1,1,0,0,0,0,12.639284,51.367522
29,23,5,16,15,3,2,4,6,0,0,1,0,0,0,0,1,12.649861,51.398856
29,23,6,4,14,1,2,5,3,0,0,1,1,0,0,0,0,12.59122,51.358751
29,23,6,11,13,1,2,5,3,0,0,1,1,0,0,0,0,12.58404,51.355848
29,23,9,12,16,3,3,5,3,0,0,1,1,0,0,0,0,12.588217,51.357635
29,23,9,29,16,6,3,5,3,0,0,1,1,0,0,0,0,12.632284,51.35957
29,23,10,29,14,1,3,0,7,0,0,1,1,0,0,0,0,12.624066,51.35705
29,25,11,15,9,7,3,1,3,0,1,1,1,0,0,0,0,12.635088,51.359653
29,16,1,5,20,3,3,5,3,2,1,1,1,0,0,0,0,12.430886,51.281183
29,16,2,1,5,2,3,5,3,2,1,1,1,0,0,0,0,12.366622,51.286733
29,16,2,2,15,3,3,1,1,0,0,1,0,0,0,0,1,12.359566,51.272264
29,16,3,4,15,6,2,0,5,0,0,1,1,0,0,0,0,12.370374,51.279123
29,16,3,7,7,2,3,5,3,0,0,1,1,0,0,0,0,12.37149,51.279294
29,16,4,2,11,7,3,5,3,0,0,1,1,0,0,0,0,12.354715,51.268675
29,16,5,1,14,1,3,0,3,0,0,1,0,0,1,0,0,12.359381,51.289286
29,16,5,2,17,2,3,4,6,0,0,1,0,1,0,0,0,12.42803,51.256461
29,16,5,3,6,3,3,4,2,0,0,1,1,0,0,0,0,12.365873,51.285548
29,16,5,6,16,6,3,5,3,0,0,1,1,0,0,0,0,12.360324,51.270989
29,16,6,1,13,4,3,0,7,0,0,1,0,0,0,0,0,12.378409,51.251077
29,16,6,1,17,4,3,5,3,0,1,1,1,0,0,0,0,12.365917,51.285556
29,16,6,1,20,4,3,1,1,0,0,1,1,0,0,0,0,12.369096,51.275308
29,16,6,7,14,3,3,1,1,0,0,1,0,0,0,0,1,12.396087,51.277526
29,16,6,7,18,3,3,4,2,0,0,1,0,0,0,0,0,12.428403,51.25551
29,16,7,1,8,6,3,0,1,0,0,1,0,0,0,0,0,12.35927,51.288903
29,16,7,4,6,2,3,2,6,0,0,1,0,0,0,1,0,12.379805,51.251757
29,16,7,4,15,2,3,5,3,0,0,1,1,0,0,0,0,12.369167,51.288883