UKREIS,UJAHR,UMONAT,UTAG,USTUNDE,UWOCHENTAG,UKATEGORIE,UART,UTYP,LICHT,USTRZUSTAND,IstRad,IstPKW,IstFuss,IstKrad,IstGkfz,IstSonstige,@lon,@lat
29,16,7,4,17,2,3,3,6,0,0,1,0,0,0,0,0,12.390289,51.276283
29,16,7,7,6,5,3,0,3,0,1,1,0,0,0,0,1,12.39251,51.277043
29,16,8,2,19,3,3,4,2,0,0,1,1,0,0,0,0,12.348656,51.268623
29,16,8,4,7,5,3,3,2,0,0,1,1,0,0,0,0,12.376905,51.28035
29,16,8,4,14,5,3,4,2,0,0,1,1,0,0,0,0,12.365891,51.285542
29,16,8,6,17,7,3,5,3,0,1,1,1,0,0,0,0,12.36773,51.274461
29,16,8,7,15,1,3,0,3,0,0,1,1,0,0,0,0,12.362585,51.27934
29,16,9,6,16,3,3,0,3,0,0,1,0,0,0,0,1,12.365045,51.277105
29,16,9,6,22,3,3,4,2,2,0,1,1,0,0,0,0,12.364602,51.284121
29,16,9,7,17,4,3,5,3,0,0,1,1,0,0,0,0,12.378287,51.269698
29,16,10,3,17,2,3,1,5,1,1,1,1,0,0,0,0,12.361151,51.280828
29,16,10,5,7,4,3,5,3,0,1,1,1,0,0,0,0,12.358872,51.278473
29,16,10,5,11,4,3,4,2,0,0,1,1,0,0,0,0,12.363715,51.283256
29,16,10,7,7,6,3,5,3,0,1,1,1,0,0,0,0,12.373784,51.266195
29,16,10,7,14,6,3,5,2,0,0,1,1,0,0,0,0,12.355984,51.273967
29,16,11,5,1,7,3,5,3,2,0,1,1,0,0,0,0,12.364638,51.284153
29,16,11,6,16,1,3,5,3,1,0,1,1,0,0,0,0,12.365707,51.275685
29,16,12,7,7,4,3,5,2,2,1,1,1,0,0,0,0,12.377264,51.272641
29,17,1,27,19,6,2,5,3,2,0,1,1,0,0,0,0,12.39219,51.276967
29,17,3,16,19,5,3,5,2,2,0,1,1,0,0,0,0,12.377251,51.2726
29,17,3,20,17,2,3,0,7,0,0,1,0,0,0,0,0,12.365845,51.285442
29,17,4,11,9,3,3,3,3,0,0,1,0,0,0,0,1,12.367835,51.27701
29,17,4,24,7,2,3,5,3,0,0,1,1,0,0,0,0,12.365916,51.285555
29,17,4,26,16,4,3,5,3,0,0,1,1,0,0,0,0,12.365905,51.285538
29,17,5,8,11,2,3,3,6,0,0,1,1,0,0,0,0,12.364289,51.271595
29,17,5,15,17,2,3,7,7,0,0,1,0,0,0,0,0,12.350318,51.268447
29,17,5,18,6,5,3,3,5,0,0,1,1,0,0,0,0,12.363661,51.281287
29,17,5,19,9,6,3,5,3,0,0,1,1,0,0,0,0,12.353918,51.270978
29,17,5,29,14,2,3,4,2,0,0,1,1,0,0,0,0,12.357685,51.276591
29,17,6,7,18,4,3,5,3,0,0,1,1,0,0,0,0,12.370725,51.281196
29,17,6,11,9,1,3,0,7,0,0,1,0,1,0,0,0,12.358604,51.286522
29,17,6,18,19,1,3,4,2,0,0,1,1,0,0,0,0,12.365922,51.285564
29,17,6,28,14,4,3,6,4,0,1,1,0,1,0,0,0,12.365077,51.28264
29,17,7,23,14,1,2,6,7,0,0,1,0,1,0,0,0,12.370692,51.279172
29,17,7,26,17,4,2,5,2,0,1,1,0,0,0,0,1,12.377155,51.273985
29,17,8,1,6,3,3,5,3,0,1,1,1,0,0,0,0,12.363742,51.283245
29,17,8,5,12,7,2,0,7,0,0,1,0,0,0,0,0,12.371226,51.288263
29,17,8,11,7,6,3,4,2,0,0,1,1,0,0,0,0,12.364992,51.276043
29,17,8,17,15,5,3,4,6,0,0,1,1,0,0,0,0,12.375057,51.28079
29,17,8,29,13,3,3,0,7,0,0,1,0,0,0,0,0,12.42972,51.285919
29,17,9,18,10,2,3,0,5,0,0,1,1,0,0,0,0,12.358727,51.28699
29,17,10,16,14,2,3,4,2,0,0,1,1,0,0,0,0,12.363773,51.279365
29,17,10,18,17,4,3,3,2,0,0,1,1,0,0,0,0,12.374535,51.279857
29,17,10,24,10,3,3,5,3,0,0,1,1,0,0,0,0,12.357761,51.276641
29,18,1,7,10,1,2,4,2,0,0,1,1,0,0,0,0,12.379997,51.257614
29,18,2,4,21,1,2,0,1,2,0,1,0,0,0,0,0,12.370746,51.279181
29,18,3,2,11,6,3,0,7,0,0,1,0,0,0,0,0,12.37736,51.272612
29,18,3,2,13,6,3,0,1,0,0,1,0,0,0,0,0,12.40073,51.278149
29,18,4,1,13,1,3,4,6,0,0,1,0,0,0,0,0,12.403628,51.271071
29,18,4,1,14,1,2,0,1,0,0,1,0,0,0,0,0,12.370053,51.282947
29,18,4,3,7,3,3,5,3,0,0,1,1,0,0,0,0,12.360466,51.277753
29,18,4,5,17,5,3,0,3,0,0,1,1,0,0,0,0,12.367022,51.275
29,18,4,6,13,6,3,5,3,0,0,1,1,0,0,0,0,12.376716,51.281013
29,18,5,1,15,3,3,1,5,0,0,1,1,0,0,0,0,12.374657,51.279883
29,18,5,2,7,4,3,1,5,0,0,1,1,0,0,0,0,12.369513,51.284374
29,18,6,1,11,6,3,5,3,0,0,1,1,0,0,0,0,12.36376,51.283238
29,18,6,2,17,7,3,3,5,0,0,1,1,0,0,0,0,12.396062,51.276069
29,18,6,7,7,5,3,5,3,0,0,1,1,0,0,0,0,12.370535,51.276205
29,18,7,3,17,3,3,5,3,0,0,1,1,0,0,0,0,12.363767,51.283235
29,18,8,7,10,3,3,5,3,0,0,1,0,0,0,0,0,12.376385,51.283347
29,18,9,1,15,7,3,5,3,0,0,1,1,0,0,0,0,12.397574,51.275298
29,18,9,2,15,1,3,0,7,0,0,1,0,0,0,0,0,12.426466,51.276553
29,18,9,3,7,2,3,4,7,0,0,1,1,0,0,0,0,12.361453,51.277261
29,18,9,4,19,3,3,5,3,1,0,1,0,0,0,0,0,12.431744,51.256511
29,18,9,5,7,4,3,5,3,0,0,1,0,0,0,0,0,12.357261,51.279053
29,18,9,5,7,4,3,4,6,0,0,1,0,0,0,0,0,12.374261,51.2728
29,18,9,6,12,5,3,4,6,0,0,1,0,0,0,0,1,12.375201,51.275776
29,18,9,6,17,5,2,5,3,0,0,1,1,0,0,0,0,12.377155,51.273688
29,18,9,7,12,6,2,5,2,0,0,1,1,0,0,0,0,12.368769,51.277038
29,18,9,7,20,6,3,1,5,1,0,1,1,0,0,0,0,12.372917,51.281868
29,18,10,3,14,4,3,0,6,0,0,1,1,0,0,0,0,12.428089,51.258782
29,18,10,5,7,6,3,5,3,1,0,1,1,0,0,0,0,12.357676,51.27658
29,18,11,6,10,3,3,5,3,0,1,1,1,0,0,0,0,12.355562,51.273404
29,18,11,6,14,3,2,0,1,0,0,1,0,0,0,0,0,12.372671,51.28781
29,18,12,3,9,2,2,5,3,0,1,1,1,0,0,0,0,12.363732,51.283249
29,18,12,5,12,4,2,0,7,0,0,1,1,0,0,0,0,12.36372,51.279363
29,18,12,5,16,4,3,5,3,1,0,1,1,0,0,0,0,12.362451,51.277178
29,19,2,4,15,2,3,5,3,0,0,1,1,0,0,0,0,12.353977,51.270998
29,19,3,1,15,6,3,5,2,0,0,1,1,0,0,0,0,12.37727,51.272607
29,19,3,2,17,7,3,0,1,0,0,1,0,0,0,0,0,12.376621,51.281325
29,19,3,4,16,2,3,6,6,0,0,1,0,1,0,0,0,12.370039,51.279083
29,19,3,6,7,4,3,5,2,0,0,1,1,0,0,0,0,12.37725,51.272607
29,19,4,1,9,2,3,5,3,0,0,1,1,0,0,0,0,12.368684,51.279136
29,19,4,1,14,2,3,5,3,0,0,1,0,0,0,0,0,12.360505,51.273751
29,19,4,1,14,2,3,5,2,0,0,1,1,0,0,0,0,12.39948,51.272771
29,19,4,2,23,3,3,5,3,2,0,1,1,0,0,0,0,12.35087,51.264856
29,19,4,7,12,1,3,5,3,0,1,1,1,0,0,0,0,12.352495,51.268926
29,19,5,1,10,4,3,3,2,0,0,1,1,0,0,0,0,12.377212,51.272964
29,19,5,4,10,7,3,5,3,0,0,1,1,0,0,0,0,12.371909,51.261322
29,19,5,5,14,1,3,0,1,0,0,1,0,0,0,0,0,12.38318,51.273062
29,19,5,5,18,1,3,0,7,0,0,1,0,0,0,0,0,12.378246,51.250727
29,19,5,7,8,3,3,5,3,0,1,1,1,0,0,0,0,12.368835,51.288985
29,19,5,7,9,3,3,5,3,0,0,1,1,0,0,0,0,12.431652,51.262842
29,19,6,7,8,6,2,5,3,0,0,1,1,0,0,0,0,12.36377,51.283311
29,19,7,4,10,5,3,2,2,0,0,1,1,0,0,0,0,12.366705,51.28674
29,19,7,4,16,5,3,5,3,0,0,1,1,0,0,0,0,12.421072,51.27353
29,19,7,6,22,7,3,0,7,2,0,1,0,0,0,0,0,12.363062,51.279342
29,19,8,1,14,5,3,5,3,0,0,1,1,0,0,0,0,12.371442,51.279287
29,19,8,4,15,1,3,0,1,0,0,1,0,0,0,0,1,12.429072,51.258722
29,19,8,6,8,3,3,5,3,0,0,1,1,0,0,0,0,12.360523,51.265214
29,19,9,2,15,2,3,5,3,0,0,1,1,0,0,0,0,12.377616,51.271804
29,19,9,4,10,4,3,5,3,0,0,1,1,0,0,0,0,12.431365,51.259631
29,19,9,5,8,5,2,6,3,0,1,1,0,1,0,0,0,12.366958,51.287066
29,19,9,6,15,6,3,5,3,0,1,1,1,0,0,0,0,12.362621,51.279329
29,19,10,2,12,4,3,5,2,0,0,1,1,0,0,0,0,12.369435,51.272538
29,19,11,4,17,2,2,5,3,2,1,1,1,0,0,0,0,12.428585,51.283272
29,19,11,5,13,3,2,3,3,0,0,1,1,0,0,0,0,12.370483,51.279136
29,19,12,7,7,7,2,5,2,1,0,1,1,0,0,0,0,12.377241,51.272608
29,19,12,7,11,7,3,5,3,0,0,1,1,0,0,0,0,12.362584,51.279351
29,20,2,27,15,5,3,1,5,0,0,1,1,0,0,0,0,12.36517,51.286083
29,20,4,11,18,7,3,5,3,0,0,1,1,0,0,0,0,12.352813,51.29221
29,20,4,30,12,5,3,5,2,0,0,1,0,0,0,0,1,12.374088,51.281483
29,20,5,13,16,4,3,3,2,0,0,1,1,0,0,0,0,12.377986,51.271066
29,20,5,28,21,5,2,1,7,2,0,1,1,0,0,0,0,12.381903,51.24661
29,20,6,23,2,3,3,7,7,2,0,1,0,0,0,0,0,12.353423,51.293229
29,20,6,25,15,5,3,1,5,0,0,1,0,0,0,0,1,12.376457,51.282444
29,20,7,6,18,2,3,5,3,0,0,1,1,0,0,0,0,12.427231,51.274891
29,20,7,8,17,4,3,5,3,0,0,1,0,0,0,0,1,12.35947,51.292696
29,20,7,30,9,5,3,5,3,0,0,1,0,0,0,0,1,12.373097,51.286966
29,20,8,29,1,7,2,7,1,2,0,1,0,0,0,0,0,12.356572,51.280264
29,20,9,1,7,3,2,0,1,0,1,1,0,0,0,1,0,12.371437,51.292876
29,20,9,4,9,6,3,0,7,0,1,1,0,0,0,0,0,12.358016,51.284373
29,20,10,1,16,5,3,0,5,0,0,1,1,0,0,0,0,12.370843,51.288389
29,20,10,5,17,2,2,5,3,0,0,1,1,0,0,0,0,12.355598,51.273456
29,20,10,26,18,2,2,0,7,2,0,1,0,0,0,0,0,12.367829,51.266315
29,20,11,20,15,6,2,5,3,0,0,1,1,0,0,0,0,12.37727,51.272607
29,20,12,9,20,4,3,0,1,2,1,1,0,0,0,0,0,12.428365,51.255494
29,20,12,26,11,7,3,5,3,0,0,1,0,0,0,0,0,12.354623,51.264232
29,21,3,8,15,2,3,5,3,0,0,1,1,0,0,0,0,12.430969,51.281126
29,21,3,16,13,3,3,5,3,0,0,1,1,0,0,0,0,12.353965,51.271001
29,21,4,21,15,4,2,5,3,0,0,1,0,0,0,0,0,12.383299,51.25133
29,21,5,15,17,7,3,0,1,0,0,1,0,0,0,0,0,12.427575,51.257792
29,21,6,5,9,7,3,5,3,0,0,1,1,0,0,0,0,12.360042,51.284354
29,21,6,5,12,7,3,5,3,0,0,1,1,0,0,0,0,12.361285,51.270983
29,21,6,8,9,3,3,5,3,0,0,1,1,0,0,0,0,12.372735,51.268349
29,21,7,2,14,6,3,5,3,0,0,1,1,0,0,0,0,12.429275,51.275657
29,21,7,8,15,5,3,1,1,0,1,1,0,0,0,0,1,12.351216,51.264803
29,21,7,12,8,2,3,0,6,0,0,1,0,0,0,0,1,12.432853,51.27052
29,21,8,29,23,1,3,0,1,2,1,1,0,0,0,0,0,12.359458,51.289472
29,21,9,9,20,5,2,0,1,2,0,1,0,0,0,0,0,12.432983,51.272937
29,21,9,11,19,7,3,0,7,1,0,1,0,0,0,0,0,12.380305,51.278667
29,21,9,12,12,1,3,4,2,0,0,1,1,0,0,0,0,12.398791,51.271386
29,21,9,17,9,6,2,0,7,0,1,1,0,0,0,0,0,12.364244,51.283039
29,21,10,3,16,1,3,5,3,0,0,1,1,0,0,0,0,12.372731,51.268348
29,21,10,7,12,5,3,0,7,0,0,1,1,0,0,0,0,12.427539,51.25614
29,21,10,23,10,7,3,2,6,0,0,1,1,0,0,0,0,12.396665,51.275993
29,21,10,27,16,4,3,1,5,0,0,1,1,0,0,0,0,12.353792,51.278656
29,22,1,6,7,5,3,2,6,1,2,1,1,0,0,0,0,12.371527,51.279109
29,22,1,28,11,6,3,5,3,0,0,1,1,0,0,0,0,12.427052,51.284857
29,22,2,13,12,1,3,2,6,0,0,1,1,0,0,0,0,12.353041,51.264501
29,22,3,9,15,4,3,3,6,0,0,1,1,0,0,0,0,12.378157,51.267417
29,22,4,6,10,4,3,5,3,0,0,1,1,0,0,0,0,12.360503,51.263242
29,22,4,11,17,2,2,6,7,0,0,1,0,1,0,0,0,12.374017,51.285776
29,22,4,15,12,6,3,1,3,0,0,1,0,0,0,0,0,12.3736,51.28407
29,22,5,1,1,1,3,3,6,2,0,1,0,0,0,0,1,12.373775,51.266275
29,22,5,2,9,2,3,1,5,0,0,1,1,0,0,0,0,12.373172,51.286556
29,22,5,9,7,2,3,1,5,0,0,1,0,0,0,0,1,12.359498,51.292501
29,22,5,10,7,3,3,5,3,0,0,1,1,0,0,0,0,12.432974,51.273068
29,22,5,12,17,5,3,5,3,0,0,1,1,0,0,0,0,12.354993,51.272579
29,22,5,15,14,1,3,5,2,0,0,1,1,0,0,0,0,12.398357,51.271406
29,22,5,18,7,4,3,1,6,0,0,1,0,0,0,0,0,12.372153,51.279382
29,22,5,19,18,5,3,3,2,0,0,1,0,0,0,0,0,12.350134,51.289746
29,22,6,8,6,4,3,5,3,0,0,1,1,0,0,0,0,12.364977,51.277108
29,22,6,14,13,3,3,6,4,0,0,1,0,1,0,0,0,12.365365,51.285901
29,22,6,16,11,5,2,6,4,0,0,1,0,1,0,0,0,12.375128,51.278192
29,22,6,21,8,3,3,5,3,0,0,1,1,0,0,0,0,12.395496,51.273111
29,22,6,22,16,4,3,0,7,0,0,1,1,0,0,0,0,12.346688,51.264279
29,22,6,22,16,4,3,5,3,0,0,1,0,0,0,0,0,12.392187,51.27698
29,22,6,24,14,6,3,5,2,0,1,1,1,0,0,0,0,12.377125,51.274937
29,22,7,13,10,4,1,0,7,0,0,1,0,0,0,0,0,12.431166,51.280355
29,22,8,8,11,2,3,1,5,0,0,1,1,0,0,0,0,12.372999,51.27953
29,22,8,10,16,4,3,4,2,0,0,1,0,0,0,0,0,12.354653,51.28009
29,22,8,17,18,4,3,1,5,0,0,1,1,0,0,0,0,12.397801,51.276046
29,22,8,22,9,2,3,0,1,0,0,1,0,0,0,0,0,12.363611,51.27477
29,22,9,9,14,6,3,0,1,0,0,1,0,0,0,0,0,12.365529,51.284995
29,22,9,11,19,1,3,5,2,0,0,1,1,0,0,0,0,12.363771,51.283311
29,22,9,23,15,6,3,5,2,0,0,1,1,0,0,0,0,12.383156,51.27306
29,22,9,27,12,3,3,3,6,0,0,1,1,0,0,0,0,12.368752,51.277344
29,22,9,28,7,4,2,5,3,0,1,1,1,0,0,0,0,12.363521,51.275255
29,22,10,4,14,3,2,5,3,0,0,1,0,0,0,0,0,12.362861,51.268889
29,22,10,15,12,7,3,3,6,0,0,1,1,0,0,0,0,12.431217,51.280155
29,22,11,1,8,3,3,5,3,0,0,1,0,0,0,0,0,12.369663,51.272534
29,23,3,19,17,1,3,4,7,0,1,1,0,0,0,0,0,12.363219,51.280897
29,23,3,19,17,1,3,0,1,0,1,1,0,0,0,0,0,12.363227,51.280906
29,23,3,29,15,4,3,5,3,0,0,1,1,0,0,0,0,12.398381,51.271405
29,23,4,4,16,3,3,5,3,0,0,1,1,0,0,0,0,12.431488,51.258725
29,23,4,27,14,5,3,1,5,0,0,1,1,0,0,0,0,12.347335,51.264971
29,23,5,17,18,4,3,8,1,0,0,1,1,0,0,0,0,12.358645,51.286677
29,23,6,10,11,7,3,9,1,0,0,1,0,0,0,0,0,12.402474,51.279804
29,23,6,11,17,1,3,5,3,0,0,1,0,0,0,0,0,12.349104,51.274487
29,23,6,12,17,2,3,0,1,0,0,1,0,0,0,0,0,12.42801,51.256812
29,23,6,14,10,4,3,0,1,0,0,1,0,0,0,0,0,12.359432,51.28941
29,23,6,18,18,1,3,2,6,0,0,1,0,0,0,0,1,12.355919,51.266478
29,23,6,19,7,2,3,5,2,0,0,1,1,0,0,0,0,12.377957,51.271065
29,23,6,23,8,6,3,8,1,0,0,1,0,0,0,0,0,12.380813,51.273147
29,23,6,23,15,6,3,0,1,0,1,1,0,0,0,0,0,12.363625,51.27936
29,23,6,25,10,1,3,5,3,0,0,1,1,0,0,0,0,12.431346,51.259774
29,23,6,29,16,5,2,8,7,0,0,1,1,0,0,0,0,12.357681,51.273824
29,23,7,2,19,1,2,7,7,0,0,1,0,0,0,0,0,12.427575,51.257801
29,23,7,7,19,6,3,6,4,0,0,1,1,1,0,0,0,12.376628,51.281302
29,23,7,8,16,7,3,3,6,0,0,1,0,0,0,0,0,12.389175,51.276836
29,23,7,14,20,6,3,4,2,0,0,1,1,0,0,0,0,12.398357,51.271406
29,23,7,18,13,3,3,0,1,0,0,1,0,0,0,0,0,12.377628,51.287071
29,23,8,9,11,4,3,0,7,0,0,1,0,0,0,0,0,12.373013,51.287409
29,23,8,10,10,5,3,1,5,0,0,1,1,0,0,0,0,12.376678,51.281117
29,23,8,11,11,6,2,0,1,0,0,1,0,0,0,0,0,12.374074,51.272796
29,23,8,18,11,6,2,6,4,0,0,1,0,1,0,0,0,12.359119,51.278709
29,23,8,20,12,1,2,5,3,0,0,1,0,0,0,0,0,12.38382,51.264079
29,23,8,30,18,4,3,3,3,0,0,1,0,0,0,0,0,12.368794,51.289
29,23,9,23,14,7,3,0,7,0,0,1,0,0,0,0,0,12.354506,51.280165
29,23,9,28,12,5,1,7,1,0,0,1,0,0,0,0,0,12.428259,51.255435
29,23,10,11,7,4,3,1,3,1,0,1,1,0,0,0,0,12.4254,51.284652
29,23,10,19,8,5,3,5,3,0,0,1,1,0,0,0,0,12.362585,51.27934
29,23,10,20,17,6,3,5,3,0,1,1,1,0,0,0,0,12.364977,51.277117
29,23,10,20,18,6,2,5,2,2,1,1,1,0,0,0,0,12.377358,51.272612
29,23,10,31,13,3,3,7,7,0,0,1,0,0,0,0,0,12.386277,51.269298
29,23,10,31,14,3,3,6,6,0,0,1,0,1,0,0,0,12.350422,51.278214
29,23,11,11,9,7,3,5,3,0,0,1,1,0,0,0,0,12.355581,51.273432
29,23,11,15,19,4,3,5,3,2,1,1,1,0,0,0,0,12.365014,51.2794
29,24,1,17,19,4,3,0,1,2,2,1,0,0,0,0,0,12.371375,51.288228
29,24,2,22,16,5,3,5,3,1,0,1,1,0,0,0,0,12.354667,51.26867
29,24,2,29,10,5,3,8,1,0,0,1,0,0,0,0,0,12.338345,51.255225
29,24,3,18,8,2,3,5,3,0,0,1,1,0,0,0,0,12.396193,51.280778
29,24,3,22,8,6,3,1,5,0,0,1,1,0,0,0,0,12.366752,51.279341
29,24,4,18,18,5,2,5,3,0,0,1,1,0,0,0,0,12.353966,51.271
29,24,5,4,11,7,3,1,6,0,0,1,1,0,0,0,0,12.370067,51.279097
29,24,5,14,17,3,2,6,7,0,0,1,0,1,0,0,0,12.346551,51.267839
29,24,5,20,13,2,3,6,1,0,0,1,0,1,0,0,0,12.34486,51.262048
29,24,5,20,14,2,3,2,6,0,0,1,0,0,0,0,0,12.356268,51.279818
29,24,5,22,8,4,3,4,6,0,1,1,0,0,0,0,0,12.38262,51.245979
29,24,5,25,10,7,3,4,6,0,0,1,0,0,0,0,0,12.384988,51.265868
29,24,5,27,16,2,1,5,3,0,0,1,0,0,0,1,0,12.373765,51.28324
29,24,5,29,10,4,3,5,3,0,0,1,1,0,0,0,0,12.358015,51.284384
29,24,5,30,22,5,3,0,1,2,1,1,0,0,0,0,0,12.354482,51.28018
29,24,5,31,8,6,3,1,5,0,0,1,1,0,0,0,0,12.36847,51.279159
29,24,6,12,16,4,3,5,2,0,0,1,1,0,0,0,0,12.42806,51.255839
29,24,6,23,18,1,3,4,6,0,0,1,0,0,0,0,0,12.394297,51.277245
29,24,6,24,13,2,3,5,3,0,0,1,1,0,0,0,0,12.377293,51.272608
29,24,6,28,18,6,3,5,3,0,0,1,0,0,0,0,0,12.428381,51.255546
29,24,7,25,8,5,2,4,6,0,0,1,0,0,0,0,0,12.370773,51.249699
29,24,7,30,14,3,3,5,3,0,0,1,1,0,0,0,0,12.37801,51.267155
29,24,7,30,20,3,2,5,3,0,0,1,1,0,0,0,0,12.430965,51.281142
29,24,8,8,18,5,3,5,3,0,0,1,1,0,0,0,0,12.374425,51.279524
29,24,8,12,16,2,3,4,2,0,0,1,1,0,0,0,0,12.358313,51.277517
29,24,8,21,9,4,3,2,6,0,0,1,1,0,0,0,0,12.368557,51.289105
29,24,8,21,10,4,3,0,7,0,0,1,0,0,0,0,0,12.377143,51.274018
29,24,9,2,17,2,3,5,3,0,0,1,1,0,0,0,0,12.368557,51.279181
29,24,9,3,7,3,3,5,2,0,0,1,1,0,0,0,0,12.37727,51.272607
29,24,9,10,15,3,2,5,2,0,0,1,0,0,0,0,0,12.339661,51.25995
29,24,9,11,9,4,2,3,3,0,0,1,0,0,0,1,0,12.370327,51.263958
29,24,9,13,13,6,3,5,3,0,0,1,1,0,0,0,0,12.362597,51.278309
29,24,9,18,18,4,3,0,1,0,0,1,0,0,0,0,0,12.324461,51.256311
29,24,9,22,13,1,3,7,1,0,0,1,0,0,0,0,0,12.42624,51.259714
29,24,9,30,9,2,3,2,2,0,0,1,1,0,0,0,0,12.374725,51.261839
29,24,10,1,8,3,3,0,1,0,1,1,0,0,0,0,0,12.351916,51.268096
29,24,10,17,13,5,3,5,2,0,0,1,1,0,0,0,0,12.368769,51.277012
29,24,12,31,13,3,3,0,1,0,2,1,0,0,0,0,0,12.377612,51.262099
29,25,1,8,9,4,3,0,1,0,1,1,0,0,0,0,0,12.384015,51.244563
29,25,2,4,7,3,3,5,2,0,0,1,1,0,0,0,0,12.35839,51.277463
29,25,2,25,12,3,3,0,5,0,1,1,1,0,0,0,0,12.367964,51.279216
29,25,3,6,13,5,3,0,1,0,0,1,0,0,0,0,0,12.369098,51.275562
29,25,4,27,16,1,3,5,3,0,0,1,1,0,0,0,0,12.431347,51.259767
29,25,5,1,11,5,3,4,7,0,0,1,1,0,0,0,0,12.400219,51.275162
29,25,5,2,16,6,3,5,3,0,0,1,1,0,0,0,0,12.392065,51.276972
29,25,5,4,20,1,3,7,7,2,0,1,0,0,0,0,0,12.362266,51.277207
29,25,5,14,10,4,3,3,2,0,0,1,1,0,0,0,0,12.364618,51.282235
29,25,5,22,7,5,3,5,3,0,0,1,1,0,0,0,0,12.365882,51.285545
29,25,6,2,8,2,3,0,1,0,0,1,0,0,0,0,0,12.365279,51.282609
29,25,6,8,19,1,3,5,3,0,0,1,1,0,0,0,0,12.387528,51.2771
29,25,6,9,15,2,3,6,6,0,0,1,0,1,0,0,0,12.358173,51.284266
29,25,6,13,16,6,3,0,1,0,0,1,0,0,0,0,0,12.357277,51.281865
29,25,6,21,19,7,3,5,3,0,0,1,0,0,0,0,0,12.366115,51.277821
29,25,6,26,7,5,3,5,3,0,0,1,1,0,0,0,0,12.364142,51.283081
29,25,6,30,17,2,3,0,4,0,0,1,0,1,0,0,0,12.343499,51.261656
29,25,7,1,13,3,3,0,7,0,0,1,0,0,0,0,0,12.368854,51.273353
29,25,7,16,11,4,3,1,5,0,0,1,1,0,0,0,0,12.376587,51.281452
29,25,7,22,16,3,3,0,1,0,1,1,0,0,0,0,0,12.349033,51.274558
29,25,8,8,15,6,3,8,1,0,0,1,0,0,0,0,0,12.373991,51.281646
29,25,8,14,19,5,3,1,5,0,0,1,1,0,0,0,0,12.367978,51.279786
29,25,8,15,14,6,3,2,2,0,0,1,1,0,0,0,0,12.377293,51.272608
29,25,8,20,19,4,3,3,6,0,0,1,0,0,0,0,1,12.364681,51.269684
29,25,8,27,19,4,3,5,3,0,0,1,1,0,0,0,0,12.37578,51.284291
29,25,9,6,11,7,2,5,3,0,0,1,0,0,0,0,0,12.38311,51.282328
29,25,9,6,18,7,3,4,6,0,0,1,0,0,0,0,0,12.384915,51.254129
29,25,9,7,18,1,2,6,2,0,0,1,0,1,0,0,0,12.352368,51.291804
29,25,9,12,18,6,3,4,6,0,0,1,0,0,0,0,0,12.397207,51.27145
29,25,9,16,7,3,3,5,3,0,0,1,1,0,0,0,0,12.377161,51.262056
29,25,9,19,5,6,3,0,1,2,0,1,0,0,0,0,0,12.427485,51.258118
29,25,10,2,12,5,3,5,3,0,0,1,1,0,0,0,0,12.375201,51.278069
29,25,10,10,11,6,3,5,2,0,0,1,0,0,1,0,0,12.371507,51.279296
29,25,10,13,8,2,3,5,3,0,1,1,0,0,0,0,0,12.367233,51.277028
29,25,10,29,11,4,3,2,6,0,1,1,1,0,0,0,0,12.429497,51.285998
29,25,11,20,6,5,3,5,3,2,0,1,1,0,0,0,0,12.432995,51.273069
29,25,12,9,6,3,3,5,3,2,1,1,1,0,0,0,0,12.365924,51.285567
29,25,12,17,7,4,3,1,5,1,0,1,1,0,0,0,0,12.396514,51.276273
29,16,1,4,6,2,3,5,3,2,0,1,1,0,0,0,0,12.17576,51.279044
29,16,1,5,6,3,2,2,6,2,2,1,0,0,0,1,0,12.190416,51.286422
29,16,2,5,12,6,3,5,3,0,0,1,1,0,0,0,0,12.225158,51.305606
29,16,2,6,11,7,3,0,7,0,0,1,0,0,0,0,0,12.222536,51.302868
29,16,4,3,14,1,3,3,5,0,0,1,1,0,0,0,0,12.223505,51.304161
29,16,6,1,8,4,2,4,2,0,0,1,1,0,0,0,0,12.223785,51.316128
29,16,6,2,9,5,3,4,2,0,1,1,1,0,0,0,0,12.233492,51.310422
29,16,6,3,6,6,2,0,1,0,1,1,0,0,0,0,0,12.17774,51.306896
29,16,8,4,17,5,3,0,1,0,0,1,1,0,0,0,0,12.235489,51.311432
29,16,9,1,12,5,3,5,3,0,0,1,1,0,0,0,0,12.220862,51.302114
29,16,9,2,11,6,3,6,6,0,0,1,0,1,0,0,0,12.225644,51.304268
29,16,9,2,19,6,3,3,6,0,0,1,1,0,0,0,0,12.212043,51.264276
29,16,9,7,10,4,3,6,4,0,0,1,0,1,0,0,0,12.220038,51.300772
29,16,9,7,17,4,3,2,6,0,0,1,0,0,0,0,0,12.233504,51.310427
29,16,11,4,10,6,3,5,3,0,0,1,1,0,0,0,0,12.221497,51.30182
29,17,1,9,15,2,3,4,2,0,1,1,1,0,0,0,0,12.224908,51.305395
29,17,4,10,11,2,3,5,3,0,0,1,1,0,0,0,0,12.235478,51.311428
29,17,6,20,10,3,3,5,3,0,0,1,1,0,0,0,0,12.225158,51.305605
29,17,8,9,15,4,3,0,5,0,0,1,1,0,0,0,0,12.220319,51.302342
29,17,8,25,20,6,3,5,3,1,0,1,1,0,0,0,0,12.229835,51.308893
29,17,8,30,8,4,1,5,3,0,0,1,1,0,0,0,0,12.217201,51.30398