UKREIS,UJAHR,UMONAT,UTAG,USTUNDE,UWOCHENTAG,UKATEGORIE,UART,UTYP,LICHT,USTRZUSTAND,IstRad,IstPKW,IstFuss,IstKrad,IstGkfz,IstSonstige,@lon,@lat
29,17,9,22,7,6,3,1,5,0,0,1,1,0,0,0,0,12.219707,51.304258
29,17,9,22,17,6,3,5,3,0,0,1,1,0,0,0,0,12.23111,51.304033
29,18,3,1,17,5,3,2,2,0,1,1,1,0,0,0,0,12.220185,51.301422
29,18,3,4,16,1,2,4,2,0,0,1,1,0,0,0,0,12.184989,51.283782
29,18,7,5,9,5,2,5,3,0,1,1,1,0,0,0,0,12.217617,51.304006
29,18,10,5,10,6,3,4,2,0,0,1,1,0,0,0,0,12.226911,51.307152
29,18,10,6,10,7,2,4,2,0,0,1,1,0,0,0,0,12.22013,51.301399
29,18,11,3,15,7,2,0,7,0,1,1,0,0,0,0,1,12.232559,51.283424
29,19,4,5,14,6,3,0,7,0,0,1,1,0,0,0,0,12.217905,51.300098
29,19,5,5,18,1,3,4,2,0,0,1,1,0,0,0,0,12.224779,51.306391
29,19,5,6,18,2,3,2,3,0,0,1,1,0,1,0,0,12.225645,51.30426
29,19,6,2,13,1,2,0,7,0,0,1,1,0,0,0,0,12.221519,51.307515
29,19,7,3,3,4,3,3,6,2,0,1,0,0,0,0,1,12.237414,51.332488
29,19,7,3,11,4,3,5,2,0,0,1,1,0,0,0,0,12.215662,51.304176
29,19,9,6,16,6,3,5,3,0,0,1,1,0,0,0,0,12.230317,51.309096
29,19,10,2,6,4,2,0,3,2,1,1,0,0,0,0,1,12.223545,51.306008
29,20,1,18,15,7,3,4,2,0,0,1,1,0,0,0,0,12.223751,51.304385
29,20,3,6,18,6,3,5,5,0,1,1,1,0,0,0,0,12.222963,51.303655
29,20,4,21,17,3,3,4,2,0,0,1,1,0,0,0,0,12.224931,51.305414
29,20,4,25,10,7,2,5,3,0,0,1,0,0,0,0,1,12.229366,51.308699
29,20,6,22,17,2,3,5,3,0,0,1,1,0,0,0,0,12.217062,51.304744
29,20,7,12,15,1,2,1,5,0,0,1,1,0,0,0,0,12.239444,51.337906
29,20,7,23,10,5,3,4,6,0,0,1,1,0,0,0,0,12.22302,51.309685
29,20,8,3,9,2,2,5,3,0,0,1,1,0,0,0,0,12.223669,51.298391
29,20,10,15,16,5,3,5,3,0,1,1,1,0,0,0,0,12.227827,51.307952
29,20,10,16,13,6,3,5,3,0,0,1,1,0,0,0,0,12.174405,51.314426
29,20,10,22,10,5,3,5,2,0,0,1,1,0,0,0,0,12.168577,51.303565
29,20,10,27,11,3,3,1,3,0,0,1,1,0,0,0,0,12.220447,51.299797
29,20,11,12,14,5,3,5,2,0,0,1,1,0,0,0,0,12.220216,51.301434
29,20,11,17,5,3,2,5,3,2,0,1,1,0,0,0,0,12.231883,51.332032
29,21,1,19,11,3,3,4,6,0,1,1,0,0,0,0,0,12.226966,51.307201
29,21,2,24,13,4,3,0,1,0,0,1,0,0,0,0,0,12.236083,51.308331
29,21,2,25,13,5,2,5,3,0,0,1,1,0,0,0,0,12.233215,51.310304
29,21,3,9,8,3,3,5,3,0,0,1,1,0,0,0,0,12.217607,51.304017
29,21,3,9,15,3,3,5,3,0,0,1,1,0,0,0,0,12.223617,51.299172
29,21,3,18,8,5,2,5,3,0,0,1,1,0,0,0,0,12.221392,51.30178
29,21,5,7,15,6,3,6,6,0,0,1,0,1,0,0,0,12.230406,51.309135
29,21,5,25,14,3,3,4,2,0,1,1,1,0,0,0,0,12.221253,51.299917
29,21,6,13,17,1,3,5,3,0,0,1,1,0,0,0,0,12.217062,51.304744
29,21,6,23,13,4,3,5,3,0,0,1,0,0,0,0,0,12.217033,51.304781
29,21,7,1,12,5,3,5,3,0,0,1,1,0,0,0,0,12.217602,51.304023
29,21,7,8,7,5,3,5,3,0,0,1,1,0,0,0,0,12.224162,51.29807
29,21,8,10,12,3,3,5,3,0,0,1,1,0,0,0,0,12.217034,51.30478
29,21,8,13,16,6,3,4,2,0,0,1,1,0,0,0,0,12.21686,51.299265
29,21,9,8,7,4,3,4,6,0,0,1,0,0,0,0,0,12.216683,51.305316
29,21,10,13,16,4,3,1,5,0,0,1,1,0,0,0,0,12.22565,51.304152
29,21,10,25,16,2,3,5,3,0,0,1,1,0,0,0,0,12.231374,51.308484
29,22,3,7,7,2,3,3,2,0,0,1,0,0,0,1,0,12.219938,51.304186
29,22,4,4,7,2,2,5,3,0,0,1,1,0,0,0,0,12.236041,51.310382
29,22,5,10,14,3,3,5,3,0,0,1,1,0,0,0,0,12.216612,51.258694
29,22,5,10,17,3,3,5,3,0,0,1,1,0,0,0,0,12.229513,51.308759
29,22,5,19,12,5,3,5,3,0,0,1,1,0,0,0,0,12.235696,51.311256
29,22,5,23,12,2,3,5,3,0,0,1,1,0,0,0,0,12.2214,51.301784
29,22,6,2,17,5,2,1,1,0,0,1,1,0,0,0,0,12.224516,51.30291
29,22,6,6,12,2,2,5,3,0,0,1,0,0,0,0,0,12.253511,51.288743
29,22,7,5,10,3,3,5,3,0,0,1,0,0,0,0,0,12.223231,51.303818
29,22,7,5,14,3,2,3,6,0,0,1,0,0,0,0,0,12.221004,51.301669
29,22,7,21,14,5,3,4,2,0,0,1,1,0,0,0,0,12.229324,51.303573
29,22,8,14,12,1,3,5,3,0,0,1,1,0,0,0,0,12.229763,51.307799
29,22,8,28,16,1,3,6,6,0,0,1,0,1,0,0,0,12.222525,51.302852
29,22,8,29,10,2,3,2,2,0,0,1,1,0,0,0,0,12.234414,51.31081
29,22,9,9,14,6,3,5,3,0,0,1,1,0,0,0,0,12.217042,51.304769
29,22,11,29,7,3,3,1,5,1,1,1,1,0,0,0,0,12.221393,51.303719
29,23,2,9,13,5,3,4,2,0,0,1,1,0,0,0,0,12.226926,51.307165
29,23,4,23,12,1,2,5,3,0,0,1,1,0,0,0,0,12.22493,51.305353
29,23,5,9,6,3,3,5,3,0,0,1,1,0,0,0,0,12.234146,51.310696
29,23,5,9,15,3,2,5,3,0,0,1,0,0,0,1,0,12.218794,51.303263
29,23,5,25,19,5,3,4,6,0,0,1,1,0,0,0,0,12.254021,51.290729
29,23,5,31,7,4,3,5,3,0,0,1,1,0,0,0,0,12.220031,51.304157
29,23,6,23,14,6,3,5,3,0,1,1,1,0,0,0,0,12.231356,51.308475
29,23,7,15,22,7,3,0,1,2,1,1,0,0,0,0,0,12.230116,51.30901
29,23,8,6,20,1,3,0,1,1,1,1,0,0,0,0,0,12.217881,51.30381
29,23,9,22,12,6,2,5,3,0,0,1,0,0,0,0,0,12.228428,51.305584
29,23,10,12,16,5,3,1,7,0,1,1,0,0,0,0,1,12.168408,51.3015
29,23,12,15,12,6,3,5,3,0,1,1,1,0,0,0,0,12.2341,51.310676
29,24,2,12,11,2,3,3,2,0,0,1,1,0,0,0,0,12.224943,51.305424
29,24,3,8,12,6,3,3,6,0,0,1,1,0,0,0,0,12.188908,51.303985
29,24,4,30,7,3,3,1,7,0,0,1,1,0,0,0,0,12.235871,51.308297
29,24,6,12,14,4,3,4,2,0,0,1,1,0,0,0,0,12.227199,51.307407
29,24,6,21,20,6,3,4,6,1,0,1,0,0,0,0,0,12.23218,51.326336
29,24,6,24,11,2,3,5,3,0,0,1,0,0,0,0,0,12.224531,51.301063
29,24,6,25,22,3,3,5,2,2,0,1,0,0,0,0,0,12.238087,51.332553
29,24,6,27,13,5,3,2,6,0,0,1,0,0,1,0,0,12.225536,51.256112
29,24,7,15,17,2,3,5,3,0,0,1,0,0,0,0,1,12.239892,51.310541
29,24,7,17,10,4,3,5,3,0,0,1,1,0,0,0,0,12.234342,51.310779
29,24,9,26,19,5,3,5,2,1,1,1,1,0,0,0,0,12.220226,51.301383
29,24,10,10,16,5,1,5,3,0,0,1,1,0,0,1,0,12.234332,51.310775
29,25,3,10,19,2,3,6,6,2,0,1,0,1,0,0,0,12.228565,51.308382
29,25,6,12,11,5,3,0,1,0,0,1,0,0,0,0,0,12.228416,51.307327
29,25,7,9,19,4,2,4,6,0,0,1,1,0,0,0,0,12.252842,51.336263
29,25,7,18,13,6,3,8,3,0,0,1,1,0,0,0,0,12.249053,51.335495
29,25,7,25,21,6,3,0,1,1,0,1,0,0,0,0,0,12.207634,51.295498
29,25,12,3,17,4,3,4,2,2,0,1,1,0,0,0,0,12.217617,51.304006
29,25,12,27,15,7,3,1,7,0,0,1,0,0,0,0,1,12.222807,51.30341
29,16,3,4,9,6,2,5,3,0,0,1,1,0,0,0,0,12.590557,51.277994
29,16,4,4,7,2,2,5,3,0,0,1,1,0,0,0,0,12.590316,51.278331
29,16,4,4,13,2,3,5,3,0,0,1,1,0,0,0,0,12.602041,51.27244
29,16,6,6,14,2,3,5,3,0,0,1,1,0,0,0,0,12.598158,51.301515
29,16,9,1,12,5,3,1,5,0,0,1,1,0,0,0,0,12.601327,51.277297
29,16,9,7,14,4,3,0,7,0,0,1,0,0,0,0,0,12.593403,51.280866
29,17,2,10,11,6,3,5,2,0,0,1,1,0,0,0,0,12.588577,51.279226
29,17,2,15,10,4,1,5,3,0,0,1,1,0,0,0,0,12.594613,51.271808
29,17,5,14,10,1,2,4,2,0,0,1,1,0,0,0,0,12.64386,51.294545
29,17,7,28,15,6,2,3,7,0,0,1,1,0,0,0,0,12.559216,51.272809
29,17,8,23,7,4,3,5,3,0,0,1,0,0,0,0,1,12.591285,51.27239
29,17,9,3,22,1,1,2,6,2,0,1,1,0,0,0,0,12.580632,51.284837
29,17,11,24,10,6,2,3,6,0,0,1,1,0,0,0,0,12.593491,51.276999
29,18,4,5,13,5,2,3,6,0,0,1,0,0,0,1,0,12.595088,51.275486
29,18,5,1,21,3,2,9,1,1,0,1,0,0,0,0,0,12.606425,51.271268
29,18,5,2,6,4,3,5,3,0,0,1,1,0,0,0,0,12.644823,51.295568
29,18,8,2,14,5,3,5,3,0,0,1,1,0,0,0,0,12.59355,51.280906
29,18,8,2,18,5,3,3,2,0,0,1,0,0,0,0,1,12.59355,51.280906
29,19,5,1,15,4,3,0,5,0,0,1,1,0,0,0,0,12.59131,51.276784
29,19,6,5,8,4,3,1,1,0,0,1,1,0,0,0,0,12.59301,51.277041
29,19,7,3,8,4,2,5,2,0,0,1,1,0,0,0,0,12.596238,51.275778
29,19,10,2,18,4,3,5,3,0,0,1,0,0,0,0,0,12.590536,51.278175
29,20,4,4,14,7,3,6,4,0,0,1,0,1,0,0,0,12.602107,51.275424
29,20,5,1,12,6,2,1,5,0,0,1,1,0,0,0,0,12.564832,51.305461
29,20,5,14,11,5,2,1,5,0,0,1,1,0,0,0,0,12.589303,51.275095
29,20,5,15,21,6,2,0,1,2,0,1,0,0,0,0,0,12.59792,51.276324
29,20,9,9,17,4,3,5,3,0,0,1,0,0,0,0,0,12.617295,51.287813
29,20,9,16,11,4,3,3,6,0,0,1,1,0,0,0,0,12.588718,51.279292
29,20,10,12,10,2,3,5,3,0,1,1,1,0,0,0,0,12.590798,51.273023
29,21,4,21,19,4,3,0,3,0,0,1,1,0,0,0,0,12.587474,51.281233
29,21,6,11,18,6,3,0,7,0,0,1,0,0,0,0,0,12.587627,51.278958
29,21,7,12,9,2,3,2,1,0,0,1,1,0,0,0,0,12.566965,51.302129
29,21,10,1,18,6,3,5,3,1,0,1,1,0,0,0,0,12.592559,51.274717
29,21,11,23,16,3,3,0,1,1,1,1,0,0,0,0,0,12.59166,51.282882
29,21,11,25,12,5,3,2,1,0,0,1,1,0,0,0,0,12.587705,51.283421
29,22,4,3,23,1,3,7,7,2,0,1,0,0,0,0,0,12.592365,51.261747
29,22,6,20,12,2,3,6,1,0,0,1,0,1,0,0,0,12.586598,51.287771
29,22,11,19,14,7,2,2,6,0,0,1,1,0,0,0,0,12.64301,51.293595
29,23,5,12,22,6,2,0,7,2,0,1,0,0,0,0,0,12.603141,51.286762
29,23,7,15,12,7,3,1,5,0,0,1,1,0,0,0,0,12.598075,51.271603
29,23,8,17,17,5,3,5,3,0,0,1,1,0,0,0,0,12.587487,51.281391
29,23,8,25,16,6,3,5,3,0,0,1,1,0,0,0,0,12.584012,51.284497
29,23,10,13,20,6,2,5,3,2,0,1,1,0,0,0,0,12.590881,51.274273
29,23,12,18,11,2,3,5,3,0,0,1,1,0,0,0,0,12.590131,51.275368
29,24,6,25,11,3,3,0,1,0,0,1,0,0,0,0,0,12.599615,51.271882
29,24,6,27,16,5,2,0,7,0,0,1,0,0,0,0,0,12.592515,51.283374
29,24,7,9,8,3,2,5,3,0,0,1,1,0,0,0,0,12.598333,51.301989
29,24,7,15,11,2,2,5,3,0,0,1,1,0,0,0,0,12.589373,51.274749
29,24,7,20,18,7,3,3,6,0,0,1,0,0,1,0,0,12.604119,51.287418
29,24,8,24,10,7,3,5,2,0,0,1,0,0,0,0,0,12.562773,51.304404
29,24,9,14,9,7,3,5,3,0,0,1,1,0,0,0,0,12.572841,51.30753
29,24,9,25,9,4,3,0,1,0,0,1,0,0,0,0,0,12.592286,51.283631
29,24,9,27,14,6,3,4,2,0,0,1,1,0,0,0,0,12.592752,51.280704
29,24,10,17,11,5,3,1,1,0,0,1,1,0,0,0,0,12.578601,51.285711
29,24,12,3,7,3,3,2,2,2,1,1,0,0,0,1,0,12.589103,51.275092
29,25,6,2,9,2,3,5,3,0,0,1,1,0,0,0,0,12.591079,51.284182
29,25,6,4,14,4,3,5,3,0,0,1,1,0,0,0,0,12.588483,51.275947
29,25,10,20,6,2,3,1,5,1,1,1,1,0,0,0,0,12.592488,51.284093
29,25,10,21,10,3,2,5,3,0,0,1,0,0,0,1,0,12.592017,51.280505
29,16,2,3,18,4,3,4,6,2,0,1,0,0,0,0,0,12.461024,51.134513
29,16,2,7,11,1,3,1,7,0,0,1,1,0,0,0,0,12.418533,51.140381
29,16,4,3,16,1,3,5,3,0,0,1,0,0,0,0,1,12.407618,51.15212
29,16,8,5,13,6,3,5,3,0,1,1,1,0,0,0,0,12.426011,51.111968
29,16,9,1,12,5,3,1,5,0,0,1,0,0,0,0,1,12.45865,51.152712
29,17,5,4,10,5,2,5,3,0,0,1,1,0,0,0,0,12.364404,51.180694
29,17,5,9,12,3,2,0,7,0,0,1,0,0,0,0,1,12.410166,51.148541
29,17,6,1,12,5,3,5,3,0,0,1,1,0,0,0,0,12.429276,51.112579
29,17,7,10,4,2,3,8,6,2,0,1,1,0,0,0,0,12.420512,51.140749
29,17,7,14,17,6,3,1,2,0,0,1,1,0,0,0,0,12.429275,51.1126
29,17,8,9,6,4,3,0,7,0,0,1,0,0,0,0,0,12.45199,51.130311
29,17,11,2,17,5,3,4,6,2,0,1,0,0,0,0,0,12.419975,51.141105
29,17,11,3,6,6,3,5,3,1,1,1,1,0,0,0,0,12.36441,51.18069
29,17,12,6,7,4,2,3,6,1,0,1,1,0,0,0,0,12.442154,51.119655
29,18,6,1,6,6,3,3,6,0,0,1,1,0,0,0,0,12.350485,51.190103
29,18,6,6,15,4,3,9,1,0,0,1,0,0,0,0,0,12.412469,51.15033
29,18,8,3,5,6,3,5,3,2,0,1,0,0,0,1,0,12.366367,51.182618
29,18,10,2,10,3,3,5,3,0,0,1,1,0,0,0,0,12.378836,51.169332
29,19,1,1,9,3,2,0,7,0,1,1,0,0,0,0,0,12.408167,51.150625
29,19,5,1,17,4,2,5,3,0,0,1,1,0,0,0,0,12.407602,51.152082
29,19,6,6,5,5,2,4,2,0,0,1,1,0,0,0,0,12.353054,51.187438
29,20,1,29,5,4,3,5,3,2,0,1,1,0,0,0,0,12.364413,51.180688
29,20,4,28,17,3,2,0,7,0,0,1,0,0,0,0,0,12.461229,51.134419
29,20,7,7,13,3,3,0,1,0,0,1,0,0,0,0,0,12.362422,51.18202
29,20,7,10,13,6,2,0,1,0,0,1,0,0,0,0,0,12.441866,51.157314
29,21,7,8,9,5,2,5,3,0,1,1,1,0,0,0,0,12.450887,51.133952
29,21,7,27,6,3,3,5,3,0,0,1,1,0,0,0,0,12.364424,51.18068
29,21,7,30,22,6,3,7,7,2,0,1,0,1,0,0,0,12.405256,51.154145
29,22,2,28,15,2,3,5,2,0,0,1,1,0,0,0,0,12.406745,51.150026
29,22,5,17,19,3,3,0,1,0,0,1,0,0,0,0,0,12.40995,51.151923
29,22,5,26,13,5,2,5,3,0,0,1,1,0,0,0,0,12.407591,51.149467
29,22,5,30,17,2,3,1,3,0,0,1,1,0,0,0,0,12.449291,51.132604
29,22,10,18,11,3,3,5,2,0,1,1,1,0,0,0,0,12.448493,51.136818
29,23,4,12,11,4,2,0,7,0,0,1,0,0,0,0,0,12.414075,51.149361
29,23,4,19,10,4,3,0,7,0,0,1,1,0,0,0,0,12.412841,51.14628
29,23,6,15,7,5,3,5,3,0,0,1,1,0,0,0,0,12.452618,51.176315
29,24,3,30,12,7,3,9,1,0,0,1,0,0,0,0,0,12.423526,51.123454
29,24,4,10,14,4,3,0,1,0,0,1,0,0,0,0,0,12.375759,51.17317
29,24,6,27,17,5,3,8,1,0,0,1,0,0,0,0,0,12.420852,51.140536
29,24,8,2,23,6,3,0,7,2,0,1,0,0,0,0,0,12.435176,51.112385
29,24,9,2,18,2,3,5,3,0,0,1,1,0,0,0,0,12.415153,51.151021
29,25,6,2,15,2,3,8,1,0,0,1,0,0,0,0,0,12.45285,51.150639
29,25,7,23,17,4,3,4,6,0,0,1,0,0,1,0,0,12.374489,51.172866
29,18,9,4,14,3,2,8,7,0,0,1,0,0,0,0,0,12.599109,51.21435
29,20,9,11,8,6,2,3,6,0,0,1,1,0,0,0,0,12.603979,51.219565
29,23,7,15,9,7,3,3,2,0,0,1,1,0,0,0,0,12.602405,51.213793
29,16,5,6,13,6,3,0,1,0,0,1,0,0,0,0,0,12.65435,51.275749
29,16,9,2,16,6,3,1,5,0,0,1,1,0,0,0,0,12.636804,51.278828
29,18,6,3,23,1,3,2,7,2,0,1,0,0,0,0,0,12.637969,51.278389
29,18,6,7,17,5,2,5,3,0,0,1,0,0,0,0,1,12.659684,51.235618
29,19,5,2,12,5,3,1,1,0,0,1,1,0,0,0,0,12.664223,51.246562
29,19,8,4,12,1,3,3,6,0,0,1,0,0,0,0,0,12.671196,51.244503
29,20,12,1,16,3,2,2,6,2,1,1,1,0,0,0,0,12.601896,51.240247
29,21,10,13,13,4,2,0,7,0,0,1,1,0,0,0,0,12.626662,51.236557
29,21,11,13,14,7,1,0,7,0,0,1,0,0,0,0,0,12.620485,51.24912
29,22,10,9,18,1,3,0,1,1,0,1,0,0,0,0,0,12.645107,51.246824
29,22,10,12,19,4,1,9,1,2,0,1,0,0,0,0,0,12.635567,51.272617
29,24,2,23,11,6,3,0,1,0,0,1,0,0,0,0,0,12.634804,51.248228
29,24,10,9,8,4,3,5,2,0,0,1,1,0,0,0,0,12.625611,51.261992
29,25,4,5,17,7,3,8,6,0,0,1,1,0,0,0,0,12.675177,51.232827
29,25,5,26,19,2,2,3,6,0,0,1,1,0,0,0,0,12.64276,51.2778
29,25,8,25,16,2,2,2,6,0,0,1,1,0,0,0,0,12.614395,51.23798
29,16,6,7,18,3,2,0,6,0,0,1,0,0,0,0,1,12.250091,51.175149
29,16,8,1,8,2,3,5,1,0,0,1,1,0,0,0,0,12.263692,51.164236
29,16,9,1,6,5,3,5,3,0,0,1,1,0,0,0,0,12.245537,51.168053
29,17,3,9,18,5,3,4,1,2,1,1,0,0,0,0,0,12.267172,51.161786
29,17,5,25,17,5,3,3,6,0,0,1,1,0,0,0,0,12.246942,51.162474
29,17,7,28,19,6,3,4,6,0,0,1,1,0,0,0,0,12.258308,51.166378
29,17,9,30,11,7,3,5,2,0,0,1,1,0,0,0,0,12.262674,51.165245
29,17,10,26,16,5,3,3,6,0,0,1,1,0,0,0,0,12.257422,51.165877
29,17,11,4,14,7,3,0,7,0,0,1,1,0,0,0,0,12.252782,51.167285
29,17,12,8,9,6,2,5,3,0,1,1,0,0,0,0,1,12.257465,51.166202
29,18,2,4,18,1,2,0,6,2,0,1,1,0,0,0,0,12.253012,51.170022
29,18,5,3,14,5,3,1,7,0,0,1,1,0,0,0,0,12.247467,51.162721
29,18,5,5,20,7,3,5,3,0,0,1,0,0,0,0,0,12.255029,51.16862
29,19,1,4,13,6,3,5,3,0,1,1,1,0,0,0,0,12.245555,51.162041
29,19,2,1,9,6,2,5,3,0,0,1,1,0,0,0,0,12.247837,51.164435
29,19,6,1,13,7,2,1,5,0,0,1,1,0,0,0,0,12.23498,51.23313
29,19,6,6,16,5,3,5,3,0,0,1,1,0,0,0,0,12.250509,51.170157
29,20,1,8,11,4,2,5,3,0,1,1,1,0,0,0,0,12.247893,51.167934
29,20,8,7,18,6,3,5,3,0,0,1,1,0,0,0,0,12.248196,51.163479
29,20,11,25,11,4,3,5,3,0,0,1,1,0,0,0,0,12.247833,51.167918
29,21,1,30,10,7,3,5,3,0,1,1,1,0,0,0,0,12.25742,51.165857
29,21,4,28,14,4,3,5,3,0,0,1,1,0,0,0,0,12.22515,51.196392
29,21,7,12,10,2,1,5,3,0,0,1,1,0,0,0,0,12.257394,51.165864
29,21,7,13,9,3,3,1,5,0,0,1,1,0,0,0,0,12.245582,51.168204
29,21,7,13,15,3,3,1,7,0,0,1,1,0,0,0,0,12.255032,51.169324
29,21,10,26,16,3,3,4,1,0,0,1,1,0,0,0,0,12.285511,51.191828
29,21,11,19,12,6,3,4,2,0,0,1,1,0,0,0,0,12.250019,51.17117
29,22,1,26,8,4,3,5,3,0,0,1,0,0,0,0,1,12.247776,51.164766
29,22,4,3,8,1,3,7,7,0,0,1,0,0,0,0,0,12.286468,51.191589
29,22,5,7,16,7,2,5,3,0,0,1,1,0,0,0,0,12.263926,51.165343
29,22,8,24,18,4,3,4,2,0,0,1,1,0,0,0,0,12.261037,51.165136
29,23,6,30,7,6,3,2,2,0,0,1,1,0,0,0,0,12.254879,51.166668
29,23,11,4,10,7,3,0,7,0,0,1,1,0,0,0,0,12.253567,51.16722
29,23,12,30,10,7,3,5,3,0,1,1,1,0,0,0,0,12.247814,51.164553
29,24,10,1,0,3,3,2,6,2,0,1,1,0,0,0,0,12.25773,51.166883
29,24,10,27,1,1,2,8,1,2,0,1,0,0,0,0,0,12.217171,51.225475
29,25,1,13,14,2,3,6,6,0,0,1,0,1,0,0,0,12.259323,51.172982
29,25,3,18,7,3,2,0,1,0,0,1,0,0,0,0,0,12.255705,51.215294
29,25,8,20,15,4,3,5,3,0,0,1,1,0,0,0,0,12.253596,51.16656
29,16,11,6,14,1,3,5,3,0,0,1,1,0,0,0,0,12.369823,51.091372
29,17,5,11,15,5,3,1,3,0,0,1,1,0,0,0,0,12.433073,51.087259
29,18,9,3,9,2,3,5,3,0,0,1,0,0,0,1,0,12.445729,51.091833
29,18,10,3,17,4,2,4,6,0,0,1,0,0,0,0,0,12.375926,51.091479
29,19,7,2,18,3,2,4,2,0,0,1,1,0,0,0,0,12.38074,51.092136
29,20,4,7,18,3,3,1,5,0,0,1,1,0,0,0,0,12.428109,51.083963
29,20,8,17,15,2,3,0,1,0,0,1,1,0,0,0,0,12.434628,51.091559
29,21,7,28,10,4,3,5,3,0,0,1,1,0,0,0,0,12.436137,51.088186
29,22,7,15,9,6,2,0,7,0,0,1,0,0,1,0,0,12.440916,51.088821
29,23,10,25,16,4,2,0,1,0,1,1,0,0,0,0,0,12.421852,51.085219
29,24,5,31,12,6,3,3,2,0,0,1,1,0,0,0,0,12.442997,51.093679
29,24,6,3,7,2,3,5,3,0,0,1,1,0,0,0,0,12.433592,51.087522
29,24,10,15,16,3,3,3,6,0,0,1,1,0,0,0,0,12.361119,51.091195
29,25,5,27,11,3,3,6,6,0,0,1,0,1,0,0,0,12.434238,51.098976
29,25,11,7,15,6,3,4,6,0,0,1,0,0,0,0,1,12.429568,51.08656
29,16,2,5,10,6,3,5,3,0,0,1,0,0,0,0,1,12.41004,51.198005
29,16,5,2,9,2,3,5,3,0,0,1,1,0,0,0,0,12.41004,51.198005
29,17,3,30,21,5,2,1,1,2,0,1,1,0,0,0,0,12.407565,51.198848
29,17,3,30,21,5,3,1,5,2,0,1,1,0,0,0,0,12.408199,51.198647
29,17,7,26,10,4,3,5,3,0,1,1,1,0,0,0,0,12.417748,51.195668
29,17,10,17,7,3,3,4,6,0,0,1,0,0,0,0,0,12.407151,51.198973
29,17,11,17,14,6,3,5,3,0,0,1,1,0,0,0,0,12.410031,51.197988
29,17,11,21,16,3,3,5,3,1,1,1,1,0,0,0,0,12.417749,51.195668
29,18,3,4,13,1,3,2,2,0,0,1,0,0,0,0,1,12.427893,51.186526
29,18,8,3,8,6,2,5,2,0,0,1,1,0,0,0,0,12.463823,51.195744
29,18,8,5,20,1,3,5,3,0,0,1,1,0,0,0,0,12.410634,51.196728
29,18,10,7,16,1,3,5,3,0,0,1,1,0,0,0,0,12.457472,51.200498
29,18,11,3,10,7,2,5,3,0,0,1,1,0,0,0,0,12.517336,51.21701
29,18,11,4,10,1,2,5,3,0,0,1,1,0,0,0,0,12.411027,51.200986
29,19,6,2,18,1,3,4,2,0,0,1,1,0,0,0,0,12.419859,51.192044
29,19,6,5,11,4,3,1,7,0,0,1,1,0,0,0,0,12.411463,51.19786
29,19,11,6,7,4,3,5,3,1,0,1,1,0,0,0,0,12.410033,51.198009
29,20,2,25,8,3,2,5,3,0,0,1,0,0,0,0,0,12.412525,51.198301
29,20,6,26,13,6,2,0,1,0,0,1,0,0,0,0,0,12.419131,51.193198
29,20,10,22,10,5,2,5,2,0,0,1,1,0,0,0,0,12.524751,51.218361
29,21,5,31,20,2,3,1,6,0,0,1,0,0,0,0,0,12.48211,51.209488
29,21,6,19,14,7,2,5,2,0,0,1,1,0,0,0,0,12.508065,51.222642
29,21,12,8,17,4,3,5,3,2,1,1,1,0,0,0,0,12.416528,51.198979
29,22,3,10,14,5,2,5,3,0,0,1,1,0,0,0,0,12.41674,51.198987
29,23,4,30,17,1,3,1,1,0,0,1,1,0,0,0,0,12.417235,51.201418
29,23,9,8,18,6,2,7,7,1,0,1,0,0,0,0,0,12.407564,51.195994
29,24,4,6,13,7,3,0,1,0,0,1,0,0,1,0,0,12.458783,51.19863
29,24,4,7,11,1,3,8,1,0,0,1,0,1,0,0,0,12.406753,51.189364
29,25,5,27,12,3,3,1,5,0,0,1,1,0,0,0,0,12.416912,51.200343
29,25,9,20,16,7,3,5,3,0,0,1,1,0,0,0,0,12.410643,51.196711
29,25,12,18,17,5,3,4,2,2,0,1,1,0,0,0,0,12.415852,51.195653
29,18,9,4,15,3,2,5,3,0,0,1,0,0,0,0,1,12.690265,51.410237
29,18,11,5,18,2,2,5,3,2,0,1,1,0,0,0,0,12.714845,51.393333
29,18,11,7,10,4,3,3,6,0,0,1,1,0,0,0,0,12.743931,51.439947
29,19,8,1,6,5,2,5,3,0,0,1,1,0,0,0,0,12.775614,51.451338
29,21,10,13,22,4,3,0,7,2,1,1,0,0,0,0,0,12.68849,51.432966
29,22,10,26,15,4,3,1,5,0,0,1,1,0,0,0,0,12.710485,51.392418
29,24,8,29,20,5,2,5,3,2,0,1,0,0,0,0,1,12.690274,51.410229
29,25,7,27,15,1,3,3,2,0,0,1,0,0,0,0,0,12.678592,51.417325
29,25,8,18,16,2,3,5,3,0,0,1,1,0,0,0,0,12.782188,51.452404
29,17,6,12,9,2,3,5,3,0,0,1,1,0,0,0,0,12.755031,51.288841
29,17,7,27,15,5,3,0,3,0,0,1,1,0,0,0,0,12.754215,51.286124
29,19,11,1,16,6,3,5,3,1,0,1,1,0,0,0,0,12.764279,51.277952
29,20,9,17,16,5,3,5,3,0,0,1,1,0,0,0,0,12.772634,51.286225
29,21,11,1,15,2,3,0,1,0,1,1,0,0,0,0,0,12.753097,51.292343
29,22,6,10,10,6,3,4,1,0,0,1,1,0,0,0,0,12.7535,51.283313