UKREIS,UJAHR,UMONAT,UTAG,USTUNDE,UWOCHENTAG,UKATEGORIE,UART,UTYP,LICHT,USTRZUSTAND,IstRad,IstPKW,IstFuss,IstKrad,IstGkfz,IstSonstige,@lon,@lat
29,22,8,2,18,3,3,0,6,0,0,1,1,0,0,0,0,12.763845,51.290146
29,23,7,1,16,7,3,8,1,0,0,1,0,0,0,0,0,12.715244,51.291066
29,23,7,16,17,1,3,5,3,0,0,1,1,0,0,0,0,12.747072,51.288431
29,23,10,14,18,7,2,2,6,1,0,1,0,0,0,0,1,12.702506,51.269819
29,24,2,9,5,6,3,4,2,2,1,1,1,0,0,0,0,12.754582,51.289067
29,24,5,12,14,1,2,5,3,0,0,1,0,0,1,0,0,12.775086,51.296072
29,24,9,27,9,6,2,5,3,0,0,1,1,0,0,0,0,12.758189,51.287953
29,25,1,16,8,5,3,5,2,0,1,1,1,0,0,0,0,12.752089,51.286722
29,25,6,26,2,5,3,3,6,2,0,1,1,0,0,0,0,12.739088,51.286614
29,25,10,16,13,5,2,0,7,0,0,1,0,0,0,1,0,12.723076,51.276947
29,16,2,5,11,6,3,5,3,0,0,1,1,0,0,0,0,12.736272,51.372686
29,16,2,5,20,6,3,5,3,2,1,1,1,0,0,0,0,12.73656,51.37378
29,16,4,1,20,6,3,5,3,0,0,1,1,0,0,0,0,12.741602,51.37028
29,16,4,4,6,2,3,5,3,0,0,1,1,0,0,0,0,12.724114,51.384978
29,16,4,5,16,3,2,0,3,0,0,1,1,0,0,0,0,12.748177,51.365328
29,16,5,2,17,2,2,3,6,0,0,1,1,0,0,0,0,12.75165,51.370529
29,16,5,3,10,3,3,0,7,0,0,1,0,0,0,0,0,12.805906,51.342771
29,16,5,6,19,6,3,0,3,0,0,1,1,0,0,0,0,12.72905,51.366788
29,16,6,6,13,2,3,5,3,0,0,1,1,0,0,0,0,12.731423,51.378367
29,16,8,1,18,2,1,5,3,0,0,1,1,0,0,0,0,12.741593,51.356345
29,16,8,2,7,3,3,5,3,0,0,1,1,0,0,0,0,12.73684,51.375055
29,16,8,3,9,4,3,4,2,0,0,1,1,0,0,0,0,12.734679,51.367048
29,16,9,2,6,6,2,3,2,0,0,1,1,0,0,0,0,12.743201,51.372386
29,16,9,6,19,3,3,5,3,1,0,1,1,0,0,0,0,12.737536,51.367199
29,16,11,1,14,3,3,0,3,0,0,1,1,0,0,0,0,12.744703,51.373594
29,17,1,18,14,4,3,3,3,0,2,1,0,0,0,0,1,12.750463,51.377474
29,17,2,20,16,2,2,5,3,0,1,1,1,0,0,0,0,12.740925,51.373736
29,17,3,8,13,4,3,1,5,0,0,1,0,0,0,0,1,12.738556,51.364856
29,17,5,4,18,5,2,5,3,0,0,1,1,0,0,0,0,12.746809,51.371208
29,17,5,10,9,4,3,5,3,0,0,1,1,0,0,0,0,12.765143,51.319798
29,17,6,12,16,2,3,5,3,0,0,1,1,0,0,0,0,12.738365,51.364847
29,17,6,19,18,2,2,5,3,0,0,1,1,0,0,0,0,12.736803,51.375013
29,17,7,4,12,3,2,5,3,0,0,1,1,0,0,0,0,12.741787,51.372675
29,17,7,4,16,3,2,0,7,0,0,1,0,0,0,0,0,12.74349,51.365658
29,17,7,21,15,6,3,5,3,0,0,1,1,0,0,0,0,12.736968,51.375774
29,17,8,7,16,2,3,5,3,0,0,1,0,0,0,0,0,12.746976,51.372092
29,17,8,15,7,3,3,4,2,0,0,1,1,0,0,0,0,12.736579,51.373794
29,17,8,15,11,3,2,0,5,0,0,1,1,0,0,0,0,12.742666,51.368428
29,17,10,16,19,2,3,5,3,2,0,1,1,0,0,0,0,12.748787,51.376329
29,17,11,2,14,5,3,3,5,0,0,1,1,0,0,0,0,12.741071,51.36839
29,17,12,5,16,3,3,0,7,1,0,1,0,0,0,0,0,12.756451,51.381734
29,17,12,19,8,3,3,5,3,0,0,1,1,0,0,0,0,12.75466,51.363371
29,17,12,22,10,6,3,5,3,0,0,1,1,0,0,0,0,12.743262,51.365669
29,18,1,1,7,2,2,5,3,1,0,1,1,0,0,0,0,12.74911,51.376551
29,18,1,1,15,2,3,5,3,0,0,1,1,0,0,0,0,12.731095,51.378654
29,18,1,4,7,5,2,5,3,2,1,1,1,0,0,0,0,12.750663,51.370175
29,18,1,4,14,5,2,5,3,0,1,1,1,0,0,0,0,12.754656,51.363373
29,18,2,3,16,7,3,1,5,0,0,1,1,0,0,0,0,12.736329,51.372794
29,18,4,4,22,4,3,0,1,2,1,1,0,0,0,0,0,12.730249,51.368359
29,18,5,1,13,3,2,5,3,0,0,1,1,0,0,0,0,12.740911,51.373751
29,18,5,4,14,6,2,5,2,0,0,1,1,0,0,0,0,12.740922,51.373739
29,18,6,4,10,2,3,0,5,0,0,1,1,0,0,0,0,12.740528,51.371766
29,18,7,1,16,1,3,1,5,0,0,1,1,0,0,0,0,12.732339,51.374263
29,18,7,3,16,3,3,1,7,0,0,1,1,0,0,0,0,12.747384,51.369645
29,18,8,2,10,5,3,5,2,0,0,1,1,0,0,0,0,12.741578,51.372616
29,18,8,2,13,5,2,5,3,0,0,1,1,0,0,0,0,12.729828,51.366705
29,18,8,3,11,6,2,5,3,0,0,1,0,0,0,1,0,12.749285,51.370046
29,18,8,3,19,6,2,5,3,1,0,1,1,0,0,0,0,12.739853,51.382142
29,18,9,1,14,7,3,0,7,0,0,1,0,0,0,0,0,12.739982,51.37131
29,18,9,3,14,2,3,4,2,0,0,1,1,0,0,0,0,12.738087,51.368243
29,18,9,5,14,4,3,5,3,0,0,1,1,0,0,0,0,12.732012,51.385613
29,18,9,6,10,5,2,5,3,0,0,1,1,0,0,0,0,12.734417,51.36441
29,18,9,6,12,5,3,6,3,0,0,1,0,1,0,0,0,12.743355,51.370167
29,18,9,7,13,6,3,0,5,0,0,1,1,0,0,0,0,12.739587,51.370361
29,18,9,7,14,6,2,0,7,0,0,1,0,0,0,0,0,12.761755,51.357937
29,18,10,1,6,2,2,4,2,2,0,1,1,0,0,0,0,12.756031,51.372689
29,18,10,1,15,2,3,3,2,0,0,1,1,0,0,0,0,12.747287,51.365456
29,18,10,2,16,3,2,4,6,0,1,1,1,0,0,0,0,12.739174,51.377586
29,18,10,3,14,4,2,5,3,0,0,1,1,0,0,0,0,12.746296,51.37475
29,18,10,5,21,6,3,6,6,2,0,1,0,1,0,0,0,12.739863,51.369014
29,19,2,7,9,5,2,5,2,0,0,1,1,0,0,0,0,12.773304,51.356962
29,19,2,7,13,5,3,5,2,0,0,1,1,0,0,0,0,12.740182,51.368363
29,19,5,2,12,5,3,1,5,0,0,1,1,0,0,0,0,12.737448,51.373762
29,19,6,1,21,7,3,0,7,1,0,1,0,0,0,0,0,12.740443,51.384543
29,19,6,3,19,2,3,0,7,0,0,1,0,0,0,0,0,12.746224,51.374701
29,19,6,4,15,3,3,4,2,0,0,1,1,0,0,0,0,12.744951,51.368492
29,19,7,1,16,2,2,3,6,0,0,1,1,0,0,0,0,12.747158,51.371249
29,19,7,2,15,3,3,5,2,0,0,1,1,0,0,0,0,12.739853,51.382134
29,19,8,5,14,2,3,5,3,0,0,1,1,0,0,0,0,12.727842,51.381599
29,19,9,1,11,1,3,6,1,0,0,1,0,1,0,0,0,12.738587,51.372587
29,19,9,3,17,3,3,0,7,0,1,1,0,0,0,0,0,12.844183,51.341096
29,19,9,4,11,4,2,5,3,0,0,1,1,0,0,0,0,12.739888,51.368797
29,19,10,2,7,4,3,0,3,0,1,1,1,0,0,0,0,12.724931,51.383954
29,19,11,4,6,2,3,5,3,2,1,1,1,0,0,0,0,12.736206,51.372655
29,19,11,5,15,3,3,4,1,0,0,1,1,0,0,0,0,12.733697,51.350841
29,19,12,2,10,2,3,1,2,0,1,1,1,0,0,0,0,12.738395,51.367594
29,19,12,4,14,4,3,5,2,0,0,1,1,0,0,0,0,12.748499,51.376182
29,20,1,18,5,7,2,8,7,2,1,1,0,0,0,0,0,12.741655,51.372616
29,20,5,18,15,2,3,5,3,0,0,1,1,0,0,0,0,12.729284,51.380308
29,20,5,27,15,4,3,5,3,0,0,1,1,0,0,0,0,12.739853,51.382132
29,20,5,29,15,6,3,5,3,0,0,1,1,0,0,0,0,12.743415,51.365662
29,20,6,1,19,2,3,1,6,0,0,1,1,0,0,0,0,12.728745,51.37595
29,20,6,3,17,4,3,0,1,0,0,1,0,0,0,0,0,12.740752,51.366794
29,20,6,8,7,2,3,3,6,0,0,1,0,0,0,0,0,12.734487,51.36472
29,20,6,24,14,4,3,3,6,0,0,1,0,0,0,0,0,12.735231,51.370951
29,20,8,17,12,2,2,5,3,0,0,1,0,0,0,1,0,12.744639,51.373547
29,20,9,8,14,3,3,5,2,0,0,1,0,0,0,0,0,12.745061,51.373856
29,20,11,7,14,7,3,6,6,0,0,1,0,1,0,0,0,12.753924,51.3715
29,21,1,8,5,6,3,5,3,2,1,1,1,0,0,0,0,12.743568,51.372758
29,21,4,21,9,4,3,2,2,0,0,1,1,0,0,0,1,12.737937,51.367392
29,21,4,22,7,5,3,3,6,0,0,1,0,0,0,0,1,12.739706,51.364874
29,21,5,26,14,4,2,5,3,0,1,1,1,0,0,0,0,12.746967,51.365476
29,21,5,31,5,2,3,3,6,1,0,1,0,0,0,0,1,12.737125,51.364725
29,21,6,9,7,4,3,5,3,0,0,1,1,0,0,0,0,12.740588,51.368445
29,21,7,6,8,3,3,5,3,0,0,1,1,0,0,0,0,12.74722,51.36546
29,21,7,8,15,5,3,1,2,0,1,1,1,0,0,0,0,12.766265,51.365816
29,21,7,21,16,4,3,2,6,0,0,1,1,0,0,0,0,12.74025,51.368407
29,21,7,28,16,4,3,4,6,0,0,1,0,0,0,0,0,12.743452,51.36566
29,21,7,31,11,7,2,5,2,0,0,1,1,0,0,0,0,12.738505,51.372005
29,21,8,6,13,6,3,5,3,0,0,1,1,0,0,0,0,12.727254,51.366408
29,21,10,5,10,3,3,5,3,0,1,1,1,0,0,0,0,12.737542,51.369298
29,21,10,6,16,4,3,5,3,0,0,1,1,0,0,0,0,12.741602,51.370265
29,21,11,6,1,7,3,1,1,2,1,1,1,0,0,0,0,12.739489,51.368065
29,21,11,11,6,5,3,4,2,2,0,1,1,0,0,0,0,12.744931,51.368495
29,22,1,5,13,4,3,5,2,0,0,1,0,0,0,1,0,12.737559,51.367027
29,22,1,17,22,2,3,0,1,2,2,1,0,0,0,0,0,12.748306,51.376073
29,22,2,5,15,7,2,5,3,0,0,1,0,0,0,0,0,12.739037,51.371758
29,22,3,3,20,5,3,1,5,2,0,1,1,0,0,0,0,12.74341,51.366965
29,22,4,7,11,5,3,5,3,0,0,1,1,0,0,0,0,12.740299,51.368662
29,22,4,14,12,5,2,0,1,0,0,1,0,0,0,0,0,12.742202,51.379251
29,22,4,27,14,4,3,5,3,0,0,1,1,0,0,0,0,12.763532,51.366869
29,22,4,29,7,6,3,5,3,0,0,1,0,0,0,1,0,12.751765,51.37843
29,22,4,29,12,6,3,5,3,0,0,1,1,0,0,0,0,12.741242,51.365767
29,22,5,23,16,2,3,4,1,0,0,1,1,0,0,0,0,12.741215,51.365443
29,22,5,27,17,6,3,5,3,0,0,1,1,0,0,0,0,12.755295,51.363104
29,22,6,8,10,4,3,5,3,0,0,1,0,0,0,0,1,12.744931,51.368495
29,22,6,10,16,6,2,0,1,2,0,1,1,0,0,0,0,12.790397,51.313404
29,22,7,15,7,6,3,5,3,0,0,1,1,0,0,0,0,12.725029,51.383933
29,22,8,4,10,5,3,5,3,0,0,1,1,0,0,0,0,12.748874,51.376406
29,22,8,12,9,6,3,0,7,0,0,1,0,0,0,0,0,12.739976,51.375276
29,22,8,25,9,5,3,5,3,0,0,1,0,0,0,0,1,12.736279,51.372698
29,22,9,6,15,3,3,5,3,0,0,1,1,0,0,0,0,12.746302,51.374754
29,22,9,7,10,4,3,5,3,0,0,1,1,0,0,0,0,12.730011,51.379642
29,22,9,22,14,5,3,5,3,0,0,1,1,0,0,0,0,12.724114,51.384978
29,22,9,24,12,7,2,0,1,0,0,1,0,0,0,0,0,12.76625,51.365838
29,22,9,28,8,4,3,5,3,0,1,1,1,0,0,0,0,12.736248,51.372651
29,22,10,31,14,2,3,8,1,0,0,1,0,0,0,0,0,12.787919,51.310962
29,22,11,8,15,3,3,5,3,0,0,1,0,0,0,0,0,12.744574,51.37355
29,22,11,17,17,5,3,0,3,2,1,1,1,0,0,0,0,12.73718,51.367062
29,22,12,13,16,3,3,5,3,1,1,1,1,0,0,0,0,12.736264,51.372675
29,22,12,21,12,4,3,5,3,0,0,1,1,0,0,0,0,12.745649,51.365544
29,23,1,3,15,3,3,5,3,0,0,1,1,0,0,0,0,12.728744,51.366771
29,23,1,17,18,3,1,5,3,2,0,1,1,0,0,0,0,12.764237,51.31974
29,23,1,31,15,3,3,0,7,0,1,1,1,0,0,0,0,12.740264,51.376582
29,23,3,24,16,6,3,4,6,0,0,1,1,0,0,0,0,12.733534,51.362726
29,23,3,29,7,4,3,6,6,0,0,1,0,1,0,0,0,12.73322,51.367766
29,23,5,3,15,4,3,5,3,0,0,1,0,0,0,0,1,12.731206,51.378557
29,23,5,26,11,6,2,3,6,0,0,1,1,0,0,0,0,12.741639,51.372781
29,23,6,5,13,2,3,5,3,0,0,1,1,0,0,0,0,12.727205,51.366388
29,23,6,13,10,3,3,5,3,0,0,1,1,0,0,0,0,12.736275,51.372691
29,23,6,19,7,2,2,5,3,0,0,1,1,0,0,0,0,12.764143,51.319736
29,23,7,7,10,6,3,5,2,0,0,1,1,0,0,0,0,12.745339,51.365559
29,23,7,14,10,6,2,5,3,0,0,1,1,0,0,0,0,12.764167,51.319737
29,23,7,28,16,6,2,0,7,0,0,1,0,0,0,0,0,12.729548,51.351179
29,23,8,7,15,2,3,5,3,0,1,1,1,0,0,0,0,12.744871,51.369816
29,23,9,5,14,3,3,5,3,0,0,1,1,0,0,0,0,12.726219,51.36588
29,23,9,6,10,4,2,5,3,0,0,1,1,0,0,0,0,12.741622,51.372707
29,23,10,2,15,2,1,5,3,0,0,1,1,0,0,0,0,12.751435,51.354081
29,23,10,20,13,6,3,5,2,0,1,1,1,0,0,0,0,12.740936,51.373723
29,23,12,18,9,2,3,5,3,0,0,1,1,0,0,0,0,12.740915,51.373747
29,24,2,12,9,2,3,5,3,0,1,1,1,0,0,0,0,12.73656,51.373779
29,24,3,4,20,2,2,4,6,2,1,1,0,0,0,0,0,12.744909,51.368728
29,24,4,15,7,2,3,5,3,0,1,1,1,0,0,0,0,12.740409,51.368737
29,24,4,30,17,3,3,5,3,0,0,1,1,0,0,0,0,12.741203,51.365495
29,24,5,5,14,1,3,5,3,0,1,1,1,0,0,0,0,12.755259,51.36312
29,24,5,22,15,4,3,5,2,0,1,1,1,0,0,0,0,12.736563,51.373795
29,24,5,24,10,6,2,3,6,0,0,1,1,0,0,0,0,12.740309,51.370339
29,24,6,18,11,3,3,6,1,0,0,1,0,1,0,0,0,12.741837,51.372513
29,24,6,21,7,6,3,5,3,0,0,1,1,0,0,0,0,12.739851,51.382262
29,24,9,19,17,5,2,5,3,0,0,1,0,0,0,0,1,12.727282,51.366419
29,24,10,18,14,6,3,5,3,0,0,1,1,0,0,0,0,12.736278,51.372695
29,24,12,4,16,4,3,0,1,1,1,1,0,0,0,0,0,12.740589,51.368436
29,24,12,23,8,2,3,0,1,0,2,1,0,0,0,0,0,12.742882,51.370232
29,24,12,27,15,6,3,5,3,0,0,1,1,0,0,0,0,12.743057,51.365679
29,25,1,30,12,5,2,0,1,0,0,1,0,0,0,0,0,12.736166,51.365061
29,25,4,14,7,2,3,0,7,0,0,1,0,0,0,0,0,12.750203,51.37732
29,25,4,14,13,2,3,5,3,0,0,1,1,0,0,0,0,12.841438,51.34527
29,25,4,26,13,7,3,3,6,0,0,1,1,0,0,0,0,12.735266,51.364635
29,25,4,30,16,4,3,5,3,0,0,1,1,0,0,0,0,12.735721,51.374491
29,25,5,2,12,6,3,4,6,0,0,1,0,0,0,0,0,12.757117,51.384167
29,25,5,12,13,2,3,5,3,0,0,1,1,0,0,0,0,12.725718,51.364268
29,25,6,26,16,5,3,0,1,0,0,1,0,0,0,0,0,12.73332,51.365166
29,25,6,27,8,6,3,5,3,0,0,1,1,0,0,0,0,12.739987,51.371227
29,25,8,4,19,2,3,8,1,0,0,1,0,0,0,0,0,12.745889,51.369775
29,25,8,5,14,3,3,5,3,0,0,1,1,0,0,0,0,12.737685,51.367026
29,25,8,19,16,3,3,5,3,0,0,1,1,0,0,0,0,12.743213,51.368457
29,25,9,16,7,3,3,3,6,0,0,1,0,0,0,0,1,12.743191,51.368938
29,25,9,30,20,3,3,8,1,2,0,1,0,0,0,0,0,12.849984,51.347229
29,25,10,18,22,7,2,0,1,2,1,1,0,0,0,0,0,12.739504,51.364878
29,25,11,13,11,5,3,5,3,0,0,1,0,0,1,0,0,12.746261,51.374737
29,25,12,1,15,2,2,3,3,0,0,1,1,0,0,0,0,12.74646,51.365506
29,16,3,4,6,6,2,5,2,0,0,1,1,0,0,0,0,12.273351,51.207254
29,16,5,7,20,7,2,0,7,0,0,1,0,0,0,0,0,12.326164,51.221477
29,16,6,2,14,5,2,5,3,0,0,1,1,0,0,0,0,12.329873,51.223196
29,16,6,2,15,5,3,0,4,0,0,1,0,1,0,0,0,12.326164,51.216909
29,16,6,3,10,6,2,5,3,0,0,1,1,0,0,0,0,12.329869,51.223185
29,16,6,4,15,7,3,5,3,0,0,1,1,0,0,0,0,12.325297,51.20738
29,16,7,5,11,3,2,5,2,0,0,1,1,0,0,0,0,12.330248,51.205406
29,16,8,5,17,6,2,5,3,0,0,1,1,0,0,0,0,12.330813,51.22628
29,16,10,1,18,7,3,5,3,2,0,1,1,0,0,0,0,12.329876,51.223207
29,16,11,2,10,4,2,5,3,0,0,1,1,0,0,0,0,12.329872,51.223193
29,16,12,5,18,2,3,5,3,2,0,1,1,0,0,0,0,12.325262,51.20738
29,17,3,7,10,3,2,5,3,0,0,1,1,0,0,0,0,12.328076,51.219304
29,17,4,8,10,7,2,0,7,0,1,1,0,0,0,0,1,12.325134,51.216219
29,17,5,29,10,2,3,5,3,0,0,1,1,0,0,0,0,12.329875,51.223203
29,17,7,1,11,7,3,6,4,0,0,1,0,1,0,0,0,12.328675,51.220079
29,17,9,15,7,6,2,5,3,0,0,1,1,0,0,0,0,12.32987,51.223188
29,17,12,8,15,6,3,5,3,0,1,1,0,0,0,0,1,12.292179,51.210947
29,17,12,27,2,4,2,0,1,2,0,1,0,0,0,0,0,12.329536,51.221691
29,18,10,3,8,4,2,5,2,0,0,1,1,0,0,0,0,12.326791,51.217338
29,18,11,7,11,4,3,5,3,0,0,1,1,0,0,0,0,12.329873,51.223195
29,18,12,4,12,3,3,2,6,0,0,1,0,0,0,0,1,12.333114,51.217191
29,19,2,1,16,6,2,5,2,0,0,1,1,0,0,0,0,12.33913,51.211444
29,19,4,7,14,1,3,5,3,0,0,1,1,0,0,0,0,12.325256,51.20738
29,19,5,4,14,7,3,4,2,0,1,1,0,0,0,0,0,12.325531,51.210478
29,19,7,7,15,1,2,5,3,0,0,1,1,0,0,0,0,12.333485,51.218215
29,19,9,7,12,7,3,5,3,0,0,1,1,0,0,0,0,12.332282,51.218246
29,20,4,30,16,5,3,4,6,0,0,1,0,0,0,0,0,12.330979,51.226829
29,20,5,28,18,5,2,5,3,0,0,1,0,0,0,0,1,12.329429,51.217283
29,20,11,7,16,7,2,3,6,0,0,1,0,0,0,0,0,12.326617,51.213334
29,21,5,19,11,4,3,0,7,0,1,1,0,0,0,0,0,12.327124,51.22684
29,21,5,24,11,2,2,6,4,0,0,1,0,1,0,0,0,12.336244,51.232374
29,21,7,5,7,2,3,3,6,0,0,1,1,0,0,0,0,12.332708,51.220341
29,21,7,21,11,4,3,5,3,0,0,1,1,0,0,0,0,12.329556,51.222089
29,21,7,28,18,4,3,5,3,0,0,1,0,0,0,0,1,12.33775,51.216715
29,22,4,19,7,3,2,5,3,0,0,1,1,0,0,0,0,12.326092,51.218329
29,22,5,9,11,2,3,5,2,0,0,1,1,0,0,0,0,12.325229,51.20738
29,22,6,8,14,4,3,0,3,0,0,1,0,0,0,0,0,12.332386,51.230925
29,22,7,22,21,6,3,3,6,1,0,1,1,0,0,0,0,12.329821,51.22313
29,22,10,6,17,5,3,5,2,0,0,1,1,0,0,0,0,12.325257,51.209603
29,22,10,29,8,7,1,5,3,0,0,1,0,0,0,1,0,12.292198,51.210943
29,22,12,13,7,3,3,5,3,1,1,1,1,0,0,0,0,12.329875,51.223203
29,22,12,19,11,2,3,6,7,0,2,1,0,1,0,0,0,12.329846,51.223106
29,23,5,22,17,2,3,1,5,0,0,1,1,0,0,0,0,12.33313,51.234113
29,23,6,2,10,6,3,4,3,0,0,1,1,0,0,0,0,12.326144,51.212412
29,23,7,19,17,4,3,5,3,0,1,1,1,0,0,0,0,12.328125,51.226912
29,23,11,13,13,2,3,4,6,0,0,1,0,0,0,0,0,12.329533,51.221621
29,23,11,21,12,3,3,5,3,0,1,1,1,0,0,0,0,12.33869,51.227305
29,24,1,28,12,1,3,8,6,0,0,1,0,0,0,0,0,12.338735,51.250646
29,24,4,13,14,7,2,8,1,0,0,1,0,0,0,0,0,12.293182,51.21075
29,24,4,30,9,3,3,5,3,0,0,1,1,0,0,0,0,12.32528,51.20738
29,24,5,2,18,5,3,5,3,0,0,1,1,0,0,0,0,12.335486,51.222101
29,24,5,9,17,5,3,5,3,0,0,1,1,0,0,0,0,12.331121,51.204411
29,24,6,9,18,1,3,5,3,0,0,1,1,0,0,0,0,12.327257,51.227715
29,24,6,25,19,3,2,5,3,0,0,1,0,0,0,0,0,12.324005,51.208931
29,24,9,12,15,5,3,4,6,0,0,1,0,0,0,0,0,12.355325,51.213991
29,24,10,17,14,5,3,1,6,0,0,1,1,0,0,0,0,12.266731,51.218474
29,24,11,2,10,7,3,5,3,0,0,1,1,0,0,0,0,12.335575,51.217074
29,24,11,22,16,6,3,5,3,2,0,1,1,0,0,0,0,12.329785,51.223136
29,24,12,29,13,1,3,0,1,0,2,1,0,0,0,0,0,12.331748,51.206304
29,25,3,6,11,5,3,0,7,0,0,1,0,0,0,0,0,12.321356,51.251086
29,25,4,10,19,5,2,5,3,1,0,1,1,0,0,0,0,12.329534,51.221637
29,25,4,17,7,5,3,5,3,0,0,1,1,0,0,0,0,12.329417,51.217283
29,25,6,2,14,2,3,5,3,0,0,1,1,0,0,0,0,12.313009,51.193659
29,25,9,7,9,1,3,5,3,0,0,1,0,0,0,0,0,12.330378,51.216166
29,25,9,20,9,7,3,5,3,0,0,1,1,0,0,0,0,12.343633,51.213735
30,20,8,21,11,6,3,0,1,0,0,1,1,0,0,0,0,13.103754,51.53711
30,22,9,29,19,5,2,8,1,2,0,1,0,0,0,0,0,13.121407,51.53241
30,23,5,20,15,7,3,0,1,0,0,1,0,0,0,0,0,13.174329,51.513008
30,25,3,29,12,7,3,0,1,0,0,1,0,0,0,0,0,13.136104,51.551221
30,16,1,5,13,3,2,3,6,0,1,1,1,0,0,0,0,12.610403,51.589126
30,16,5,4,7,4,3,5,3,0,0,1,1,0,0,0,0,12.584697,51.597284
30,16,6,4,10,7,2,5,3,0,0,1,1,0,0,0,0,12.587712,51.594913
30,16,6,4,14,7,3,5,3,0,0,1,0,0,1,0,0,12.582303,51.594733
30,16,7,6,8,4,3,5,3,0,0,1,1,0,0,0,0,12.582125,51.592631
30,16,8,4,12,5,2,5,3,0,0,1,1,0,0,0,0,12.595643,51.5988
30,16,9,2,9,6,2,5,3,0,0,1,1,0,0,0,0,12.587622,51.593416
30,16,10,7,14,6,3,5,3,0,0,1,0,0,0,0,1,12.593615,51.596579
30,16,11,3,12,5,3,3,2,0,0,1,1,0,0,0,0,12.591116,51.591288
30,17,6,20,10,3,3,5,3,0,0,1,1,0,0,0,0,12.59126,51.5927
30,17,6,27,9,3,3,5,3,0,0,1,1,0,0,0,0,12.582302,51.594695
30,17,9,4,9,2,2,5,3,0,0,1,1,0,0,0,0,12.591176,51.592197
30,17,10,18,4,4,3,5,3,2,0,1,1,0,0,0,0,12.581824,51.591445
30,18,1,5,7,6,3,3,6,2,1,1,0,0,0,0,1,12.586861,51.609173
30,18,3,5,13,2,2,0,7,0,0,1,0,0,0,0,0,12.586494,51.586955
30,18,5,3,13,5,3,5,3,0,0,1,0,0,1,0,0,12.589477,51.591344
30,18,5,6,15,1,3,2,6,0,0,1,0,0,0,0,0,12.580697,51.590977
30,18,7,2,9,2,2,0,7,0,0,1,0,1,0,0,0,12.592925,51.59779
30,18,7,3,17,3,3,5,3,0,0,1,1,0,0,0,0,12.592637,51.584502
30,18,8,2,14,5,3,0,1,0,0,1,0,0,0,0,0,12.582282,51.594443
30,18,9,5,9,4,3,5,7,0,0,1,0,0,0,0,1,12.556089,51.570673
30,18,12,6,9,5,3,3,3,0,0,1,1,0,0,0,0,12.587676,51.593429
30,19,1,5,11,7,3,5,3,0,0,1,1,0,0,0,0,12.591869,51.598623
30,19,5,6,15,2,2,5,3,0,0,1,1,0,0,0,0,12.582218,51.59297
30,19,8,2,13,6,2,5,3,0,0,1,0,0,0,0,1,12.591292,51.592701
30,19,8,3,9,7,3,0,7,0,0,1,0,0,0,0,0,12.585991,51.594605
30,19,10,3,12,5,2,5,3,0,0,1,1,0,0,0,0,12.597171,51.589921
30,20,5,21,17,5,3,8,1,0,0,1,0,0,0,0,0,12.586181,51.604116
30,20,8,6,20,5,2,9,1,0,0,1,0,0,0,0,0,12.586867,51.609198
30,20,8,8,13,7,3,5,3,0,0,1,1,0,0,0,0,12.592114,51.585502
30,20,8,18,10,3,3,5,3,0,0,1,1,0,0,0,0,12.588021,51.5885
30,20,8,27,12,5,3,5,3,0,0,1,1,0,0,0,0,12.587929,51.598407
30,20,9,16,10,4,3,5,3,0,0,1,1,0,0,0,0,12.582117,51.592543
30,20,9,17,16,5,3,3,2,0,0,1,1,0,0,0,0,12.58392,51.59138
30,21,1,15,15,6,3,5,2,0,1,1,1,0,0,0,0,12.529419,51.581968
30,21,5,9,12,1,2,5,3,0,0,1,1,0,0,0,0,12.57882,51.599382
30,21,9,27,14,2,3,5,3,0,0,1,1,0,0,0,0,12.587665,51.593413
30,21,10,12,15,3,3,5,3,0,0,1,1,0,0,0,0,12.584229,51.601933
30,21,10,23,15,7,3,5,3,0,0,1,1,0,0,0,0,12.593204,51.597458
30,21,12,27,13,2,2,5,3,0,1,1,1,0,0,0,0,12.594338,51.598086
30,22,4,16,17,7,3,0,1,0,0,1,1,0,0,0,0,12.57882,51.599382
30,22,5,11,7,4,3,3,6,0,0,1,0,0,0,1,0,12.610146,51.589221
30,22,7,2,18,7,3,5,3,0,0,1,1,0,0,0,0,12.587264,51.600075
30,22,7,21,16,5,3,6,4,0,0,1,0,1,0,0,0,12.587315,51.591361
30,22,8,5,12,6,3,5,3,0,0,1,1,0,0,0,0,12.587638,51.593408
30,23,2,13,16,2,3,5,3,0,0,1,1,0,0,0,0,12.58766,51.593412
30,23,2,28,12,3,3,5,3,0,0,1,1,0,0,0,0,12.587686,51.593418
30,23,5,2,7,3,3,5,3,0,0,1,0,0,0,0,1,12.597148,51.589919
30,23,6,1,11,5,3,5,3,0,0,1,1,0,0,0,0,12.591269,51.5927
30,23,7,3,9,2,3,5,3,0,0,1,0,0,0,0,0,12.586423,51.593141
30,23,7,4,14,3,3,0,7,0,0,1,0,0,0,0,0,12.585411,51.604362
30,23,7,11,14,3,3,5,3,0,0,1,1,0,0,0,0,12.594535,51.595109
30,23,7,12,17,4,3,5,3,0,0,1,0,0,1,0,0,12.585682,51.604509
30,23,8,15,15,3,3,5,3,0,0,1,1,0,0,0,0,12.58621,51.593091
30,23,9,4,8,2,3,4,2,0,0,1,1,0,0,0,0,12.591625,51.591195