UKREIS,UJAHR,UMONAT,UTAG,USTUNDE,UWOCHENTAG,UKATEGORIE,UART,UTYP,LICHT,USTRZUSTAND,IstRad,IstPKW,IstFuss,IstKrad,IstGkfz,IstSonstige,@lon,@lat
30,23,9,15,18,6,3,5,2,0,0,1,1,0,0,0,0,12.587055,51.594882
30,23,9,28,10,5,3,5,7,0,0,1,0,0,0,0,1,12.585611,51.592982
30,23,10,30,9,2,3,5,3,0,0,1,1,0,0,0,0,12.589403,51.591098
30,23,11,1,7,4,3,5,3,0,1,1,1,0,0,0,0,12.584698,51.597264
30,24,5,11,17,7,3,0,1,0,0,1,0,0,0,0,0,12.591805,51.59861
30,24,6,2,3,1,2,7,7,1,0,1,0,0,0,0,0,12.5877,51.612752
30,24,6,5,6,4,3,5,3,0,0,1,1,0,0,0,0,12.587663,51.593413
30,24,6,18,11,3,3,5,3,0,0,1,1,0,0,0,0,12.593938,51.595942
30,24,8,12,7,2,2,5,3,0,0,1,0,0,0,0,1,12.588501,51.595001
30,24,9,1,13,1,3,4,2,0,0,1,1,0,0,0,0,12.586074,51.603328
30,25,7,29,10,3,3,0,1,0,0,1,0,0,0,0,0,12.592309,51.593617
30,25,9,13,0,7,3,8,1,2,0,1,0,0,0,0,0,12.582278,51.594237
30,25,9,13,11,7,3,5,3,0,0,1,1,0,0,0,0,12.587649,51.59341
30,25,9,16,13,3,2,5,2,0,0,1,1,0,0,0,0,12.582454,51.59474
30,25,9,19,17,6,3,5,2,0,0,1,1,0,0,0,0,12.584606,51.594762
30,25,10,2,15,5,3,4,6,0,0,1,0,0,0,0,0,12.588805,51.603575
30,25,10,27,16,2,2,5,3,0,1,1,1,0,0,0,0,12.602108,51.590155
30,16,4,7,0,5,3,3,6,2,0,1,1,0,0,0,0,13.112928,51.591625
30,16,5,6,7,6,2,5,3,0,0,1,1,0,0,0,0,12.983166,51.64747
30,16,6,3,18,6,3,3,6,0,0,1,1,0,0,0,0,13.115198,51.592124
30,17,5,19,17,6,2,4,2,0,0,1,1,0,0,0,0,13.036204,51.568637
30,17,5,24,17,4,3,5,3,0,0,1,1,0,0,0,0,13.039793,51.580021
30,17,6,28,8,4,2,5,3,0,0,1,1,0,0,0,0,13.067047,51.568414
30,17,11,21,7,3,2,4,5,1,0,1,0,0,0,0,1,13.069721,51.573818
30,18,4,7,10,7,2,3,6,0,0,1,1,0,0,0,0,13.004353,51.634433
30,22,10,1,11,7,3,0,1,0,1,1,0,0,0,0,0,13.067658,51.570906
30,22,12,7,17,4,3,3,6,2,1,1,1,0,0,0,0,13.041993,51.587162
30,23,6,17,16,7,2,5,3,0,0,1,1,0,0,0,0,12.98242,51.646267
30,23,12,27,10,4,3,0,7,0,0,1,0,0,0,0,0,13.057511,51.577533
30,25,2,25,16,3,3,0,1,0,0,1,0,0,0,0,0,13.055806,51.577851
30,25,3,27,17,5,3,0,1,0,0,1,0,0,0,0,0,13.068672,51.572517
30,25,5,30,22,6,3,8,1,2,0,1,0,0,0,0,0,13.016808,51.612124
30,25,7,15,14,3,3,3,6,0,0,1,1,0,0,0,0,13.006403,51.634379
30,16,3,1,5,3,3,5,3,2,1,1,1,0,0,0,0,13.161672,51.453925
30,16,8,6,6,7,3,5,3,0,0,1,1,0,0,0,0,12.930396,51.455792
30,16,10,5,16,4,2,4,1,0,0,1,0,0,0,1,0,13.174057,51.445195
30,17,1,23,16,2,2,0,7,0,2,1,0,0,0,0,0,12.97312,51.43395
30,17,2,13,8,2,3,5,3,0,0,1,1,0,0,0,0,12.927674,51.458652
30,17,2,27,6,2,2,5,3,2,0,1,0,0,0,0,1,12.870198,51.445662
30,17,9,3,10,1,2,0,1,0,0,1,0,0,0,0,0,13.18518,51.442721
30,18,3,4,15,1,3,3,6,0,0,1,0,0,1,0,0,13.004099,51.483346
30,19,3,1,7,6,3,3,2,0,0,1,1,0,0,0,0,12.971134,51.434198
30,19,6,2,12,1,3,3,6,0,1,1,0,0,0,0,0,12.938498,51.468303
30,19,7,7,18,1,3,3,6,0,0,1,0,0,1,0,0,13.004722,51.481617
30,20,5,29,14,6,3,4,6,0,0,1,0,0,0,0,1,13.176433,51.458507
30,20,6,30,17,3,3,5,3,0,0,1,1,0,0,0,0,13.123031,51.48245
30,20,10,15,13,5,1,3,6,0,1,1,1,0,0,0,0,12.980534,51.475222
30,21,5,24,15,2,2,0,1,0,0,1,0,0,0,0,0,12.896282,51.471099
30,21,12,9,7,5,2,3,2,2,1,1,1,0,0,0,0,13.119131,51.482654
30,22,4,12,15,3,3,3,6,0,0,1,1,0,0,0,0,13.115299,51.486755
30,22,4,22,14,6,2,0,7,0,1,1,0,0,0,1,0,13.120046,51.479103
30,22,7,30,6,7,3,5,3,0,0,1,1,0,0,0,0,13.123802,51.481273
30,23,6,17,12,7,2,0,7,0,0,1,0,0,0,0,0,12.930486,51.448574
30,24,5,6,15,2,3,5,3,0,0,1,1,0,0,0,0,13.12164,51.481611
30,24,5,8,12,4,2,5,3,0,0,1,1,0,0,0,0,12.931631,51.457856
30,24,8,7,15,4,3,0,1,0,0,1,0,0,0,0,0,13.126777,51.479347
30,24,9,21,21,7,2,2,6,2,0,1,0,0,0,0,0,12.934724,51.457821
30,25,2,3,7,2,3,0,1,1,0,1,0,0,0,0,0,13.124842,51.481905
30,25,2,24,9,2,3,6,6,0,0,1,0,1,0,0,0,13.11537,51.452702
30,25,5,29,15,5,3,8,1,0,0,1,0,0,0,0,0,13.114818,51.448643
30,25,7,6,12,1,2,5,3,0,0,1,0,0,0,0,0,13.172173,51.443453
30,25,12,2,14,3,2,3,6,0,0,1,0,0,0,1,0,13.155791,51.458841
30,25,12,23,10,3,3,2,6,0,0,1,1,0,0,0,0,13.116015,51.459073
30,16,12,4,1,1,2,0,1,2,0,1,0,0,0,0,0,13.087004,51.399247
30,20,3,9,13,2,3,0,6,0,0,1,0,0,0,0,1,13.146821,51.38555
30,20,5,20,14,4,3,1,3,0,0,1,1,0,0,0,0,13.184631,51.391437
30,23,6,1,18,5,1,5,3,0,0,1,1,0,0,0,0,13.122429,51.386474
30,16,2,4,11,5,2,5,3,0,1,1,1,0,0,0,0,13.018666,51.390559
30,16,3,6,15,1,3,2,7,0,0,1,0,0,1,0,0,12.947816,51.383679
30,16,6,2,13,5,3,0,3,0,0,1,1,0,0,0,0,12.992962,51.359314
30,16,6,5,17,1,2,5,3,0,0,1,0,0,0,0,0,12.982232,51.351099
30,16,6,7,13,3,2,4,2,0,0,1,1,0,0,0,0,12.992541,51.358834
30,16,9,2,15,6,2,5,3,0,0,1,1,0,0,0,0,13.003926,51.369077
30,16,9,4,16,1,2,0,1,0,1,1,0,0,0,0,0,13.037008,51.419593
30,16,11,1,17,3,3,3,2,2,0,1,1,0,0,0,0,13.058962,51.323298
30,16,12,7,11,4,3,5,3,0,1,1,1,0,0,0,0,12.993185,51.359568
30,17,4,10,11,2,2,3,7,0,0,1,1,0,0,0,0,13.05628,51.325172
30,17,12,13,14,4,3,6,6,0,0,1,0,1,0,0,0,12.994225,51.371709
30,18,4,2,11,2,3,5,3,0,0,1,1,0,0,0,0,12.983132,51.398894
30,18,6,7,18,5,1,3,2,0,0,1,1,0,0,0,0,12.980286,51.349825
30,18,7,4,19,4,2,1,3,0,0,1,1,0,0,0,0,12.988832,51.369176
30,19,8,6,4,3,2,3,6,1,0,1,0,0,0,0,1,12.971893,51.415326
30,19,9,4,11,4,2,0,1,0,1,1,0,0,0,0,0,12.995952,51.362919
30,20,1,30,12,5,3,1,5,0,0,1,0,0,0,0,1,13.00313,51.366684
30,20,2,26,15,4,2,5,3,0,1,1,1,0,0,0,0,12.994738,51.370053
30,20,10,1,18,5,2,5,3,1,0,1,1,0,0,0,0,12.993386,51.365562
30,21,8,6,10,6,2,1,1,0,0,1,1,0,0,0,0,13.018678,51.390571
30,22,3,5,8,7,2,8,1,0,0,1,0,0,0,0,0,12.985582,51.393802
30,22,5,23,15,2,3,5,3,0,0,1,1,0,0,0,0,12.993137,51.359515
30,22,8,20,21,7,2,1,5,2,0,1,1,0,0,0,0,12.995882,51.362796
30,23,3,17,17,6,3,5,3,0,0,1,1,0,0,0,0,12.996218,51.364247
30,23,7,14,7,6,2,5,3,0,0,1,1,0,0,0,0,13.000311,51.366848
30,23,8,20,0,1,2,0,1,2,0,1,0,0,0,0,0,12.995484,51.362276
30,23,9,1,18,6,2,5,3,0,1,1,1,0,0,0,0,13.03029,51.33793
30,23,9,5,13,3,3,1,3,0,0,1,1,0,0,0,0,12.992959,51.359311
30,23,10,16,17,2,2,5,3,0,0,1,0,0,0,1,0,12.985683,51.353339
30,24,6,18,0,3,3,0,1,2,0,1,0,0,0,0,0,13.000282,51.365628
30,25,8,16,15,7,2,8,1,0,0,1,0,0,0,0,0,13.004106,51.395243
30,16,1,4,17,2,2,5,3,2,1,1,1,0,0,0,0,12.330609,51.530892
30,16,1,6,9,4,3,0,1,0,1,1,0,0,0,0,0,12.336811,51.52275
30,16,1,7,9,5,3,3,2,0,1,1,1,0,0,0,0,12.344391,51.524738
30,16,1,7,9,5,3,0,1,0,2,1,0,0,0,0,0,12.346708,51.527629
30,16,2,5,10,6,3,5,3,0,0,1,1,0,0,0,0,12.309884,51.54314
30,16,3,3,8,5,3,4,2,0,0,1,1,0,0,0,0,12.33307,51.529864
30,16,3,3,11,5,3,2,6,0,0,1,1,0,0,0,0,12.337404,51.530338
30,16,3,7,10,2,2,5,3,0,0,1,1,0,0,0,0,12.337993,51.518226
30,16,4,1,11,6,3,5,3,0,0,1,1,0,0,0,0,12.323917,51.537236
30,16,4,3,17,1,2,0,7,0,0,1,0,0,0,0,1,12.322436,51.534085
30,16,4,6,17,4,2,0,7,0,0,1,0,0,0,0,0,12.327119,51.521849
30,16,5,2,16,2,3,1,5,0,0,1,1,0,0,0,0,12.337978,51.523649
30,16,5,3,9,3,2,0,7,0,0,1,0,0,0,0,0,12.325249,51.521431
30,16,5,3,15,3,2,5,3,0,0,1,1,0,0,0,0,12.336614,51.541262
30,16,5,7,9,7,2,5,3,0,0,1,1,0,0,0,0,12.351833,51.524196
30,16,6,3,16,6,3,8,1,0,0,1,0,0,0,0,0,12.308473,51.514466
30,16,6,7,10,3,2,4,6,0,0,1,0,0,0,0,0,12.346167,51.522946
30,16,6,7,13,3,3,5,3,0,0,1,1,0,0,0,0,12.339795,51.524255
30,16,6,7,15,3,3,1,5,0,0,1,1,0,0,0,0,12.339847,51.523995
30,16,6,7,16,3,3,5,3,0,0,1,1,0,0,0,0,12.340173,51.524183
30,16,7,2,23,7,3,1,1,2,0,1,1,0,0,0,0,12.324669,51.535192
30,16,7,3,13,1,3,0,7,0,0,1,0,0,0,0,0,12.336344,51.528081
30,16,7,4,6,2,2,3,2,0,0,1,1,0,0,0,0,12.335944,51.530893
30,16,7,6,18,4,2,4,6,0,0,1,0,0,0,0,0,12.343348,51.521678
30,16,8,1,18,2,3,3,2,0,0,1,1,0,0,0,0,12.336323,51.528151
30,16,8,2,6,3,3,0,3,0,0,1,1,0,0,0,0,12.341495,51.529253
30,16,8,4,7,5,3,4,6,0,0,1,0,0,0,0,0,12.346489,51.522918
30,16,8,4,7,5,3,4,6,0,0,1,0,0,0,0,0,12.346642,51.522956
30,16,8,4,13,5,3,5,3,0,0,1,1,0,0,0,0,12.332665,51.523895
30,16,8,4,13,5,3,5,3,0,0,1,1,0,0,0,0,12.341084,51.524338
30,16,9,4,12,1,3,4,6,0,0,1,0,0,0,0,0,12.346395,51.522915
30,16,9,5,11,2,2,4,1,0,0,1,0,0,0,0,0,12.346167,51.522946
30,16,9,6,16,3,3,3,1,0,0,1,1,0,0,0,0,12.341839,51.528846
30,16,10,2,12,1,3,5,3,0,1,1,1,0,0,0,0,12.313424,51.513545
30,16,10,6,11,5,3,5,3,0,0,1,1,0,0,0,0,12.335297,51.530924
30,16,10,6,16,5,3,1,1,0,1,1,1,0,0,0,0,12.335573,51.5256
30,16,11,2,12,4,3,3,2,0,0,1,1,0,0,0,0,12.341497,51.529254
30,16,11,3,19,5,3,3,2,2,1,1,1,0,0,0,0,12.332312,51.530179
30,16,11,5,11,7,2,0,7,0,1,1,0,0,0,0,0,12.304379,51.553924
30,16,11,6,17,1,3,6,7,1,0,1,0,1,0,0,0,12.328181,51.529985
30,16,12,1,6,5,2,5,3,2,0,1,1,0,0,0,0,12.336965,51.525602
30,16,12,2,10,6,2,5,3,0,0,1,1,0,0,0,0,12.34442,51.524562
30,16,12,5,7,2,3,5,3,2,0,1,1,0,0,0,0,12.337687,51.528219
30,16,12,7,11,4,3,5,3,0,0,1,1,0,0,0,0,12.335224,51.518206
30,16,12,7,13,4,3,5,3,0,1,1,1,0,0,0,0,12.338534,51.528457
30,16,12,7,17,4,3,5,3,2,1,1,1,0,0,0,0,12.365399,51.515421
30,17,1,1,1,1,2,8,1,2,1,1,1,0,0,0,0,12.336914,51.524241
30,17,1,3,16,3,3,5,3,2,0,1,1,0,0,0,0,12.343827,51.525575
30,17,1,12,20,5,3,3,6,2,0,1,1,0,0,0,0,12.393741,51.544731
30,17,3,15,11,4,3,5,3,0,0,1,0,0,0,0,1,12.351423,51.534115
30,17,4,3,6,2,2,5,3,0,0,1,1,0,0,0,0,12.355078,51.531083
30,17,5,6,18,7,3,3,2,0,0,1,0,0,0,0,0,12.35174,51.530227
30,17,5,9,16,3,3,5,3,0,0,1,1,0,0,0,0,12.344328,51.524731
30,17,5,31,11,4,3,1,5,0,0,1,1,0,0,0,0,12.334585,51.519617
30,17,6,1,8,5,2,5,3,0,0,1,1,0,0,0,0,12.353109,51.521509
30,17,6,7,13,4,3,5,3,0,0,1,1,0,0,0,0,12.313504,51.513509
30,17,6,14,11,4,2,5,3,0,0,1,0,0,0,0,0,12.350782,51.531475
30,17,6,19,9,2,3,5,3,0,0,1,1,0,0,0,0,12.327166,51.53759
30,17,6,19,15,2,3,5,6,0,0,1,1,0,0,0,0,12.331043,51.530728
30,17,6,23,15,6,2,5,3,0,0,1,1,0,0,0,0,12.335975,51.519161
30,17,9,1,21,6,3,5,3,2,0,1,1,0,0,0,0,12.341086,51.524339
30,17,9,6,14,4,3,5,3,0,0,1,0,0,0,0,0,12.336462,51.525829
30,17,9,27,18,4,3,5,3,0,0,1,1,0,0,0,0,12.317483,51.536884
30,17,10,2,12,2,3,1,7,0,1,1,1,0,0,0,0,12.343715,51.525753
30,17,10,23,7,2,3,5,3,0,0,1,1,0,0,0,0,12.349254,51.52362
30,17,11,20,10,2,3,5,3,0,1,1,1,0,0,0,0,12.335768,51.535015
30,17,11,24,8,6,2,5,3,0,0,1,1,0,0,0,0,12.322369,51.534076
30,17,12,12,18,3,2,4,2,2,1,1,1,0,0,0,0,12.336961,51.526009
30,17,12,13,8,4,3,5,3,0,0,1,0,0,0,0,0,12.34184,51.527435
30,17,12,18,19,2,2,5,3,2,0,1,1,0,0,0,0,12.333073,51.529866
30,17,12,19,13,3,3,5,3,0,0,1,1,0,0,0,0,12.341901,51.531435
30,18,1,2,14,3,2,5,7,0,0,1,1,0,0,0,0,12.309275,51.544558
30,18,1,5,16,6,2,5,3,0,0,1,1,0,0,0,0,12.337484,51.530342
30,18,4,6,22,6,2,5,3,2,0,1,1,0,0,0,0,12.362374,51.485884
30,18,5,1,5,3,3,1,5,0,0,1,1,0,0,0,0,12.336015,51.529236
30,18,5,3,10,5,2,0,1,0,0,1,0,0,0,0,0,12.313207,51.556409
30,18,5,7,14,2,2,0,1,0,0,1,0,0,0,0,0,12.336793,51.527984
30,18,6,2,17,7,3,0,2,0,0,1,1,0,0,0,0,12.322206,51.534142
30,18,6,4,15,2,3,3,3,0,0,1,1,0,0,0,0,12.338451,51.524297
30,18,6,5,15,3,2,6,7,0,0,1,0,1,0,0,0,12.329344,51.532423
30,18,6,5,16,3,3,5,3,0,0,1,1,0,0,0,0,12.335947,51.530617
30,18,6,6,9,4,3,5,2,0,0,1,1,0,0,0,0,12.344391,51.524566
30,18,6,7,8,5,3,4,2,0,0,1,1,0,0,0,0,12.349251,51.523625
30,18,6,7,16,5,3,0,7,0,0,1,0,0,0,0,0,12.346336,51.518866
30,18,7,2,18,2,3,3,5,0,0,1,1,0,0,0,1,12.343463,51.525931
30,18,7,3,13,3,3,3,2,0,0,1,1,0,0,0,0,12.342564,51.52764
30,18,7,5,7,5,3,5,3,0,0,1,1,0,0,0,0,12.32802,51.533884
30,18,8,1,15,4,2,5,3,0,0,1,0,0,0,0,1,12.308278,51.548889
30,18,8,6,22,2,2,0,1,2,0,1,0,0,0,0,0,12.334358,51.52906
30,18,8,7,11,3,3,5,3,0,0,1,1,0,0,0,0,12.321729,51.520861
30,18,8,7,13,3,3,5,3,0,0,1,1,0,0,0,0,12.35731,51.51906
30,18,9,1,13,7,2,3,2,0,0,1,1,0,0,0,0,12.340775,51.527147
30,18,9,4,11,3,3,4,2,0,0,1,1,0,0,0,0,12.368469,51.52538
30,18,9,4,17,3,3,0,2,0,0,1,1,0,0,0,0,12.342943,51.527016
30,18,9,5,7,4,3,0,1,0,1,1,0,0,0,0,0,12.354932,51.524939
30,18,9,5,18,4,3,1,2,0,0,1,1,0,0,0,0,12.313252,51.537807
30,18,9,7,7,6,3,5,3,0,0,1,1,0,0,0,0,12.341656,51.522459
30,18,10,3,9,4,2,5,3,0,0,1,1,0,0,0,0,12.337001,51.52604
30,18,11,6,7,3,2,5,3,0,0,1,1,0,0,0,0,12.336339,51.528096
30,18,12,1,14,7,3,5,3,0,0,1,1,0,0,0,0,12.334754,51.525246
30,18,12,6,9,5,2,5,3,0,0,1,1,0,0,0,0,12.316039,51.537441
30,19,1,4,7,6,3,3,3,1,1,1,1,0,0,0,0,12.352292,51.524315
30,19,2,7,12,5,3,1,5,0,0,1,1,0,0,0,0,12.344048,51.531935
30,19,3,1,12,6,3,5,3,0,0,1,1,0,0,0,0,12.340554,51.523001
30,19,3,2,16,7,2,5,3,0,0,1,0,0,1,0,0,12.351143,51.530048
30,19,3,6,15,4,2,3,6,0,0,1,1,0,0,0,0,12.38172,51.553074
30,19,4,1,15,2,3,6,6,0,0,1,0,1,0,0,0,12.356016,51.525083
30,19,4,2,10,3,2,5,3,0,0,1,1,0,0,0,0,12.356578,51.525036
30,19,4,4,17,5,3,5,3,0,0,1,1,0,0,0,0,12.340172,51.524183
30,19,5,1,16,4,3,4,6,0,0,1,0,0,0,0,0,12.346528,51.522928
30,19,5,3,13,6,3,4,5,0,0,1,1,0,0,0,0,12.333983,51.532533
30,19,6,4,10,3,3,4,2,0,0,1,1,0,0,0,0,12.359994,51.525086
30,19,6,5,11,4,3,4,1,0,1,1,0,0,0,0,0,12.343252,51.527766
30,19,6,5,16,4,3,5,3,0,0,1,0,0,0,0,0,12.321792,51.534311
30,19,6,7,5,6,3,4,2,0,0,1,1,0,0,0,0,12.338636,51.526554
30,19,7,1,14,2,3,3,6,0,0,1,1,0,0,0,0,12.336079,51.530663
30,19,7,2,0,3,3,0,1,2,0,1,0,0,0,0,0,12.323649,51.523195
30,19,7,2,7,3,3,5,3,0,0,1,1,0,0,0,0,12.341489,51.527341
30,19,7,2,10,3,3,5,7,0,0,1,1,0,0,0,0,12.333981,51.531967
30,19,7,2,14,3,2,3,3,0,0,1,1,0,0,0,0,12.323913,51.533453
30,19,7,3,11,4,2,3,5,0,0,1,1,0,0,0,0,12.339545,51.526733
30,19,7,5,9,6,3,0,1,0,0,1,1,0,0,0,0,12.342281,51.524465
30,19,8,2,7,6,3,1,1,0,0,1,0,0,0,0,1,12.338373,51.528695
30,19,8,3,9,7,3,5,3,0,0,1,1,0,0,0,0,12.359992,51.525112
30,19,9,2,6,2,3,5,3,0,0,1,1,0,0,0,0,12.353869,51.530928
30,19,9,2,14,2,3,1,1,0,0,1,1,0,0,0,0,12.334615,51.521887
30,19,9,6,5,6,3,5,3,2,1,1,1,0,0,0,0,12.335228,51.530928
30,19,10,7,11,2,3,5,3,0,0,1,1,0,0,0,0,12.336145,51.534253
30,19,11,1,15,6,3,5,2,0,1,1,0,0,0,0,0,12.336964,51.520306
30,19,11,7,20,5,3,4,6,2,0,1,0,0,0,0,0,12.330276,51.534423
30,19,12,2,9,2,2,5,3,0,1,1,1,0,0,0,0,12.341085,51.524339
30,19,12,3,5,3,3,5,2,2,1,1,1,0,0,0,0,12.336354,51.528053
30,19,12,3,12,3,3,0,7,0,0,1,0,0,0,0,1,12.343103,51.531715
30,19,12,6,16,6,2,5,3,0,0,1,1,0,0,0,0,12.330195,51.531052
30,20,1,13,13,2,3,3,6,0,0,1,1,0,0,0,0,12.431171,51.548458
30,20,1,27,7,2,3,4,2,1,1,1,1,0,0,0,0,12.323629,51.533565
30,20,2,29,18,7,3,0,1,2,1,1,0,0,0,0,0,12.331177,51.530677
30,20,3,3,16,3,3,5,3,0,0,1,1,0,0,0,0,12.332952,51.525125
30,20,3,4,7,4,3,4,6,0,0,1,0,0,0,0,0,12.346327,51.522918
30,20,3,19,16,5,3,5,2,0,0,1,0,0,1,0,0,12.34357,51.525985
30,20,3,30,14,2,3,2,2,0,0,1,1,0,0,0,0,12.342564,51.52764
30,20,5,8,10,6,3,4,2,0,0,1,1,0,0,0,0,12.332832,51.523426
30,20,6,15,7,2,3,5,3,0,0,1,1,0,0,0,0,12.354495,51.524797
30,20,6,25,14,5,3,1,5,0,0,1,1,0,0,0,0,12.340974,51.527201
30,20,7,12,16,1,3,4,6,0,0,1,0,0,0,0,0,12.330125,51.531079
30,20,7,17,13,6,3,0,7,0,0,1,1,0,0,0,0,12.342021,51.52444
30,20,8,25,16,3,2,5,3,0,0,1,0,0,0,0,0,12.329214,51.536894
30,20,9,2,12,4,3,5,3,0,0,1,1,0,0,0,0,12.337463,51.53034
30,20,9,15,13,3,2,5,2,0,0,1,0,0,0,0,1,12.349241,51.523641
30,20,10,1,13,5,1,5,2,0,0,1,1,0,0,0,0,12.322494,51.521451
30,20,10,12,17,2,3,2,6,0,0,1,0,0,0,0,1,12.37052,51.534898
30,20,11,8,9,1,3,5,3,0,0,1,1,0,0,0,0,12.34625,51.528467
30,20,11,19,14,5,3,5,3,0,0,1,1,0,0,0,0,12.328734,51.532326
30,20,11,27,19,6,2,2,2,2,1,1,1,0,0,0,0,12.336105,51.533446
30,20,12,19,9,7,2,0,1,0,2,1,0,0,0,0,0,12.332267,51.524717
30,21,1,5,18,3,3,4,2,2,1,1,1,0,0,0,0,12.339445,51.526788
30,21,1,21,14,5,3,5,3,0,2,1,1,0,0,0,0,12.313449,51.513545
30,21,2,3,11,4,3,0,1,0,1,1,0,0,0,0,0,12.352756,51.521767
30,21,3,21,16,1,3,5,3,0,0,1,0,0,0,0,0,12.338526,51.528454
30,21,4,1,17,5,3,0,7,0,0,1,0,0,0,0,0,12.324577,51.533186
30,21,4,8,15,5,2,5,3,0,0,1,1,0,0,0,0,12.33462,51.525448
30,21,4,16,9,6,2,5,3,0,1,1,0,0,1,0,0,12.353181,51.524498
30,21,5,10,18,2,3,5,2,0,1,1,1,0,0,0,0,12.329845,51.531154
30,21,5,13,22,5,3,1,5,2,0,1,1,0,0,0,0,12.342662,51.524502
30,21,6,18,9,6,2,0,7,0,0,1,0,0,0,1,0,12.336243,51.523942
30,21,7,15,16,5,3,5,3,0,0,1,1,0,0,0,0,12.322818,51.533905
30,21,7,23,7,6,2,5,3,0,0,1,1,0,0,0,0,12.313269,51.537874
30,21,7,24,12,7,3,2,2,0,0,1,1,0,0,0,0,12.336322,51.528205
30,21,8,3,9,3,3,5,2,0,0,1,1,0,0,0,0,12.333102,51.529886
30,21,8,16,16,2,3,5,3,0,0,1,1,0,0,0,0,12.337273,51.553402
30,21,9,2,15,5,3,5,3,0,0,1,1,0,0,0,0,12.350503,51.523874
30,21,9,4,12,7,3,5,3,0,0,1,1,0,0,0,0,12.343171,51.521745
30,21,9,11,11,7,2,5,3,0,0,1,1,0,0,0,0,12.341137,51.52434
30,21,9,13,11,2,3,5,3,0,0,1,1,0,0,0,0,12.313156,51.54015
30,21,9,27,16,2,3,3,3,0,1,1,1,0,0,0,0,12.33619,51.536443
30,21,10,3,13,1,3,2,6,0,0,1,1,0,0,0,0,12.343351,51.524566
30,21,11,12,15,6,2,4,2,0,0,1,1,0,0,0,0,12.342952,51.524529
30,21,11,29,7,2,3,0,7,0,1,1,0,0,0,0,0,12.343002,51.526907
30,21,12,3,12,6,3,1,3,0,0,1,1,0,0,0,0,12.336611,51.556922
30,21,12,8,17,4,3,8,7,2,1,1,0,0,0,0,0,12.341765,51.531409
30,21,12,14,14,3,2,0,1,0,1,1,0,0,0,0,0,12.354801,51.51257
30,22,1,3,5,2,2,5,3,2,1,1,1,0,0,0,0,12.337026,51.526041
30,22,1,3,14,2,2,6,3,0,0,1,0,1,0,0,0,12.337303,51.52553
30,22,1,7,7,6,3,5,3,0,0,1,1,0,0,0,0,12.368471,51.525398
30,22,1,8,12,7,3,5,3,0,0,1,1,0,0,0,0,12.337489,51.530343
30,22,1,8,15,7,3,5,3,0,0,1,1,0,0,0,0,12.337007,51.546952
30,22,1,28,9,6,3,5,3,0,0,1,1,0,0,0,0,12.335916,51.530885
30,22,2,1,6,3,3,5,3,2,1,1,1,0,0,0,0,12.356654,51.525073
30,22,3,11,12,6,3,5,3,0,0,1,1,0,0,0,0,12.335233,51.53093
30,22,4,11,11,2,3,5,2,0,0,1,1,0,0,0,0,12.328923,51.531524
30,22,4,21,10,5,3,3,6,0,0,1,0,0,0,0,1,12.300525,51.536138
30,22,5,4,10,4,2,0,7,0,1,1,0,0,0,0,0,12.345922,51.525177
30,22,5,6,13,6,2,5,3,0,0,1,1,0,0,0,0,12.344458,51.524552
30,22,5,12,9,5,3,5,3,0,0,1,1,0,0,0,0,12.335281,51.518279
30,22,5,16,17,2,2,5,3,0,0,1,1,0,0,0,0,12.338277,51.522799
30,22,5,17,7,3,2,5,2,0,1,1,1,0,0,0,0,12.349268,51.523599
30,22,5,24,11,3,3,1,5,0,0,1,1,0,0,0,0,12.338095,51.527335
30,22,6,8,15,4,3,5,3,0,0,1,1,0,0,0,0,12.333077,51.529869
30,22,6,18,20,7,3,8,1,0,0,1,0,0,0,0,0,12.342889,51.52709
30,22,6,21,11,3,3,5,3,0,0,1,1,0,0,0,0,12.333032,51.529857
30,22,6,22,8,4,3,0,1,0,0,1,0,0,0,0,0,12.34629,51.528299
30,22,6,22,10,4,2,1,7,0,0,1,1,0,0,0,0,12.317039,51.52791
30,22,6,29,15,4,3,5,3,0,0,1,0,0,0,0,1,12.344538,51.524631
30,22,7,6,18,4,3,0,7,0,0,1,0,0,0,0,0,12.355011,51.528346
30,22,7,12,21,3,3,5,3,0,0,1,1,0,0,0,0,12.337006,51.546923
30,22,7,24,20,1,3,0,7,1,0,1,0,0,0,0,0,12.318571,51.535522
30,22,7,27,18,4,3,5,3,0,0,1,1,0,0,0,0,12.322941,51.535253
30,22,7,28,19,5,3,5,3,0,0,1,1,0,0,0,0,12.33958,51.526682
30,22,8,21,23,1,2,0,1,2,0,1,0,0,0,0,0,12.336936,51.524246
30,22,9,1,14,5,3,0,7,0,0,1,0,0,0,0,0,12.345076,51.524035
30,22,9,5,15,2,3,3,6,0,0,1,1,0,0,0,1,12.336476,51.523378
30,22,9,8,17,5,3,1,5,0,0,1,1,0,0,0,0,12.341653,51.524404
30,22,9,14,14,4,3,5,3,0,0,1,1,0,0,0,0,12.335042,51.531151
30,22,9,19,17,2,3,5,3,0,1,1,1,0,0,0,0,12.349267,51.523601
30,22,9,23,9,6,3,5,3,0,0,1,0,0,0,0,0,12.357329,51.519081
30,22,10,3,12,2,3,5,3,0,0,1,1,0,0,0,0,12.337301,51.52553
30,22,10,12,16,4,3,5,2,0,0,1,1,0,0,0,0,12.333081,51.529872
30,22,10,13,15,5,2,5,2,0,0,1,1,0,0,0,0,12.351804,51.524135