UKREIS,UJAHR,UMONAT,UTAG,USTUNDE,UWOCHENTAG,UKATEGORIE,UART,UTYP,LICHT,USTRZUSTAND,IstRad,IstPKW,IstFuss,IstKrad,IstGkfz,IstSonstige,@lon,@lat
30,22,11,4,21,6,2,6,6,2,0,1,0,1,0,0,0,12.394351,51.545009
30,22,11,5,11,7,3,5,2,0,0,1,1,0,0,0,0,12.396631,51.546036
30,22,11,22,14,3,3,5,3,0,0,1,1,0,0,0,0,12.318691,51.518905
30,22,11,23,16,4,3,4,6,0,1,1,0,0,0,0,0,12.330784,51.52418
30,23,1,6,6,6,3,4,2,2,1,1,1,0,0,0,0,12.33744,51.528152
30,23,1,6,15,6,2,0,1,0,1,1,0,0,0,0,0,12.342246,51.531515
30,23,1,20,7,6,3,0,6,1,0,1,0,0,0,0,0,12.315618,51.529661
30,23,3,22,15,4,3,3,2,0,0,1,1,0,0,0,0,12.354903,51.512557
30,23,4,27,16,5,3,0,7,0,0,1,0,0,0,0,1,12.340994,51.527206
30,23,5,3,6,4,3,5,3,0,0,1,1,0,0,0,0,12.308256,51.548851
30,23,5,4,14,5,3,5,3,0,0,1,0,0,0,0,1,12.338575,51.522806
30,23,5,8,17,2,3,2,2,0,0,1,1,0,0,0,0,12.342567,51.527615
30,23,5,18,16,5,3,3,6,0,0,1,1,0,0,0,0,12.310264,51.51348
30,23,6,15,14,5,3,1,4,0,0,1,0,1,0,0,0,12.334107,51.523081
30,23,6,15,18,5,3,4,6,0,0,1,0,0,0,0,0,12.322685,51.53431
30,23,6,22,6,5,3,5,3,0,0,1,1,0,0,0,0,12.313436,51.513545
30,23,6,23,10,6,3,0,1,0,1,1,0,0,0,0,0,12.340542,51.540684
30,23,6,27,10,3,3,0,1,0,0,1,0,0,0,0,0,12.345932,51.523096
30,23,6,29,9,5,3,0,7,0,0,1,1,0,0,0,0,12.322248,51.536734
30,23,7,1,11,7,2,0,1,0,0,1,0,0,0,0,0,12.286264,51.472345
30,23,7,14,12,6,3,5,3,0,0,1,1,0,0,0,0,12.34992,51.529643
30,23,8,2,9,4,3,5,3,0,0,1,1,0,0,0,0,12.334412,51.512019
30,23,8,23,10,4,2,5,2,0,0,1,0,0,0,1,0,12.34152,51.52926
30,23,9,1,7,6,3,4,1,0,0,1,1,0,0,0,0,12.337628,51.528202
30,23,9,4,12,2,2,5,3,0,0,1,1,0,0,0,0,12.344473,51.524539
30,23,9,12,6,3,3,5,3,0,0,1,1,0,0,0,0,12.335263,51.518279
30,23,9,12,18,3,3,5,2,0,0,1,1,0,0,0,0,12.34994,51.52965
30,23,9,21,16,5,3,5,3,0,0,1,0,0,0,0,0,12.328826,51.531609
30,23,9,24,18,1,3,5,2,0,0,1,1,0,0,0,0,12.351789,51.524158
30,23,9,26,13,3,3,5,2,0,0,1,1,0,0,0,0,12.336322,51.528104
30,23,10,6,11,6,2,2,6,0,0,1,1,0,0,0,0,12.396615,51.54603
30,23,10,17,10,3,3,5,6,0,0,1,1,0,0,0,0,12.335884,51.530848
30,23,10,21,15,7,3,3,6,0,0,1,1,0,0,0,0,12.336497,51.519806
30,23,10,22,19,1,3,4,6,2,1,1,0,0,0,0,0,12.334571,51.527322
30,23,10,24,14,3,3,2,6,0,1,1,1,0,0,0,0,12.337165,51.521879
30,23,11,27,16,2,3,6,4,0,1,1,0,1,0,0,0,12.331019,51.530736
30,23,12,15,7,6,3,4,6,2,1,1,1,0,0,0,0,12.320521,51.520063
30,23,12,18,8,2,3,5,3,0,1,1,1,0,0,0,0,12.344284,51.524618
30,23,12,22,18,6,3,5,3,2,1,1,1,0,0,0,0,12.355002,51.524955
30,24,1,4,16,5,3,2,2,1,0,1,1,0,0,0,0,12.349026,51.529335
30,24,1,30,15,3,3,0,5,0,0,1,1,0,0,0,0,12.347872,51.523245
30,24,2,5,7,2,3,2,2,2,1,1,1,0,0,0,0,12.326248,51.532521
30,24,2,9,6,6,3,4,6,2,1,1,0,0,0,0,0,12.336385,51.539245
30,24,2,20,12,3,3,0,1,0,0,1,0,0,0,0,0,12.375395,51.548627
30,24,4,11,16,5,3,3,5,0,0,1,1,0,0,0,0,12.338911,51.523792
30,24,4,17,9,4,2,5,3,0,0,1,1,0,0,0,0,12.34,51.524043
30,24,4,23,11,3,3,2,1,0,0,1,0,0,1,0,0,12.337516,51.526196
30,24,4,26,12,6,3,3,6,0,0,1,0,0,0,0,1,12.335916,51.530613
30,24,4,30,11,3,2,0,3,0,0,1,1,0,0,0,0,12.341169,51.524356
30,24,5,1,13,4,3,5,3,0,0,1,0,0,0,0,0,12.32552,51.491449
30,24,5,3,8,6,3,0,1,0,0,1,1,0,0,0,0,12.33543,51.518273
30,24,5,10,15,6,3,5,3,0,0,1,1,0,0,0,0,12.331592,51.53444
30,24,5,13,9,2,3,5,3,0,0,1,1,0,0,0,0,12.335263,51.518279
30,24,5,26,10,1,3,0,1,0,0,1,0,0,0,0,0,12.34586,51.523193
30,24,5,26,12,1,2,0,1,0,0,1,0,0,0,0,0,12.389128,51.573353
30,24,6,7,16,6,2,5,3,0,0,1,1,0,0,0,0,12.340549,51.491898
30,24,7,8,17,2,3,0,1,0,0,1,0,0,0,0,0,12.336556,51.52585
30,24,7,10,7,4,3,5,3,0,0,1,1,0,0,0,0,12.360014,51.525113
30,24,7,15,18,2,3,3,6,0,0,1,1,0,0,0,0,12.425615,51.55852
30,24,7,28,14,1,3,0,1,0,0,1,0,0,0,0,0,12.354574,51.525635
30,24,7,29,9,2,3,5,3,0,0,1,1,0,0,0,0,12.346246,51.528467
30,24,8,2,16,6,3,1,5,0,0,1,1,0,0,0,0,12.334458,51.519943
30,24,8,10,21,7,3,0,7,1,0,1,0,0,0,0,0,12.342875,51.524522
30,24,8,12,11,2,3,1,5,0,0,1,1,0,0,0,0,12.337019,51.523523
30,24,8,22,14,5,3,3,2,0,0,1,1,0,0,0,0,12.322421,51.534066
30,24,9,8,10,1,3,5,3,0,0,1,1,0,0,0,0,12.335327,51.523201
30,24,9,10,11,3,3,1,5,0,0,1,1,0,0,0,0,12.354304,51.526065
30,24,9,12,17,5,3,5,7,0,0,1,1,0,0,0,0,12.342794,51.524515
30,24,9,17,13,3,3,4,7,0,0,1,0,0,0,0,0,12.325186,51.571293
30,24,9,18,10,4,3,1,6,0,0,1,1,0,0,0,0,12.335329,51.535809
30,24,10,20,15,1,2,4,6,0,0,1,0,0,0,0,0,12.336186,51.539001
30,24,11,8,12,6,3,6,4,0,0,1,0,1,0,0,0,12.341367,51.525505
30,24,12,4,14,4,3,3,6,0,1,1,1,0,0,0,0,12.336992,51.526011
30,24,12,19,15,5,3,5,3,0,0,1,0,0,0,0,0,12.334545,51.525817
30,25,1,23,5,5,3,0,3,2,1,1,0,0,0,0,0,12.322524,51.521456
30,25,1,23,6,5,3,5,3,2,1,1,1,0,0,0,0,12.335256,51.53094
30,25,1,29,19,4,3,6,6,2,0,1,0,1,0,0,0,12.313157,51.545154
30,25,2,7,7,6,3,5,3,0,0,1,1,0,0,0,0,12.346248,51.528383
30,25,2,10,19,2,3,3,3,2,0,1,1,0,0,0,0,12.330938,51.530767
30,25,3,21,8,6,3,2,6,0,0,1,1,0,0,0,0,12.340632,51.524223
30,25,3,21,9,6,3,5,3,0,0,1,0,0,0,0,1,12.336393,51.523925
30,25,3,25,16,3,3,0,1,0,0,1,0,0,0,0,0,12.336217,51.535436
30,25,4,9,11,4,3,1,5,0,0,1,1,0,0,0,0,12.342836,51.524519
30,25,5,16,10,6,2,3,6,0,0,1,1,0,0,0,0,12.335737,51.530732
30,25,5,23,16,6,3,5,3,0,0,1,1,0,0,0,0,12.324862,51.533072
30,25,5,26,11,2,3,4,6,0,0,1,1,0,0,0,0,12.340288,51.531041
30,25,6,1,13,1,3,3,6,0,0,1,0,0,0,0,0,12.330651,51.526498
30,25,6,5,11,5,3,0,7,0,0,1,0,0,0,0,0,12.332826,51.529582
30,25,6,10,12,3,3,0,7,0,0,1,0,0,0,0,0,12.337866,51.530428
30,25,6,11,15,4,2,5,3,0,0,1,1,0,0,0,0,12.363786,51.498524
30,25,6,12,9,5,3,5,3,0,0,1,0,0,0,0,0,12.338163,51.52554
30,25,7,24,2,5,2,0,1,2,0,1,0,0,0,0,0,12.317506,51.532198
30,25,8,7,8,5,3,4,6,0,0,1,0,0,0,0,1,12.336483,51.523363
30,25,8,13,21,4,2,8,5,0,0,1,1,0,0,0,0,12.322453,51.521802
30,25,8,15,20,6,3,0,7,1,0,1,0,0,0,0,0,12.332898,51.529916
30,25,8,18,10,2,2,5,3,0,0,1,0,0,0,0,0,12.338626,51.526567
30,25,8,21,18,5,2,3,3,0,0,1,1,0,0,0,0,12.352979,51.521606
30,25,8,26,18,3,3,3,2,0,0,1,0,0,0,0,0,12.357808,51.508056
30,25,9,19,15,6,3,5,3,0,0,1,1,0,0,0,0,12.32294,51.533855
30,25,9,30,9,3,3,5,2,0,0,1,1,0,0,0,0,12.336376,51.52803
30,25,10,1,20,4,3,5,3,2,0,1,1,0,0,0,0,12.334034,51.520783
30,25,10,21,13,3,3,1,5,0,0,1,1,0,0,0,0,12.350255,51.529198
30,25,10,27,18,2,1,5,2,2,1,1,1,0,0,0,0,12.340403,51.531106
30,25,11,3,19,2,3,6,6,2,0,1,0,1,0,0,0,12.346766,51.523815
30,25,11,5,14,4,2,3,6,0,0,1,0,0,0,1,0,12.326905,51.526026
30,25,11,14,17,6,3,5,3,2,0,1,1,0,0,0,0,12.337018,51.526038
30,25,11,26,16,4,3,0,1,2,1,1,0,0,0,0,0,12.344315,51.524726
30,25,12,2,17,3,3,0,1,2,0,1,0,0,0,0,0,12.358005,51.516937
30,25,12,4,13,5,3,1,2,0,0,1,1,0,0,0,0,12.33671,51.512908
30,25,12,9,9,3,3,1,5,0,1,1,1,0,0,0,0,12.343879,51.524614
30,25,12,26,16,6,3,0,1,1,0,1,0,0,0,0,0,12.352782,51.524428
30,18,5,7,18,2,2,1,5,0,0,1,1,0,0,0,0,12.691628,51.466819
30,18,9,6,12,5,3,5,3,0,0,1,1,0,0,0,0,12.746066,51.500737
30,19,8,5,7,2,2,5,3,0,0,1,1,0,0,0,0,12.692724,51.466821
30,20,5,21,16,5,3,5,2,0,0,1,0,0,1,0,0,12.695031,51.533307
30,21,5,24,11,2,2,5,2,0,0,1,0,0,0,0,0,12.642849,51.497427
30,21,7,18,11,1,2,1,5,0,0,1,1,0,0,0,0,12.691765,51.450024
30,21,12,7,5,3,3,7,7,2,0,1,0,0,0,0,0,12.770554,51.490832
30,22,5,26,16,5,3,2,6,0,0,1,0,0,1,0,0,12.660376,51.502617
30,22,8,20,2,7,2,0,7,2,1,1,0,0,0,0,0,12.73536,51.467065
30,23,2,18,5,7,3,3,6,2,0,1,0,0,0,0,0,12.715995,51.466326
30,23,12,19,16,3,3,3,6,2,1,1,1,0,0,0,0,12.72748,51.498858
30,24,4,12,20,6,2,2,6,2,0,1,1,0,0,0,0,12.712402,51.466264
30,24,8,14,11,4,2,5,3,0,0,1,1,0,0,0,0,12.745276,51.499153
30,16,3,5,14,7,3,3,6,0,0,1,0,0,1,0,0,12.860949,51.633722
30,16,4,6,9,4,3,5,3,0,0,1,1,0,0,0,0,12.883041,51.641382
30,16,5,5,13,5,2,5,2,0,0,1,0,0,0,0,0,12.832882,51.673348
30,17,5,31,9,4,3,5,7,0,0,1,1,0,0,0,0,12.881593,51.636134
30,17,10,11,19,4,3,3,6,2,0,1,1,0,0,0,0,12.882348,51.636368
30,17,11,27,10,2,2,3,2,0,0,1,1,0,0,0,0,12.865048,51.626918
30,18,8,1,11,4,3,5,3,0,0,1,1,0,0,0,0,12.88299,51.639414
30,18,9,5,8,4,2,5,3,0,0,1,1,0,0,0,0,12.886779,51.636814
30,19,8,4,16,1,3,3,6,0,0,1,1,0,0,0,0,12.868938,51.650101
30,20,1,12,15,1,3,8,6,0,0,1,1,0,0,0,0,12.894514,51.633292
30,24,4,12,9,6,3,2,6,0,0,1,1,0,0,0,0,12.886079,51.636613
30,24,5,9,20,5,3,0,1,1,0,1,0,0,0,0,0,12.852209,51.653778
30,25,5,10,10,7,3,3,2,0,0,1,1,0,0,0,0,12.880251,51.642135
30,25,6,17,17,3,3,4,2,0,0,1,1,0,0,0,0,12.880031,51.642365
30,22,3,23,16,4,2,5,3,0,0,1,1,0,0,0,0,12.880571,51.56273
30,22,5,11,18,4,2,0,7,0,0,1,0,0,0,0,0,12.901479,51.569942
30,22,5,25,8,4,3,9,6,0,0,1,1,0,0,0,0,12.921051,51.56742
30,25,4,13,12,1,3,0,7,0,0,1,0,0,0,0,0,12.892961,51.562034
30,16,2,5,10,6,3,0,7,0,0,1,1,0,0,0,0,12.663551,51.467431
30,16,3,4,11,6,3,5,3,0,0,1,0,0,0,0,1,12.632349,51.460773
30,16,4,1,10,6,3,4,2,0,1,1,1,0,0,0,0,12.634618,51.460342
30,16,4,6,18,4,3,0,7,0,0,1,0,0,0,0,0,12.653379,51.465893
30,16,5,4,12,4,3,3,2,0,0,1,1,0,0,0,0,12.664585,51.461872
30,16,5,5,21,5,2,0,1,2,0,1,0,0,0,0,0,12.625864,51.457832
30,16,5,7,17,7,3,0,1,0,0,1,0,0,0,0,0,12.626241,51.457806
30,16,6,2,19,5,3,0,3,0,0,1,1,0,0,0,0,12.657258,51.466269
30,16,7,4,5,2,2,5,3,0,0,1,1,0,0,0,0,12.632987,51.458817
30,16,9,1,7,5,3,5,3,0,0,1,0,0,0,0,0,12.63338,51.457763
30,16,9,1,12,5,3,4,2,0,0,1,1,0,0,0,0,12.65202,51.465148
30,16,9,4,15,1,2,1,5,0,0,1,1,0,0,0,0,12.661704,51.468937
30,16,9,5,9,2,3,5,3,0,0,1,1,0,0,0,0,12.640727,51.460894
30,16,10,4,12,3,3,0,3,0,1,1,1,0,0,0,0,12.627933,51.458165
30,16,10,5,16,4,2,0,1,0,1,1,1,0,0,0,0,12.631794,51.463659
30,16,11,1,17,3,3,2,2,2,0,1,1,0,0,0,0,12.663158,51.493143
30,16,11,5,21,7,3,0,1,2,0,1,0,0,0,0,0,12.665841,51.468839
30,16,12,2,8,6,3,0,1,0,2,1,0,0,0,0,0,12.645842,51.454272
30,17,1,13,5,6,2,0,1,2,2,1,0,0,0,0,0,12.637187,51.460845
30,17,1,24,15,3,2,5,3,0,0,1,1,0,0,0,0,12.656853,51.466404
30,17,2,3,12,6,3,3,2,0,0,1,0,0,0,0,1,12.663763,51.467286
30,17,4,25,14,3,3,5,3,0,1,1,0,0,0,0,1,12.643561,51.462478
30,17,5,5,7,6,3,5,3,0,1,1,1,0,0,0,0,12.65565,51.465966
30,17,6,22,18,5,2,5,3,1,0,1,1,0,0,0,0,12.649234,51.464235
30,17,7,7,20,6,3,3,6,0,0,1,0,0,0,0,1,12.536179,51.470287
30,17,8,18,9,6,2,5,3,0,0,1,1,0,0,0,0,12.66377,51.467287
30,17,8,21,14,2,3,5,3,0,0,1,1,0,0,0,0,12.614199,51.457828
30,17,8,27,20,1,2,5,3,1,0,1,0,0,1,0,0,12.634874,51.455801
30,17,10,14,14,7,2,3,2,0,0,1,1,0,0,0,0,12.656999,51.466385
30,17,11,14,20,3,2,5,3,2,1,1,1,0,0,0,0,12.649229,51.464234
30,17,11,15,7,4,3,3,6,1,1,1,1,0,0,0,0,12.624717,51.457876
30,17,12,7,12,5,3,3,2,0,0,1,1,0,0,0,0,12.646884,51.463636
30,17,12,7,21,5,2,4,6,2,0,1,0,0,0,0,1,12.629905,51.448463
30,17,12,18,8,2,3,5,3,0,0,1,1,0,0,0,0,12.668015,51.469562
30,18,2,2,16,6,3,5,3,0,0,1,1,0,0,0,0,12.663701,51.467276
30,18,2,7,9,4,2,5,3,0,0,1,1,0,0,0,0,12.653472,51.465844
30,18,4,2,10,2,3,5,7,0,1,1,1,0,0,0,0,12.651395,51.464966
30,18,4,4,8,4,3,3,2,0,0,1,0,0,0,0,0,12.643795,51.462628
30,18,5,2,10,4,3,5,3,0,0,1,1,0,0,0,0,12.661086,51.469442
30,18,5,7,12,2,3,5,3,0,0,1,1,0,0,0,0,12.637694,51.460949
30,18,6,4,13,2,2,3,3,0,0,1,0,0,0,0,1,12.635434,51.45504
30,18,6,7,8,5,2,3,2,0,0,1,1,0,0,0,0,12.639454,51.461444
30,18,8,2,13,5,3,1,5,0,0,1,1,0,0,0,0,12.638645,51.455973
30,18,8,5,16,1,3,0,1,0,0,1,0,0,0,0,0,12.633831,51.449683
30,18,8,6,13,2,3,5,3,0,0,1,0,0,1,0,0,12.662842,51.468008
30,18,8,7,6,3,3,1,2,0,0,1,1,0,0,0,0,12.632287,51.46106
30,18,8,7,12,3,3,5,7,0,0,1,1,0,0,0,0,12.656464,51.465958
30,18,9,3,15,2,3,0,3,0,0,1,1,0,0,0,0,12.640061,51.457116
30,18,11,5,13,2,3,4,6,0,0,1,0,0,0,0,0,12.645931,51.463357
30,18,12,1,9,7,3,5,3,0,0,1,1,0,0,0,0,12.637613,51.460963
30,18,12,4,17,3,2,6,6,2,0,1,0,1,0,0,0,12.625966,51.456295
30,18,12,7,17,6,3,6,4,2,1,1,0,1,0,0,0,12.637939,51.457696
30,19,1,2,13,4,3,5,3,0,0,1,1,0,0,0,0,12.63563,51.457078
30,19,2,4,9,2,3,5,3,0,0,1,1,0,0,0,0,12.649235,51.464235
30,19,4,2,13,3,3,4,2,0,0,1,1,0,0,0,0,12.618232,51.457333
30,19,4,3,15,4,3,5,3,0,0,1,1,0,0,0,0,12.632794,51.461199
30,19,4,5,11,6,3,5,3,0,0,1,1,0,0,0,0,12.620794,51.45862
30,19,5,1,7,4,3,3,2,0,0,1,1,0,0,0,0,12.662424,51.463869
30,19,7,2,15,3,3,5,3,0,0,1,1,0,0,0,0,12.640407,51.461671
30,19,7,4,11,5,3,5,3,0,0,1,1,0,0,0,0,12.633754,51.45709
30,19,7,4,12,5,3,5,3,0,0,1,1,0,0,0,0,12.627489,51.458088
30,19,8,2,10,6,3,5,3,0,0,1,0,0,0,0,1,12.633754,51.45709
30,19,9,2,13,2,3,1,5,0,0,1,1,0,0,0,0,12.630767,51.461501
30,19,9,3,21,3,3,5,3,2,0,1,1,0,0,0,0,12.640386,51.461666
30,19,9,4,8,4,3,5,3,0,0,1,0,0,0,0,1,12.623026,51.457882
30,19,9,5,13,5,2,0,7,0,0,1,0,0,0,0,0,12.623974,51.457842
30,19,10,2,8,4,3,5,3,0,0,1,1,0,0,0,0,12.661215,51.469337
30,19,10,6,15,1,3,3,6,0,1,1,0,0,0,0,0,12.659234,51.466819
30,19,11,5,8,3,3,3,2,0,1,1,1,0,0,0,0,12.649248,51.464238
30,19,12,6,19,6,3,0,3,2,1,1,1,0,0,0,0,12.635976,51.454389
30,20,1,21,6,3,3,5,3,2,2,1,1,0,0,0,0,12.621676,51.457868
30,20,1,21,17,3,2,5,3,1,0,1,1,0,0,0,0,12.663701,51.467276
30,20,2,7,18,6,3,5,3,0,0,1,1,0,0,0,0,12.653477,51.465856
30,20,3,6,13,6,3,6,4,0,0,1,0,1,0,0,0,12.6546,51.466807
30,20,3,9,20,2,2,5,3,2,1,1,1,0,0,0,0,12.662755,51.468078
30,20,4,9,14,5,3,0,7,0,0,1,0,0,0,0,0,12.646113,51.463414
30,20,5,15,6,6,3,3,2,0,0,1,1,0,0,0,0,12.661057,51.469466
30,20,6,13,9,7,3,5,3,0,0,1,1,0,0,0,0,12.618247,51.457336
30,20,6,17,15,4,3,2,5,0,0,1,1,0,0,0,0,12.640201,51.457503
30,20,6,23,13,3,2,5,3,0,0,1,1,0,0,0,0,12.63203,51.456911
30,20,7,10,14,6,3,5,2,0,0,1,0,0,0,0,1,12.634683,51.45983
30,20,7,11,10,7,3,5,3,0,0,1,1,0,0,0,0,12.612522,51.456461
30,20,7,21,21,3,3,0,7,0,0,1,0,0,0,0,0,12.639393,51.457262
30,20,8,19,15,4,3,5,3,0,0,1,1,0,0,0,0,12.634877,51.455802
30,20,9,9,8,4,2,5,2,0,0,1,1,0,0,0,0,12.65933,51.466827
30,20,9,10,16,5,3,3,7,0,0,1,1,0,0,0,0,12.622803,51.464188
30,20,10,11,1,1,3,1,1,2,0,1,1,0,0,0,0,12.654477,51.466694
30,20,10,15,5,5,2,5,3,2,1,1,0,0,0,0,1,12.632645,51.459896
30,20,10,19,16,2,3,3,6,0,0,1,1,0,0,0,0,12.654339,51.466612
30,20,10,30,10,6,2,5,3,0,1,1,1,0,0,0,0,12.653474,51.465848
30,20,11,15,15,1,3,5,3,0,0,1,0,0,0,0,1,12.662834,51.467138
30,20,11,20,17,6,3,5,3,1,0,1,1,0,0,0,0,12.633746,51.457089
30,21,4,1,17,5,3,5,3,0,0,1,1,0,0,0,0,12.635456,51.455014
30,21,4,14,11,4,3,5,3,0,0,1,1,0,0,0,0,12.661034,51.469456
30,21,6,24,19,5,3,5,3,0,0,1,1,0,0,0,0,12.632403,51.460774
30,21,6,25,1,6,3,4,6,2,0,1,1,0,0,0,0,12.65347,51.465837
30,21,7,6,6,3,3,5,3,0,0,1,1,0,0,0,0,12.627562,51.458095
30,21,7,8,19,5,2,5,3,0,0,1,1,0,0,0,0,12.634778,51.452021
30,21,7,15,10,5,3,5,3,0,0,1,1,0,0,0,0,12.656954,51.466371
30,21,8,10,10,3,3,1,7,0,0,1,0,0,0,0,1,12.635969,51.461686
30,21,10,9,23,7,3,7,7,2,0,1,0,0,0,0,0,12.618423,51.463481
30,21,10,19,11,3,3,5,3,0,0,1,1,0,0,0,0,12.649197,51.464226
30,21,12,8,6,4,3,5,3,2,1,1,1,0,0,0,0,12.626421,51.457745
30,21,12,10,0,6,3,5,3,2,1,1,0,0,0,0,0,12.634902,51.45581
30,22,1,19,9,4,2,5,3,0,1,1,1,0,0,0,0,12.643659,51.462582
30,22,3,24,7,5,3,5,3,0,0,1,1,0,0,0,0,12.663756,51.467285
30,22,4,25,15,2,2,5,3,0,0,1,1,0,0,0,0,12.649225,51.464233
30,22,4,27,17,4,3,5,3,0,0,1,1,0,0,0,0,12.634706,51.459834
30,22,5,10,7,3,2,4,2,0,0,1,1,0,0,0,0,12.61219,51.458289
30,22,6,3,9,6,3,5,2,0,0,1,0,0,0,0,1,12.633431,51.457782
30,22,6,10,13,6,3,5,3,0,0,1,1,0,0,0,0,12.640386,51.461666
30,22,6,29,10,4,3,5,3,0,0,1,1,0,0,0,0,12.653921,51.466372
30,22,6,30,8,5,3,0,6,0,0,1,1,0,0,0,0,12.624538,51.45787
30,22,7,3,11,1,3,5,3,0,0,1,1,0,0,0,0,12.666316,51.471318
30,22,7,5,12,3,3,0,7,0,0,1,0,0,0,0,0,12.63728,51.459892
30,22,7,11,15,2,3,5,3,0,0,1,1,0,0,0,0,12.614966,51.458982
30,22,8,1,13,2,2,5,3,0,0,1,1,0,0,0,0,12.655464,51.465905
30,22,8,15,15,2,3,1,5,0,0,1,1,0,0,0,0,12.667481,51.467196
30,22,8,17,15,4,3,5,2,0,0,1,1,0,0,0,0,12.634642,51.460348
30,22,9,28,16,4,3,5,3,0,0,1,1,0,0,0,0,12.62147,51.457856
30,22,11,7,14,2,3,5,2,0,0,1,1,0,0,0,0,12.640411,51.461672
30,22,11,26,5,7,3,9,7,2,1,1,0,0,0,0,0,12.64606,51.463398
30,22,12,9,20,6,2,0,1,2,0,1,0,0,0,0,0,12.672547,51.468572
30,22,12,17,18,7,2,4,2,2,0,1,1,0,0,0,0,12.637236,51.460822
30,22,12,23,7,6,3,8,1,2,1,1,0,0,0,0,0,12.639625,51.461485
30,23,1,9,17,2,2,0,7,2,0,1,0,0,0,0,0,12.646289,51.463465
30,23,2,7,6,3,3,5,3,2,2,1,1,0,0,0,0,12.657711,51.466613
30,23,3,29,17,4,3,0,7,0,0,1,1,0,0,0,0,12.661782,51.467018
30,23,4,23,16,1,3,5,3,0,0,1,1,0,0,0,0,12.647949,51.46389
30,23,5,2,9,3,2,5,3,0,1,1,1,0,0,0,0,12.663777,51.467288
30,23,5,16,17,3,3,5,2,0,0,1,1,0,0,0,0,12.614894,51.457473
30,23,5,19,13,6,3,5,3,0,0,1,1,0,0,0,0,12.668963,51.468255
30,23,6,30,10,6,3,5,3,0,0,1,0,0,0,0,1,12.647552,51.46379
30,23,7,8,13,7,3,4,6,0,0,1,1,0,0,0,0,12.629125,51.455971
30,23,7,8,22,7,3,0,1,2,0,1,0,0,0,0,0,12.686592,51.470541
30,23,7,19,13,4,3,5,3,0,0,1,1,0,0,0,0,12.627468,51.458084
30,23,8,11,18,6,3,0,1,0,0,1,0,0,0,0,0,12.656395,51.455237
30,23,8,14,9,2,3,0,6,0,0,1,1,0,0,0,0,12.666659,51.460043
30,23,8,25,6,6,3,1,2,0,0,1,1,0,0,0,0,12.618157,51.463321
30,23,9,22,15,6,2,5,2,0,0,1,1,0,0,0,0,12.669045,51.468179
30,23,10,7,16,7,1,4,6,0,0,1,0,0,0,0,1,12.666184,51.471652
30,23,10,13,15,6,3,5,3,0,1,1,1,0,0,0,0,12.668925,51.468233
30,23,10,19,19,5,3,5,3,2,1,1,1,0,0,0,0,12.633785,51.457162
30,23,11,6,16,2,3,5,3,0,0,1,1,0,0,0,0,12.649225,51.464233
30,23,11,16,8,5,3,7,7,0,1,1,0,0,0,0,0,12.658207,51.468282
30,23,12,21,10,5,2,5,3,0,1,1,1,0,0,0,0,12.633728,51.457087
30,24,1,2,17,3,3,5,3,2,1,1,1,0,0,0,0,12.640366,51.461661
30,24,2,14,20,4,3,5,3,2,0,1,1,0,0,0,0,12.640361,51.46166
30,24,3,13,7,4,3,5,2,0,0,1,1,0,0,0,0,12.666184,51.471652
30,24,3,30,19,7,3,5,3,2,0,1,1,0,0,0,0,12.649198,51.464226
30,24,4,14,12,1,3,1,3,0,0,1,1,0,0,0,0,12.647191,51.463682
30,24,4,17,14,4,2,0,1,0,0,1,0,0,0,0,0,12.640349,51.461752
30,24,4,30,13,3,3,5,2,0,0,1,1,0,0,0,0,12.66375,51.467284
30,24,5,14,18,3,3,5,3,0,0,1,1,0,0,0,0,12.636857,51.455416
30,24,5,22,5,4,3,0,1,0,1,1,0,0,0,0,0,12.626469,51.457769
30,24,6,27,15,5,3,3,6,0,0,1,0,0,0,0,0,12.638158,51.458976
30,24,6,28,22,6,3,3,6,2,0,1,0,0,0,0,0,12.665561,51.468756
30,24,7,10,9,4,2,0,7,0,0,1,0,0,0,0,0,12.61772,51.462561
30,24,8,10,10,7,3,3,2,0,0,1,1,0,0,0,0,12.663701,51.467276
30,24,8,12,12,2,2,5,3,0,0,1,1,0,0,0,0,12.640379,51.461343
30,24,8,20,7,3,3,4,6,0,0,1,1,0,0,0,0,12.662737,51.463399
30,24,8,25,8,1,3,0,1,0,1,1,0,0,0,0,0,12.627462,51.458082
30,24,9,2,12,2,3,5,3,0,0,1,0,0,0,0,0,12.638871,51.461282
30,24,10,25,14,6,3,5,3,0,0,1,1,0,0,0,0,12.627916,51.458227
30,24,10,26,12,7,3,5,3,0,0,1,1,0,0,0,0,12.668316,51.469314
30,24,10,28,7,2,3,5,3,0,1,1,1,0,0,0,0,12.649212,51.464229
30,24,11,29,18,6,3,0,1,2,0,1,0,0,0,0,0,12.636703,51.459272
30,24,12,5,14,5,3,5,3,0,0,1,1,0,0,0,0,12.631953,51.462731
30,25,1,8,9,4,3,0,1,0,2,1,0,0,0,0,0,12.637262,51.459887
30,25,2,11,13,3,3,4,6,0,0,1,0,0,0,0,0,12.653409,51.465668
30,25,2,22,18,7,3,3,2,2,0,1,1,0,0,0,0,12.662432,51.463861
30,25,3,6,17,5,3,5,3,0,0,1,1,0,0,0,0,12.53625,51.465134
30,25,4,5,12,7,2,3,7,0,0,1,0,0,0,0,0,12.606403,51.45881