UKREIS,UJAHR,UMONAT,UTAG,USTUNDE,UWOCHENTAG,UKATEGORIE,UART,UTYP,LICHT,USTRZUSTAND,IstRad,IstPKW,IstFuss,IstKrad,IstGkfz,IstSonstige,@lon,@lat
30,25,4,9,15,4,3,4,6,0,0,1,0,0,0,0,1,12.618046,51.453884
30,25,4,30,16,4,3,5,2,0,0,1,0,0,0,0,0,12.675725,51.466111
30,25,5,19,7,2,3,0,7,0,1,1,0,0,0,0,1,12.614647,51.457219
30,25,6,3,12,3,3,3,2,0,0,1,1,0,0,0,0,12.653469,51.465836
30,25,7,26,10,7,3,0,1,0,0,1,0,0,0,0,0,12.640455,51.461683
30,25,8,17,12,1,2,0,1,0,0,1,0,0,0,0,0,12.658771,51.466765
30,25,8,25,18,2,2,0,1,0,0,1,0,0,0,0,0,12.666487,51.470171
30,25,8,29,18,6,3,5,2,0,0,1,1,0,0,0,0,12.631957,51.460975
30,25,9,8,12,2,2,0,7,0,0,1,0,0,0,0,0,12.517535,51.463953
30,25,9,12,18,6,3,0,1,0,0,1,0,0,0,0,0,12.568835,51.457406
30,25,9,16,21,3,2,2,6,2,1,1,1,0,0,0,0,12.607455,51.468094
30,25,9,20,18,7,3,0,7,0,0,1,0,0,0,0,0,12.627672,51.458294
30,25,10,9,14,5,3,8,1,0,0,1,0,0,0,0,0,12.639599,51.460437
30,25,10,22,16,4,3,5,3,0,0,1,1,0,0,0,0,12.658689,51.466733
30,25,10,28,18,3,3,0,3,2,1,1,1,0,0,0,0,12.634786,51.455824
30,25,11,15,4,7,3,4,6,2,1,1,0,0,0,0,0,12.643817,51.462347
30,18,10,4,6,5,2,2,6,1,0,1,1,0,0,0,0,12.906022,51.621563
30,21,10,31,10,1,3,1,7,0,0,1,1,0,0,0,0,12.955483,51.599963
30,23,4,8,11,7,1,5,3,0,0,1,1,0,0,0,0,12.947733,51.594219
30,25,2,20,13,5,3,5,3,0,0,1,1,0,0,0,0,12.9344,51.605103
30,25,8,24,12,1,2,2,6,0,0,1,0,0,0,0,1,12.974761,51.602842
30,25,10,23,17,5,3,4,2,1,0,1,0,0,0,0,1,12.96779,51.612116
30,17,2,16,5,5,2,5,3,2,0,1,1,0,0,0,0,12.562454,51.422869
30,17,4,8,17,7,2,5,3,0,0,1,1,0,0,0,0,12.548161,51.416022
30,17,4,28,18,6,3,5,7,0,0,1,1,0,0,0,0,12.59302,51.417696
30,17,12,21,6,5,2,1,5,2,0,1,1,0,0,0,0,12.551297,51.43241
30,18,8,7,12,3,3,0,1,0,0,1,0,0,0,0,0,12.5457,51.414205
30,19,7,3,22,4,3,4,6,2,0,1,1,0,0,0,0,12.512361,51.42098
30,19,8,6,13,3,2,5,3,0,0,1,1,0,0,0,0,12.568618,51.425095
30,19,10,6,11,1,2,3,6,0,0,1,1,0,0,0,0,12.626621,51.429925
30,20,4,7,20,3,2,0,1,1,0,1,0,0,0,0,0,12.559391,51.414138
30,22,7,4,11,2,3,5,3,0,0,1,1,0,0,0,0,12.583646,51.439088
30,25,6,1,16,1,2,0,1,0,1,1,0,0,0,0,0,12.580075,51.437352
30,17,1,28,11,7,3,2,2,0,0,1,1,0,0,0,0,12.446996,51.465004
30,18,1,1,4,2,3,6,6,2,0,1,0,1,0,0,0,12.502157,51.43616
30,18,9,5,17,4,3,5,3,0,0,1,1,0,0,0,0,12.454092,51.466498
30,19,8,3,14,7,3,3,6,0,0,1,1,0,0,0,0,12.470642,51.483504
30,20,11,27,17,6,2,9,6,2,0,1,1,0,0,0,0,12.434722,51.473418
30,22,10,10,11,2,3,5,3,0,0,1,0,0,0,0,0,12.446903,51.465768
30,22,10,17,18,2,2,2,6,2,0,1,1,0,0,0,0,12.424992,51.492547
30,23,1,9,19,2,3,0,7,2,0,1,0,1,0,0,0,12.41958,51.44573
30,23,2,14,15,3,3,4,7,0,0,1,0,0,0,0,1,12.446737,51.463063
30,23,4,6,16,5,2,5,2,0,0,1,1,0,0,0,0,12.46475,51.463745
30,23,9,29,9,6,2,5,3,0,0,1,0,0,0,0,1,12.493176,51.437711
30,24,1,19,5,6,3,5,3,2,2,1,1,0,0,0,0,12.454493,51.463073
30,24,2,16,13,6,3,5,3,0,0,1,1,0,0,0,0,12.41848,51.445471
30,24,8,2,18,6,3,5,3,0,0,1,0,0,0,0,0,12.447737,51.466436
30,24,10,13,1,1,3,0,1,2,0,1,0,0,0,0,0,12.436921,51.472604
30,25,8,23,15,7,3,0,1,0,1,1,0,0,0,0,0,12.417072,51.452473
30,16,12,6,12,3,2,5,3,0,0,1,1,0,0,0,0,12.628698,51.550691
30,17,5,11,13,5,3,0,3,0,0,1,0,0,0,0,1,12.604756,51.567369
30,17,6,15,9,5,3,3,2,0,0,1,0,0,0,0,1,12.641269,51.532398
30,17,8,6,10,1,3,5,3,0,0,1,0,0,1,0,0,12.654973,51.520738
30,19,2,6,8,4,2,3,6,0,1,1,0,0,0,0,1,12.624683,51.583602
30,19,3,3,0,1,3,0,1,2,0,1,0,0,0,0,0,12.679146,51.591997
30,19,9,4,14,4,2,9,6,0,0,1,1,0,0,0,0,12.691537,51.559611
30,19,10,7,7,2,2,5,3,0,0,1,1,0,0,0,0,12.632326,51.547837
30,20,12,21,13,2,3,5,3,0,0,1,0,0,0,0,1,12.627291,51.547231
30,21,11,12,17,6,3,0,1,2,0,1,0,0,0,0,0,12.652723,51.523982
30,23,5,10,6,4,3,0,3,0,0,1,0,0,1,0,0,12.704339,51.57916
30,24,6,25,17,3,3,7,7,0,0,1,0,0,0,0,0,12.629453,51.550098
30,17,5,25,20,5,3,0,1,0,0,1,0,0,0,0,0,13.095409,51.339634
30,17,9,21,10,5,2,0,7,0,0,1,0,0,0,0,0,13.15435,51.33251
30,18,4,7,22,7,3,0,1,2,0,1,1,0,0,0,0,13.179157,51.31164
30,19,6,7,14,6,3,0,3,0,0,1,1,0,0,0,0,13.177681,51.313852
30,19,7,1,17,2,3,5,3,0,0,1,0,0,0,0,1,13.144561,51.365383
30,19,7,7,19,1,1,5,3,0,0,1,1,0,0,0,0,13.192514,51.367681
30,20,4,26,12,1,3,5,3,0,0,1,1,0,0,0,0,13.161647,51.299463
30,20,6,11,15,5,2,5,3,0,0,1,1,0,0,0,0,13.185941,51.313303
30,21,6,15,13,3,3,4,6,0,0,1,1,0,0,0,0,13.176971,51.304214
30,21,7,20,20,3,3,5,3,0,0,1,0,0,1,0,0,13.194466,51.339057
30,24,6,28,10,6,3,5,3,0,0,1,1,0,0,0,0,13.157027,51.320769
30,16,2,5,13,6,3,5,3,0,0,1,1,0,0,0,0,12.457497,51.55674
30,16,4,5,6,3,3,5,3,0,1,1,1,0,0,0,0,12.462592,51.582176
30,16,8,7,18,1,3,1,1,0,0,1,1,0,0,0,0,12.45358,51.555706
30,17,7,25,10,3,2,0,7,0,1,1,0,0,0,0,0,12.47883,51.593322
30,16,6,5,2,1,2,0,7,2,0,1,0,0,0,0,0,12.900507,51.491158
30,17,7,31,18,2,2,0,7,0,0,1,0,0,0,0,0,12.840324,51.496688
30,22,9,3,19,7,2,5,2,0,0,1,1,0,0,0,0,12.813914,51.509847
30,23,6,1,11,5,3,2,2,0,0,1,1,0,0,0,0,12.821826,51.499494
30,23,6,11,12,1,3,0,7,0,0,1,0,0,0,0,0,12.858604,51.506461
30,23,7,27,14,5,3,4,6,0,1,1,0,0,0,0,0,12.815387,51.507786
30,23,9,10,0,1,2,9,1,2,0,1,0,0,0,0,0,12.803838,51.507822
30,23,11,6,10,2,3,5,3,0,0,1,1,0,0,0,0,12.813799,51.506047
30,24,4,6,0,7,3,0,1,2,1,1,0,0,0,0,0,12.796337,51.507686
30,24,11,10,15,1,3,8,1,0,0,1,0,0,0,0,0,12.895602,51.51856
30,25,4,18,17,6,2,0,7,0,1,1,0,0,0,0,0,12.802846,51.507833
30,25,7,29,20,3,2,4,2,0,0,1,0,0,0,0,1,12.803139,51.538835
30,25,9,3,7,4,3,5,3,0,0,1,1,0,0,0,0,12.909299,51.518101
30,25,11,4,15,3,3,8,6,0,1,1,0,0,0,0,1,12.787373,51.506255
30,16,8,6,13,7,2,0,7,0,0,1,0,0,0,0,0,13.063096,51.234817
30,18,6,1,10,6,3,5,3,0,0,1,1,0,0,0,0,13.046235,51.236504
30,19,2,3,18,1,3,0,7,2,0,1,0,0,1,0,0,13.056952,51.233396
30,19,11,4,18,2,3,4,2,2,0,1,1,0,0,0,0,13.056276,51.236028
30,20,6,24,13,4,1,4,2,0,0,1,1,0,0,0,0,13.00757,51.236821
30,20,6,28,11,1,3,6,3,0,0,1,0,1,0,0,0,13.047709,51.237803
30,20,7,9,11,5,3,0,1,0,1,1,0,0,0,0,0,13.041939,51.236566
30,20,8,23,3,1,3,0,1,2,0,1,0,0,0,0,0,13.047553,51.236603
30,21,7,10,2,7,3,6,7,2,0,1,0,1,0,0,0,13.066008,51.234318
30,21,8,15,0,1,3,0,7,2,0,1,0,0,0,0,0,13.062469,51.237077
30,21,12,10,17,6,3,5,3,2,1,1,1,0,0,0,0,13.072621,51.237539
30,22,11,25,8,6,3,0,1,0,2,1,0,0,0,0,0,13.046572,51.237852
30,23,7,15,15,7,2,5,3,0,0,1,1,0,0,0,0,13.0674,51.237374
30,23,9,7,11,5,3,2,6,0,0,1,1,0,0,0,0,13.057316,51.23319
30,23,9,10,11,1,2,4,6,0,0,1,1,0,0,0,0,12.94602,51.226835
30,24,2,29,14,5,3,1,1,0,0,1,1,0,0,0,0,13.078578,51.249256
30,24,6,15,19,7,2,5,3,0,0,1,1,0,0,0,0,13.03335,51.236315
30,24,7,4,10,5,3,0,1,0,0,1,0,0,0,0,0,13.054458,51.234661
30,24,10,2,11,4,3,3,2,0,0,1,1,0,0,0,0,13.049729,51.236653
30,17,5,14,16,1,3,5,3,0,0,1,1,0,0,0,0,13.188887,51.239004
30,18,4,2,6,2,3,4,6,1,1,1,1,0,0,0,1,13.15517,51.265879
30,19,12,3,18,3,2,3,6,2,0,1,1,0,0,0,0,13.165448,51.25207
30,20,8,29,20,7,3,3,6,0,0,1,1,0,0,0,0,13.099528,51.256346
30,20,10,23,15,6,2,5,3,0,0,1,1,0,0,0,0,13.100773,51.257174
30,21,8,27,22,6,1,9,7,2,1,1,0,0,0,0,0,13.187661,51.240611
30,24,3,13,15,4,3,0,7,0,0,1,0,0,0,0,0,13.204101,51.260257
30,24,6,24,12,2,2,1,5,0,0,1,0,0,0,0,1,13.101774,51.257843
30,24,12,16,20,2,3,8,1,2,0,1,0,0,0,0,0,13.129066,51.274699
30,25,8,11,19,2,2,5,3,0,0,1,1,0,0,0,0,13.103857,51.258015
30,25,10,1,7,4,2,8,6,1,1,1,1,0,0,0,0,13.163416,51.254669
30,16,3,3,18,5,2,2,6,2,0,1,1,0,0,0,0,13.091657,51.250955
30,16,4,1,22,6,2,0,1,2,0,1,0,0,0,0,0,13.102024,51.295151
30,16,5,3,17,3,3,3,2,0,0,1,1,0,0,0,0,13.112166,51.314198
30,16,5,4,20,4,3,0,1,1,0,1,0,0,0,0,0,13.112257,51.302628
30,16,5,5,11,5,3,6,7,0,0,1,0,1,0,0,0,13.108001,51.299822
30,16,6,1,15,4,3,4,6,0,0,1,1,0,0,0,0,13.110918,51.300191
30,16,6,7,16,3,2,5,3,0,0,1,1,0,0,0,0,13.139797,51.289126
30,16,7,5,12,3,3,3,6,0,0,1,1,0,0,0,0,13.117864,51.294826
30,16,8,3,7,4,3,0,7,0,0,1,0,0,0,0,0,13.137768,51.289565
30,16,8,4,15,5,3,5,2,0,0,1,1,0,0,0,0,13.095533,51.299756
30,16,8,6,9,7,2,0,1,0,1,1,1,0,0,0,0,13.093982,51.291311
30,16,8,7,19,1,3,2,7,0,0,1,1,0,0,0,0,13.111394,51.294526
30,16,9,2,11,6,3,5,3,0,0,1,0,0,0,1,0,13.096253,51.318012
30,16,9,5,16,2,2,5,3,0,0,1,1,0,0,0,0,13.107014,51.309616
30,16,9,5,17,2,3,0,1,0,0,1,0,0,0,0,0,13.137824,51.289554
30,16,9,7,11,4,2,5,3,0,0,1,1,0,0,0,0,13.137842,51.289551
30,16,10,4,17,3,3,5,3,0,0,1,1,0,0,0,0,13.108535,51.298852
30,16,11,2,9,4,3,5,3,0,0,1,0,0,0,0,0,13.095533,51.299721
30,16,12,5,5,2,3,4,2,2,0,1,1,0,0,0,0,13.110822,51.300382
30,17,3,6,7,2,3,5,2,0,1,1,1,0,0,0,0,13.106423,51.31269
30,17,3,18,11,7,2,5,3,0,1,1,1,0,0,0,0,13.142396,51.288687
30,17,3,23,12,5,3,1,5,0,0,1,1,0,0,0,0,13.108803,51.298554
30,17,6,20,8,3,3,6,7,0,0,1,0,1,0,0,0,13.101628,51.304763
30,17,6,20,15,3,3,5,3,0,0,1,1,0,0,0,0,13.061544,51.294392
30,17,9,5,8,3,3,0,1,0,0,1,0,0,0,0,0,13.103981,51.300511
30,17,10,19,18,5,3,0,6,1,0,1,1,0,0,0,0,13.094714,51.253118
30,17,10,27,7,6,3,4,2,1,1,1,1,0,0,0,0,13.107454,51.301071
30,17,11,24,11,6,3,5,3,0,0,1,1,0,0,0,0,13.092443,51.303524
30,17,11,27,12,2,3,0,7,0,0,1,0,0,0,0,1,13.10394,51.300871
30,17,12,8,17,6,3,5,3,2,1,1,1,0,0,0,0,13.108308,51.303642
30,18,2,7,18,4,3,5,3,2,0,1,1,0,0,0,0,13.097137,51.302863
30,18,3,4,16,1,3,5,3,0,0,1,0,0,0,0,0,13.107023,51.298133
30,18,3,4,18,1,3,3,5,1,0,1,1,0,0,0,0,13.107023,51.305419
30,18,3,6,14,3,3,0,1,0,0,1,0,0,0,0,0,13.111628,51.29894
30,18,4,2,17,2,3,4,2,0,0,1,1,0,0,0,0,13.091925,51.299741
30,18,4,3,7,3,2,5,3,0,0,1,0,0,0,1,0,13.100708,51.304594
30,18,5,1,9,3,3,5,3,0,0,1,0,0,0,0,1,13.113462,51.295764
30,18,6,7,4,5,3,0,3,1,0,1,1,0,0,0,0,13.111483,51.298885
30,18,7,1,11,1,3,5,3,0,0,1,1,0,0,0,0,13.118624,51.294406
30,18,7,3,9,3,3,5,3,0,0,1,1,0,0,0,0,13.11299,51.294447
30,18,8,2,8,5,2,6,6,0,0,1,0,1,0,0,0,13.100639,51.290589
30,18,9,5,15,4,3,5,3,0,0,1,1,0,0,0,0,13.101094,51.297714
30,18,9,7,14,6,3,3,6,0,0,1,0,0,0,1,0,13.106975,51.305474
30,18,10,2,17,3,3,5,3,2,1,1,1,0,0,0,0,13.100506,51.292655
30,18,10,4,9,5,3,5,3,0,0,1,1,0,0,0,0,13.113001,51.294434
30,18,11,1,16,5,2,5,3,1,1,1,1,0,0,0,0,13.111019,51.297218
30,18,11,2,6,6,2,2,6,2,0,1,0,0,0,0,1,13.085057,51.310378
30,18,11,4,11,1,2,4,2,0,0,1,1,0,0,0,0,13.112917,51.299304
30,18,11,5,11,2,3,5,3,0,1,1,1,0,0,0,0,13.098597,51.289987
30,18,12,7,8,6,3,5,3,0,1,1,1,0,0,0,0,13.094942,51.299751
30,19,1,6,19,1,1,2,6,2,0,1,1,0,0,0,0,13.066416,51.265404
30,19,2,4,7,2,3,5,7,0,0,1,1,0,0,0,0,13.100761,51.304387
30,19,4,1,11,2,3,0,1,0,1,1,0,0,0,0,0,13.110802,51.297263
30,19,5,3,9,6,3,5,3,0,0,1,1,0,0,0,0,13.112996,51.29444
30,19,5,3,13,6,3,5,3,0,0,1,1,0,0,0,0,13.137877,51.289544
30,19,5,5,16,1,3,4,2,0,0,1,1,0,0,0,0,13.096787,51.304084
30,19,6,1,13,7,1,5,3,0,0,1,1,0,0,0,0,13.070618,51.292317
30,19,6,5,7,4,3,5,3,0,0,1,1,0,0,0,0,13.103947,51.300868
30,19,6,5,10,4,3,3,2,0,0,1,1,0,0,0,0,13.105234,51.296732
30,19,7,2,6,3,3,4,2,0,0,1,1,0,0,0,0,13.094056,51.299744
30,19,7,3,11,4,3,0,3,0,0,1,1,0,0,0,0,13.110915,51.295995
30,19,8,3,14,7,3,5,3,0,0,1,0,0,0,0,0,13.096937,51.308417
30,19,8,6,17,3,2,3,3,0,0,1,1,0,0,0,0,13.098297,51.299777
30,19,9,2,13,2,3,3,6,0,0,1,1,0,0,0,0,13.099121,51.292855
30,19,9,6,1,6,3,0,1,2,1,1,0,0,0,0,0,13.085362,51.295048
30,19,10,7,10,2,2,6,4,0,0,1,0,1,0,0,0,13.111662,51.29451
30,19,11,4,17,2,2,5,3,2,0,1,1,0,0,0,0,13.113294,51.297462
30,19,12,5,10,5,2,4,2,0,0,1,1,0,0,0,0,13.108313,51.303621
30,20,2,1,12,7,3,5,3,0,0,1,1,0,0,0,0,13.095534,51.298346
30,20,2,11,9,3,2,0,7,0,1,1,0,0,0,0,0,13.112968,51.294474
30,20,3,10,10,3,2,5,2,0,1,1,1,0,0,0,0,13.107984,51.299872
30,20,3,27,14,6,3,6,6,0,0,1,0,1,0,0,0,13.098176,51.299775
30,20,4,1,14,4,3,1,5,0,0,1,1,0,0,0,0,13.098752,51.30359
30,20,6,6,16,7,3,8,1,0,0,1,0,0,0,0,0,13.104714,51.300353
30,20,6,11,11,5,3,5,3,0,0,1,1,0,0,0,0,13.096668,51.302182
30,20,8,25,8,3,2,0,6,0,0,1,0,0,0,0,0,13.117448,51.292292
30,20,10,13,5,3,2,4,2,2,0,1,1,0,0,0,0,13.096184,51.317973
30,20,11,28,8,7,3,0,1,0,0,1,0,0,0,0,0,13.098377,51.306996
30,21,5,4,11,3,3,1,5,0,1,1,1,0,0,0,0,13.108313,51.295914
30,21,7,14,10,4,2,5,3,0,0,1,1,0,0,0,0,13.095534,51.298681
30,21,8,18,9,4,3,0,1,0,1,1,0,0,0,0,0,13.06709,51.294476
30,21,9,6,11,2,3,5,3,0,0,1,1,0,0,0,0,13.108734,51.299979
30,21,11,9,17,3,3,4,2,2,0,1,1,0,0,0,0,13.110677,51.300369
30,21,11,11,16,5,3,0,1,1,0,1,0,0,0,0,0,13.119396,51.297819
30,21,11,20,10,7,3,5,3,0,0,1,1,0,0,0,0,13.113127,51.297835
30,22,3,1,13,3,3,5,3,0,0,1,1,0,0,0,0,13.096659,51.302171
30,22,4,12,13,3,3,5,2,0,0,1,1,0,0,0,0,13.11333,51.297385
30,22,5,16,7,2,3,5,3,0,0,1,1,0,0,0,0,13.106796,51.305674
30,22,5,25,15,4,3,1,5,0,0,1,1,0,0,0,0,13.093793,51.295702
30,22,6,11,18,7,2,5,3,0,0,1,1,0,0,0,0,13.095596,51.307982
30,22,6,29,18,4,2,5,3,0,0,1,1,0,0,0,0,13.098338,51.290252
30,22,7,28,16,5,3,5,2,0,0,1,1,0,0,0,0,13.118671,51.294379
30,22,8,22,10,2,3,5,3,0,0,1,1,0,0,0,0,13.094062,51.299744
30,22,11,24,16,5,3,5,3,2,1,1,1,0,0,0,0,13.10672,51.311288
30,23,6,7,17,4,3,5,3,0,0,1,1,0,0,0,0,13.091332,51.297352
30,23,6,26,7,2,3,1,6,0,0,1,1,0,0,0,0,13.107438,51.314848
30,23,7,6,15,5,2,5,3,0,0,1,1,0,0,0,0,13.127415,51.278765
30,23,8,14,9,2,3,5,3,0,0,1,1,0,0,0,0,13.111312,51.298901
30,23,8,22,6,3,3,5,3,0,0,1,1,0,0,0,0,13.135057,51.290097
30,23,9,8,8,6,2,5,3,0,0,1,1,0,0,0,0,13.112913,51.299319
30,23,9,12,7,3,3,5,3,0,0,1,1,0,0,0,0,13.093131,51.304453
30,23,11,2,6,5,3,5,3,0,0,1,0,0,1,0,0,13.112973,51.294469
30,23,11,3,15,6,3,2,6,0,0,1,1,0,0,0,0,13.099452,51.296054
30,24,2,7,11,4,3,0,1,0,1,1,0,0,0,0,0,13.095291,51.30999
30,24,4,30,10,3,3,1,7,0,0,1,1,0,0,0,0,13.09576,51.309561
30,24,6,28,16,6,3,3,2,0,0,1,0,0,0,0,1,13.097435,51.30636
30,24,7,4,14,5,3,5,3,0,0,1,1,0,0,0,0,13.107046,51.314927
30,24,7,13,15,7,2,0,7,0,0,1,1,0,0,0,0,13.07025,51.317534
30,24,7,25,16,5,2,4,6,0,0,1,1,0,0,0,0,13.075279,51.271254
30,24,8,2,13,6,3,5,3,0,1,1,1,0,0,0,0,13.109554,51.302231
30,24,8,9,18,6,3,4,6,0,0,1,0,0,0,0,0,13.098036,51.299772
30,24,8,12,18,2,3,6,6,0,0,1,0,1,0,0,0,13.0969,51.310993
30,24,9,19,15,5,3,5,3,0,0,1,1,0,0,0,0,13.102574,51.294466
30,24,10,7,9,2,2,0,7,0,0,1,0,0,0,0,0,13.107177,51.308085
30,24,10,23,15,4,3,0,1,0,0,1,0,0,0,0,0,13.109074,51.300029
30,24,10,30,14,4,3,1,7,0,0,1,1,0,0,0,0,13.108782,51.298551
30,25,1,9,7,5,3,5,3,1,1,1,1,0,0,0,0,13.100335,51.306926
30,25,1,24,7,6,3,0,1,1,2,1,0,0,0,0,0,13.112992,51.294446
30,25,3,5,15,4,3,5,3,0,0,1,1,0,0,0,0,13.108314,51.303616
30,25,4,16,13,4,2,1,7,0,0,1,0,0,0,0,1,13.101309,51.297049
30,25,5,30,7,6,3,5,3,0,0,1,0,0,0,0,0,13.101891,51.295539
30,25,6,14,22,7,3,0,1,2,0,1,0,0,0,0,0,13.10577,51.296777
30,25,7,9,11,4,2,3,2,0,0,1,1,0,0,0,0,13.107573,51.297126
30,25,7,15,9,3,3,3,6,0,0,1,1,0,0,0,0,13.109645,51.302142
30,25,7,17,14,5,3,0,1,0,0,1,0,0,0,0,0,13.110804,51.294596
30,25,8,1,20,6,3,5,3,0,0,1,1,0,0,0,0,13.096564,51.307088
30,25,9,4,7,5,3,4,2,0,0,1,1,0,0,0,0,13.118675,51.294377
30,25,9,8,16,2,3,5,3,0,0,1,1,0,0,0,0,13.10866,51.298533
30,25,9,29,9,2,3,5,3,0,0,1,1,0,0,0,0,13.091907,51.299741
30,25,10,12,16,1,2,5,3,0,0,1,1,0,0,0,0,13.095723,51.295882
30,25,10,14,15,3,2,5,3,0,1,1,1,0,0,0,0,13.092914,51.287918
30,25,11,18,12,3,3,3,2,0,0,1,1,0,0,0,0,13.103785,51.296092
30,25,12,17,9,4,3,0,1,0,2,1,0,0,0,0,0,13.100661,51.304626
30,25,12,17,9,4,2,0,1,0,2,1,0,0,0,0,0,13.104789,51.305352
30,16,7,2,22,7,3,4,6,2,0,1,0,0,0,0,0,12.355241,51.43273
30,17,2,28,11,3,3,5,3,0,0,1,1,0,0,0,0,12.387811,51.435142
30,17,9,28,14,5,3,2,6,0,0,1,1,0,0,0,0,12.374119,51.471352
30,17,11,15,6,4,3,2,2,2,0,1,1,0,0,0,0,12.368162,51.435063
30,18,6,4,7,2,3,5,3,0,0,1,1,0,0,0,0,12.372907,51.432732
30,18,8,2,12,5,3,0,7,0,0,1,1,0,0,0,0,12.359749,51.47893
30,18,8,4,15,7,3,6,6,0,0,1,0,1,0,0,0,12.341417,51.434477
30,18,8,5,13,1,3,2,6,0,0,1,0,0,0,0,0,12.382572,51.426351
30,18,12,4,12,3,2,3,6,0,0,1,1,0,0,0,0,12.359723,51.478876
30,19,2,4,14,2,3,5,3,0,0,1,1,0,0,0,0,12.359645,51.47959
30,19,5,1,12,4,3,3,6,0,0,1,0,0,0,0,0,12.40944,51.464924
30,19,5,2,17,5,2,3,6,0,0,1,0,0,1,0,0,12.343264,51.474257
30,19,6,4,20,3,3,4,2,0,0,1,1,0,0,0,0,12.347011,51.465104
30,19,8,2,19,6,2,3,2,0,0,1,1,0,0,0,0,12.347451,51.435782
30,19,8,6,17,3,3,5,3,0,0,1,1,0,0,0,0,12.359629,51.479599
30,19,11,2,9,7,3,5,3,0,1,1,1,0,0,0,0,12.359642,51.479592
30,19,11,5,16,3,3,4,6,2,0,1,1,0,0,0,0,12.365912,51.481383
30,20,3,8,12,1,3,1,5,0,0,1,1,0,0,0,0,12.381583,51.424585
30,20,5,3,0,1,3,8,1,2,0,1,0,0,0,0,0,12.341594,51.480731
30,20,10,24,11,7,2,5,3,0,0,1,1,0,0,0,0,12.373307,51.433306
30,20,12,9,17,4,3,3,2,2,1,1,1,0,0,0,0,12.372249,51.438258
30,21,1,5,7,3,3,0,7,2,1,1,0,0,0,0,0,12.357425,51.433272
30,21,4,17,10,7,2,3,2,0,0,1,1,0,0,0,0,12.349271,51.486719
30,21,5,15,17,7,3,5,3,0,0,1,1,0,0,0,0,12.346039,51.474077
30,21,6,20,15,1,3,1,5,0,0,1,1,0,0,0,0,12.377826,51.430464
30,21,10,14,10,5,3,5,3,0,1,1,1,0,0,0,0,12.359691,51.479543
30,22,10,9,13,1,2,4,1,0,0,1,1,0,0,0,0,12.379153,51.44902
30,22,10,12,6,4,2,3,6,2,0,1,0,0,0,0,1,12.367267,51.437012
30,22,10,23,16,1,2,3,2,0,0,1,0,0,1,0,0,12.387209,51.470869
30,22,11,24,16,5,3,5,3,2,1,1,1,0,0,0,0,12.359642,51.479591
30,23,5,27,15,7,1,0,7,0,0,1,0,0,0,0,0,12.355673,51.434156
30,23,6,2,15,6,3,5,3,0,0,1,1,0,0,0,0,12.359642,51.479591
30,23,8,23,8,4,3,0,1,0,0,1,0,0,0,0,0,12.362236,51.486029
30,23,9,16,12,7,1,0,1,0,0,1,0,0,0,0,0,12.342736,51.436611
30,23,9,19,16,3,3,3,2,0,0,1,1,0,0,0,0,12.368277,51.434832
30,24,2,1,15,5,3,1,7,0,0,1,0,0,0,0,1,12.354732,51.482574
30,24,7,15,21,2,3,0,1,1,0,1,0,0,0,0,0,12.372408,51.439646
30,24,8,26,10,2,3,5,3,0,0,1,1,0,0,0,0,12.360452,51.48182
30,24,10,20,14,1,3,5,3,0,0,1,1,0,0,0,0,12.330527,51.449887
30,24,11,10,12,1,3,1,7,0,0,1,1,0,0,0,0,12.372513,51.439718
30,24,11,13,7,4,2,0,1,1,1,1,0,0,0,0,0,12.364349,51.475538
30,25,4,18,0,6,3,7,1,2,0,1,0,0,0,0,0,12.326332,51.474639
30,25,5,25,14,1,2,5,3,0,1,1,1,0,0,0,0,12.370446,51.473088
30,25,6,28,9,7,3,5,3,0,0,1,1,0,0,0,0,12.348,51.466244
30,25,7,24,12,5,3,2,6,0,0,1,0,0,0,1,0,12.365071,51.432409
30,25,8,2,18,7,3,4,6,0,0,1,1,0,0,0,0,12.344013,51.462232
30,16,3,6,10,1,3,5,3,0,0,1,1,0,0,0,0,12.228799,51.39378
30,16,4,5,15,3,3,0,1,0,1,1,0,0,0,0,0,12.21726,51.40202
30,16,4,5,17,3,3,4,3,0,0,1,1,0,0,0,0,12.2317,51.392111
30,16,6,3,15,6,3,5,3,0,0,1,1,0,0,0,0,12.228802,51.393768
30,16,7,6,17,4,3,5,3,0,0,1,1,0,0,0,0,12.233394,51.392473
30,16,8,1,8,2,3,5,3,0,0,1,1,0,0,0,0,12.245909,51.388989
30,16,10,2,21,1,2,2,6,2,1,1,0,0,1,0,0,12.224819,51.350094
30,16,10,3,14,2,2,5,3,0,0,1,1,0,0,0,0,12.19159,51.398879
30,16,10,7,12,6,3,6,4,0,0,1,0,0,0,0,1,12.241432,51.390199
30,17,3,22,17,4,2,5,3,0,0,1,1,0,0,0,0,12.222012,51.397329
30,17,5,15,14,2,3,4,6,0,0,1,0,0,0,0,0,12.230938,51.393186
30,17,6,11,14,1,3,5,3,0,0,1,1,0,0,0,0,12.188953,51.389306
30,17,8,6,11,1,3,5,3,0,0,1,1,0,0,0,0,12.243815,51.38951
30,17,9,11,14,2,3,5,3,0,0,1,1,0,0,0,0,12.210048,51.393325
30,18,4,6,11,6,3,3,6,0,0,1,1,0,0,0,0,12.221944,51.393544