UKREIS,UJAHR,UMONAT,UTAG,USTUNDE,UWOCHENTAG,UKATEGORIE,UART,UTYP,LICHT,USTRZUSTAND,IstRad,IstPKW,IstFuss,IstKrad,IstGkfz,IstSonstige,@lon,@lat
30,18,5,1,10,3,3,3,6,0,0,1,0,0,0,1,0,12.200265,51.392458
30,18,5,3,16,5,3,5,3,0,0,1,1,0,0,0,0,12.241859,51.40387
30,18,7,7,15,7,3,4,6,0,0,1,0,0,0,0,0,12.218654,51.397643
30,18,7,7,20,7,3,8,1,1,0,1,0,0,0,0,0,12.233545,51.442141
30,18,8,4,8,7,3,5,3,0,0,1,1,0,0,0,0,12.2239,51.38554
30,18,9,4,11,3,3,1,5,0,0,1,1,0,0,0,1,12.222011,51.39733
30,18,9,5,18,4,3,5,3,0,0,1,1,0,0,0,0,12.2287,51.393736
30,18,10,5,17,6,3,0,7,0,0,1,1,0,0,0,0,12.249334,51.387942
30,18,11,6,10,3,3,5,3,0,1,1,1,0,0,0,0,12.228834,51.393768
30,19,1,2,21,4,3,5,3,2,0,1,1,0,0,0,0,12.231769,51.40331
30,19,6,3,8,2,3,3,2,0,0,1,1,0,0,0,0,12.24588,51.388931
30,19,6,4,12,3,3,0,1,0,0,1,0,0,0,0,0,12.230387,51.393355
30,19,8,3,10,7,2,5,3,0,0,1,1,0,0,0,0,12.280318,51.435411
30,19,9,4,14,4,3,0,3,0,1,1,1,0,0,0,0,12.241901,51.403999
30,19,10,2,7,4,2,3,6,0,1,1,1,0,0,0,0,12.215048,51.3945
30,19,11,3,14,1,2,5,3,0,0,1,1,0,0,0,0,12.221824,51.396374
30,20,5,5,16,3,2,5,3,0,0,1,1,0,0,0,0,12.228834,51.393774
30,20,6,12,7,6,3,0,1,1,1,1,0,0,0,0,0,12.235657,51.401864
30,20,7,25,15,7,3,4,6,0,0,1,0,0,0,0,1,12.221509,51.39574
30,20,8,11,10,3,2,5,3,0,0,1,0,0,0,0,1,12.222393,51.396908
30,20,9,3,15,5,3,5,3,0,0,1,1,0,0,0,0,12.236765,51.391541
30,20,9,7,5,2,3,2,2,2,0,1,1,0,0,0,0,12.229332,51.399128
30,20,9,7,9,2,3,5,3,0,0,1,0,0,0,0,1,12.221999,51.39738
30,20,10,9,20,6,3,5,3,2,0,1,1,0,0,0,0,12.192223,51.399547
30,20,12,30,11,4,3,5,3,0,0,1,0,0,0,0,1,12.24531,51.389088
30,21,2,28,7,1,3,5,3,1,1,1,1,0,0,0,0,12.20584,51.353188
30,21,3,16,16,3,2,5,3,0,0,1,1,0,0,0,0,12.228842,51.393769
30,21,5,24,12,2,2,5,1,0,0,1,0,0,0,0,0,12.221853,51.388618
30,21,6,8,14,3,3,6,4,0,0,1,0,1,0,0,0,12.279227,51.422747
30,21,6,28,13,2,3,4,6,0,0,1,0,0,0,0,0,12.286211,51.422759
30,21,7,9,8,6,3,0,1,0,1,1,0,0,0,0,0,12.22119,51.400808
30,21,7,17,16,7,3,1,1,0,0,1,1,0,0,0,0,12.228133,51.401813
30,21,7,30,18,6,3,0,7,0,0,1,0,0,0,0,0,12.223813,51.383545
30,21,8,17,11,3,3,5,3,0,0,1,1,0,0,0,0,12.232214,51.392819
30,21,9,15,7,4,3,7,7,0,0,1,0,0,0,0,0,12.246178,51.398062
30,21,9,21,22,3,3,0,7,2,0,1,0,0,0,0,0,12.181884,51.402656
30,21,10,11,7,2,3,2,2,0,0,1,0,0,0,0,0,12.221202,51.401184
30,21,10,17,18,1,2,4,2,2,0,1,1,0,0,0,0,12.221646,51.393563
30,21,11,26,6,6,3,5,3,1,0,1,1,0,0,0,0,12.253939,51.386765
30,21,12,14,8,3,3,5,3,1,1,1,1,0,0,0,0,12.237144,51.391431
30,21,12,20,16,2,2,0,7,1,0,1,0,0,0,0,0,12.211113,51.402388
30,22,1,12,11,4,3,1,7,0,0,1,1,0,0,0,0,12.217689,51.399849
30,22,3,31,19,5,3,5,3,0,1,1,1,0,0,0,0,12.226735,51.397597
30,22,4,27,17,4,3,3,6,0,0,1,1,0,0,0,0,12.197935,51.402072
30,22,5,9,15,2,2,5,3,0,0,1,0,0,0,0,1,12.230795,51.393226
30,22,6,8,8,4,3,5,3,0,0,1,1,0,0,0,0,12.236766,51.391541
30,22,6,18,18,7,3,1,1,0,0,1,1,0,0,0,0,12.335519,51.451893
30,22,7,4,19,2,3,6,4,0,0,1,0,1,0,0,0,12.221322,51.396001
30,22,7,11,18,2,2,0,7,0,0,1,0,0,0,0,0,12.247161,51.388556
30,22,7,27,14,4,3,3,6,0,0,1,0,0,0,0,0,12.280693,51.434942
30,22,8,23,14,3,3,2,6,0,0,1,1,0,0,0,0,12.20927,51.353799
30,22,9,19,6,2,3,5,2,2,1,1,1,0,0,0,0,12.302798,51.417419
30,22,9,26,6,2,2,5,3,2,1,1,1,0,0,0,0,12.210292,51.403078
30,22,10,10,7,2,3,6,7,0,0,1,0,1,0,0,0,12.223748,51.395599
30,22,11,21,11,2,2,0,1,0,2,1,0,0,0,0,0,12.253718,51.418117
30,22,12,8,10,5,3,0,1,0,0,1,0,0,0,0,0,12.225263,51.397016
30,23,1,16,7,2,2,5,3,2,0,1,0,0,0,0,1,12.217018,51.369895
30,23,2,28,16,3,3,5,2,0,0,1,1,0,0,0,0,12.240144,51.390569
30,23,3,3,10,6,3,5,2,0,0,1,1,0,0,0,0,12.214027,51.394612
30,23,5,10,8,4,3,2,6,0,0,1,0,0,0,0,0,12.221323,51.400192
30,23,6,9,11,6,3,4,6,0,0,1,0,0,0,0,0,12.334543,51.446465
30,23,7,6,10,5,3,3,6,0,0,1,1,0,0,0,0,12.221711,51.393512
30,23,7,13,6,5,2,4,2,0,0,1,1,0,0,0,0,12.30341,51.417886
30,23,11,23,6,5,3,4,2,2,0,1,1,0,0,0,0,12.220822,51.402932
30,24,2,13,20,3,3,2,6,2,0,1,1,0,0,0,0,12.216664,51.36842
30,24,5,9,16,5,3,0,1,0,0,1,0,0,0,0,0,12.183996,51.38251
30,24,6,3,14,2,3,4,2,0,0,1,1,0,0,0,0,12.221439,51.399655
30,24,6,7,9,6,3,5,2,0,0,1,1,0,0,0,0,12.245445,51.389051
30,24,6,23,17,1,3,3,6,0,0,1,0,0,0,0,0,12.223887,51.385339
30,24,6,24,18,2,3,0,1,0,0,1,0,0,0,0,0,12.236662,51.391571
30,24,7,23,8,3,3,5,2,0,0,1,1,0,0,0,0,12.212567,51.396364
30,24,8,6,18,3,3,4,2,0,0,1,1,0,0,0,0,12.221703,51.393538
30,24,9,4,8,4,3,5,3,0,0,1,1,0,0,0,0,12.236819,51.391525
30,24,9,5,7,5,3,5,3,0,0,1,1,0,0,0,0,12.228412,51.393757
30,24,10,2,6,4,3,5,3,0,0,1,1,0,0,0,0,12.279285,51.414656
30,25,3,6,16,5,2,5,3,0,0,1,1,0,0,0,0,12.218395,51.376459
30,25,4,11,17,6,3,5,2,0,0,1,1,0,0,0,0,12.205272,51.392835
30,25,5,4,12,1,3,6,4,0,0,1,0,1,0,0,0,12.235069,51.404978
30,25,6,20,19,6,2,3,6,1,0,1,1,0,0,0,0,12.227372,51.397952
30,25,6,29,16,1,3,0,7,0,0,1,0,0,0,0,0,12.33689,51.447833
30,25,8,4,19,2,3,0,7,0,0,1,0,0,0,0,0,12.241351,51.390222
30,25,8,26,18,3,3,5,3,0,0,1,0,0,0,0,1,12.220243,51.39385
30,25,8,29,21,6,3,8,6,2,0,1,1,0,0,0,0,12.220919,51.37903
30,25,9,3,7,4,3,4,2,0,0,1,1,0,0,0,0,12.212966,51.394756
30,25,9,21,12,1,2,5,7,0,0,1,0,0,0,0,0,12.223018,51.444823
30,25,10,22,16,4,3,5,3,0,0,1,1,0,0,0,0,12.298741,51.417857
30,25,11,27,14,5,3,6,6,0,0,1,0,1,0,0,0,12.221831,51.402848
30,25,11,30,21,1,3,0,1,2,1,1,0,0,0,0,0,12.304923,51.419828
30,25,12,12,9,6,3,0,1,0,2,1,0,0,0,0,0,12.228703,51.393747
30,16,8,1,10,2,2,3,7,0,0,1,1,0,0,0,0,12.42687,51.513094
30,19,7,3,6,4,3,5,3,0,0,1,1,0,0,0,0,12.443367,51.51672
30,21,3,9,10,3,3,3,6,0,0,1,0,0,0,0,1,12.414981,51.476026
30,22,1,2,12,1,3,9,1,0,1,1,0,0,0,0,0,12.499461,51.479995
30,23,6,15,16,5,2,5,3,0,0,1,1,0,0,0,0,12.501045,51.489905
30,23,9,9,23,7,3,3,6,2,0,1,1,0,0,0,0,12.495727,51.501908
30,24,7,22,7,2,3,5,2,0,0,1,0,0,0,0,1,12.497269,51.496479
30,24,10,15,14,3,2,5,3,0,0,1,0,0,0,0,1,12.431564,51.500335
30,25,5,18,10,1,2,5,2,0,0,1,1,0,0,0,0,12.479854,51.517431
30,16,1,7,7,5,3,5,3,0,0,1,1,0,0,0,0,12.493969,51.382326
30,16,4,1,9,6,3,1,5,0,0,1,1,0,0,0,0,12.502852,51.381976
30,16,4,4,15,2,3,5,3,0,0,1,0,0,0,0,0,12.481857,51.370608
30,16,4,6,7,4,3,4,2,0,0,1,1,0,0,0,0,12.477653,51.382307
30,16,4,6,17,4,3,5,3,0,1,1,1,0,0,0,0,12.486586,51.386014
30,16,5,1,23,1,3,6,4,2,0,1,0,1,0,0,0,12.4815,51.374832
30,16,6,1,18,4,3,3,6,0,0,1,1,0,0,0,0,12.489063,51.384762
30,16,6,2,14,5,3,0,3,0,0,1,0,0,1,0,0,12.490296,51.378364
30,16,7,4,7,2,3,5,3,0,0,1,0,0,0,0,0,12.487555,51.380692
30,16,8,5,7,6,3,5,3,0,0,1,1,0,0,0,0,12.487477,51.374706
30,16,9,5,6,2,3,5,3,1,0,1,1,0,0,0,0,12.482788,51.375296
30,16,9,6,13,3,2,5,3,0,0,1,1,0,0,0,0,12.496115,51.377311
30,16,9,7,13,4,1,5,3,0,0,1,1,0,0,0,0,12.484408,51.384057
30,16,10,1,19,7,2,2,6,2,0,1,1,0,0,0,0,12.482542,51.375207
30,17,3,29,11,4,3,5,3,0,0,1,0,0,0,0,1,12.47758,51.382356
30,17,6,7,14,4,3,0,7,0,0,1,0,0,0,0,0,12.492448,51.366143
30,17,6,21,7,4,3,4,2,0,0,1,1,0,0,0,0,12.484683,51.381248
30,17,9,16,11,7,3,4,6,0,0,1,0,0,0,0,0,12.516025,51.383371
30,17,9,19,20,3,3,5,3,2,0,1,1,0,0,0,0,12.49033,51.378384
30,17,9,20,6,4,3,5,3,1,0,1,1,0,0,0,0,12.489967,51.37817
30,17,10,18,5,4,3,0,3,2,0,1,1,0,0,0,0,12.482489,51.381809
30,17,11,6,14,2,3,5,3,0,0,1,1,0,0,0,0,12.487366,51.377811
30,17,11,21,19,3,3,5,3,2,1,1,0,0,0,0,1,12.490329,51.378383
30,17,12,19,7,3,3,5,3,2,0,1,1,0,0,0,0,12.490328,51.378383
30,17,12,22,7,6,3,5,3,2,1,1,1,0,0,0,0,12.494056,51.382409
30,17,12,28,13,5,3,5,3,0,1,1,1,0,0,0,0,12.476768,51.371748
30,18,1,1,16,2,3,4,2,0,0,1,1,0,0,0,0,12.491413,51.379056
30,18,1,5,13,6,3,0,1,0,0,1,0,0,0,0,0,12.478191,51.376771
30,18,2,2,12,6,3,5,3,0,0,1,1,0,0,0,0,12.479335,51.374033
30,18,2,3,10,7,3,5,3,0,0,1,1,0,0,0,0,12.486899,51.372567
30,18,3,1,17,5,3,5,3,1,0,1,1,0,0,0,0,12.482775,51.375291
30,18,3,6,7,3,3,5,3,0,0,1,1,0,0,0,0,12.509335,51.382295
30,18,4,7,15,7,3,4,2,0,0,1,1,0,0,0,0,12.509225,51.411608
30,18,6,1,7,6,3,5,3,0,0,1,1,0,0,0,0,12.495312,51.380363
30,18,6,1,14,6,3,5,3,0,0,1,1,0,0,0,0,12.493831,51.383498
30,18,6,6,12,4,3,3,2,0,0,1,1,0,0,0,0,12.492643,51.37969
30,18,7,6,15,6,3,1,5,0,0,1,1,0,0,0,0,12.485903,51.388328
30,18,8,2,14,5,3,3,6,0,0,1,1,0,0,0,0,12.488071,51.374917
30,18,8,4,19,7,2,5,3,0,0,1,0,0,0,0,1,12.482664,51.37525
30,18,8,4,19,7,3,4,6,0,0,1,1,0,0,0,0,12.490094,51.388692
30,18,9,3,16,2,3,5,3,0,0,1,1,0,0,0,0,12.508116,51.379058
30,18,9,4,11,3,3,1,5,0,0,1,1,0,0,0,0,12.503283,51.382027
30,18,9,4,11,3,2,1,5,0,0,1,1,0,0,0,0,12.508671,51.40787
30,18,9,6,7,5,3,5,3,0,0,1,0,0,1,0,0,12.536488,51.377592
30,18,11,2,14,6,2,4,2,0,0,1,1,0,0,0,0,12.482736,51.375277
30,18,11,7,7,4,3,5,3,0,0,1,1,0,0,0,0,12.492792,51.371535
30,18,12,7,7,6,2,3,2,0,0,1,0,0,0,0,1,12.478095,51.373602
30,19,2,2,15,7,3,2,7,0,0,1,0,0,0,0,1,12.48157,51.374971
30,19,3,6,22,4,3,1,5,2,0,1,1,0,0,0,0,12.504718,51.38306
30,19,3,7,19,5,3,4,2,2,0,1,1,0,0,0,0,12.486524,51.37665
30,19,4,5,14,6,3,4,2,0,0,1,1,0,0,0,0,12.473466,51.371809
30,19,5,2,20,5,3,4,1,1,0,1,0,0,0,0,0,12.486758,51.389763
30,19,5,6,17,2,2,5,3,0,0,1,0,0,0,1,0,12.516959,51.383578
30,19,5,7,9,3,3,5,3,0,0,1,1,0,0,0,0,12.499699,51.381391
30,19,5,7,10,3,3,5,3,0,0,1,0,0,0,0,1,12.482757,51.375285
30,19,6,5,7,4,3,2,6,0,0,1,0,1,0,0,0,12.486095,51.381746
30,19,6,6,17,5,2,5,3,0,0,1,1,0,0,0,0,12.493351,51.383182
30,19,6,6,19,5,3,5,3,0,0,1,1,0,0,0,0,12.492644,51.379691
30,19,8,1,9,5,3,5,3,0,0,1,1,0,0,0,0,12.484415,51.384065
30,19,8,7,17,4,3,5,3,0,1,1,1,0,0,0,0,12.482764,51.375287
30,19,9,4,9,4,2,5,3,0,1,1,1,0,0,0,0,12.482438,51.381853
30,19,10,3,16,5,3,5,3,0,0,1,1,0,0,0,0,12.479528,51.374098
30,19,10,7,14,2,3,5,3,0,0,1,1,0,0,0,0,12.482763,51.375287
30,19,11,1,14,6,3,3,2,0,0,1,0,0,0,1,0,12.486512,51.376646
30,19,11,7,16,5,3,1,5,0,0,1,1,0,0,0,0,12.484462,51.373711
30,19,12,3,6,3,2,5,3,2,1,1,1,0,0,0,0,12.518349,51.383807
30,19,12,3,14,3,3,5,3,0,0,1,1,0,0,0,0,12.479514,51.374093
30,20,3,5,15,5,3,5,3,0,0,1,1,0,0,0,0,12.490311,51.378373
30,20,3,16,10,2,3,0,5,0,0,1,1,0,0,0,0,12.488036,51.375124
30,20,4,25,18,7,3,4,6,0,0,1,1,0,0,0,0,12.487533,51.375639
30,20,5,7,14,5,3,5,3,0,0,1,1,0,0,0,0,12.477922,51.382292
30,20,6,7,15,1,3,3,6,0,0,1,1,0,0,0,0,12.488931,51.374147
30,20,9,1,7,3,3,5,3,0,0,1,1,0,0,0,0,12.482775,51.375291
30,20,9,16,7,4,2,5,3,0,0,1,1,0,0,0,0,12.482766,51.375288
30,20,10,1,11,5,3,5,7,0,0,1,1,0,0,0,0,12.490834,51.37393
30,20,10,6,15,3,3,5,3,0,0,1,1,0,0,0,0,12.49281,51.371538
30,20,11,21,13,7,3,5,3,0,0,1,1,0,0,0,0,12.490467,51.375721
30,20,12,1,16,3,3,5,2,1,0,1,0,0,0,0,1,12.490292,51.378361
30,20,12,5,10,7,2,5,3,0,0,1,1,0,0,0,0,12.485648,51.372087
30,21,3,3,14,4,3,5,3,0,0,1,1,0,0,0,0,12.493288,51.380789
30,21,3,29,14,2,3,4,2,0,0,1,1,0,0,0,0,12.490318,51.378377
30,21,5,14,15,6,2,0,1,0,0,1,0,0,0,0,0,12.483303,51.381542
30,21,6,4,10,6,3,6,4,0,0,1,0,1,0,0,0,12.499501,51.380528
30,21,6,22,15,3,2,5,2,0,0,1,1,0,0,0,0,12.486496,51.37664
30,21,7,2,18,6,3,5,3,0,0,1,1,0,0,0,0,12.483618,51.368107
30,21,7,29,18,5,3,1,3,0,0,1,1,0,0,0,0,12.482793,51.375298
30,21,8,12,22,5,2,9,1,2,0,1,0,0,0,0,0,12.499761,51.373665
30,21,9,15,9,4,3,1,5,0,0,1,1,0,0,0,0,12.488668,51.379011
30,21,9,22,7,4,3,5,3,0,0,1,1,0,0,0,0,12.482782,51.375294
30,21,10,11,11,2,3,5,3,0,0,1,1,0,0,0,0,12.48276,51.375286
30,21,11,19,14,6,3,0,1,0,0,1,0,0,0,0,0,12.486853,51.379394
30,22,1,14,5,6,3,5,3,2,0,1,1,0,0,0,0,12.482777,51.375292
30,22,4,13,7,4,2,5,3,0,0,1,1,0,0,0,0,12.494962,51.377098
30,22,4,14,10,5,3,5,3,0,0,1,1,0,0,0,0,12.485079,51.388553
30,22,5,12,18,5,2,5,3,0,0,1,1,0,0,0,0,12.492925,51.374914
30,22,5,19,7,5,3,5,3,0,0,1,1,0,0,0,0,12.494089,51.382433
30,22,5,19,13,5,3,5,3,0,0,1,1,0,0,0,0,12.486544,51.380882
30,22,5,19,16,5,3,0,7,0,0,1,1,0,0,0,0,12.497099,51.380537
30,22,5,26,10,5,3,5,3,0,0,1,1,0,0,0,0,12.484408,51.381255
30,22,6,2,18,5,3,5,2,0,0,1,1,0,0,0,0,12.480724,51.374538
30,22,6,14,14,3,3,4,6,0,0,1,1,0,0,0,0,12.491169,51.376048
30,22,6,20,8,2,3,5,3,0,1,1,1,0,0,0,0,12.491767,51.384264
30,22,6,21,19,3,3,0,3,0,0,1,1,0,0,0,0,12.479553,51.374107
30,22,7,2,8,7,3,3,6,0,0,1,1,0,0,0,0,12.529519,51.401381
30,22,8,23,13,3,3,6,6,0,0,1,0,1,0,0,0,12.492369,51.379948
30,22,8,29,17,2,3,1,5,0,0,1,1,0,0,0,0,12.487098,51.388819
30,22,9,3,18,7,3,3,6,1,0,1,1,0,0,0,0,12.521916,51.372845
30,22,9,19,17,2,3,5,3,0,0,1,1,0,0,0,0,12.479534,51.3741
30,22,9,20,16,3,3,5,2,0,0,1,1,0,0,0,0,12.475756,51.372739
30,22,9,22,11,5,3,5,2,0,0,1,1,0,0,0,0,12.484826,51.381218
30,22,9,29,8,5,3,5,3,0,0,1,1,0,0,0,0,12.486519,51.380886
30,22,10,4,15,3,3,0,1,0,0,1,0,0,0,0,0,12.546492,51.372778
30,22,10,18,15,3,3,5,3,0,0,1,1,0,0,0,0,12.483566,51.374553
30,22,11,3,7,5,3,5,3,0,0,1,1,0,0,0,0,12.501668,51.383829
30,22,11,4,15,6,2,5,3,0,0,1,1,0,0,0,0,12.485511,51.374034
30,22,11,17,15,5,3,5,3,0,1,1,1,0,0,0,0,12.487945,51.377171
30,23,2,2,13,5,3,5,3,0,1,1,1,0,0,0,0,12.482771,51.37529
30,23,2,20,11,2,3,5,3,0,0,1,1,0,0,0,0,12.486497,51.380889
30,23,3,1,12,4,3,3,2,0,0,1,0,0,0,0,1,12.490336,51.378388
30,23,5,14,19,1,3,1,5,1,0,1,1,0,0,0,0,12.48631,51.378936
30,23,6,15,17,5,3,5,3,0,0,1,0,0,0,0,1,12.490695,51.374035
30,23,7,1,12,7,3,0,7,0,0,1,0,0,0,0,0,12.493998,51.382354
30,23,7,4,15,3,3,5,3,0,0,1,1,0,0,0,0,12.492799,51.371537
30,23,8,15,4,3,3,0,1,2,1,1,0,0,0,0,0,12.506165,51.370644
30,23,8,26,1,7,3,1,5,2,0,1,1,0,0,0,0,12.495881,51.377253
30,23,8,27,1,1,3,3,6,2,0,1,0,0,0,0,0,12.476986,51.382345
30,23,8,30,18,4,3,0,1,0,0,1,0,0,0,0,0,12.485076,51.384912
30,23,8,31,12,5,3,5,3,0,0,1,0,0,0,0,1,12.498018,51.381359
30,23,9,3,13,1,2,5,3,0,0,1,1,0,0,0,0,12.504596,51.379598
30,23,10,6,17,6,3,0,1,0,0,1,0,0,0,0,0,12.476074,51.372857
30,23,10,17,17,3,3,1,6,0,0,1,1,0,0,0,0,12.496005,51.380533
30,23,10,23,7,2,3,5,3,1,0,1,1,0,0,0,0,12.509715,51.382323
30,24,1,8,7,2,3,5,3,1,0,1,1,0,0,0,0,12.491778,51.380031
30,24,1,9,7,3,3,5,3,2,0,1,1,0,0,0,0,12.490426,51.378394
30,24,2,12,10,2,3,0,1,0,0,1,0,0,0,0,0,12.470927,51.370878
30,24,4,4,17,5,3,5,3,0,0,1,1,0,0,0,0,12.492654,51.367989
30,24,5,3,7,6,2,0,1,0,0,1,0,0,0,0,0,12.492082,51.383844
30,24,5,9,15,5,3,0,1,0,0,1,0,0,0,0,0,12.491604,51.380057
30,24,6,3,10,2,3,5,3,0,0,1,1,0,0,0,0,12.479531,51.374075
30,24,6,13,7,5,3,0,3,0,0,1,1,0,0,0,0,12.488207,51.374949
30,24,9,17,17,3,3,5,3,0,0,1,1,0,0,0,0,12.48652,51.385974
30,24,9,25,16,4,3,0,7,0,1,1,1,0,0,0,0,12.504576,51.379601
30,24,10,21,8,2,3,5,3,0,0,1,1,0,0,0,0,12.482606,51.381713
30,24,11,24,9,1,3,3,2,0,1,1,1,0,0,0,0,12.481641,51.37485
30,24,12,23,10,2,2,5,3,0,2,1,1,0,0,0,0,12.493795,51.382544
30,25,4,9,13,4,3,5,3,0,0,1,1,0,0,0,0,12.479546,51.374058
30,25,4,23,18,4,3,5,3,0,0,1,1,0,0,0,0,12.488887,51.386739
30,25,4,26,10,7,3,5,3,0,0,1,1,0,0,0,0,12.492719,51.379712
30,25,5,9,11,6,3,3,7,0,0,1,1,0,0,0,0,12.495322,51.380365
30,25,5,11,21,1,2,0,1,1,0,1,0,0,0,0,0,12.488258,51.380581
30,25,5,15,12,5,3,5,3,0,0,1,1,0,0,0,0,12.49036,51.378402
30,25,5,15,13,5,3,1,5,0,0,1,0,0,0,0,1,12.476008,51.408434
30,25,5,19,8,2,3,3,6,0,0,1,1,0,0,0,0,12.515077,51.383161
30,25,5,23,18,6,3,3,2,0,0,1,1,0,0,0,0,12.492787,51.369284
30,25,6,14,13,7,3,0,1,0,0,1,0,0,0,0,0,12.499399,51.381364
30,25,6,24,6,3,3,5,3,0,0,1,1,0,0,0,0,12.48515,51.375087
30,25,7,29,11,3,3,5,3,0,0,1,1,0,0,0,0,12.479535,51.374071
30,25,8,13,14,4,3,1,5,0,0,1,1,0,0,0,0,12.512119,51.410049
30,25,8,16,15,7,3,5,3,0,0,1,1,0,0,0,0,12.497867,51.375527
30,25,8,26,7,3,2,5,3,0,0,1,0,0,0,0,1,12.47807,51.373593
30,25,9,8,8,2,3,0,3,0,0,1,1,0,0,0,0,12.501486,51.381762
30,25,10,2,14,5,3,5,3,0,0,1,1,0,0,0,0,12.482168,51.381817
30,25,10,6,9,2,3,3,2,0,1,1,1,0,0,0,0,12.493887,51.382247
30,25,10,11,19,7,3,0,1,2,0,1,0,0,0,0,0,12.521012,51.373568
30,25,11,12,6,4,3,5,3,2,0,1,1,0,0,0,0,12.488064,51.380613
30,25,12,8,7,2,3,5,3,1,1,1,1,0,0,0,0,12.490397,51.378423
30,25,12,10,14,4,3,5,3,0,1,1,1,0,0,0,0,12.485096,51.381792
30,25,12,30,14,3,3,5,2,0,0,1,1,0,0,0,0,12.475746,51.372735
30,16,2,5,12,6,3,5,3,0,0,1,1,0,0,0,0,12.990864,51.559007
30,16,3,3,10,5,3,5,3,0,0,1,0,0,0,0,1,13.002522,51.561187
30,16,3,7,6,2,3,5,3,0,0,1,1,0,0,0,0,12.981764,51.55419
30,16,4,1,21,6,2,3,2,2,0,1,1,0,0,0,0,12.966642,51.574835
30,16,4,4,15,2,3,5,3,0,0,1,1,0,0,0,0,12.996494,51.553271
30,16,5,4,7,4,3,4,2,0,0,1,1,0,0,0,0,12.993878,51.554103
30,16,5,6,22,6,2,3,6,2,0,1,0,0,0,0,0,13.002318,51.556367
30,16,6,1,5,4,3,5,3,1,1,1,1,0,0,0,0,12.995692,51.557653
30,16,6,2,20,5,3,0,7,0,0,1,0,0,0,0,0,13.004284,51.560966
30,16,7,3,17,1,3,5,2,0,0,1,1,0,0,0,0,12.991402,51.563922
30,16,7,4,17,2,3,5,3,0,0,1,1,0,0,0,0,13.058746,51.544543
30,16,7,5,7,3,2,0,7,0,0,1,0,0,0,1,0,12.986639,51.555051
30,16,7,6,9,4,3,3,2,0,0,1,1,0,0,0,0,12.988251,51.559394
30,16,8,1,5,2,3,5,3,0,0,1,1,0,0,0,0,12.993951,51.554174
30,16,8,1,12,2,3,5,3,0,0,1,1,0,0,0,0,12.999745,51.554615
30,16,8,4,12,5,3,5,3,0,0,1,1,0,0,0,0,13.004136,51.560843
30,16,8,4,12,5,2,5,2,0,0,1,1,0,0,0,0,13.005671,51.556508
30,16,8,4,15,5,3,3,6,0,0,1,0,0,0,0,0,12.958252,51.566274
30,16,10,3,1,2,3,2,6,2,0,1,0,0,0,0,0,12.998485,51.560092
30,16,10,5,13,4,3,0,6,0,0,1,0,0,0,0,0,12.998559,51.555848
30,16,10,6,11,5,3,0,7,0,1,1,1,0,0,0,0,13.001742,51.560599
30,16,11,3,8,5,3,5,3,0,1,1,0,0,0,1,0,12.995625,51.557603
30,16,12,1,7,5,3,5,3,2,1,1,1,0,0,0,0,12.978386,51.562865
30,16,12,1,15,5,3,5,3,0,0,1,0,0,0,0,1,12.982364,51.554313
30,17,1,23,18,2,3,5,3,2,1,1,1,0,0,0,0,12.995641,51.557606
30,17,2,17,13,6,3,0,7,0,0,1,0,0,0,0,0,12.977484,51.563366
30,17,3,23,7,5,2,5,3,0,1,1,1,0,0,0,0,12.995622,51.557603
30,17,3,25,15,7,2,4,6,0,0,1,1,0,0,0,0,12.969803,51.551733
30,17,4,4,7,3,3,0,7,0,0,1,0,0,0,0,0,12.997652,51.555465
30,17,4,4,8,3,2,5,3,0,0,1,1,0,0,0,0,12.998296,51.54444
30,17,5,17,22,4,3,5,3,2,0,1,1,0,0,0,0,12.998514,51.555887
30,17,6,6,15,3,3,3,6,0,0,1,1,0,0,0,0,13.00287,51.55783
30,17,6,10,17,7,3,0,7,0,0,1,1,0,0,0,0,12.979309,51.5537
30,17,6,22,12,5,3,5,3,0,0,1,1,0,0,0,0,12.991787,51.561626
30,17,7,29,15,7,3,5,3,0,0,1,1,0,0,0,0,13.000756,51.55592
30,17,8,3,19,5,2,4,6,0,0,1,0,0,0,0,0,12.985944,51.559694
30,17,8,11,7,6,2,5,3,0,0,1,0,0,0,0,1,12.968029,51.572293
30,17,8,14,14,2,3,6,6,0,0,1,0,1,0,0,0,12.972178,51.567133
30,17,8,17,23,5,3,5,3,2,0,1,1,0,0,0,0,12.971718,51.569424
30,17,8,22,13,3,2,5,3,0,0,1,1,0,0,0,0,12.981764,51.55419
30,17,8,25,20,6,3,0,7,2,0,1,0,0,0,0,0,12.972606,51.561582
30,17,8,28,7,2,3,5,3,0,0,1,1,0,0,0,0,12.982294,51.561627
30,17,9,5,15,3,3,5,3,0,0,1,1,0,0,0,0,12.99562,51.557602
30,17,9,8,15,6,3,3,2,0,0,1,1,0,0,0,0,12.995561,51.554621
30,17,9,10,17,1,3,5,3,0,0,1,1,0,0,0,0,12.999687,51.554403
30,17,9,26,16,3,3,5,3,0,0,1,0,0,0,0,0,12.994832,51.557401
30,17,10,6,7,6,3,4,2,0,1,1,1,0,0,0,0,12.986863,51.552651
30,17,10,11,15,4,3,3,3,0,0,1,1,0,0,0,0,12.983778,51.554776
30,17,10,29,12,1,3,5,3,0,1,1,1,0,0,0,0,12.971722,51.569421
30,17,12,11,6,2,2,0,1,2,1,1,0,0,0,0,0,12.952927,51.492421