UKREIS,UJAHR,UMONAT,UTAG,USTUNDE,UWOCHENTAG,UKATEGORIE,UART,UTYP,LICHT,USTRZUSTAND,IstRad,IstPKW,IstFuss,IstKrad,IstGkfz,IstSonstige,@lon,@lat
30,17,12,18,13,2,2,5,3,0,0,1,1,0,0,0,0,12.986854,51.550011
30,17,12,20,9,4,3,5,3,0,1,1,1,0,0,0,0,13.004131,51.560846
30,18,1,2,17,3,3,0,3,2,0,1,1,0,0,0,0,12.994196,51.556022
30,18,1,4,16,5,3,5,3,1,1,1,1,0,0,0,0,12.993004,51.556868
30,18,1,6,13,7,3,3,3,0,0,1,1,0,0,0,0,13.001961,51.555407
30,18,2,1,17,5,3,5,3,1,0,1,1,0,0,0,0,12.998764,51.555642
30,18,3,1,14,5,2,4,2,0,0,1,1,0,0,0,0,12.998583,51.555823
30,18,4,2,14,2,2,5,3,0,0,1,1,0,0,0,0,12.995644,51.557607
30,18,4,6,12,6,3,5,3,0,0,1,1,0,0,0,0,13.000863,51.554922
30,18,5,2,18,4,3,5,3,0,1,1,1,0,0,0,0,12.995544,51.557588
30,18,5,6,20,1,3,0,5,0,0,1,1,0,0,0,0,12.984542,51.553708
30,18,5,7,16,2,3,5,3,0,0,1,1,0,0,0,0,12.969156,51.568813
30,18,5,7,19,2,3,5,2,0,0,1,1,0,0,0,0,13.000971,51.561234
30,18,6,1,20,6,2,3,6,0,0,1,1,0,0,0,0,13.047402,51.500886
30,18,6,3,12,1,3,5,3,0,0,1,1,0,0,0,0,12.995753,51.496989
30,18,6,5,16,3,3,5,3,0,0,1,1,0,0,0,0,13.000106,51.541419
30,18,6,6,14,4,2,5,3,0,0,1,1,0,0,0,0,13.004252,51.555998
30,18,7,5,14,5,3,5,3,0,0,1,1,0,0,0,0,12.992726,51.558748
30,18,8,1,13,4,2,5,3,0,0,1,1,0,0,0,0,12.999941,51.563599
30,18,8,2,12,5,2,5,3,0,0,1,1,0,0,0,0,12.981764,51.55419
30,18,8,5,3,1,3,8,1,2,0,1,0,0,0,0,0,13.086234,51.546501
30,18,9,2,5,1,3,5,3,2,0,1,1,0,0,0,0,13.008341,51.556443
30,18,9,3,13,2,3,5,3,0,0,1,1,0,0,0,0,12.997674,51.561109
30,18,9,5,8,4,3,5,3,0,0,1,1,0,0,0,0,13.001584,51.555274
30,18,9,5,16,4,3,5,3,0,0,1,1,0,0,0,0,12.991799,51.561596
30,18,9,6,18,5,3,3,6,0,0,1,0,0,0,0,0,12.971962,51.56809
30,18,9,7,14,6,3,3,2,0,0,1,1,0,0,0,0,12.990834,51.556073
30,18,10,5,11,6,3,4,2,0,0,1,1,0,0,0,0,12.98193,51.55999
30,18,11,1,10,5,3,5,3,0,0,1,1,0,0,0,0,12.968413,51.571648
30,18,11,6,7,3,3,5,3,0,0,1,1,0,0,0,0,12.965806,51.565672
30,18,12,1,10,7,3,0,3,0,0,1,1,0,0,0,0,12.990698,51.545877
30,18,12,6,14,5,3,5,3,0,1,1,1,0,0,0,0,12.995757,51.557753
30,19,1,1,17,3,3,5,3,2,0,1,1,0,0,0,0,12.998172,51.545511
30,19,1,4,11,6,3,5,3,0,1,1,1,0,0,0,0,12.996274,51.558207
30,19,1,7,16,2,2,0,1,0,2,1,0,0,0,0,0,12.991804,51.561583
30,19,2,2,2,7,2,1,5,2,0,1,1,0,0,0,0,13.000156,51.559446
30,19,2,6,10,4,3,5,3,0,0,1,1,0,0,0,0,12.986696,51.55757
30,19,4,1,7,2,3,5,7,0,0,1,1,0,0,0,0,12.994973,51.554444
30,19,4,1,8,2,2,5,3,0,0,1,1,0,0,0,0,12.983916,51.554377
30,19,4,2,11,3,2,5,3,0,0,1,0,0,0,1,0,12.995622,51.557603
30,19,4,2,17,3,2,5,3,0,0,1,1,0,0,0,0,13.001096,51.56126
30,19,4,4,19,5,3,9,1,0,0,1,0,0,0,0,0,12.985726,51.559814
30,19,5,2,17,5,2,5,3,0,0,1,1,0,0,0,0,12.964968,51.557098
30,19,6,2,11,1,2,6,2,0,1,1,0,1,0,0,0,12.995347,51.527886
30,19,6,3,17,2,3,5,3,0,0,1,1,0,0,0,0,12.995906,51.557623
30,19,6,6,11,5,2,0,7,0,0,1,0,0,0,0,0,12.995862,51.559579
30,19,6,7,6,6,3,5,3,0,0,1,1,0,0,0,0,12.969232,51.493965
30,19,7,4,20,5,3,5,3,0,0,1,1,0,0,0,0,12.984083,51.554651
30,19,7,6,23,7,3,0,1,2,0,1,0,0,0,0,0,12.983701,51.554574
30,19,8,5,20,2,3,5,3,2,0,1,1,0,0,0,0,12.998105,51.565435
30,19,8,7,12,4,2,5,3,0,0,1,1,0,0,0,0,12.997995,51.547201
30,19,9,4,12,4,3,4,7,0,0,1,1,0,0,0,0,13.046885,51.518349
30,19,9,6,8,6,2,5,3,0,0,1,1,0,0,0,0,12.98954,51.553193
30,19,10,4,12,6,3,3,2,0,0,1,1,0,0,0,0,12.989485,51.553157
30,19,10,7,7,2,3,5,3,0,0,1,1,0,0,0,0,12.968403,51.571661
30,19,10,7,13,2,3,4,2,0,0,1,1,0,0,0,0,12.986862,51.552631
30,19,11,4,11,2,2,5,3,0,1,1,1,0,0,0,0,12.995621,51.557603
30,19,11,7,14,5,3,5,3,0,0,1,1,0,0,0,0,13.000789,51.554886
30,19,12,2,17,2,2,5,2,2,1,1,0,0,0,1,0,12.99685,51.557509
30,19,12,5,10,5,3,0,3,0,0,1,1,0,0,0,0,12.995058,51.557462
30,19,12,5,21,5,3,3,6,2,0,1,1,0,0,0,0,13.000031,51.561027
30,20,1,8,14,4,2,5,3,0,1,1,1,0,0,0,0,12.998463,51.55023
30,20,1,9,11,5,3,5,2,0,1,1,1,0,0,0,0,12.995984,51.557908
30,20,1,12,11,1,3,0,7,0,0,1,0,0,0,0,0,12.972671,51.552525
30,20,1,13,6,2,3,5,3,2,1,1,1,0,0,0,0,12.980469,51.562537
30,20,1,21,15,3,3,5,3,0,0,1,0,0,0,0,0,12.992089,51.553743
30,20,1,31,6,6,3,5,7,2,0,1,0,0,0,0,0,12.994298,51.554263
30,20,2,13,18,5,3,5,2,2,1,1,1,0,0,0,0,12.981969,51.559989
30,20,2,18,18,3,3,5,2,2,1,1,0,0,0,0,1,13.003937,51.560338
30,20,3,12,7,5,3,5,3,0,0,1,1,0,0,0,0,12.996417,51.558349
30,20,3,13,15,6,1,2,6,0,0,1,0,0,0,1,0,12.981903,51.554218
30,20,3,16,7,2,3,0,2,0,0,1,1,0,0,0,0,12.999753,51.554601
30,20,4,12,19,1,3,5,3,0,0,1,0,0,0,0,0,12.997996,51.547192
30,20,4,24,16,6,3,5,3,0,0,1,1,0,0,0,0,12.996901,51.531066
30,20,4,27,8,2,3,5,3,0,0,1,0,0,0,0,1,12.995623,51.557603
30,20,5,8,9,6,3,6,7,0,0,1,0,0,0,0,1,12.998084,51.546344
30,20,5,16,10,7,3,0,7,0,0,1,1,0,0,0,0,12.993821,51.554207
30,20,5,26,14,3,3,4,2,0,0,1,0,0,1,0,0,12.965682,51.551967
30,20,5,28,10,5,3,5,3,0,0,1,1,0,0,0,0,13.0011,51.56126
30,20,6,1,10,2,3,1,7,0,0,1,1,0,0,0,0,13.000053,51.564522
30,20,6,5,11,6,2,0,1,0,0,1,0,0,0,0,0,13.001803,51.564361
30,20,6,17,12,4,3,5,2,0,0,1,1,0,0,0,0,12.988259,51.559308
30,20,6,30,7,3,2,4,2,0,0,1,1,0,0,0,0,12.962888,51.565722
30,20,7,7,6,3,2,5,3,0,0,1,1,0,0,0,0,12.966693,51.574758
30,20,7,7,16,3,3,5,3,0,0,1,1,0,0,0,0,12.986846,51.551862
30,20,7,13,19,2,2,0,7,0,0,1,0,0,0,0,0,12.997827,51.559612
30,20,7,28,15,3,3,5,3,0,0,1,1,0,0,0,0,12.992331,51.56032
30,20,7,29,20,4,2,0,1,1,0,1,0,0,0,0,0,12.977859,51.569483
30,20,7,31,14,6,3,6,4,0,0,1,0,1,0,0,0,12.992138,51.56079
30,20,8,10,10,2,3,0,1,0,1,1,0,0,0,0,0,12.996195,51.557613
30,20,8,11,9,3,3,5,3,0,0,1,0,0,0,0,0,12.998367,51.560003
30,20,8,31,9,2,3,5,3,0,1,1,1,0,0,0,0,13.000037,51.561028
30,20,8,31,12,2,2,0,7,0,0,1,0,0,0,0,0,12.98376,51.554726
30,20,9,1,14,3,2,5,3,0,0,1,1,0,0,0,0,12.997808,51.55889
30,20,9,2,11,4,3,5,2,0,0,1,1,0,0,0,0,12.988283,51.559304
30,20,9,5,7,7,3,0,7,0,1,1,0,0,0,0,0,13.003643,51.535039
30,20,9,9,11,4,3,5,2,0,0,1,1,0,0,0,0,12.972314,51.561484
30,20,9,13,2,1,3,0,6,2,0,1,1,0,0,0,0,12.999018,51.55159
30,20,10,1,17,5,2,1,7,0,0,1,1,0,0,0,0,13.005075,51.556925
30,20,10,8,13,5,2,5,3,0,0,1,1,0,0,0,0,12.991797,51.561601
30,20,10,9,13,6,3,0,1,0,1,1,0,0,0,0,0,12.999765,51.556463
30,20,10,9,19,6,2,6,6,2,0,1,0,1,0,0,0,12.998074,51.546441
30,20,10,14,3,4,2,0,7,2,1,1,0,0,0,0,0,12.988352,51.559377
30,20,10,26,9,2,3,3,6,0,0,1,0,0,0,0,1,12.991007,51.561489
30,20,12,4,7,6,2,5,3,0,0,1,0,0,0,0,1,12.997881,51.558916
30,20,12,4,13,6,3,1,7,0,0,1,1,0,0,0,0,12.986025,51.553424
30,20,12,16,12,4,3,5,3,0,0,1,1,0,0,0,0,12.999002,51.551639
30,20,12,17,17,5,3,5,3,2,1,1,1,0,0,0,0,12.998128,51.565425
30,21,1,8,11,6,3,5,3,0,1,1,1,0,0,0,0,12.992563,51.549978
30,21,2,1,15,2,3,3,6,0,2,1,1,0,0,0,0,12.980581,51.56253
30,21,2,18,16,5,2,5,3,0,1,1,1,0,0,0,0,12.999016,51.551597
30,21,4,9,18,6,3,5,3,0,0,1,1,0,0,0,0,13.004293,51.560778
30,21,5,3,15,2,3,5,2,0,0,1,1,0,0,0,0,12.995565,51.554616
30,21,5,4,8,3,3,0,7,0,0,1,0,0,0,0,0,12.998893,51.552387
30,21,5,15,11,7,2,0,1,0,0,1,0,0,0,0,0,12.987472,51.559526
30,21,6,7,13,2,1,4,7,0,0,1,0,0,0,1,0,12.991215,51.558967
30,21,6,10,9,5,2,5,3,0,0,1,0,0,0,1,0,12.967843,51.557569
30,21,6,17,12,5,3,5,3,0,0,1,1,0,0,0,0,12.998128,51.565425
30,21,6,30,19,4,2,5,3,0,0,1,1,0,0,0,0,12.992583,51.558771
30,21,7,1,8,5,2,5,3,0,1,1,1,0,0,0,0,12.985588,51.55655
30,21,7,1,14,5,3,5,3,0,0,1,1,0,0,0,0,13.000945,51.554963
30,21,7,12,1,2,3,0,1,2,1,1,0,0,0,0,0,13.011232,51.557938
30,21,7,23,15,6,3,5,2,0,0,1,1,0,0,0,0,13.006235,51.556422
30,21,8,18,7,4,3,5,3,0,0,1,1,0,0,0,0,12.99394,51.554171
30,21,8,20,18,6,2,9,1,0,0,1,0,0,1,0,0,12.992782,51.55302
30,21,9,16,8,5,3,5,3,0,1,1,1,0,0,0,0,12.991038,51.558987
30,21,9,16,16,5,3,4,2,0,0,1,1,0,0,0,0,12.998996,51.550603
30,21,10,2,20,7,2,6,4,2,0,1,0,1,0,0,0,13.001066,51.557189
30,21,11,13,10,7,3,5,3,0,0,1,1,0,0,0,0,12.997896,51.558921
30,21,11,18,7,5,3,0,7,0,0,1,0,0,0,0,0,13.002413,51.558831
30,21,11,22,6,2,3,4,6,1,1,1,0,0,0,0,0,13.009196,51.557237
30,21,11,26,20,6,3,1,7,1,0,1,1,0,0,0,0,13.000873,51.557101
30,22,1,28,14,6,3,6,6,0,0,1,0,1,0,0,0,12.955309,51.485955
30,22,2,15,14,3,2,4,6,0,0,1,0,0,0,1,0,12.954778,51.552798
30,22,2,18,10,6,3,5,3,0,0,1,0,0,0,0,1,12.996277,51.558156
30,22,2,24,21,5,2,0,1,2,0,1,0,0,0,0,0,12.970564,51.56557
30,22,3,7,12,2,3,4,6,0,0,1,1,0,0,0,0,12.981871,51.552271
30,22,4,1,13,6,3,5,3,0,0,1,1,0,0,0,0,12.990666,51.559032
30,22,4,14,14,5,3,5,3,0,1,1,1,0,0,0,0,13.004876,51.556257
30,22,4,23,10,7,2,7,7,0,0,1,0,0,0,0,0,12.992637,51.550722
30,22,5,8,18,1,2,5,3,0,0,1,1,0,0,0,0,12.981816,51.560071
30,22,5,18,11,4,2,3,2,0,0,1,1,0,0,0,0,12.992399,51.556484
30,22,5,26,17,5,3,1,5,0,0,1,1,0,0,0,0,12.940714,51.529441
30,22,6,14,8,3,3,0,7,0,0,1,0,0,0,0,0,12.995205,51.557503
30,22,6,23,6,5,2,5,3,0,0,1,0,0,0,0,1,12.997496,51.560412
30,22,6,25,9,7,3,5,3,0,0,1,1,0,0,0,0,12.983088,51.560341
30,22,7,6,16,4,3,5,3,0,0,1,1,0,0,0,0,13.000244,51.554587
30,22,7,7,8,5,3,5,3,0,1,1,1,0,0,0,0,12.997995,51.547201
30,22,8,3,11,4,3,5,2,0,0,1,0,0,0,0,1,12.99219,51.562566
30,22,8,8,17,2,3,5,3,0,0,1,1,0,0,0,0,12.992858,51.558175
30,22,8,23,17,3,3,1,5,0,0,1,1,0,0,0,0,12.994187,51.549651
30,22,9,2,8,6,2,5,3,0,0,1,1,0,0,0,0,13.001122,51.561265
30,22,9,8,6,5,2,5,3,1,0,1,0,0,0,0,1,13.000318,51.564911
30,22,9,9,12,6,3,5,2,0,0,1,1,0,0,0,0,12.999062,51.551012
30,22,9,12,12,2,3,5,2,0,0,1,1,0,0,0,0,12.999739,51.554626
30,22,9,15,16,5,3,3,6,0,0,1,0,0,0,0,0,13.004253,51.53395
30,22,9,17,17,7,3,5,3,0,0,1,1,0,0,0,0,12.99789,51.551436
30,22,10,2,14,1,3,5,3,0,1,1,1,0,0,0,0,12.998959,51.559211
30,22,10,30,14,1,2,5,3,0,0,1,1,0,0,0,0,13.001057,51.561251
30,22,11,3,6,5,3,0,7,0,0,1,0,0,0,0,0,12.977452,51.570105
30,22,11,11,16,6,2,5,3,0,0,1,1,0,0,0,0,12.991764,51.56154
30,22,11,26,13,7,3,5,3,0,1,1,1,0,0,0,0,12.997993,51.547217
30,22,12,15,16,5,2,3,3,1,0,1,1,0,0,0,0,12.990864,51.55608
30,22,12,21,8,4,3,5,3,0,1,1,1,0,0,0,0,12.992598,51.558768
30,22,12,23,19,6,3,5,3,2,1,1,1,0,0,0,0,12.988226,51.555355
30,22,12,28,6,4,3,3,7,1,1,1,1,0,0,0,0,12.962532,51.557576
30,22,12,30,17,6,2,5,3,2,1,1,1,0,0,0,0,12.998533,51.555871
30,23,3,2,10,5,3,5,3,0,0,1,1,0,0,0,0,13.004548,51.561404
30,23,4,1,17,7,3,3,6,0,0,1,1,0,0,0,0,12.985558,51.55062
30,23,4,5,7,4,3,5,3,0,0,1,1,0,0,0,0,12.997423,51.560397
30,23,4,10,10,2,2,0,7,0,0,1,1,0,0,0,0,12.986428,51.562083
30,23,4,27,20,5,3,7,7,1,0,1,0,0,0,0,0,12.977367,51.562123
30,23,5,11,18,5,2,1,7,0,0,1,1,0,0,0,0,12.971495,51.569255
30,23,6,12,13,2,3,0,7,0,0,1,1,0,0,0,0,12.968908,51.57315
30,23,6,26,6,2,3,5,2,0,0,1,1,0,0,0,0,12.987306,51.570986
30,23,8,1,11,3,3,0,1,0,1,1,0,0,0,0,0,12.99578,51.558996
30,23,8,23,18,4,3,5,3,0,0,1,1,0,0,0,0,12.990934,51.558999
30,23,9,1,9,6,2,5,3,0,0,1,0,0,0,0,1,13.001088,51.561258
30,23,9,17,21,1,2,0,1,2,0,1,0,0,0,0,0,13.014932,51.558997
30,23,9,22,19,6,3,0,1,1,0,1,0,0,0,0,0,12.986843,51.551351
30,23,9,23,15,7,3,1,5,0,0,1,1,0,0,0,0,12.977034,51.552924
30,23,9,28,8,5,2,0,1,0,0,1,0,0,0,0,0,12.99075,51.559021
30,23,10,9,17,2,3,0,1,0,1,1,0,0,0,0,0,12.988273,51.559148
30,23,10,23,17,2,2,0,1,1,0,1,0,0,0,0,0,12.943131,51.568688
30,23,11,6,13,2,3,5,3,0,0,1,1,0,0,0,0,13.001057,51.561251
30,23,11,14,14,3,3,5,3,0,0,1,1,0,0,0,0,13.008128,51.555917
30,23,11,16,11,5,2,0,1,0,0,1,0,0,0,0,0,12.985775,51.559721
30,23,11,16,14,5,3,0,1,0,1,1,0,0,0,0,0,12.97741,51.563427
30,23,11,23,8,5,3,3,2,0,0,1,1,0,0,0,0,12.999361,51.560741
30,23,11,25,12,7,3,5,3,0,1,1,1,0,0,0,0,12.992595,51.549948
30,23,12,4,17,2,2,5,3,2,1,1,1,0,0,0,0,12.997855,51.558906
30,23,12,21,10,5,2,3,6,0,1,1,1,0,0,0,0,12.99803,51.558666
30,24,1,15,9,2,3,0,1,0,2,1,0,0,0,0,0,12.984644,51.555169
30,24,1,30,7,3,3,1,2,0,0,1,1,0,0,0,0,13.000482,51.556099
30,24,2,2,5,6,3,2,2,2,0,1,1,0,0,0,0,12.97452,51.5676
30,24,3,7,10,5,3,5,2,0,0,1,1,0,0,0,0,12.974522,51.567599
30,24,3,27,16,4,3,3,2,0,0,1,1,0,0,0,0,13.000334,51.561095
30,24,4,9,7,3,2,5,3,0,0,1,1,0,0,0,0,12.994695,51.571522
30,24,4,9,10,3,3,5,3,0,0,1,1,0,0,0,0,13.001089,51.561258
30,24,4,9,15,3,3,5,3,0,0,1,1,0,0,0,0,12.988296,51.559301
30,24,4,15,16,2,3,3,6,0,0,1,0,0,0,0,0,12.987873,51.555778
30,24,4,30,16,3,3,3,2,0,0,1,1,0,0,0,0,13.000005,51.541477
30,24,5,26,16,1,2,2,2,0,0,1,1,0,0,0,0,12.959505,51.548491
30,24,6,1,9,7,1,5,3,0,0,1,0,0,0,0,0,12.989553,51.553172
30,24,6,12,14,4,3,5,3,0,0,1,0,0,0,0,0,12.977012,51.553641
30,24,6,20,19,5,3,0,1,0,0,1,0,0,0,0,0,13.006068,51.556449
30,24,6,24,20,2,3,5,3,0,0,1,0,0,0,0,0,12.999219,51.560706
30,24,7,4,13,5,3,5,3,0,0,1,1,0,0,0,0,12.974308,51.567459
30,24,7,30,18,3,3,1,1,0,0,1,1,0,0,0,0,12.97685,51.560644
30,24,8,14,7,4,2,0,1,0,0,1,0,0,0,0,0,12.976316,51.565963
30,24,8,24,13,7,2,3,2,0,0,1,1,0,0,0,0,13.029398,51.522797
30,24,8,26,17,2,3,1,5,0,0,1,1,0,0,0,0,13.000656,51.556999
30,24,8,27,12,3,2,5,3,0,0,1,1,0,0,0,0,13.001071,51.561254
30,24,9,1,12,1,3,5,3,0,0,1,1,0,0,0,0,12.988511,51.554922
30,24,9,8,17,1,3,0,1,0,0,1,0,0,0,0,0,12.999986,51.564448
30,24,9,18,19,4,2,4,3,2,0,1,1,0,0,0,0,12.99569,51.55764
30,24,10,25,14,6,2,0,7,0,0,1,0,0,0,0,1,12.98799,51.568171
30,24,11,14,8,5,2,5,3,0,1,1,1,0,0,0,0,12.955963,51.566507
30,24,12,9,7,2,3,5,2,0,1,1,1,0,0,0,0,12.995657,51.557609
30,24,12,14,9,7,3,5,3,0,0,1,1,0,0,0,0,12.997992,51.547217
30,24,12,23,7,2,2,0,1,0,2,1,0,0,0,0,0,12.975756,51.564695
30,24,12,23,9,2,2,0,1,0,2,1,0,0,0,0,0,12.986807,51.55286
30,25,1,3,13,6,3,0,1,0,0,1,0,0,0,0,0,12.987063,51.55951
30,25,1,8,9,4,3,0,1,0,2,1,0,0,0,0,0,13.030857,51.554416
30,25,1,28,11,3,2,5,3,0,1,1,1,0,0,0,0,12.999839,51.5565
30,25,2,7,7,6,3,3,6,2,1,1,1,0,0,0,0,13.00389,51.569376
30,25,2,13,7,5,2,0,1,0,2,1,0,0,0,0,0,13.001107,51.561262
30,25,3,4,6,3,3,5,3,1,0,1,1,0,0,0,0,12.997229,51.566413
30,25,4,8,14,3,3,3,6,0,0,1,0,0,0,0,0,12.98544,51.55986
30,25,4,18,1,6,3,0,1,2,0,1,0,0,0,0,0,13.000453,51.549599
30,25,4,22,14,3,2,5,3,0,0,1,1,0,0,0,0,13.009358,51.557278
30,25,5,6,10,3,2,5,3,0,0,1,1,0,0,0,0,13.004556,51.561398
30,25,5,8,18,5,3,5,3,0,0,1,1,0,0,0,0,12.993115,51.556949
30,25,5,13,10,3,3,5,3,0,0,1,1,0,0,0,0,13.001079,51.561256
30,25,5,16,12,6,3,5,3,0,0,1,1,0,0,0,0,13.009765,51.557378
30,25,5,19,15,2,3,4,6,0,0,1,0,0,0,0,0,12.988221,51.559399
30,25,5,22,8,5,2,0,3,0,0,1,0,0,0,0,1,13.004787,51.557092
30,25,5,22,17,5,3,5,3,0,0,1,1,0,0,0,0,12.993115,51.556949
30,25,5,29,19,5,3,9,1,0,0,1,0,0,0,0,0,12.996358,51.529755
30,25,6,3,10,3,3,3,2,0,0,1,1,0,0,0,0,13.004025,51.558152
30,25,6,17,14,3,3,5,3,0,0,1,1,0,0,0,0,12.999807,51.55661
30,25,6,25,13,4,3,0,1,0,0,1,0,0,0,0,0,12.9882,51.559014
30,25,6,26,14,5,3,4,6,0,0,1,0,0,0,0,1,12.968039,51.572273
30,25,6,27,11,6,3,5,3,0,0,1,1,0,0,0,0,12.997882,51.551426
30,25,6,30,7,2,3,2,7,0,0,1,1,0,0,0,0,12.990006,51.55328
30,25,7,25,14,6,3,5,3,0,0,1,1,0,0,0,0,13.000273,51.557018
30,25,8,20,12,4,3,5,2,0,0,1,1,0,0,0,0,12.990963,51.556103
30,25,8,20,18,4,3,5,3,1,0,1,1,0,0,0,0,12.9744,51.565897
30,25,8,27,9,4,3,5,3,0,0,1,1,0,0,0,0,13.008585,51.560403
30,25,9,17,16,4,2,5,3,0,0,1,1,0,0,0,0,12.982351,51.553041
30,25,9,23,16,3,3,5,3,0,0,1,0,0,0,0,0,12.992547,51.558777
30,25,10,2,8,5,3,5,3,0,0,1,1,0,0,0,0,12.995689,51.557631
30,25,10,9,15,5,2,5,3,0,0,1,0,0,0,1,0,13.000289,51.564878
30,25,10,14,17,3,3,9,6,0,0,1,0,0,0,0,1,12.999979,51.561013
30,25,11,3,13,2,2,5,2,0,0,1,1,0,0,0,0,12.974537,51.567589
30,25,11,12,17,4,3,5,3,2,0,1,1,0,0,0,0,12.990878,51.562159
30,25,11,18,8,3,3,0,1,0,2,1,0,0,0,0,0,12.972957,51.565914
30,25,11,18,8,3,3,0,1,0,2,1,0,0,0,0,0,12.975969,51.564748
30,25,11,26,15,4,3,5,3,0,1,1,1,0,0,0,0,12.992234,51.562556
30,25,12,17,12,4,2,0,1,0,0,1,0,0,0,0,0,12.97676,51.564595
30,18,8,2,15,5,3,0,7,0,0,1,0,0,0,0,0,12.839395,51.586232
30,23,7,18,14,3,3,0,1,0,0,1,0,0,0,0,0,12.809344,51.598746
30,16,2,2,9,3,3,5,3,0,1,1,1,0,0,0,0,12.9414,51.281899
30,16,9,2,15,6,2,5,2,0,0,1,0,0,0,0,1,12.968136,51.260432
30,16,9,2,21,6,3,0,1,2,1,1,0,0,0,0,0,12.960107,51.332864
30,16,12,7,9,4,3,5,3,0,1,1,0,0,0,0,1,12.938697,51.282586
30,17,6,15,14,5,3,5,3,0,0,1,1,0,0,0,0,12.940395,51.283079
30,17,11,21,10,3,3,4,3,0,1,1,1,0,0,0,0,12.948276,51.274908
30,17,12,21,5,5,2,5,3,2,1,1,1,0,0,0,0,12.943436,51.280394
30,19,3,1,7,6,3,0,1,0,0,1,1,0,0,0,0,12.941409,51.281881
30,19,7,5,15,6,2,3,6,0,0,1,0,0,0,0,1,13.03823,51.280967
30,19,9,7,14,7,3,0,6,0,0,1,1,0,0,0,0,13.013319,51.318477
30,19,10,7,13,2,3,3,2,0,0,1,1,0,0,0,0,12.943929,51.280262
30,20,9,6,16,1,2,5,1,0,0,1,1,0,0,0,0,13.005279,51.327303
30,20,10,10,20,7,3,4,6,2,0,1,0,0,1,0,0,12.936204,51.28089
30,21,5,9,10,1,3,5,3,0,0,1,1,0,0,0,0,12.961764,51.33792
30,21,7,31,11,7,2,5,3,0,0,1,1,0,0,0,0,12.938981,51.284729
30,21,9,1,15,4,3,8,1,0,0,1,0,0,0,0,0,12.990693,51.32915
30,22,1,3,7,2,3,5,3,0,1,1,0,0,0,0,1,12.943987,51.276176
30,22,2,15,9,3,3,5,3,0,0,1,0,0,0,1,0,12.940323,51.283104
30,22,6,17,7,6,3,5,3,0,0,1,1,0,0,0,0,12.940539,51.283011
30,22,7,2,9,7,2,5,3,0,0,1,1,0,0,0,0,12.941404,51.278513
30,23,1,31,7,3,3,5,3,1,1,1,1,0,0,0,0,12.943979,51.276164
30,23,3,23,15,5,2,5,3,0,0,1,1,0,0,0,0,13.01712,51.30206
30,23,4,27,19,5,3,3,6,0,0,1,0,0,0,0,1,12.986903,51.259572
30,23,5,4,18,5,2,0,1,0,0,1,0,0,0,0,0,13.011688,51.327315
30,23,8,26,11,7,3,4,6,0,0,1,1,0,0,0,0,12.981393,51.312117
30,24,7,2,14,3,2,5,3,0,0,1,1,0,0,0,0,12.938985,51.284692
30,24,8,17,11,7,3,2,6,0,0,1,1,0,0,0,0,12.939265,51.282963
30,25,4,26,14,7,2,0,7,0,0,1,0,0,0,0,0,13.028174,51.303979
30,25,5,3,11,7,3,5,3,0,0,1,1,0,0,0,0,12.969176,51.261907
30,25,7,6,12,1,2,0,1,0,0,1,0,0,0,0,0,13.032406,51.304659
30,16,5,4,18,4,2,5,3,0,0,1,1,0,0,0,0,12.228953,51.515687
30,17,6,11,17,1,2,3,2,0,0,1,0,0,0,0,1,12.2822,51.545579
30,17,12,20,12,4,2,2,6,0,1,1,0,0,0,0,1,12.223903,51.464981
30,18,6,2,13,7,3,1,6,0,0,1,0,0,0,0,1,12.274782,51.495467
30,19,5,5,9,1,2,0,7,0,0,1,0,1,0,0,0,12.227443,51.47092
30,19,7,7,18,1,3,5,3,0,0,1,1,0,0,0,0,12.232692,51.46419
30,20,11,5,14,5,3,5,3,0,0,1,1,0,0,0,0,12.262956,51.513495
30,21,7,25,15,1,3,0,7,0,0,1,0,0,0,0,0,12.211113,51.466533
30,22,9,18,7,1,2,4,6,0,0,1,1,0,0,0,0,12.204339,51.468645
30,23,9,7,6,5,3,9,1,0,0,1,0,0,0,0,0,12.265395,51.511018
30,24,2,23,19,6,3,3,6,2,0,1,1,0,0,0,0,12.260812,51.542844
30,24,5,9,13,5,3,5,3,0,0,1,1,0,0,0,0,12.278017,51.507222
30,24,9,23,7,2,3,5,3,0,0,1,1,0,0,0,0,12.269031,51.466466
30,25,7,14,9,2,2,3,6,0,0,1,0,0,0,0,1,12.28172,51.500694
30,16,6,1,15,4,2,3,2,0,0,1,0,0,0,0,1,12.55788,51.527959
30,18,6,4,16,2,3,0,1,0,0,1,0,0,0,0,0,12.595988,51.532623
30,20,9,28,13,2,3,3,6,0,0,1,0,0,0,1,0,12.5664,51.564152
30,21,6,12,15,7,3,1,1,0,0,1,1,0,0,0,0,12.593956,51.535246
30,23,8,21,11,2,2,4,2,0,0,1,0,0,0,0,1,12.575339,51.554178
30,25,3,28,15,6,2,0,1,0,0,1,0,0,0,0,0,12.538812,51.487833
30,25,5,16,16,6,2,2,6,0,0,1,1,0,0,0,0,12.601263,51.489044
30,25,5,30,18,6,3,0,1,0,0,1,0,0,0,0,0,12.598109,51.52934
30,25,8,5,21,3,2,3,6,1,0,1,1,0,0,0,0,12.601749,51.521645